time,body,x,y,z
0,0,5.41775e+06,1.22028e+07,747635
0,1,-1.10658e+07,3.91249e+06,-941039
0,2,-5.3504e+06,9.20473e+06,-761759
0,3,1.1435e+07,4.2379e+06,541815
0,4,1.4438e+07,75888.9,1.42594e+06
0,5,-9.07225e+06,-7.67289e+06,-1.17521e+06
0,6,-7.09505e+06,-1.12099e+06,-143880
0,7,7.26413e+06,-1.20137e+06,-393885
0,8,-5.67808e+06,-5.23449e+06,-181576
0,9,-1.45063e+07,3.06894e+06,1.06924e+06
0,10,-1.17911e+07,3.78438e+06,-1.20932e+06
0,11,-1.33977e+07,-5.6331e+06,-333125
0,12,845045,7.06784e+06,-369015
0,13,-9.58054e+06,-7.93272e+06,830114
0,14,-6.48895e+06,5.28679e+06,-532653
0,15,-1.16098e+07,5.89496e+06,-761424
0,16,1.12913e+07,2.25664e+06,789486
0,17,-8.35348e+06,6.45925e+06,903252
0,18,-5.93398e+06,1.13605e+07,180587
0,19,1.08117e+07,-2.68512e+06,768851
0,20,-1.25738e+07,-3.2082e+06,225170
0,21,-1.15016e+07,-9.16606e+06,-659329
0,22,4.72836e+06,8.03876e+06,-906297
0,23,-8.19957e+06,6.36218e+06,-428894
0,24,2.23796e+06,6.74469e+06,300550
0,25,-1.04351e+07,-8.20254e+06,1.13441e+06
0,26,1.04841e+07,-6.19721e+06,853999
0,27,8.74166e+06,5.98124e+06,-273721
0,28,-6.21937e+06,-1.06681e+07,225506
0,29,-8.52035e+06,-3.45779e+06,-215343
0,30,8.59776e+06,-1.19963e+07,654938
0,31,-344060,8.84368e+06,-815764
0,32,9.72447e+06,8.1442e+06,-153903
0,33,6.83551e+06,-5.24126e+06,-42430.8
0,34,-3.84687e+06,-1.08123e+07,-829266
0,35,-1.14448e+07,-2.93234e+06,-702461
0,36,-1.1814e+07,-8.46181e+06,566401
0,37,-9.95857e+06,-9.88556e+06,-573854
0,38,-7.5432e+06,2.10545e+06,-441475
0,39,7.67535e+06,-6.90719e+06,-362902
0,40,-4.92942e+06,6.23766e+06,648314
0,41,-5.46862e+06,-7.31266e+06,-915227
0,42,-3.31244e+06,9.2216e+06,-658159
0,43,-1.12138e+07,1.06613e+06,433748
0,44,330512,9.12918e+06,-606933
0,45,-8.16956e+06,-3.12961e+06,-168279
0,46,-192003,7.50705e+06,-380492
0,47,-2.93934e+06,-1.21899e+07,-884010
0,48,-1.57471e+06,1.48305e+07,1.42596e+06
0,49,1.00611e+07,2.12626e+06,-318740
0,50,-5.08742e+06,-1.09505e+07,74705.4
0,51,-9.99951e+06,-3.45771e+06,196177
0,52,-5.22083e+06,5.57329e+06,-394157
0,53,-1.31315e+07,2.47372e+06,1.29598e+06
0,54,4.12952e+06,-9.29656e+06,607702
0,55,-8.18821e+06,-429164,321276
0,56,-6.36455e+06,1.22956e+07,-775471
0,57,4.63729e+06,-1.18052e+07,-384003
0,58,7.23428e+06,-2.82908e+06,-159150
0,59,5.83572e+06,-9.48344e+06,391428
0,60,3.27079e+06,1.24591e+07,106783
0,61,1.67934e+06,1.24268e+07,-816346
0,62,-1.47588e+07,-1.55354e+06,-710418
0,63,1.46182e+07,-3.22185e+06,174527
0,64,5.27217e+06,1.30204e+07,-621659
0,65,7.17863e+06,-1.03196e+07,897381
0,66,7.77969e+06,-6.61349e+06,717836
0,67,3.19337e+06,-1.41202e+07,489468
0,68,-8.0657e+06,8.3375e+06,1.02379e+06
0,69,-3.13097e+06,1.44426e+07,-575561
0,70,-1.02699e+07,3.44329e+06,1.07467e+06
0,71,8.35245e+06,959625,-10267.6
0,72,-5.63177e+06,6.26008e+06,411536
0,73,-4.56011e+06,1.19249e+07,108625
0,74,-7.23771e+06,-8.35864e+06,-552274
0,75,1.16168e+07,-1.54383e+06,-31073.6
0,76,-1.30515e+07,5.70119e+06,-427176
0,77,-5.90971e+06,-1.05914e+07,884933
0,78,-8.84049e+06,38090.8,127320
0,79,1.25947e+07,3.5453e+06,1.29839e+06
0,80,-1.98708e+06,1.05423e+07,824436
0,81,1.2416e+07,-3.76509e+06,-439348
0,82,-1.0214e+07,-4.99386e+06,1.09559e+06
0,83,-2.60847e+06,7.12583e+06,-469687
0,84,-9.10636e+06,838021,-232902
0,85,5.65203e+06,-8.39457e+06,872505
0,86,1.9225e+06,7.31034e+06,258832
0,87,-264295,9.85736e+06,-403950
0,88,5.5568e+06,-7.77317e+06,-695650
0,89,-1.19681e+07,-4.13043e+06,-515553
0,90,-409961,1.03476e+07,230998
0,91,7.64596e+06,256395,195728
0,92,7.71381e+06,3.69327e+06,-176574
0,93,5.58471e+06,-4.81393e+06,-698668
0,94,-1.07684e+07,4.37709e+06,400085
0,95,5.37768e+06,7.92892e+06,926130
0,96,8.76006e+06,-1.0526e+07,-684599
0,97,-2.4082e+06,6.90244e+06,54219
0,98,4.51896e+06,-8.47349e+06,-439088
0,99,-1.41627e+07,3.89154e+06,1.00627e+06
0,100,-7.25982e+06,4.51301e+06,341276
0,101,5.41755e+06,5.98272e+06,760172
0,102,1.22918e+07,3.24982e+06,-257317
0,103,-385091,-1.04481e+07,-521391
0,104,7.39981e+06,4.12894e+06,-121498
0,105,1.16389e+07,4.46207e+06,1.03751e+06
0,106,667424,1.04828e+07,-855078
0,107,7.75849e+06,-3.37228e+06,234005
0,108,-6.12979e+06,-9.29309e+06,-143234
0,109,1.22648e+07,3.79722e+06,169583
0,110,6.01434e+06,5.66909e+06,-261461
0,111,6.41133e+06,4.31632e+06,-291652
0,112,6.67212e+06,1.31737e+07,-1.43046e+06
0,113,4.59071e+06,-1.22701e+07,-402832
0,114,-6.28115e+06,-8.62982e+06,-967407
0,115,1.10386e+07,-9.51967e+06,-697598
0,116,6.51158e+06,-2.88591e+06,1481.3
0,117,-4.5546e+06,-1.03545e+07,262148
0,118,1.36325e+07,-4.97497e+06,1.06767e+06
0,119,3.80798e+06,-1.14679e+07,428347
0,120,7.99129e+06,8.35925e+06,720715
0,121,-9.51176e+06,-9.63245e+06,868731
0,122,3.27385e+06,1.17519e+07,-551884
0,123,-6.22867e+06,6.04488e+06,-802607
0,124,-6.18309e+06,1.02146e+07,371993
0,125,-4.19263e+06,-9.16455e+06,-321348
0,126,-9.07615e+06,219394,350416
0,127,8.98574e+06,-3.77156e+06,-900692
0,128,1.01305e+07,-2.08624e+06,99238.6
0,129,-9.43617e+06,-4.34045e+06,157731
0,130,8.91852e+06,9.23319e+06,-642349
0,131,7.81976e+06,-8.62679e+06,144076
0,132,-3.79061e+06,-8.05078e+06,427295
0,133,-6.40896e+06,6.18356e+06,61142.9
0,134,-8.43458e+06,7.00402e+06,-443968
0,135,7.33027e+06,2.56809e+06,714311
0,136,-8.40669e+06,1.08424e+07,1.25693e+06
0,137,-1.234e+07,1.355e+06,-17316.1
0,138,6.42322e+06,4.18204e+06,157057
0,139,2.63598e+06,1.10748e+07,1.01861e+06
0,140,9.98253e+06,8.63832e+06,1.14058e+06
0,141,1.4731e+07,-371484,-1.31236e+06
0,142,-1.23513e+07,-3.67137e+06,530742
0,143,-5.58135e+06,-1.36162e+07,993238
0,144,7.35781e+06,-1.18323e+07,-205975
0,145,-6.97612e+06,5.28775e+06,687514
0,146,-8.13203e+06,-689506,-435850
0,147,7.58429e+06,-8.79929e+06,885418
0,148,7.44159e+06,-4.86725e+06,163433
0,149,-2.53975e+06,-9.46692e+06,-35939
0,150,-2.7819e+06,-9.61697e+06,-503541
0,151,-8.82762e+06,3.84919e+06,-474808
0,152,-9.21271e+06,-4.44671e+06,493401
0,153,5.79926e+06,-1.17708e+07,641414
0,154,970344,1.2408e+07,-248395
0,155,9.3837e+06,5.38999e+06,61402.4
0,156,3.36418e+06,-9.88608e+06,1.00118e+06
0,157,-5.03274e+06,1.02293e+07,-1.04398e+06
0,158,1.25648e+07,-6.99272e+06,-710958
0,159,1.11509e+07,5.7264e+06,-838064
0,160,-2.40481e+06,8.35225e+06,864746
0,161,-9.38431e+06,8.34986e+06,596104
0,162,1.37899e+07,-3.65527e+06,-1.26481e+06
0,163,7.94759e+06,6.31445e+06,-333753
0,164,-5.03853e+06,-6.66522e+06,-186742
0,165,-889622,8.78679e+06,-246743
0,166,-8.65448e+06,2.61151e+06,-848039
0,167,-7.83912e+06,4.88414e+06,189889
0,168,6.11376e+06,6.78716e+06,-776120
0,169,-1.25781e+07,7.25882e+06,235755
0,170,1.24188e+07,7.11532e+06,1.08025e+06
0,171,5.81376e+06,9.81881e+06,-202553
0,172,-1.30593e+07,1.6134e+06,1.28116e+06
0,173,-20217.8,-1.00116e+07,-214302
0,174,-1.23197e+07,-5.71657e+06,-1.18864e+06
0,175,4.83483e+06,5.41604e+06,-708393
0,176,-2.71567e+06,-7.10114e+06,52225.6
0,177,1.11133e+07,-6.73997e+06,221366
0,178,575118,-1.27922e+07,-312891
0,179,2.47909e+06,8.56613e+06,-443675
0,180,2.42891e+06,8.84408e+06,695100
0,181,1.24783e+07,3.79287e+06,-603827
0,182,-7.17701e+06,75290.9,-34149.3
0,183,-4.84286e+06,1.27338e+07,863218
0,184,1.25029e+07,7.7664e+06,860012
0,185,-1.16269e+07,1.45953e+06,-186251
0,186,-8.48425e+06,-1.01809e+07,809534
0,187,-1.04834e+07,-9.51794e+06,1.36483e+06
0,188,-7.74905e+06,-8.98368e+06,130072
0,189,-1.13473e+06,-7.64391e+06,73332.1
0,190,8.96876e+06,-5.64732e+06,-428504
0,191,-3.60281e+06,-1.05721e+07,663045
0,192,5.83445e+06,-8.92081e+06,573850
0,193,7.21525e+06,2.14622e+06,181913
0,194,2.47722e+06,9.45907e+06,155778
0,195,-9.46518e+06,-2.26409e+06,-77627.3
0,196,-9.45678e+06,6.8363e+06,461557
0,197,-2.77716e+06,-7.96918e+06,-149118
0,198,-1.38676e+07,-1.33699e+06,1.32222e+06
0,199,1.92296e+06,1.16332e+07,759898
0,200,-5.59902e+06,7.94283e+06,-912644
0,201,-1.11185e+07,-2.44908e+06,-327998
0,202,9.76026e+06,1.02389e+07,-480853
0,203,8.00422e+06,5.25044e+06,-36097.7
0,204,-1.2439e+07,-918367,-857039
0,205,9.98969e+06,169205,737282
0,206,-6.25254e+06,-4.39014e+06,745339
0,207,1.00196e+07,-5.17478e+06,-595716
0,208,-1.28145e+07,-2.55591e+06,576667
0,209,4.47545e+06,5.99159e+06,-549738
0,210,6.98414e+06,-1.03449e+07,623648
0,211,4.86898e+06,-5.35918e+06,-211276
0,212,8.03388e+06,6.22906e+06,483048
0,213,-7.76355e+06,-3.30728e+06,575918
0,214,-7.51201e+06,-1.70314e+06,-411379
0,215,-9.6104e+06,1.57948e+06,-282316
0,216,-1.20894e+07,1.55374e+06,205278
0,217,-1.20514e+07,-4.58078e+06,223156
0,218,-8.33318e+06,7.93906e+06,-374316
0,219,-1.1059e+07,-8.87305e+06,-725577
0,220,-5.2989e+06,9.57642e+06,951712
0,221,1.08207e+06,6.97428e+06,-190101
0,222,6.4365e+06,-8.75385e+06,-897592
0,223,1.26017e+07,4.60121e+06,919895
0,224,7.35789e+06,854462,291943
0,225,1.1929e+07,-9.05479e+06,227653
0,226,1.42664e+07,480535,1.36036e+06
0,227,-1.84194e+06,-1.07468e+07,700665
0,228,-1.24387e+07,-2.78911e+06,-59609.1
0,229,3.79629e+06,1.31101e+07,1.28124e+06
0,230,3.94831e+06,1.20427e+07,599260
0,231,-2.97396e+06,-1.08214e+07,601612
0,232,-7.66369e+06,-301265,664330
0,233,-7.94237e+06,-5.3243e+06,-250137
0,234,-1.01398e+07,-3.20293e+06,104047
0,235,-3.42432e+06,-7.87207e+06,-709204
0,236,8.08548e+06,144745,-621156
0,237,-8.45768e+06,-6.66248e+06,634435
0,238,4.64534e+06,-6.32065e+06,386201
0,239,9.32744e+06,-4.1738e+06,1.00657e+06
0,240,-6.25144e+06,5.91842e+06,736013
0,241,1.2173e+07,3.80061e+06,718764
0,242,48296.1,-1.3599e+07,815662
0,243,5.27885e+06,1.25142e+07,-718640
0,244,1.00998e+07,-6.59425e+06,-443604
0,245,-4.77949e+06,-1.06857e+07,-112501
0,246,1.02673e+07,-7.48554e+06,315440
0,247,-1.04912e+07,4.24339e+06,175395
0,248,-7.64604e+06,6.19814e+06,62713.6
0,249,982630,7.46831e+06,64555.6
0,250,-5.19648e+06,9.05613e+06,481780
0,251,6.24764e+06,1.08426e+07,949431
0,252,-581849,-1.09468e+07,160391
0,253,231165,-1.49669e+07,620000
0,254,8.21161e+06,1.03419e+07,-781236
0,255,-1.26872e+07,474396,647131
0,256,-7.61484e+06,-1.78402e+06,-189585
0,257,-8.45876e+06,-6.48072e+06,4876.92
0,258,-1.1276e+07,962976,-206094
0,259,1.31334e+07,1.01449e+06,259381
0,260,-2.42429e+06,-1.12639e+07,228229
0,261,1.31616e+07,-3.45541e+06,-428716
0,262,-7.81808e+06,4.06315e+06,-373929
0,263,1.01144e+07,-6.24804e+06,-859572
0,264,-301823,7.79254e+06,352876
0,265,9.36752e+06,7.0142e+06,982387
0,266,1.31747e+07,1.92473e+06,403201
0,267,-9.24892e+06,9.30697e+06,-1.13405e+06
0,268,6.02347e+06,4.63592e+06,518332
0,269,1.02214e+07,9.95136e+06,-754192
0,270,3.22865e+06,7.65195e+06,561439
0,271,-3.63692e+06,8.93067e+06,-526257
0,272,-8.60607e+06,8.1446e+06,579284
0,273,2.03952e+06,-8.39869e+06,179314
0,274,-6.78513e+06,4.03301e+06,574880
0,275,-1.4052e+07,3.07076e+06,-55126.8
0,276,-1.21975e+07,-7.43535e+06,-1.33856e+06
0,277,154074,1.42994e+07,222049
0,278,8.12898e+06,1.76411e+06,-313789
0,279,-2.28599e+06,1.30241e+07,-741017
0,280,-8.62214e+06,-831325,826332
0,281,-9.95946e+06,-3.75598e+06,769059
0,282,4.50589e+06,1.03317e+07,-452013
0,283,-7.57719e+06,5.69455e+06,-138796
0,284,-7.83776e+06,1.08663e+07,-85127
0,285,-8.61369e+06,8.31555e+06,807133
0,286,-3.19928e+06,1.12426e+07,500730
0,287,-1.09579e+07,-2.41618e+06,-42443
0,288,1.06007e+06,-1.089e+07,-870627
0,289,8.5925e+06,4.4196e+06,489817
0,290,7.34128e+06,-5.50877e+06,48789.4
0,291,1.32588e+07,-1.75999e+06,910341
0,292,-1.16733e+07,7.61077e+06,144158
0,293,2.99341e+06,8.52059e+06,9948.46
0,294,-6.26033e+06,9.95432e+06,163331
0,295,-1.31989e+07,-4.9195e+06,622477
0,296,1.34064e+07,-945558,277427
0,297,1.30356e+07,-3.11104e+06,1.19431e+06
0,298,-6.76246e+06,4.50137e+06,-286086
0,299,-5.14147e+06,-5.71426e+06,362941
0,300,9.85094e+06,9.58701e+06,1.03688e+06
0,301,-3.44787e+06,-1.1601e+07,996154
0,302,-6.15554e+06,1.02692e+07,779584
0,303,9.6538e+06,2.11527e+06,654514
0,304,1.46217e+06,-9.64769e+06,-267905
0,305,2.62724e+06,1.35741e+07,1.31618e+06
0,306,9.96736e+06,8.71023e+06,174146
0,307,-1.4609e+07,2.68033e+06,-945599
0,308,-1.08318e+07,-855652,525620
0,309,-1.02903e+07,7.22041e+06,-709685
0,310,-1.06921e+07,5.72334e+06,-893530
0,311,-5.11913e+06,-1.32399e+07,520293
0,312,-1.3318e+07,-2.51673e+06,855164
0,313,1.00164e+07,4.50463e+06,-208152
0,314,-2.03142e+06,-1.07556e+07,-863040
0,315,-703513,8.08073e+06,-379076
0,316,-64573.4,1.28528e+07,342221
0,317,-9.78788e+06,-4.86249e+06,740173
0,318,1.34694e+06,-1.01448e+07,-159587
0,319,9.48338e+06,-2.51572e+06,-620176
0,320,1.01869e+06,-7.62619e+06,-666027
0,321,-1.26024e+07,5.24269e+06,1.13692e+06
0,322,-9.77727e+06,-8.13769e+06,1.14619e+06
0,323,9.72862e+06,-2.88052e+06,-741981
0,324,-1.36233e+06,1.0784e+07,86617.6
0,325,4.50739e+06,-6.94112e+06,574308
0,326,8.24807e+06,1.20923e+07,361128
0,327,-6.03484e+06,8.94351e+06,-320445
0,328,-2.87236e+06,-9.89176e+06,202502
0,329,9.44848e+06,4.89113e+06,-900607
0,330,6.84256e+06,-1.40039e+06,-693364
0,331,-3.09009e+06,7.17265e+06,480810
0,332,3.65854e+06,-1.42231e+07,559989
0,333,9.51019e+06,5.76971e+06,1.02216e+06
0,334,-8.38009e+06,-1.00033e+07,676669
0,335,-8.28201e+06,-9.67251e+06,1.22769e+06
0,336,-8.59107e+06,-1.13268e+07,549521
0,337,-3.55323e+06,-6.47057e+06,-674863
0,338,1.17053e+07,-41712.7,130653
0,339,-4.14337e+06,9.92444e+06,-817799
0,340,4.51541e+06,1.1988e+07,-987611
0,341,2.91812e+06,-9.94225e+06,508261
0,342,-7.14752e+06,2.06193e+06,33378.3
0,343,-7.12774e+06,-9.84198e+06,-328918
0,344,-1.13711e+07,1.35356e+06,883500
0,345,-1.04795e+07,4.06433e+06,-214744
0,346,3.8577e+06,-1.09176e+07,88932.5
0,347,-931434,-1.22578e+07,49586.1
0,348,7.44416e+06,-7.28132e+06,-171819
0,349,1.06229e+07,-639354,-1.06727e+06
0,350,-6.30802e+06,5.62548e+06,733084
0,351,7.5162e+06,455761,-675461
0,352,7.49253e+06,1.81101e+06,-31170.4
0,353,-1.58749e+06,1.15349e+07,-236894
0,354,-4e+06,6.61871e+06,34830.7
0,355,1.28549e+07,275895,-84064.2
0,356,5.64467e+06,-7.47558e+06,404081
0,357,-1.99582e+06,1.15016e+07,960171
0,358,5.68125e+06,4.67754e+06,-159525
0,359,7.68581e+06,-2.15165e+06,476233
0,360,-7.66415e+06,-4.77452e+06,873770
0,361,-1.1304e+07,-8.30642e+06,1.13513e+06
0,362,-615167,-1.48443e+07,-1.29588e+06
0,363,5.35145e+06,-8.68087e+06,-550054
0,364,9.88254e+06,9.32742e+06,-1.23471e+06
0,365,9.76323e+06,2.30063e+06,919908
0,366,4.27186e+06,-1.2917e+07,353207
0,367,-8.67078e+06,-1.00602e+06,169841
0,368,-725609,1.11767e+07,34156.1
0,369,1.08922e+07,-244775,867840
0,370,-7.65483e+06,-7.46746e+06,530577
0,371,5.73891e+06,-4.44672e+06,523814
0,372,-8.25832e+06,6.72236e+06,-483860
0,373,1.03683e+07,2.97461e+06,761053
0,374,-3.46427e+06,6.37591e+06,627906
0,375,-2.52665e+06,1.26154e+07,-637000
0,376,-2.33851e+06,-6.61057e+06,-634510
0,377,1.09114e+07,-2.64091e+06,-878646
0,378,1.40815e+07,-749643,-1.23983e+06
0,379,-1.39448e+07,-1.41897e+06,1.14212e+06
0,380,-6.0644e+06,-9.85345e+06,101308
0,381,-1.39913e+06,-1.38453e+07,59171.3
0,382,406712,1.39066e+07,-954949
0,383,-4.17231e+06,7.14255e+06,-432700
0,384,1.13516e+07,8.90758e+06,574562
0,385,6.24388e+06,-5.73438e+06,784393
0,386,7.74048e+06,-7.34583e+06,-1.05961e+06
0,387,1.80417e+06,1.33933e+07,1.10713e+06
0,388,-6.56552e+06,-2.42699e+06,359592
0,389,3.1549e+06,8.46964e+06,-753535
0,390,-8.91124e+06,-3.52505e+06,-737735
0,391,9.97664e+06,575641,637791
0,392,-1.66866e+06,7.81421e+06,-771978
0,393,5.61428e+06,-8.82027e+06,-225557
0,394,202583,-8.41948e+06,487003
0,395,1.09865e+06,-8.28394e+06,749568
0,396,1.10115e+06,-8.25062e+06,347423
0,397,1.00434e+07,3.83194e+06,-916583
0,398,1.37846e+07,-848974,486484
0,399,-6.33509e+06,-8.45591e+06,199497
0,400,9.20339e+06,4.03259e+06,647010
0,401,4.17864e+06,-9.04375e+06,-493527
0,402,3.78817e+06,5.89603e+06,-44096.4
0,403,1.16234e+07,8.69868e+06,1.0302e+06
0,404,5.15089e+06,-9.95324e+06,-452172
0,405,1.96313e+06,-1.35582e+07,-740350
0,406,5.42078e+06,-5.90542e+06,744808
0,407,-841071,-7.177e+06,593181
0,408,1.34988e+07,-3.05458e+06,720597
0,409,-4.00244e+06,9.74143e+06,-377736
0,410,-328468,-1.27682e+07,-766345
0,411,-3.04304e+06,-1.36078e+07,175006
0,412,-1.03515e+07,-2.88947e+06,-733571
0,413,7.23112e+06,4.67166e+06,-597281
0,414,-1.03872e+07,-2.01168e+06,-1.02339e+06
0,415,-3.65697e+06,1.28176e+07,1.10037e+06
0,416,5.81002e+06,1.35463e+07,-111737
0,417,-5.7084e+06,-4.06567e+06,150429
0,418,-8.36723e+06,-3.2238e+06,-492700
0,419,-4.79796e+06,-6.75013e+06,-288439
0,420,-1.06583e+07,4.74593e+06,1.13375e+06
0,421,-7.99104e+06,1.80023e+06,295764
0,422,1.00273e+07,-1.60122e+06,450921
0,423,546899,-1.21934e+07,1.10801e+06
0,424,-2.28632e+06,-1.40602e+07,710442
0,425,6.51744e+06,4.92093e+06,115817
0,426,-7.09198e+06,781926,-413791
0,427,1.577e+06,-9.60148e+06,860895
0,428,-7.38138e+06,-1.62049e+06,579304
0,429,3.46178e+06,-6.82974e+06,-217821
0,430,9.46488e+06,-1.34257e+06,-572618
0,431,5.42635e+06,-1.12527e+07,-1.14961e+06
0,432,1.1763e+07,-3.68984e+06,-928286
0,433,-1.17245e+07,-7.95037e+06,330422
0,434,-3.5874e+06,1.13028e+07,1.03478e+06
0,435,-1.02688e+07,-1.03156e+07,825950
0,436,-1.18354e+07,1.15811e+06,382624
0,437,-9.3291e+06,-6.5617e+06,648153
0,438,1.04683e+07,2.74701e+06,-728387
0,439,-1.64889e+06,-1.03768e+07,196039
0,440,-1.20966e+07,1.5781e+06,282440
0,441,-9.4535e+06,1.78557e+06,470399
0,442,-1.27269e+07,5.62973e+06,-1.27366e+06
0,443,8.21747e+06,1.0903e+06,254174
0,444,-9.31483e+06,-2.55357e+06,-12987.1
0,445,-6.27595e+06,4.35731e+06,-427442
0,446,2.96258e+06,9.88899e+06,704001
0,447,8.14052e+06,-2.04052e+06,-141160
0,448,-9.48939e+06,-9.95709e+06,647914
0,449,-1.3135e+07,-405482,113808
0,450,-9.40909e+06,-5.81844e+06,-1.04433e+06
0,451,-7.97908e+06,-6.29319e+06,198642
0,452,-7.45878e+06,-1.09864e+07,1.31125e+06
0,453,-5.87476e+06,7.16863e+06,-215347
0,454,5.51555e+06,-9.18235e+06,-566542
0,455,-1.09393e+07,7.39661e+06,269043
0,456,-8.41598e+06,8.63839e+06,30428.7
0,457,9.34398e+06,4.34177e+06,-129489
0,458,-6.43746e+06,4.36501e+06,144557
0,459,-6.047e+06,-9.89592e+06,-940824
0,460,-4.6546e+06,1.12929e+07,-246654
0,461,1.38391e+07,791441,245136
0,462,-9.38108e+06,7.11397e+06,-619787
0,463,6.61524e+06,-5.91913e+06,-102932
0,464,-9.14857e+06,3.04366e+06,326763
0,465,-7.75834e+06,2.54403e+06,143526
0,466,-236830,1.4581e+07,-410615
0,467,-7.90113e+06,-6.17965e+06,-287496
0,468,2.23975e+06,-1.10336e+07,462731
0,469,6.95571e+06,-7.95914e+06,122917
0,470,1.10055e+07,2.40719e+06,1.10006e+06
0,471,933514,7.89671e+06,-714871
0,472,1.90887e+06,1.19436e+07,-775127
0,473,6.13549e+06,4.66464e+06,130530
0,474,-9.99819e+06,7.51168e+06,-50279.9
0,475,1.2405e+07,1.36572e+06,-441648
0,476,-1.29328e+07,-7.12769e+06,-726455
0,477,-6.14856e+06,9.32978e+06,72059.6
0,478,5.36121e+06,5.91838e+06,-570272
0,479,-1.54825e+06,-1.44025e+07,-979601
0,480,-1.01297e+06,-8.42602e+06,-584528
0,481,8.63332e+06,-2.01727e+06,-434230
0,482,1.21793e+07,-1.63939e+06,-309023
0,483,254468,7.11996e+06,472156
0,484,1.6162e+06,-1.37808e+07,-1.07579e+06
0,485,1.16575e+07,-6.52918e+06,268893
0,486,6.74511e+06,-1.2857e+07,485029
0,487,-6.7332e+06,9.43421e+06,-791032
0,488,-4.90569e+06,1.07406e+07,866923
0,489,232388,-1.48948e+07,-1.22282e+06
0,490,7.19876e+06,5.89626e+06,280195
0,491,1.17181e+07,-5.90205e+06,-162251
0,492,1.02264e+07,-9.8541e+06,-519451
0,493,-9.90216e+06,9.81133e+06,-566628
0,494,-5.76794e+06,1.07373e+07,317481
0,495,-1.09421e+07,-4.61445e+06,-284064
0,496,-9.35488e+06,-6.49323e+06,104055
0,497,1.05084e+07,977333,183784
0,498,-5.20373e+06,-6.51273e+06,432784
0,499,-1.05712e+07,-2.88847e+06,992225
0,500,1.18044e+07,-7.05151e+06,864006
0,501,4.66111e+06,6.34275e+06,41912.8
0,502,-8.87158e+06,1.30166e+06,-189464
0,503,-217560,-1.13827e+07,490965
0,504,4.91224e+06,-1.00306e+07,-154447
0,505,1.27207e+07,6.11726e+06,1.28707e+06
0,506,-8.91225e+06,8.35348e+06,-740765
0,507,3.68405e+06,1.01622e+07,-722421
0,508,-1.18058e+07,-1.73033e+06,406071
0,509,-1.41384e+07,-2.91107e+06,233671
0,510,-1.55111e+06,-7.55794e+06,-154476
0,511,6.57803e+06,-1.3273e+07,66605.7
0,512,5.06406e+06,-6.15622e+06,478510
0,513,-2.38164e+06,8.12003e+06,497139
0,514,7.37679e+06,-4.18426e+06,-128024
0,515,3.09537e+06,-7.04373e+06,-194681
0,516,8.48855e+06,7.23971e+06,-1.11357e+06
0,517,-1.20462e+07,-1.15785e+06,226423
0,518,-8.054e+06,-1.06114e+07,-867740
0,519,8.19923e+06,-5.49769e+06,533485
0,520,-411717,1.14367e+07,-453286
0,521,7.63289e+06,-1.0335e+07,440669
0,522,1.40972e+06,-1.33691e+07,-943363
0,523,5.93591e+06,8.51158e+06,-550006
0,524,-1.37527e+07,2.35992e+06,98677.1
0,525,-3.2156e+06,7.77672e+06,-454453
0,526,-5.58654e+06,-6.58996e+06,-420400
0,527,1.12211e+07,4.32336e+06,-863024
0,528,-7.53056e+06,-5.26863e+06,323352
0,529,-9.92818e+06,3.51221e+06,473200
0,530,-3.85818e+06,5.97465e+06,453950
0,531,-6.14634e+06,1.00575e+07,958076
0,532,-1.23677e+06,1.31172e+07,382959
0,533,-9.57025e+06,6.83749e+06,-313042
0,534,-7.21968e+06,-6.54955e+06,-112281
0,535,-6.579e+06,-1.19079e+07,-1.17306e+06
0,536,-1.61127e+06,1.20117e+07,224988
0,537,1.48928e+06,1.23511e+07,-107343
0,538,8.06131e+06,2.75811e+06,-207119
0,539,9.89917e+06,-274835,-106258
0,540,-8.42698e+06,-4.67292e+06,-794309
0,541,-9.70311e+06,-1.10083e+07,748559
0,542,-7.04994e+06,4.49835e+06,-129318
0,543,1.35632e+07,110811,-540519
0,544,-1.46622e+07,2.32773e+06,-348862
0,545,7.81899e+06,-1.27334e+06,-762814
0,546,1.50739e+06,-1.2792e+07,-660945
0,547,1.03073e+07,6.81731e+06,-600948
0,548,8.77993e+06,-9.99025e+06,288621
0,549,5.93636e+06,9.27554e+06,-964712
0,550,1.11839e+06,7.85803e+06,-251417
0,551,-5.71362e+06,8.24789e+06,-524119
0,552,5.04739e+06,-9.84903e+06,-487922
0,553,1.01532e+07,-1.03602e+07,-982779
0,554,-1.18537e+07,-6.00726e+06,176955
0,555,-1.01259e+07,-79631.5,-208267
0,556,-7.84418e+06,-8.14906e+06,394469
0,557,-1.99995e+06,-1.10514e+07,-807138
0,558,3.64372e+06,-7.88962e+06,-308590
0,559,4.07017e+06,5.90541e+06,-396862
0,560,-1.30903e+07,-6.474e+06,1.26706e+06
0,561,-1.14966e+07,1.49385e+06,-432100
0,562,7.57146e+06,9.06804e+06,942959
0,563,-5.59524e+06,1.23724e+07,1.23306e+06
0,564,-6.80321e+06,-1.1733e+07,-1.02795e+06
0,565,-1.08022e+07,-420809,-578797
0,566,1.28024e+06,-7.50956e+06,-576960
0,567,1.08013e+07,-4.5515e+06,883339
0,568,5.46615e+06,-7.37024e+06,-920056
0,569,-5.70294e+06,-4.29421e+06,-193085
0,570,-9.25562e+06,-3.97357e+06,-621693
0,571,-8.64285e+06,832021,441908
0,572,-3.51031e+06,1.14278e+07,-166572
0,573,7.44732e+06,3.78055e+06,472717
0,574,3.99101e+06,8.19638e+06,349545
0,575,-7.98434e+06,-8.86004e+06,-647322
0,576,1.60647e+06,8.69516e+06,-577776
0,577,7.07137e+06,-9.98266e+06,549205
0,578,-1.10189e+07,7.50225e+06,410909
0,579,-9.70681e+06,-1.57542e+06,-36120.1
0,580,-6.36144e+06,5.45329e+06,779503
0,581,5.98905e+06,6.70116e+06,-146363
0,582,-1.15768e+07,-6.5757e+06,482109
0,583,-6.23889e+06,-5.79092e+06,-300607
0,584,-9.38364e+06,-9.9126e+06,-823096
0,585,7.24453e+06,1.99595e+06,-193301
0,586,-5.53911e+06,-7.25375e+06,-1215.99
0,587,5.38037e+06,7.34252e+06,-679965
0,588,564549,1.38994e+07,422215
0,589,-1.01371e+07,-8.84077e+06,968947
0,590,9.73345e+06,-2.74044e+06,-743252
0,591,-4.22013e+06,-6.54378e+06,691435
0,592,1.19337e+07,6.22111e+06,-594238
0,593,-282335,1.4417e+07,811736
0,594,-1.35921e+07,383089,-309128
0,595,1.51828e+06,1.04592e+07,824752
0,596,7.82169e+06,-7.11255e+06,-835454
0,597,-1.39141e+07,5.17507e+06,-1.34619e+06
0,598,-166573,-7.29858e+06,232285
0,599,1.05336e+07,8.21661e+06,-1.24446e+06
0,600,-8.42461e+06,7.17869e+06,-84238.3
0,601,1.46248e+07,-2.71321e+06,1.31927e+06
0,602,-8.12635e+06,1.04891e+07,-233206
0,603,5.50865e+06,-9.92878e+06,-981851
0,604,9.02196e+06,5.16201e+06,30471.2
0,605,2.87741e+06,-1.3875e+07,-772068
0,606,-7.3091e+06,-1.27967e+07,-1.44759e+06
0,607,-612646,8.98892e+06,-778110
0,608,-1.4497e+07,1.98782e+06,1.16079e+06
0,609,6.75787e+06,6.78687e+06,-49160.1
0,610,-7.85393e+06,684759,664266
0,611,-8.28233e+06,-7.44976e+06,-766202
0,612,5.63351e+06,4.71842e+06,144830
0,613,-5.5261e+06,5.4475e+06,77742.3
0,614,5.20708e+06,8.65296e+06,-457203
0,615,-6.46535e+06,-1.28967e+07,-11403.2
0,616,7.08984e+06,-330625,243477
0,617,6.9173e+06,-6.54694e+06,-460510
0,618,-7.43378e+06,-8.55624e+06,-632977
0,619,-163246,-1.48253e+07,171438
0,620,7.95839e+06,2.80815e+06,-303845
0,621,-1.58366e+06,1.29285e+07,103047
0,622,9.97516e+06,8.04453e+06,475128
0,623,7.5516e+06,-1.67417e+06,-17954.2
0,624,-4.50509e+06,6.85658e+06,-142084
0,625,-534053,-1.30513e+07,292487
0,626,4.52897e+06,6.37693e+06,-636893
0,627,8.32772e+06,-8.09871e+06,-153808
0,628,-7.72428e+06,-2.9563e+06,516350
0,629,9.50296e+06,-8.75469e+06,-574320
0,630,6.2287e+06,-5.8533e+06,269435
0,631,-448587,-9.45797e+06,597537
0,632,-4.52817e+06,-1.10222e+07,-297345
0,633,-1.11515e+07,-1.71189e+06,786618
0,634,6.78319e+06,-1.18501e+07,-1.33956e+06
0,635,713230,-1.29685e+07,463557
0,636,7.13298e+06,-1.0928e+07,-77467.5
0,637,7.79746e+06,7.77798e+06,-252527
0,638,2.30801e+06,-1.19059e+07,-686642
0,639,-4.18317e+06,-6.89228e+06,-805877
0,640,8.26715e+06,1.5341e+06,-561015
0,641,-6.43506e+06,5.47491e+06,-165067
0,642,-1.39516e+07,-892764,625062
0,643,1.19599e+06,7.73473e+06,317848
0,644,-7.39529e+06,616874,147502
0,645,1.16865e+07,1.70154e+06,-420347
0,646,7.1587e+06,9.73368e+06,472470
0,647,1.28632e+07,-1.45797e+06,-752097
0,648,-1.34856e+07,-1.73462e+06,-344171
0,649,-717601,-7.93551e+06,-421323
0,650,9.19219e+06,3.81723e+06,600645
0,651,-1.34299e+06,-1.30532e+07,-526629
0,652,-5.44009e+06,-6.38446e+06,-6431.15
0,653,-3.2798e+06,-7.71738e+06,826318
0,654,-807150,-1.28999e+07,1.16723e+06
0,655,-7.86331e+06,-3.44249e+06,825978
0,656,-2.55225e+06,-7.92005e+06,142821
0,657,-3.75587e+06,-1.10266e+07,1.00337e+06
0,658,1.24115e+07,4.57459e+06,934705
0,659,-6.30454e+06,6.14528e+06,-67382.7
0,660,-9.92431e+06,4.27468e+06,947606
0,661,-8.55129e+06,-9.24975e+06,-1.1372e+06
0,662,1.19706e+07,-7.655e+06,797142
0,663,6.59153e+06,2.48837e+06,-387582
0,664,-6.4595e+06,4.75692e+06,679680
0,665,1.07276e+07,911633,-468100
0,666,7.15749e+06,1.66836e+06,-329884
0,667,2.12465e+06,-8.91371e+06,872848
0,668,-8.97227e+06,4.29192e+06,686942
0,669,5.05631e+06,7.59279e+06,645272
0,670,-5.37804e+06,-5.04131e+06,91400
0,671,-3.88987e+06,8.94363e+06,530805
0,672,630071,7.65721e+06,357442
0,673,7.87162e+06,8.18142e+06,869395
0,674,4.76674e+06,-8.9393e+06,583596
0,675,-1.19333e+07,408198,1.14872e+06
0,676,-1.25925e+06,-8.04622e+06,-503639
0,677,-3.49115e+06,9.01495e+06,866640
0,678,5.98947e+06,1.33933e+07,-1.40679e+06
0,679,-1.10684e+07,6.26182e+06,-1.0481e+06
0,680,-1.19158e+07,-3.47631e+06,1.19657e+06
0,681,-7.26582e+06,4.99819e+06,75043.7
0,682,-1.27058e+07,-4.03185e+06,301048
0,683,5.04397e+06,-7.22109e+06,-125737
0,684,-4.16023e+06,-6.96699e+06,-461257
0,685,5.03923e+06,-5.92778e+06,-61990.8
0,686,-3.27795e+06,1.25519e+07,745384
0,687,-4.86058e+06,6.1762e+06,753757
0,688,-1.33432e+07,224614,-427782
0,689,-1.34064e+07,-3.88658e+06,722084
0,690,1.29133e+07,1.46782e+06,-973290
0,691,6.45995e+06,1.04228e+07,-600124
0,692,-1.35246e+07,-5.37833e+06,730475
0,693,-1.08078e+07,-3.70762e+06,-929495
0,694,-1.97868e+06,9.54403e+06,-213048
0,695,-9.28518e+06,9.64229e+06,-129323
0,696,8.47165e+06,5.6418e+06,-119963
0,697,3.299e+06,7.87345e+06,-694642
0,698,468927,-9.83235e+06,-440414
0,699,-5.91488e+06,-7.40998e+06,-577473
0,700,-1.40603e+07,-1.79868e+06,-148550
0,701,5.7641e+06,9.90444e+06,260116
0,702,7.89547e+06,-5.94451e+06,-655508
0,703,-8.97853e+06,-6.36935e+06,-1.03032e+06
0,704,-1.07053e+06,-9.8311e+06,634525
0,705,2.85096e+06,-9.02409e+06,887935
0,706,1.02238e+07,9.32709e+06,664038
0,707,9.53246e+06,-688568,-27985.8
0,708,-1.23132e+06,-7.87884e+06,-282396
0,709,1.48494e+07,-1.89133e+06,467596
0,710,-3.08926e+06,-7.39247e+06,-653572
0,711,3.20289e+06,-6.47374e+06,-419747
0,712,9.88881e+06,-1.65825e+06,-327312
0,713,8.13981e+06,-4.58751e+06,-728870
0,714,1.29983e+07,-970992,1.0484e+06
0,715,-4.78376e+06,1.12215e+07,-599869
0,716,9.87367e+06,-9.28536e+06,68948.9
0,717,6.76551e+06,5.81975e+06,-738499
0,718,-1.11458e+07,6.11023e+06,1.03275e+06
0,719,4.65355e+06,1.20464e+07,293916
0,720,-9.25975e+06,-4.89113e+06,498997
0,721,7.46677e+06,-1.11669e+07,-661519
0,722,-478310,-7.21063e+06,-570128
0,723,9.51018e+06,234607,345799
0,724,-4.64557e+06,-6.87424e+06,818616
0,725,6.70274e+06,3.53439e+06,-241986
0,726,2.9873e+06,1.36015e+07,-388967
0,727,630327,-7.52041e+06,-138414
0,728,1.07363e+07,-7.42781e+06,-698438
0,729,1.25002e+07,4.87287e+06,1.07249e+06
0,730,8.5502e+06,-8.62557e+06,-1.21812e+06
0,731,-6.43031e+06,5.32704e+06,-201274
0,732,-6.47249e+06,5.94673e+06,-653653
0,733,3.33396e+06,-9.74761e+06,-43124.3
0,734,-6.26673e+06,3.36301e+06,-674566
0,735,1.02412e+07,1.05695e+07,611672
0,736,6.79604e+06,-1.31141e+07,589108
0,737,1.36227e+07,-1.55932e+06,332832
0,738,-7.94182e+06,-8.28025e+06,74980.7
0,739,-1.14693e+07,3.73314e+06,-679922
0,740,7.2281e+06,3.31748e+06,-376754
0,741,-6.71308e+06,-3.02243e+06,-318494
0,742,1.21231e+07,6.11041e+06,-743749
0,743,-1.04028e+07,-7.44653e+06,-1.11714e+06
0,744,1.005e+07,-9.76086e+06,-475374
0,745,9.6975e+06,-663158,245342
0,746,5.91725e+06,-9.55654e+06,-482971
0,747,-1.16713e+06,1.03504e+07,603053
0,748,-6.26793e+06,-9.72819e+06,-573758
0,749,-8.72907e+06,631983,416144
0,750,1.09361e+07,2.28129e+06,824949
0,751,7.19919e+06,-2.0436e+06,-712876
0,752,1.0878e+07,6.18469e+06,1.0301e+06
0,753,6.94976e+06,8.14897e+06,-341089
0,754,3.95878e+06,7.27824e+06,744529
0,755,2.55456e+06,-1.02441e+07,294864
0,756,8.38341e+06,9.12834e+06,-659518
0,757,1.30567e+07,-2.42003e+06,-630761
0,758,-8.9987e+06,1.54071e+06,886225
0,759,-7.61258e+06,5.02885e+06,715807
0,760,6.80194e+06,1.74356e+06,146176
0,761,992248,1.42242e+07,-86575.3
0,762,-1.04491e+07,1.78556e+06,259807
0,763,-1.01791e+07,3.48092e+06,-55320.5
0,764,-1.13814e+07,-2.7012e+06,829892
0,765,3.69495e+06,-6.38666e+06,508330
0,766,-9.02848e+06,2.1397e+06,-114061
0,767,-6.94758e+06,5.25608e+06,-796044
0,768,3.7545e+06,-8.41438e+06,-397255
0,769,-1.32402e+07,-2.6694e+06,1.02811e+06
0,770,1.13892e+07,2.15398e+06,406830
0,771,-6.98356e+06,2.23244e+06,631239
0,772,-6.40532e+06,5.29861e+06,382428
0,773,-6.6869e+06,-1.23472e+07,-679658
0,774,-3.58964e+06,1.18534e+07,541395
0,775,-2.60385e+06,-1.43596e+07,1.06102e+06
0,776,-1.40935e+06,-6.85829e+06,462197
0,777,5.06662e+06,-5.27734e+06,-356277
0,778,3.83731e+06,-1.17028e+07,400811
0,779,-6.35945e+06,-4.40824e+06,76737.2
0,780,-1.17039e+07,8.02954e+06,-508113
0,781,-1.10889e+07,6.77203e+06,379761
0,782,9.28397e+06,-7.86753e+06,240233
0,783,7.05716e+06,8.41786e+06,-845868
0,784,3.87535e+06,7.26212e+06,227043
0,785,-1.26705e+07,-2.42197e+06,850085
0,786,6.35785e+06,-1.34962e+07,581776
0,787,-1.06485e+07,3.53867e+06,-934866
0,788,8.59951e+06,-5.43981e+06,627658
0,789,-8.52129e+06,1.80764e+06,552528
0,790,-5.72e+06,4.88245e+06,530074
0,791,9.03527e+06,4.79933e+06,87034.3
0,792,-1.16972e+07,-7.45911e+06,-760232
0,793,-9.58401e+06,3.09921e+06,159698
0,794,1.05964e+07,7.59152e+06,1.01789e+06
0,795,-4.84471e+06,5.14475e+06,-669921
0,796,-1.00096e+07,-1.64415e+06,23698.7
0,797,-5.04531e+06,-6.5786e+06,-756900
0,798,1.23617e+07,-4.3009e+06,-419582
0,799,-8.03169e+06,7.63816e+06,-1.09706e+06
0,800,2.61958e+06,-9.73899e+06,193636
0,801,4.48212e+06,-6.39575e+06,48555.5
0,802,-1.20223e+07,-6.63729e+06,163946
0,803,3.86791e+06,6.78167e+06,739232
0,804,8.74022e+06,-1.23981e+06,56344
0,805,6.54752e+06,4.72198e+06,-470577
0,806,-1.23597e+07,7.39276e+06,-301234
0,807,5.72311e+06,7.58966e+06,-23096.4
0,808,4.11842e+06,-6.90239e+06,-208388
0,809,-9.86579e+06,1.61939e+06,-111725
0,810,-1.43048e+07,-4.19847e+06,-1.23061e+06
0,811,6.83745e+06,9.62069e+06,-1.11052e+06
0,812,2.17103e+06,-1.45367e+07,1.41567e+06
0,813,-1.0577e+07,-2.17978e+06,-717393
0,814,4.74361e+06,-7.61491e+06,-258119
0,815,-3.45499e+06,-1.31395e+07,-878422
0,816,-4.86034e+06,-9.91706e+06,-585801
0,817,-1.30769e+07,-3.78948e+06,-912906
0,818,1.16354e+07,-15077,-814591
0,819,3.57598e+06,1.30307e+07,763966
0,820,-4.01958e+06,1.22249e+07,-448471
0,821,-1.29382e+07,3.19136e+06,615612
0,822,4.91735e+06,-6.53272e+06,345068
0,823,9.59704e+06,1.05379e+07,265179
0,824,-7.14192e+06,9.3839e+06,-97959.7
0,825,-182573,-7.30122e+06,72047.7
0,826,-3.13833e+06,-6.7697e+06,-49573.6
0,827,7.11604e+06,-1.36811e+06,652642
0,828,9.2197e+06,6.16111e+06,565179
0,829,-3.54448e+06,1.03451e+07,-18769.2
0,830,-1.03199e+07,-4.29718e+06,-131415
0,831,1.0334e+07,-5.78196e+06,-326274
0,832,1.00945e+07,-7.87878e+06,-112742
0,833,-8.44492e+06,-6.31657e+06,192814
0,834,-1.32415e+07,1.96541e+06,1.33265e+06
0,835,7.47121e+06,156031,209591
0,836,560028,9.36411e+06,-353075
0,837,8.83885e+06,1.73838e+06,852058
0,838,-870216,-8.71052e+06,460170
0,839,1.41288e+07,2.75114e+06,1.07304e+06
0,840,-7.53987e+06,-8.29968e+06,324083
0,841,-6.78197e+06,1.17233e+07,631731
0,842,3.01492e+06,-1.07602e+07,1.09987e+06
0,843,8.57165e+06,-281508,-705159
0,844,6.74463e+06,1.92888e+06,-222054
0,845,1.08904e+07,5.05009e+06,-1.19071e+06
0,846,6.32336e+06,-1.30141e+07,895858
0,847,-4.32799e+06,-1.33472e+07,-1.11247e+06
0,848,-1.70363e+06,-1.00394e+07,-447657
0,849,1.23413e+07,1.92054e+06,-484506
0,850,-7.68407e+06,-8.40985e+06,175539
0,851,1.25326e+07,485323,-1.00313e+06
0,852,-5.77899e+06,-1.26525e+07,-1.07896e+06
0,853,664867,1.37204e+07,-59726.8
0,854,-2.01634e+06,-7.90389e+06,272308
0,855,5.68431e+06,-6.56934e+06,-171497
0,856,5.36758e+06,7.63128e+06,-436645
0,857,-6.19821e+06,-3.58321e+06,490801
0,858,2.17034e+06,1.11328e+07,-1.06093e+06
0,859,-7.52744e+06,4.3726e+06,452405
0,860,-1.59316e+06,-8.32886e+06,623428
0,861,4.61831e+06,-9.57539e+06,116216
0,862,-1.19309e+07,-1.99387e+06,-89097.1
0,863,-2.91585e+06,8.3764e+06,-372787
0,864,8.35687e+06,7.85112e+06,958037
0,865,-1.0374e+07,7.3873e+06,-870872
0,866,6.28351e+06,-1.25578e+07,623097
0,867,-7.48273e+06,5.25464e+06,-727982
0,868,1.75831e+06,-8.32069e+06,365983
0,869,9.31769e+06,-7.15229e+06,195632
0,870,-5.75635e+06,9.01269e+06,944486
0,871,6.93882e+06,-3.21008e+06,500283
0,872,-7.35593e+06,-3.19001e+06,588840
0,873,9.62736e+06,-6.34299e+06,1.02412e+06
0,874,-7.42101e+06,7.19969e+06,904573
0,875,9.20683e+06,8.23025e+06,-1.13363e+06
0,876,1.0404e+07,-4.8756e+06,792318
0,877,7.9474e+06,9.50765e+06,-609594
0,878,5.72774e+06,1.27641e+07,-620348
0,879,-3.57821e+06,-7.16092e+06,712702
0,880,-9.04045e+06,1.40152e+06,245859
0,881,1.18569e+07,9.18077e+06,-4286.39
0,882,6.71016e+06,-7.52312e+06,-48453.5
0,883,-5.22469e+06,-5.8939e+06,426965
0,884,4.43817e+06,-5.4251e+06,-440725
0,885,-9.84918e+06,5.75153e+06,501377
0,886,6.81101e+06,-7.2654e+06,459414
0,887,3.49065e+06,-1.16545e+07,618621
0,888,-5.73401e+06,4.45373e+06,627126
0,889,-638406,-7.94415e+06,758756
0,890,-3.0587e+06,-6.75742e+06,-47243.6
0,891,9.9559e+06,5.92357e+06,-1.0618e+06
0,892,5.47926e+06,-1.10293e+07,695359
0,893,9.17831e+06,6.66402e+06,426777
0,894,7.56235e+06,-4.72041e+06,604027
0,895,1.1975e+07,-3.98122e+06,-1.18611e+06
0,896,-6.21118e+06,1.12459e+07,1.04566e+06
0,897,-1.42629e+06,-8.99499e+06,689185
0,898,-5.86472e+06,4.38564e+06,384539
0,899,-1.15534e+06,1.05596e+07,-595906
0,900,5.02484e+06,-6.29074e+06,121350
0,901,-5.63487e+06,5.11236e+06,-201314
0,902,-7.76761e+06,3.3245e+06,-283830
0,903,-663229,-9.69687e+06,-538500
0,904,-1.09553e+07,-5.21625e+06,165254
0,905,-1.17044e+07,-3.67785e+06,932381
0,906,-1.18411e+07,-3.60504e+06,817526
0,907,-3.02962e+06,1.14343e+07,-693740
0,908,6.63069e+06,-4.84361e+06,345303
0,909,-1.15479e+07,-8.76714e+06,-77131.9
0,910,-3.52771e+06,-6.59217e+06,122941
0,911,1.01046e+06,1.48871e+07,91730
0,912,-7.50184e+06,-9.62948e+06,149646
0,913,3.67946e+06,1.26789e+07,596149
0,914,9.47849e+06,-7.24298e+06,829675
0,915,-1.56164e+06,9.34749e+06,915763
0,916,9.31644e+06,-6.20342e+06,-753557
0,917,4.44754e+06,-1.12465e+07,1.08505e+06
0,918,-1.51197e+06,-9.57985e+06,75286.6
0,919,-2.74666e+06,-6.95706e+06,284507
0,920,-1.44219e+07,238303,-778919
0,921,-6.34586e+06,3.70992e+06,-291364
0,922,-7.94673e+06,1.03337e+07,1.17397e+06
0,923,-1.06144e+07,-1.00894e+07,1.25859e+06
0,924,-1.24965e+07,-3.79522e+06,-836181
0,925,-9.86936e+06,-3.97701e+06,775920
0,926,8.68261e+06,-6.49663e+06,378284
0,927,8.09207e+06,-248232,44094.9
0,928,-5.45607e+06,-8.5041e+06,-791955
0,929,-1.20895e+07,128259,-225692
0,930,-1.44542e+07,-2.06609e+06,-821102
0,931,9.31522e+06,-5.16089e+06,-690839
0,932,8.64097e+06,715784,-845111
0,933,-1.52236e+06,-1.35441e+07,-395252
0,934,-9.91788e+06,7.66545e+06,1.13852e+06
0,935,-1.14921e+07,9.16547e+06,1.04312e+06
0,936,-4.85176e+06,1.22392e+07,-706257
0,937,2.08447e+06,-1.04142e+07,980233
0,938,8.05048e+06,-1.03418e+07,270187
0,939,2.94068e+06,-1.33593e+07,-336614
0,940,3.84005e+06,-1.07008e+07,-1.03501e+06
0,941,5.8892e+06,1.21084e+07,39541.8
0,942,-328294,1.34448e+07,-684307
0,943,8.0266e+06,-6.24706e+06,-1.01961e+06
0,944,8.03256e+06,1.16404e+07,1.3907e+06
0,945,-1.46307e+07,484458,37241.7
0,946,-7.12559e+06,-8.13715e+06,-887338
0,947,6.78588e+06,2.58199e+06,-80790.3
0,948,-6.59173e+06,-6.36009e+06,905061
0,949,-9.01979e+06,-4.52043e+06,-170313
0,950,1.12305e+07,-7.91418e+06,1.03887e+06
0,951,1.45398e+07,2.54468e+06,1.00474e+06
0,952,1.72426e+06,1.28448e+07,1.18608e+06
0,953,-3.4945e+06,-7.3883e+06,-450151
0,954,-2.00627e+06,-1.02558e+07,132358
0,955,-4.80289e+06,9.22002e+06,707307
0,956,-7.35598e+06,3.44793e+06,657451
0,957,-1.11729e+07,8.01039e+06,724098
0,958,1.04099e+07,-8.72805e+06,120923
0,959,-294565,8.62345e+06,-352765
0,960,1.14962e+07,2.41003e+06,319672
0,961,-2.77869e+06,9.48776e+06,751807
0,962,8.80895e+06,5.99824e+06,697436
0,963,-1.06559e+06,-7.29262e+06,404145
0,964,4.45255e+06,-8.75342e+06,30757.6
0,965,1.02629e+07,3.01622e+06,-449472
0,966,-1.12401e+07,9.07689e+06,134945
0,967,-9.44784e+06,-6.0388e+06,-986281
0,968,-1.65391e+06,-9.74025e+06,-592381
0,969,8.61019e+06,553439,-107886
0,970,1.32937e+07,4.50123e+06,-868138
0,971,-1.07937e+06,-9.41526e+06,266629
0,972,594225,-1.0308e+07,226426
0,973,5.87083e+06,-1.28757e+07,-700158
0,974,6.46258e+06,6.50094e+06,-299003
0,975,-1.24263e+07,8.35321e+06,-837894
0,976,-1.26037e+07,-3.45124e+06,-917283
0,977,-8.62162e+06,5.13033e+06,509751
0,978,-861653,7.11333e+06,25216.8
0,979,-6.32466e+06,-6.61319e+06,-33185.2
0,980,9.39284e+06,-3.09695e+06,261478
0,981,-7.45889e+06,-2.96573e+06,451153
0,982,5.92505e+06,1.11329e+07,1.19514e+06
0,983,5.71248e+06,8.89204e+06,-676916
0,984,2.56847e+06,-7.32647e+06,-588005
0,985,4.72545e+06,-6.4517e+06,-248625
0,986,6.84507e+06,2.3224e+06,-518186
0,987,-4.4092e+06,-7.48451e+06,-596275
0,988,740905,-7.91173e+06,271959
0,989,-9.97456e+06,-3.19965e+06,-394086
0,990,-1.08474e+07,-461114,-244900
0,991,1.4157e+07,1.4389e+06,803907
0,992,2.35926e+06,-7.63679e+06,185328
0,993,1.12419e+07,7.90902e+06,162148
0,994,-2.98613e+06,-1.05957e+07,75498.3
0,995,-1.02307e+07,4.83942e+06,-432918
0,996,7.94718e+06,7.33072e+06,1.00081e+06
0,997,1.21359e+07,-3.73038e+06,-694602
0,998,5.06896e+06,-1.30779e+07,497153
0,999,-4.86839e+06,1.09421e+07,758894
0,1000,9.92809e+06,4.74659e+06,-412059
0,1001,8.52702e+06,-1.16227e+07,1.39367e+06
0,1002,181919,1.19952e+07,-810244
0,1003,8.42682e+06,1.06047e+06,-185723
0,1004,-7.22666e+06,4.47338e+06,741288
0,1005,7.52504e+06,-7.23941e+06,220369
0,1006,-5.52619e+06,7.03506e+06,-746173
0,1007,-4.22964e+06,-8.654e+06,-826331
0,1008,-6.32904e+06,5.82719e+06,832001
0,1009,-1.36579e+06,-1.31692e+07,-1.01831e+06
0,1010,2.91654e+06,-1.29202e+07,267863
0,1011,-6.77421e+06,1.32315e+07,1.3153e+06
0,1012,1.42795e+07,1.03714e+06,-142842
0,1013,1.18103e+07,8.94624e+06,141601
0,1014,-1.39105e+07,-5.06258e+06,-919521
0,1015,3.28602e+06,1.11847e+07,45940.2
0,1016,-5.98049e+06,-4.67725e+06,25494.9
0,1017,-8.79919e+06,-9.46137e+06,128193
0,1018,7.73226e+06,9.84182e+06,238732
0,1019,7.45156e+06,-3.75829e+06,-722305
0,1020,-3.48222e+06,-9.84493e+06,-87673.8
0,1021,-7.30039e+06,-2.55222e+06,219125
0,1022,-8.83611e+06,9.02345e+06,160805
0,1023,-4.98265e+06,-9.36047e+06,177224
0,1024,27359.1,1.11505e+07,-1.11424e+06
0,1025,6.2179e+06,5.63623e+06,-85461.3
0,1026,2.71883e+06,1.15362e+07,1.04344e+06
0,1027,992244,-6.98109e+06,176607
0,1028,9.48499e+06,3.12076e+06,254651
0,1029,9.28919e+06,-3.92546e+06,84692.2
0,1030,2.66903e+06,1.42547e+07,655160
0,1031,-786830,-1.18926e+07,-680889
0,1032,-1.23046e+07,145820,598083
0,1033,7.39023e+06,-6.10092e+06,-798581
0,1034,8.65055e+06,-1.02735e+07,853313
0,1035,-1.02319e+07,4.1652e+06,1.10007e+06
0,1036,-8.44612e+06,-2.56918e+06,301470
0,1037,3.58425e+06,1.20805e+07,388218
0,1038,1.28381e+07,4.17873e+06,1.11371e+06
0,1039,-4.45471e+06,5.65918e+06,-699624
0,1040,6.46228e+06,-4.02632e+06,-221079
0,1041,2.23986e+06,1.01521e+07,201911
0,1042,-8.16656e+06,8.45066e+06,-392576
0,1043,-1.04639e+07,9.42043e+06,-18300.8
0,1044,2.12777e+06,-9.01684e+06,-190045
0,1045,-239186,1.10535e+07,1.08175e+06
0,1046,1.21914e+06,-9.251e+06,-135317
0,1047,2.66336e+06,-8.22446e+06,-287798
0,1048,1.1966e+07,-7.04437e+06,1.001e+06
0,1049,1.70079e+06,-7.07743e+06,-129084
0,1050,-9.03102e+06,-1.06435e+07,932826
0,1051,-1.07018e+07,-2.40011e+06,-781365
0,1052,-1.16083e+07,6.43355e+06,212.678
0,1053,-1.07782e+07,-7.71875e+06,-793456
0,1054,-9.8056e+06,6.42239e+06,-71443
0,1055,1.78695e+06,6.99492e+06,-316364
0,1056,1.26681e+07,921961,-231760
0,1057,1.09768e+07,9.3083e+06,47276.6
0,1058,1.24218e+07,-4.68516e+06,655774
0,1059,5.90567e+06,-1.13154e+07,-137341
0,1060,1.33813e+07,675634,1.14042e+06
0,1061,-9.94481e+06,-3.47294e+06,-516817
0,1062,1.14344e+07,5.98122e+06,963507
0,1063,2.87275e+06,1.3292e+07,842367
0,1064,-8.9555e+06,-9.81494e+06,-336169
0,1065,1.04027e+06,9.10673e+06,-332670
0,1066,1.25391e+07,6.6593e+06,935192
0,1067,-9.68341e+06,-1.32873e+06,576336
0,1068,-7.89951e+06,1.16487e+07,-107410
0,1069,1.02713e+07,863396,-420899
0,1070,-9.04536e+06,5.64634e+06,473597
0,1071,-1.00554e+07,665891,-141882
0,1072,8.4273e+06,-9.79948e+06,82432.8
0,1073,-3.86331e+06,1.27422e+07,110170
0,1074,-8.3716e+06,5.00041e+06,453594
0,1075,1.01462e+07,9.7163e+06,378379
0,1076,8.55855e+06,7.88605e+06,-671327
0,1077,4.71852e+06,8.21717e+06,-486087
0,1078,-4.68616e+06,7.83496e+06,455737
0,1079,1.15309e+07,-993040,-197382
0,1080,9.00577e+06,-9.40657e+06,466351
0,1081,238311,-1.02741e+07,-609787
0,1082,-9.20658e+06,-2.78753e+06,145088
0,1083,6.75186e+06,-2.41743e+06,282171
0,1084,1.00135e+07,-4.46726e+06,-133568
0,1085,-1.47549e+07,-1.14636e+06,-1.14393e+06
0,1086,-5.6542e+06,-1.18157e+07,715874
0,1087,2.42524e+06,-1.44052e+07,325333
0,1088,-6.42144e+06,-1.22783e+07,-254652
0,1089,2.46635e+06,1.38542e+07,604457
0,1090,-1.63929e+06,-1.39456e+07,554299
0,1091,-1.26741e+07,2.82272e+06,973514
0,1092,5.998e+06,6.19038e+06,-369991
0,1093,-1.12044e+07,-750601,721021
0,1094,-1.01395e+07,994347,-994715
0,1095,-6.12303e+06,-8.19484e+06,-994355
0,1096,2.398e+06,8.89057e+06,-845873
0,1097,4.49567e+06,9.84322e+06,526506
0,1098,-1.31591e+07,-3.88119e+06,1.32586e+06
0,1099,-1.05154e+07,-891475,1.03586e+06
0,1100,8.24959e+06,-3.10737e+06,-808269
0,1101,9.55225e+06,4.50199e+06,484483
0,1102,-3.18708e+06,-1.14274e+07,-297884
0,1103,9.54887e+06,2.80158e+06,-298740
0,1104,-1.04546e+07,9.90637e+06,955913
0,1105,-9.60721e+06,9.81423e+06,362626
0,1106,6.14377e+06,4.69342e+06,-699800
0,1107,-1.0416e+07,5.21271e+06,111896
0,1108,-6.57694e+06,9.01799e+06,396342
0,1109,1.299e+07,1.20286e+06,-764715
0,1110,-9.61445e+06,8.29647e+06,412828
0,1111,-7.54822e+06,6.17609e+06,-666813
0,1112,-7.14431e+06,-5.57977e+06,-121183
0,1113,7.93195e+06,-1.05435e+07,109899
0,1114,-4.5773e+06,1.22361e+07,-222189
0,1115,-9.59394e+06,8.32179e+06,224830
0,1116,-6.84806e+06,-4.96886e+06,612809
0,1117,-2.23088e+06,-1.37525e+07,685333
0,1118,-9.8497e+06,-5.80425e+06,-839172
0,1119,-1.00099e+07,3.19207e+06,966155
0,1120,-9.94845e+06,-3.19356e+06,69486.2
0,1121,-128340,-1.20751e+07,-664739
0,1122,5.16098e+06,-9.97325e+06,-82842.1
0,1123,-5.18433e+06,-7.61025e+06,597106
0,1124,1.26196e+06,-7.38252e+06,482468
0,1125,1.06166e+07,-1.11157e+06,612772
0,1126,-173180,-1.3156e+07,-920897
0,1127,-8.50718e+06,1.95141e+06,-412266
0,1128,7.87674e+06,-6.63714e+06,669066
0,1129,7.55699e+06,-9.34852e+06,682975
0,1130,3.15125e+06,9.94449e+06,29628.7
0,1131,-1.18704e+07,5.00554e+06,429853
0,1132,-89855.2,-7.73894e+06,484679
0,1133,1.23627e+07,-2.57361e+06,826149
0,1134,1.29821e+07,-5.751e+06,856801
0,1135,1.23856e+07,450891,-84710.9
0,1136,-3.85555e+06,1.08998e+07,-420788
0,1137,1.13937e+07,-9.21452e+06,1.025e+06
0,1138,1.01737e+07,884081,-859374
0,1139,9.40647e+06,940004,-915756
0,1140,-3.89052e+06,-1.37838e+07,-547507
0,1141,-7.9998e+06,-592955,-796196
0,1142,-1.24788e+07,7.3934e+06,-283353
0,1143,9.1731e+06,4.27626e+06,280060
0,1144,-5.73893e+06,-1.14754e+07,-929425
0,1145,-1.05087e+07,-4.90997e+06,856201
0,1146,-6.93867e+06,7.24292e+06,237815
0,1147,-1.18409e+07,2.30809e+06,-137390
0,1148,7.04151e+06,-8.38941e+06,-85068.3
0,1149,-1.44562e+07,-368984,1.30268e+06
0,1150,-8.84936e+06,1.0362e+07,992786
0,1151,7.02344e+06,-3.56802e+06,207460
0,1152,-4.55806e+06,-5.83176e+06,704161
0,1153,-7.10538e+06,-2.55007e+06,374433
0,1154,-1.15363e+07,6.93142e+06,-797224
0,1155,-6.43323e+06,-3.5307e+06,-69113.6
0,1156,1.35336e+07,5.42357e+06,540858
0,1157,3.4048e+06,6.34342e+06,-66842.8
0,1158,-4.16253e+06,-9.75198e+06,871871
0,1159,1.15676e+07,-3.47048e+06,923548
0,1160,5.86978e+06,-1.00878e+07,332902
0,1161,-443280,-7.59051e+06,-617369
0,1162,-3.42735e+06,-1.11957e+07,-1.01762e+06
0,1163,7.63471e+06,-4.46396e+06,205773
0,1164,-3.25971e+06,-8.35525e+06,173612
0,1165,1.08831e+07,-1.63453e+06,403970
0,1166,3.0925e+06,-9.48242e+06,768680
0,1167,2.43557e+06,7.60857e+06,-453893
0,1168,-9.98801e+06,-7.55937e+06,298157
0,1169,2.35318e+06,-1.42936e+07,-1.07993e+06
0,1170,-8.98585e+06,3.85522e+06,-203486
0,1171,9.60862e+06,-7.75099e+06,-479106
0,1172,2.80309e+06,-1.10638e+07,-191266
0,1173,-8.2103e+06,1.29598e+06,-741350
0,1174,1.29585e+07,6.59021e+06,-178952
0,1175,1.11668e+07,-1.02809e+06,-750161
0,1176,7.88448e+06,438837,-544830
0,1177,-5.88962e+06,-6.32781e+06,-485112
0,1178,3.32262e+06,-6.34417e+06,-192556
0,1179,-3.1744e+06,9.25597e+06,933136
0,1180,6.70315e+06,-4.97582e+06,462630
0,1181,7.57807e+06,-626093,-347944
0,1182,3.72588e+06,-6.8321e+06,321854
0,1183,6.64417e+06,9.91777e+06,-51341.4
0,1184,-4.38056e+06,1.24891e+07,-498695
0,1185,3.2033e+06,6.23006e+06,526959
0,1186,1.04807e+07,-1.03542e+06,-219706
0,1187,-2.53881e+06,1.24608e+07,-346466
0,1188,-4.88857e+06,6.98461e+06,80546.4
0,1189,-7.6482e+06,-1.27957e+07,-897762
0,1190,5.15389e+06,5.253e+06,92075
0,1191,1.21573e+07,-4.77051e+06,-1.26862e+06
0,1192,-1.0991e+07,2.02856e+06,348947
0,1193,-4.41495e+06,-1.05872e+07,362791
0,1194,2.43883e+06,-7.5284e+06,-597447
0,1195,-1.08839e+07,6.32491e+06,34871.3
0,1196,1.09362e+07,-9.05383e+06,903780
0,1197,-950884,-1.10403e+07,28582.9
0,1198,-1.13852e+07,7.9657e+06,1.31067e+06
0,1199,-756529,-1.44247e+07,-637660
0,1200,4.91855e+06,-6.35391e+06,-538677
0,1201,-1.38087e+07,796776,-258525
0,1202,-1.12985e+07,-8.64074e+06,217966
0,1203,-7.90443e+06,8.28583e+06,654916
0,1204,8.34207e+06,-3.36288e+06,710202
0,1205,-1.24164e+06,-9.619e+06,142046
0,1206,9.63285e+06,-689508,-919769
0,1207,-8.94858e+06,-1.1414e+06,39608.2
0,1208,129135,-1.17072e+07,289192
0,1209,1.1136e+07,3.89835e+06,-291415
0,1210,-860594,8.81401e+06,96245.5
0,1211,-2.34697e+06,8.25709e+06,-451798
0,1212,1.37136e+07,-4.96422e+06,320740
0,1213,3.21673e+06,-1.40298e+07,258967
0,1214,1.0009e+06,-6.97425e+06,285491
0,1215,786077,-1.1896e+07,30811.7
0,1216,1.15978e+07,-4.9978e+06,-313750
0,1217,-1.25107e+07,1.92044e+06,441664
0,1218,1.25655e+07,3.69513e+06,384130
0,1219,-4.23859e+06,-7.72766e+06,-55826.7
0,1220,9.412e+06,9.23243e+06,333163
0,1221,5.5477e+06,-7.33152e+06,789638
0,1222,4.2672e+06,-1.43301e+07,759414
0,1223,-4.494e+06,7.47721e+06,-59876.7
0,1224,1.13301e+07,-6.69748e+06,-819339
0,1225,-4.81141e+06,-1.35463e+07,318527
0,1226,8.07764e+06,2.94551e+06,117739
0,1227,2.97319e+06,1.18439e+07,137887
0,1228,7.03501e+06,-1.18738e+07,1.1825e+06
0,1229,-4.117e+06,9.01955e+06,495009
0,1230,8.89585e+06,5.46237e+06,-453755
0,1231,-2.73621e+06,9.97433e+06,-347224
0,1232,9.02907e+06,2.41591e+06,256341
0,1233,-6.70151e+06,-9.6589e+06,-724358
0,1234,-6.8366e+06,-6.39795e+06,186595
0,1235,-6.50123e+06,8.88931e+06,911594
0,1236,-9.3386e+06,2.6671e+06,346115
0,1237,-6.49143e+06,9.30217e+06,-146007
0,1238,-2.34762e+06,1.31132e+07,-954782
0,1239,5.55101e+06,-7.67646e+06,-780476
0,1240,-1.43716e+07,-3.79202e+06,1.44583e+06
0,1241,-1.38551e+07,4.22704e+06,-874568
0,1242,515544,8.29573e+06,349519
0,1243,-4.99533e+06,7.70561e+06,-94077.4
0,1244,5.28606e+06,1.3218e+07,-1.41389e+06
0,1245,6.18244e+06,-4.20603e+06,220675
0,1246,4.04713e+06,8.23589e+06,-377798
0,1247,7.38067e+06,-2.83269e+06,449848
0,1248,7.06928e+06,-8.01309e+06,-535891
0,1249,7.87915e+06,-1.00008e+07,-364816
0,1250,-3.6516e+06,1.25278e+07,-525232
0,1251,-7.30071e+06,2.87982e+06,360817
0,1252,-1.15078e+07,-8.79444e+06,1.05375e+06
0,1253,6.28598e+06,1.20375e+07,-38519.7
0,1254,-3.26155e+06,-7.19891e+06,713063
0,1255,-811249,-8.05313e+06,214114
0,1256,-8.99656e+06,7.42358e+06,-338042
0,1257,1.46027e+06,7.18043e+06,-712735
0,1258,9.13884e+06,7.17504e+06,868429
0,1259,-3.47089e+06,-1.06311e+07,-199405
0,1260,1.0712e+07,-4.02918e+06,-957318
0,1261,1.69277e+06,-8.84186e+06,-724023
0,1262,-4.89355e+06,5.78876e+06,-619648
0,1263,1.72355e+06,1.15158e+07,923435
0,1264,-4.11707e+06,-1.26093e+07,310294
0,1265,2.33095e+06,1.36717e+07,1.03686e+06
0,1266,-148392,-1.33141e+07,163131
0,1267,-7.94417e+06,4.13197e+06,526360
0,1268,1.45631e+06,-7.09654e+06,-376947
0,1269,6.06108e+06,5.40057e+06,-769857
0,1270,2.20013e+06,1.09156e+07,1.09347e+06
0,1271,7.49949e+06,8.83299e+06,437655
0,1272,-422640,-1.41248e+07,-1.19995e+06
0,1273,3.85697e+06,-1.35976e+07,-967413
0,1274,-6.91977e+06,-2.61319e+06,-509648
0,1275,-8.582e+06,1.05891e+07,1.12812e+06
0,1276,4.71388e+06,1.04846e+07,-830042
0,1277,870681,-1.15606e+07,653411
0,1278,2.59173e+06,8.78893e+06,-888369
0,1279,1.10183e+07,5.75792e+06,-197036
0,1280,1.08976e+07,-4.53904e+06,-444548
0,1281,-5.08999e+06,-7.41709e+06,214566
0,1282,8.67029e+06,-4.19981e+06,665531
0,1283,592591,8.77184e+06,21628.6
0,1284,1.26759e+07,3.60566e+06,509836
0,1285,1.40819e+06,1.20962e+07,441893
0,1286,1.3888e+07,4.20985e+06,-523670
0,1287,8.43774e+06,-6.18285e+06,969867
0,1288,8029.48,-1.05527e+07,66822.8
0,1289,-1.98778e+06,1.11077e+07,-639465
0,1290,-8.68646e+06,-3.21642e+06,-874858
0,1291,7.902e+06,1.18411e+07,-797778
0,1292,-2.74934e+06,-1.07642e+07,-900236
0,1293,9.34803e+06,-1.85745e+06,-453353
0,1294,4.90061e+06,-8.09868e+06,-853836
0,1295,-7.79354e+06,7.34563e+06,-393036
0,1296,7.78794e+06,5.04502e+06,-343812
0,1297,1.42681e+06,-7.20295e+06,-149481
0,1298,8.27935e+06,-6.5322e+06,333479
0,1299,6.61243e+06,-2.45862e+06,-371216
0,1300,900519,-7.80917e+06,750.427
0,1301,26518.9,1.04697e+07,99405.4
0,1302,7.48403e+06,-5.31646e+06,-523460
0,1303,-1.30755e+07,-5.12625e+06,924019
0,1304,-4.16751e+06,-1.19914e+07,-446167
0,1305,2.14629e+06,8.58431e+06,633203
0,1306,-1.25967e+07,4.92914e+06,-996272
0,1307,-7.35572e+06,-6.8592e+06,-91721.5
0,1308,1.32149e+07,-191908,-817456
0,1309,-9.68411e+06,4.47735e+06,-417388
0,1310,7.83751e+06,3.43958e+06,664002
0,1311,-1.0321e+07,195142,862802
0,1312,9.00793e+06,9.66127e+06,172839
0,1313,3.0831e+06,-1.00658e+07,472435
0,1314,-6.73866e+06,1.0528e+07,763354
0,1315,3.98179e+06,6.25535e+06,-243863
0,1316,708091,7.5648e+06,502419
0,1317,-4.90601e+06,1.3719e+07,-686701
0,1318,-1.60058e+06,9.05907e+06,-856291
0,1319,3.25404e+06,1.40414e+07,-230624
0,1320,4.44203e+06,-5.50022e+06,327086
0,1321,2.8792e+06,-1.42765e+07,-542884
0,1322,-2.89082e+06,-8.50163e+06,-244105
0,1323,1.14764e+07,457332,-1.00897e+06
0,1324,-1.03091e+07,-4.5503e+06,567187
0,1325,-8.01254e+06,-672273,-491983
0,1326,-6.54167e+06,4.11446e+06,-521136
0,1327,-3.61543e+06,7.98361e+06,-422075
0,1328,6.48802e+06,4.12116e+06,-472144
0,1329,-5.17768e+06,-5.28383e+06,-314852
0,1330,-4.55502e+06,8.03128e+06,300728
0,1331,801410,-1.39276e+07,635273
0,1332,-3.75462e+06,-1.02058e+07,114757
0,1333,2.23758e+06,8.43089e+06,-355401
0,1334,-1.36406e+07,-4.19394e+06,668090
0,1335,-8.15576e+06,5.33388e+06,-731146
0,1336,3.91561e+06,-7.39667e+06,142019
0,1337,3.16432e+06,-9.15645e+06,-491554
0,1338,-8.30933e+06,1.22478e+07,-481743
0,1339,6.80977e+06,6.57597e+06,-737729
0,1340,8.61186e+06,-8.59101e+06,707591
0,1341,-7.77152e+06,-2.29599e+06,-640554
0,1342,-4.07886e+06,-6.129e+06,51760.4
0,1343,7.43505e+06,1.66634e+06,748735
0,1344,-6.80737e+06,2.46573e+06,6688.5
0,1345,3.85733e+06,6.93407e+06,-235247
0,1346,-1.30752e+07,-587757,361075
0,1347,1.68496e+06,-1.47844e+07,-195353
0,1348,-7.75351e+06,-7.17763e+06,349569
0,1349,-6.71765e+06,-8.65458e+06,-1.04718e+06
0,1350,-1.88814e+06,1.02356e+07,-773351
0,1351,-6.20983e+06,-4.71382e+06,36799.6
0,1352,-8.87989e+06,1.6323e+06,-14026.4
0,1353,-4.92661e+06,-6.98372e+06,480685
0,1354,-1.06594e+07,-8.00696e+06,31032.4
0,1355,-1.76447e+06,7.25172e+06,-608450
0,1356,9.69525e+06,1.10161e+07,-1.02369e+06
0,1357,1.32327e+07,-4.85929e+06,750168
0,1358,7.04083e+06,67082,-171696
0,1359,8.09184e+06,946021,-58550.4
0,1360,-6.50807e+06,1.29988e+07,468661
0,1361,-88590.2,1.2212e+07,367520
0,1362,6.25567e+06,6.03414e+06,350259
0,1363,7.89033e+06,-146148,-500287
0,1364,-9.95276e+06,6.18943e+06,-877409
0,1365,-5.16458e+06,-5.02983e+06,442849
0,1366,-1.36347e+07,1.48136e+06,761841
0,1367,-1.98876e+06,-1.2222e+07,-18329
0,1368,4.12969e+06,-1.1336e+07,-246435
0,1369,-1.12341e+07,-7.33717e+06,-897913
0,1370,-4.68855e+06,5.46047e+06,67218.1
0,1371,9.52673e+06,9.8368e+06,823185
0,1372,8.09952e+06,1.12591e+07,976913
0,1373,-2.15665e+06,-1.47506e+07,849955
0,1374,-1.17774e+07,-9.19919e+06,-574483
0,1375,-1.0301e+07,-9.02975e+06,222470
0,1376,364639,-8.99011e+06,-754551
0,1377,-6.58754e+06,1.27536e+07,-1.07059e+06
0,1378,1.01574e+07,2.78306e+06,389064
0,1379,7.39667e+06,-1.21005e+07,-1.0589e+06
0,1380,3.10407e+06,-7.35301e+06,678854
0,1381,-1.06781e+07,62923.8,-388302
0,1382,-8.67001e+06,-1.11719e+07,-599243
0,1383,7.24995e+06,-5.89776e+06,-911981
0,1384,-9.00389e+06,-3.20739e+06,-673587
0,1385,3.08196e+06,-7.07021e+06,609652
0,1386,1.09351e+07,-8.06601e+06,144343
0,1387,-1.00692e+07,8.97815e+06,448776
0,1388,2.25952e+06,1.47348e+07,-328307
0,1389,6.9843e+06,8.24077e+06,-907277
0,1390,1.34914e+07,-1.97571e+06,-259852
0,1391,7.02764e+06,3.09164e+06,602109
0,1392,-4.56745e+06,9.68767e+06,-50422.2
0,1393,-9.49962e+06,648992,685905
0,1394,-3.99332e+06,-1.10337e+07,-317671
0,1395,-6.43401e+06,-1.11471e+07,-981195
0,1396,-495508,1.15491e+07,703921
0,1397,1.03674e+07,-340211,-847272
0,1398,-6.09454e+06,-1.17357e+07,708148
0,1399,-9.43217e+06,464776,560679
0,1400,1.32252e+06,8.76061e+06,90464.1
0,1401,-2.25654e+06,1.09493e+07,-451724
0,1402,1.24874e+06,-9.13354e+06,280146
0,1403,1.34981e+07,-2.09132e+06,-70579.4
0,1404,7.18405e+06,2.24702e+06,-307788
0,1405,-1.42912e+07,-2.10461e+06,-659781
0,1406,-8.29163e+06,-5.92079e+06,311765
0,1407,8.14646e+06,-1.17685e+06,73706.2
0,1408,6.32747e+06,-4.98663e+06,-687023
0,1409,1.42472e+07,-302195,571554
0,1410,-6.84199e+06,1.11857e+07,1.16104e+06
0,1411,-1.23061e+06,-1.11295e+07,952057
0,1412,7.38909e+06,-1.28119e+07,-582974
0,1413,-1.01696e+07,-1.05838e+07,1.26731e+06
0,1414,-4.371e+06,1.1609e+07,-322533
0,1415,2.84088e+06,-1.10365e+07,-415045
0,1416,-6.5709e+06,9.57723e+06,734487
0,1417,9.48657e+06,4.9706e+06,-716374
0,1418,-7.4656e+06,25401.9,-589006
0,1419,7.35855e+06,-2.84992e+06,589227
0,1420,1.05223e+07,-934801,-1.05951e+06
0,1421,-8.85997e+06,-7.96132e+06,-101385
0,1422,-9.77867e+06,2.80894e+06,-173057
0,1423,8.45264e+06,9.63936e+06,-776227
0,1424,-667805,8.41759e+06,42657
0,1425,5.3352e+06,-5.80349e+06,-319663
0,1426,-3.71723e+06,-7.3818e+06,-765715
0,1427,-3.81259e+06,-1.13153e+07,-681536
0,1428,-4.79428e+06,5.52101e+06,-588287
0,1429,-219251,7.92216e+06,-324372
0,1430,-4.88197e+06,-1.0122e+07,208533
0,1431,3.83249e+06,7.20786e+06,619595
0,1432,7.84802e+06,-8.35522e+06,-294558
0,1433,-1.17752e+07,-1.76962e+06,-430942
0,1434,-1.07387e+07,-174167,-643516
0,1435,2.44692e+06,-9.1662e+06,790756
0,1436,-3.46061e+06,9.23276e+06,-601817
0,1437,-5.48843e+06,1.10845e+07,1.21042e+06
0,1438,-7.56011e+06,5.92204e+06,198501
0,1439,-1.31677e+07,2.54761e+06,-207482
0,1440,1.48857e+07,988060,1.18121e+06
0,1441,1.84002e+06,-7.9815e+06,193228
0,1442,6.80685e+06,-6.89465e+06,-946849
0,1443,-8.04016e+06,-3.60077e+06,-261649
0,1444,1.17115e+07,1.79372e+06,-910632
0,1445,2.97805e+06,7.44282e+06,-65205.4
0,1446,1.07697e+07,-7.25921e+06,872456
0,1447,-7.98356e+06,3.08703e+06,-515205
0,1448,-9.07939e+06,-208994,-786425
0,1449,8.03684e+06,-3.44785e+06,-59264.8
0,1450,1.05049e+07,970356,-533421
0,1451,7.11347e+06,1.19748e+07,-236456
0,1452,-7.01753e+06,953631,-680511
0,1453,6.13825e+06,-1.20625e+07,779746
0,1454,4.83432e+06,-7.90562e+06,79691
0,1455,-7.01169e+06,-7.04977e+06,-972844
0,1456,-386669,-8.12383e+06,-416512
0,1457,-8.82597e+06,7.76328e+06,835510
0,1458,1.08705e+07,-9.75227e+06,-670441
0,1459,-8.40333e+06,1.35464e+06,-841421
0,1460,-6.80376e+06,-2.37515e+06,29473.5
0,1461,4.4468e+06,1.4262e+07,-723309
0,1462,6.86339e+06,-3.90418e+06,439178
0,1463,1.11253e+07,-7.78487e+06,67621.7
0,1464,-5.13859e+06,9.28017e+06,189295
0,1465,-1.01087e+07,3.16851e+06,928096
0,1466,4.28156e+06,-1.42221e+07,763379
0,1467,6.23304e+06,1.07151e+07,-1.09592e+06
0,1468,-1.65221e+06,-1.23645e+07,-1.13335e+06
0,1469,1.21093e+07,7.81333e+06,-617463
0,1470,5.9438e+06,1.0803e+07,-1.09926e+06
0,1471,972944,-9.59855e+06,-166578
0,1472,-1.06742e+07,-5.84146e+06,-1.16628e+06
0,1473,1.43418e+07,3.82518e+06,1.3928e+06
0,1474,1.10633e+07,-2.60159e+06,-877409
0,1475,5.26551e+06,9.52011e+06,-979646
0,1476,3.12413e+06,1.15224e+07,209414
0,1477,-3.89144e+06,6.85944e+06,444683
0,1478,-7.28535e+06,-7.55e+06,309511
0,1479,-6.23687e+06,1.22434e+07,514944
0,1480,-1.81405e+06,-1.45805e+07,-29766.4
0,1481,-774373,-1.20178e+07,270466
0,1482,2.4142e+06,6.69785e+06,442655
0,1483,-1.05436e+06,-9.11744e+06,-234793
0,1484,1.01481e+07,4.625e+06,-711983
0,1485,1.13e+07,-9.32494e+06,446328
0,1486,-4.79496e+06,-9.53656e+06,253260
0,1487,1.07534e+07,4.19967e+06,306696
0,1488,1.30797e+07,-481097,-1.28395e+06
0,1489,-1.15536e+07,-5.60241e+06,-169367
0,1490,-6.74812e+06,4.32872e+06,-233562
0,1491,-1.12192e+06,-9.34797e+06,378171
0,1492,1.08504e+07,-4.39535e+06,-351653
0,1493,-4.97419e+06,-7.42139e+06,-538822
0,1494,1.50075e+06,9.36528e+06,-819324
0,1495,-393915,1.36141e+07,-73472.7
0,1496,-2.29086e+06,-6.97577e+06,-248910
0,1497,-1.10268e+07,6.75994e+06,-787987
0,1498,7.57155e+06,8.12306e+06,-132064
0,1499,8.08801e+06,-4.9866e+06,-836535
0,1500,5.13882e+06,1.1443e+07,-454175
0,1501,8.63921e+06,-5.62754e+06,-531295
0,1502,-3.23019e+06,6.99666e+06,-610572
0,1503,-7.149e+06,-3.58568e+06,-704178
0,1504,-1.59916e+06,-7.06598e+06,-200515
0,1505,-188632,7.99755e+06,227393
0,1506,-9.17275e+06,309310,-695741
0,1507,-4.72496e+06,1.07046e+07,297195
0,1508,-1.02752e+07,-8.68808e+06,-549987
0,1509,-4.22526e+06,7.97552e+06,-606310
0,1510,2.14287e+06,-8.17081e+06,-194770
0,1511,-8.70461e+06,-5.84738e+06,188046
0,1512,3.69438e+06,-6.55378e+06,-486190
0,1513,1.81881e+06,-1.26426e+07,549311
0,1514,1.15778e+07,1.07161e+06,-324775
0,1515,-8.97988e+06,7.66666e+06,859869
0,1516,-2.56177e+06,9.10658e+06,-443058
0,1517,-9.03051e+06,-3.41305e+06,399932
0,1518,4.35601e+06,-1.14643e+07,948448
0,1519,1.34173e+07,1.61021e+06,638093
0,1520,5.80861e+06,6.42828e+06,240031
0,1521,8.92326e+06,3.35421e+06,-692097
0,1522,5.72973e+06,-3.97893e+06,-665238
0,1523,-7.50262e+06,4.34922e+06,-248833
0,1524,1.38369e+07,3.58496e+06,34918.9
0,1525,1.13145e+07,-5.17126e+06,299547
0,1526,1.16084e+07,6.74657e+06,-306341
0,1527,7.53383e+06,-6.52599e+06,-696106
0,1528,-3.88296e+06,7.20249e+06,-731052
0,1529,8.25899e+06,-1.82765e+06,-121504
0,1530,-1.79649e+06,-1.19172e+07,-320749
0,1531,2.19516e+06,7.87177e+06,-305344
0,1532,-9.65877e+06,7.17105e+06,-1.19045e+06
0,1533,9.83791e+06,-5.28047e+06,697805
0,1534,3.80235e+06,-1.30506e+07,-479412
0,1535,8.15315e+06,1.02728e+07,413827
0,1536,1.19555e+07,1.94328e+06,698376
0,1537,-1.55578e+06,1.41127e+07,888235
0,1538,-6.19311e+06,-4.50656e+06,-21986.8
0,1539,1.01418e+07,-5.06453e+06,843401
0,1540,-1.96895e+06,1.30884e+07,1.09261e+06
0,1541,4.70658e+06,-6.18919e+06,-267332
0,1542,-3.59418e+06,-6.49077e+06,-399135
0,1543,-3.08107e+06,8.36515e+06,-779889
0,1544,8.41191e+06,278627,-91896
0,1545,-3.1403e+06,-6.99035e+06,-405579
0,1546,1.00372e+07,-1.05139e+07,-612487
0,1547,4.34026e+06,-1.24692e+07,1.28889e+06
0,1548,1.02471e+07,5.80602e+06,345979
0,1549,-7.73423e+06,-9.16317e+06,-462729
0,1550,1.34099e+07,-3.48498e+06,-783069
0,1551,2.61905e+06,7.22961e+06,493646
0,1552,-8.14167e+06,-9.36698e+06,-243796
0,1553,-4.13928e+06,1.08604e+07,-52998.8
0,1554,1.3203e+07,-1.55788e+06,1.15283e+06
0,1555,-1.18277e+07,8.33695e+06,-90327.3
0,1556,1.11378e+07,-5.91846e+06,-904629
0,1557,6.04124e+06,7.24278e+06,211319
0,1558,-4.33867e+06,8.35644e+06,-810009
0,1559,6.35915e+06,-7.43612e+06,-522842
0,1560,-8.59343e+06,-9.11657e+06,912378
0,1561,7.97845e+06,-1.1238e+06,133163
0,1562,1.26931e+07,-7.88077e+06,-833001
0,1563,-271191,7.44425e+06,41065.7
0,1564,4.14409e+06,7.27502e+06,-62638.6
0,1565,5.23154e+06,5.04113e+06,-122267
0,1566,-5.98483e+06,4.52835e+06,-39016.6
0,1567,7.2273e+06,-7.76769e+06,63793
0,1568,-9.08178e+06,5.69967e+06,682040
0,1569,8.55403e+06,-1.12741e+07,491401
0,1570,-1.36215e+06,7.94969e+06,-734268
0,1571,-7.66581e+06,-1.22243e+07,711533
0,1572,5.36695e+06,-7.81644e+06,-456221
0,1573,-5.00772e+06,4.90889e+06,99248.9
0,1574,6.99413e+06,-8.22401e+06,-853777
0,1575,-1.13812e+07,-936146,-499602
0,1576,248166,-1.35608e+07,632116
0,1577,-2.37528e+06,-1.37863e+07,-750996
0,1578,-4.48387e+06,1.18048e+07,-651726
0,1579,-276985,-7.57222e+06,319952
0,1580,-27809.6,-8.84498e+06,740888
0,1581,848116,7.80846e+06,393457
0,1582,-6.48881e+06,-6.47076e+06,-769427
0,1583,-720550,-1.05857e+07,395975
0,1584,9.69595e+06,-9.39412e+06,738352
0,1585,1.21263e+07,2.45531e+06,86525.7
0,1586,2.6105e+06,-6.81395e+06,-261743
0,1587,-2.11781e+06,1.12841e+07,649373
0,1588,-1.1303e+07,8.35368e+06,1.02196e+06
0,1589,-8.89641e+06,-1.97546e+06,655010
0,1590,9.18481e+06,-2.72176e+06,-725832
0,1591,5.87091e+06,-4.0276e+06,-615740
0,1592,1.42081e+07,-4.47361e+06,-1.08327e+06
0,1593,4.48732e+06,1.03703e+07,-162373
0,1594,1.21423e+06,7.38951e+06,-204830
0,1595,1.03855e+07,-1.4721e+06,646674
0,1596,-1.25212e+07,-2.97365e+06,876469
0,1597,-2.46266e+06,-9.34832e+06,957822
0,1598,-4.35679e+06,-8.43584e+06,654853
0,1599,-2.85922e+06,-1.40246e+07,-619833
0,1600,9.51483e+06,1.25457e+06,501209
0,1601,4.83471e+06,-5.49694e+06,-559410
0,1602,-8.27573e+06,1.22253e+06,398300
0,1603,-7.54623e+06,2.97633e+06,-27822.1
0,1604,6.48525e+06,5.76713e+06,584816
0,1605,1.09541e+07,998552,667346
0,1606,-1.16746e+07,-9.17162e+06,11011.2
0,1607,1.33919e+07,-4.11275e+06,713786
0,1608,-8.82879e+06,-5.78468e+06,424407
0,1609,-8.07241e+06,2.77354e+06,563862
0,1610,-1.03795e+07,6.47069e+06,399769
0,1611,-6.46492e+06,4.59603e+06,465560
0,1612,3.41183e+06,8.03403e+06,789131
0,1613,-599093,8.62014e+06,813978
0,1614,-3.99518e+06,-1.22085e+07,908219
0,1615,-2.15885e+06,-7.62693e+06,5847.61
0,1616,-1.36112e+07,-702313,327823
0,1617,-1.07056e+07,1.47232e+06,579713
0,1618,-8.04792e+06,-8.93881e+06,-119604
0,1619,-296041,-1.12211e+07,732775
0,1620,1.11484e+07,-5.7561e+06,804903
0,1621,-5.42353e+06,-1.00876e+07,978888
0,1622,5.41507e+06,-1.06469e+07,451276
0,1623,579188,1.13995e+07,-168949
0,1624,-8.06809e+06,-1.23367e+07,189857
0,1625,-1.23761e+07,-7.48491e+06,75449.4
0,1626,-3.02786e+06,-1.26938e+07,-801852
0,1627,-1.06082e+07,1.84418e+06,-262290
0,1628,-9.50505e+06,5.76792e+06,-669355
0,1629,9.25127e+06,4.52301e+06,156097
0,1630,-2.13259e+06,-1.36584e+07,-386079
0,1631,2.27233e+06,7.35315e+06,70023
0,1632,-8.3143e+06,-2.36452e+06,-464457
0,1633,-1.10058e+07,8.28142e+06,-701539
0,1634,-7.41716e+06,1.12294e+07,-1.04782e+06
0,1635,-1.00656e+07,-5.66986e+06,496365
0,1636,-8.36511e+06,3.07765e+06,-388209
0,1637,5.46158e+06,-5.34182e+06,349940
0,1638,-7.61853e+06,-5.49748e+06,-561989
0,1639,1.05428e+07,9.29082e+06,-1.39905e+06
0,1640,-9.54311e+06,-5.50024e+06,173970
0,1641,-2.91891e+06,6.83926e+06,-1191.34
0,1642,6.06623e+06,-6.24027e+06,-720305
0,1643,-3.9118e+06,-1.01596e+07,-519142
0,1644,5.73153e+06,-1.05097e+07,-742340
0,1645,-1.35209e+07,-4.73553e+06,-575558
0,1646,-3.98083e+06,9.64723e+06,470182
0,1647,6.62972e+06,-1.15383e+07,1.29694e+06
0,1648,-1.07071e+07,-7.92912e+06,-428574
0,1649,1.09661e+07,2.90033e+06,555862
0,1650,1.04432e+07,1.32703e+06,-923475
0,1651,-8.74046e+06,-5.06002e+06,-72305.5
0,1652,-1.18566e+07,1.46976e+06,386522
0,1653,6.63794e+06,5.70303e+06,168807
0,1654,1.07188e+07,1.83302e+06,-259987
0,1655,-7.69409e+06,-1.54309e+06,-163596
0,1656,4.07727e+06,-1.11751e+07,-476870
0,1657,-1.43248e+07,-3.26733e+06,347667
0,1658,-6.21338e+06,-1.07834e+07,27307
0,1659,9.79328e+06,3.44792e+06,-995423
0,1660,-4.95367e+06,8.5267e+06,-221529
0,1661,-593597,-8.06448e+06,578287
0,1662,-1.44816e+07,690244,582744
0,1663,-1.20535e+07,6.78986e+06,-527586
0,1664,-1.4423e+07,-1.43053e+06,-7960.33
0,1665,6.53554e+06,5.28911e+06,576160
0,1666,-5.4581e+06,1.05637e+07,-734008
0,1667,-9.8697e+06,-5.75365e+06,-670248
0,1668,1.19126e+07,6.97722e+06,-397452
0,1669,-1.88013e+06,1.22732e+07,814874
0,1670,3.13222e+06,-1.24949e+07,-983197
0,1671,-1.85243e+06,7.91032e+06,29373.1
0,1672,6.71579e+06,-1.10997e+07,530476
0,1673,-1.01364e+06,-1.43823e+07,-558924
0,1674,-3.01319e+06,-8.59032e+06,-559892
0,1675,-7.56646e+06,-1.56053e+06,497668
0,1676,2.03525e+06,-7.52553e+06,486425
0,1677,1.01381e+07,3.82356e+06,-706174
0,1678,-2.99609e+06,-1.22584e+07,1.00752e+06
0,1679,8.26417e+06,8.1802e+06,-882130
0,1680,5.15239e+06,1.16752e+07,-438185
0,1681,1.07515e+07,1.69272e+06,-547229
0,1682,-1.90118e+06,1.00579e+07,-745737
0,1683,4.95506e+06,-1.18118e+07,-621779
0,1684,-9.93189e+06,8.68762e+06,17644.3
0,1685,1342.54,-1.38222e+07,844528
0,1686,7.30477e+06,3.4294e+06,636247
0,1687,-2.38555e+06,9.80649e+06,453854
0,1688,8.88921e+06,-1.0401e+07,-503735
0,1689,1.33077e+07,3.50575e+06,-1.24285e+06
0,1690,1.1049e+07,4.6323e+06,-420436
0,1691,-6.44573e+06,1.05423e+07,-792899
0,1692,-8.92571e+06,2.43045e+06,-45540
0,1693,18252,-1.32635e+07,-114552
0,1694,1.03531e+07,9.0468e+06,-673260
0,1695,-9.77135e+06,9.40294e+06,1.30908e+06
0,1696,2.8e+06,-1.03561e+07,-209636
0,1697,-7.70547e+06,6.96925e+06,455515
0,1698,1.06662e+07,-3.92654e+06,-566746
0,1699,-6.11692e+06,4.84359e+06,182160
0,1700,-7.89214e+06,1.14177e+07,427041
0,1701,-7.23539e+06,-6.56904e+06,753601
0,1702,-7.26491e+06,4.97986e+06,871749
0,1703,-1.28116e+07,-5.5155e+06,46385.7
0,1704,-9.19956e+06,-1.00524e+06,645480
0,1705,-3.10728e+06,1.20655e+07,-744787
0,1706,4.3863e+06,7.96381e+06,-736882
0,1707,7.81775e+06,6.7534e+06,-678856
0,1708,5.78962e+06,9.74527e+06,-991229
0,1709,1.7623e+06,9.37487e+06,29199.5
0,1710,93845.9,-7.79258e+06,634564
0,1711,-1.2639e+07,-2.65017e+06,933138
0,1712,1.25286e+07,837443,-266012
0,1713,-7.7932e+06,1.13258e+07,-1.28167e+06
0,1714,4.16107e+06,-1.22523e+07,-879706
0,1715,4.02053e+06,1.05476e+07,495255
0,1716,-3.70417e+06,8.36733e+06,632340
0,1717,-5.21633e+06,-9.46647e+06,-211067
0,1718,-6.59519e+06,-6.64417e+06,-647253
0,1719,2.53333e+06,9.64934e+06,390863
0,1720,1.45473e+07,-405186,-144729
0,1721,-8.42649e+06,3.15709e+06,625987
0,1722,8.25714e+06,-2.5561e+06,-273465
0,1723,7.8558e+06,-1.26115e+07,918120
0,1724,9.52573e+06,532339,-224946
0,1725,9.15425e+06,2.19817e+06,10102.2
0,1726,-6.7761e+06,-7.65235e+06,247784
0,1727,7.86826e+06,-1.13964e+06,-498453
0,1728,-1.05126e+07,780168,660894
0,1729,-7.02433e+06,3.37084e+06,200283
0,1730,-6.04386e+06,-6.24397e+06,738093
0,1731,1.46483e+07,3.03408e+06,-791816
0,1732,-7.63444e+06,5.603e+06,-488591
0,1733,8.25147e+06,-2.41529e+06,721350
0,1734,-3.9112e+06,6.252e+06,-139915
0,1735,-6.13935e+06,-6.45536e+06,250185
0,1736,-786111,-1.37811e+07,117535
0,1737,-1.84154e+06,1.20871e+07,227578
0,1738,7.28803e+06,8.10435e+06,-561717
0,1739,8.28872e+06,-4.26136e+06,-503046
0,1740,-6.34962e+06,6.80728e+06,304964
0,1741,7.59722e+06,-2.25451e+06,580442
0,1742,-5.3067e+06,-1.02739e+07,-1.12131e+06
0,1743,2.74444e+06,-9.27958e+06,-819683
0,1744,-7.94759e+06,-4.72785e+06,-450872
0,1745,9.81501e+06,1.06e+07,860260
0,1746,28979.2,-1.10556e+07,-418734
0,1747,6.91839e+06,-8.70023e+06,-73635.5
0,1748,-9.61345e+06,-2.22878e+06,429276
0,1749,9.77419e+06,-3.94325e+06,-432482
0,1750,475845,-1.07855e+07,408544
0,1751,1.3905e+07,-273457,-203460
0,1752,7.73626e+06,1.50397e+06,357853
0,1753,2.54908e+06,1.37248e+07,-955063
0,1754,3.31128e+06,-6.72087e+06,-282771
0,1755,-1.01884e+07,-182321,692874
0,1756,-9.13005e+06,-8.06343e+06,-791237
0,1757,-2.38006e+06,-1.07966e+07,1.04959e+06
0,1758,8.56438e+06,520975,-730558
0,1759,4.27653e+06,-8.99322e+06,-984791
0,1760,-5.07235e+06,9.32035e+06,-952285
0,1761,-322272,1.05923e+07,-314014
0,1762,-1.24931e+07,-1.70776e+06,-948369
0,1763,-9.63475e+06,-1.10633e+07,780823
0,1764,7.26664e+06,2.22101e+06,-732549
0,1765,-7.28482e+06,4.33689e+06,740868
0,1766,-2.67242e+06,1.03151e+07,131999
0,1767,-6.09408e+06,-5.01887e+06,108057
0,1768,1.32733e+07,-1.10734e+06,-664193
0,1769,9.29839e+06,-5.98721e+06,631481
0,1770,1.02253e+07,-3.64797e+06,-963897
0,1771,1.37243e+07,4.51325e+06,136690
0,1772,-1.13294e+06,1.40778e+07,-78389.4
0,1773,9.14686e+06,-2.82961e+06,620618
0,1774,-1.07743e+07,-6.62088e+06,811952
0,1775,-9.58449e+06,3.27139e+06,466193
0,1776,9.0424e+06,3.84599e+06,-838572
0,1777,5.41712e+06,-5.78146e+06,-44009.2
0,1778,-9.92617e+06,7.90337e+06,-612784
0,1779,2.68487e+06,-9.3985e+06,244835
0,1780,-6.19325e+06,-1.31105e+07,203536
0,1781,1.10947e+07,-4.19641e+06,684477
0,1782,-7.02092e+06,-1.53718e+06,270854
0,1783,2.96795e+06,1.261e+07,953039
0,1784,1.21238e+06,1.45535e+07,1.11972e+06
0,1785,7.28183e+06,2.66583e+06,-576090
0,1786,4.18444e+06,-6.1432e+06,-657215
0,1787,7.28195e+06,5.56616e+06,-375227
0,1788,-3.78944e+06,-6.70726e+06,-565964
0,1789,5.63867e+06,-1.25401e+07,-1.34161e+06
0,1790,1.39124e+07,2.5638e+06,-737292
0,1791,-3.7346e+06,6.22472e+06,20131.7
0,1792,-7.02064e+06,1.13688e+07,549455
0,1793,38765.1,-8.4881e+06,-448599
0,1794,3.20395e+06,7.47411e+06,-517784
0,1795,6.21203e+06,-9.1551e+06,-932421
0,1796,-7.13197e+06,-1.04122e+07,942024
0,1797,-8.48808e+06,2.74445e+06,761580
0,1798,-9.37914e+06,7.8747e+06,-904428
0,1799,-7.92978e+06,-4.44622e+06,396934
0,1800,-6.4758e+06,-4.68867e+06,80514.1
0,1801,-4.06761e+06,-1.03132e+07,749355
0,1802,7.3337e+06,-6.13562e+06,-649993
0,1803,-886213,8.31283e+06,-637370
0,1804,6.92012e+06,5.47535e+06,568630
0,1805,-130159,-8.07757e+06,-732443
0,1806,-3.50263e+06,-1.40884e+07,-1.43665e+06
0,1807,-1.30387e+07,-1.16221e+06,732162
0,1808,-7.05455e+06,-8.64961e+06,639886
0,1809,1.02142e+07,180059,716166
0,1810,-9.99554e+06,242283,-987509
0,1811,1.08871e+07,-920511,-484847
0,1812,-3.8941e+06,-9.36593e+06,639449
0,1813,-3.77735e+06,9.58185e+06,904191
0,1814,9.06615e+06,8.4171e+06,-1.06921e+06
0,1815,2.02209e+06,1.06653e+07,-534543
0,1816,1.18454e+07,7.47838e+06,603760
0,1817,600597,-9.14036e+06,407730
0,1818,-7.02875e+06,-411417,-508777
0,1819,9.6389e+06,-1.00538e+07,-227475
0,1820,-3.47064e+06,9.95777e+06,457120
0,1821,-1.10724e+06,9.80607e+06,-133762
0,1822,-157046,-7.69359e+06,-752518
0,1823,4.96458e+06,1.10768e+07,-650262
0,1824,1.20548e+07,-529082,670901
0,1825,3.93096e+06,7.85433e+06,644485
0,1826,6.85376e+06,7.98864e+06,763849
0,1827,1.3415e+07,-1.3557e+06,1.10742e+06
0,1828,1.30248e+07,4.47187e+06,-1.09181e+06
0,1829,-1.13251e+07,-2.27565e+06,-97119.5
0,1830,-9.24041e+06,4.25578e+06,141007
0,1831,-479275,7.00018e+06,25652.3
0,1832,5.85599e+06,1.13562e+07,119805
0,1833,-1.19023e+07,4.31062e+06,-1.2009e+06
0,1834,-3.04254e+06,1.0107e+07,909234
0,1835,-4.57509e+06,-6.51987e+06,-714418
0,1836,-9.95708e+06,-3.51933e+06,-426981
0,1837,5.49005e+06,9.10539e+06,-416742
0,1838,-3.82033e+06,1.13024e+07,955874
0,1839,-1.10995e+07,4.49773e+06,-1.10792e+06
0,1840,1.02433e+06,-1.09364e+07,-515415
0,1841,-157855,1.34251e+07,870540
0,1842,5.12838e+06,-5.71972e+06,-1249.96
0,1843,-895061,9.3286e+06,-127440
0,1844,2.76518e+06,1.46872e+07,-1.1885e+06
0,1845,-1.16503e+07,834299,56523.6
0,1846,-1.32738e+06,1.2222e+07,1.01201e+06
0,1847,7.20855e+06,7.59749e+06,507920
0,1848,-4.87911e+06,1.11177e+07,295136
0,1849,-8.2141e+06,2.95945e+06,698939
0,1850,-6.10063e+06,5.25464e+06,517857
0,1851,-1.41434e+07,4.2073e+06,20657.2
0,1852,1.05225e+07,-4.75673e+06,828710
0,1853,-7.71554e+06,3.23063e+06,-60225.4
0,1854,-1.06179e+07,-8.02006e+06,410555
0,1855,1.33311e+07,6.79413e+06,-829748
0,1856,-5.8943e+06,8.34438e+06,-980389
0,1857,-3.23523e+06,-7.00056e+06,586193
0,1858,-1.07642e+07,-2.7117e+06,-544152
0,1859,153677,-1.31401e+07,232266
0,1860,7.10314e+06,4.96837e+06,-757380
0,1861,5.32438e+06,-1.04311e+07,840752
0,1862,2.28504e+06,-1.04186e+07,955852
0,1863,-7.35063e+06,5.47762e+06,793054
0,1864,8.28397e+06,-4.97093e+06,932350
0,1865,5.01535e+06,-1.12082e+07,613352
0,1866,-4.39829e+06,1.17507e+07,-1.11433e+06
0,1867,-4.83703e+06,-8.42365e+06,-773808
0,1868,4.52332e+06,5.45801e+06,306049
0,1869,1.46993e+07,-1.56482e+06,-17800.5
0,1870,-1.14842e+06,-1.39075e+07,2903.28
0,1871,7.50374e+06,8.76433e+06,1.01251e+06
0,1872,-9.25558e+06,3.25016e+06,336918
0,1873,-265110,9.66426e+06,253452
0,1874,-1.30957e+06,-7.07975e+06,20193.3
0,1875,-8.0022e+06,-8.73437e+06,64087.1
0,1876,-4.70081e+06,-1.06544e+07,590035
0,1877,8.74028e+06,-9.34435e+06,-795732
0,1878,9.66484e+06,-3.28234e+06,-211130
0,1879,-7.87175e+06,-1.27649e+06,-624098
0,1880,8.62212e+06,-84284.3,71331.8
0,1881,9.22737e+06,-296483,863975
0,1882,-692099,1.0479e+07,711849
0,1883,-4.89053e+06,-1.17051e+07,999441
0,1884,-2.64134e+06,1.22238e+07,485131
0,1885,554391,-9.42751e+06,226218
0,1886,-7.59022e+06,-620715,-238748
0,1887,-7.69994e+06,-5.7709e+06,-342079
0,1888,1.19208e+07,5.68816e+06,423838
0,1889,-6.27504e+06,-1.19231e+07,-7466.52
0,1890,-4.49118e+06,1.38237e+07,-1.4021e+06
0,1891,1.01884e+07,2.15042e+06,947961
0,1892,2.10515e+06,-8.40669e+06,476382
0,1893,-6.29573e+06,-6.01339e+06,-789048
0,1894,1.07837e+07,1.00132e+06,914367
0,1895,2.55647e+06,1.45607e+07,-864022
0,1896,-281312,1.29861e+07,1.02848e+06
0,1897,-6.84856e+06,9.32012e+06,770710
0,1898,9.27188e+06,-5.74443e+06,935972
0,1899,8.28342e+06,127854,804329
0,1900,1.33616e+07,4.85838e+06,948386
0,1901,-604441,1.06147e+07,806900
0,1902,8.09578e+06,-2.77597e+06,-504470
0,1903,1.99856e+06,1.17401e+07,108776
0,1904,4.56927e+06,1.16045e+07,52096.5
0,1905,9.67681e+06,4.63759e+06,684057
0,1906,-8.63839e+06,-4.38014e+06,28638.4
0,1907,8.67487e+06,6.93274e+06,-169956
0,1908,-1.08083e+06,-1.05391e+07,721571
0,1909,9.69599e+06,5.88872e+06,-597595
0,1910,5.88996e+06,5.87131e+06,-223103
0,1911,1.73446e+06,8.62751e+06,-785831
0,1912,5.68685e+06,4.29417e+06,-467856
0,1913,-1.03977e+07,-694490,-750363
0,1914,-5.66164e+06,8.69695e+06,-657929
0,1915,-6.90057e+06,1.44317e+06,261884
0,1916,5.93492e+06,6.47554e+06,681305
0,1917,1.50802e+06,9.05199e+06,656514
0,1918,-1.28319e+07,4.31149e+06,-29134.4
0,1919,7.70115e+06,4.13501e+06,128383
0,1920,-7.36817e+06,2.42371e+06,685122
0,1921,973873,1.45857e+07,362937
0,1922,7.66058e+06,-7.58635e+06,-493200
0,1923,3.66258e+06,5.99636e+06,-211528
0,1924,2.45254e+06,-9.19821e+06,343921
0,1925,-9.03927e+06,2.45124e+06,-759233
0,1926,1.29756e+07,-5.56821e+06,1.35913e+06
0,1927,6.38231e+06,1.2338e+07,-1.26423e+06
0,1928,9.90839e+06,-6.05602e+06,-750397
0,1929,2.40936e+06,-6.60539e+06,-596542
0,1930,-4.44297e+06,-9.28734e+06,-542454
0,1931,969359,-7.60759e+06,199710
0,1932,-8.29814e+06,1.2316e+07,-1.30497e+06
0,1933,-1.27332e+07,-1.75529e+06,-738084
0,1934,3.78751e+06,1.26853e+07,-634188
0,1935,-6.24913e+06,4.56551e+06,-125496
0,1936,-2.81944e+06,-1.07151e+07,901891
0,1937,7.59636e+06,2.70721e+06,-778955
0,1938,-4.44425e+06,-6.82034e+06,370613
0,1939,519463,1.32719e+07,-515881
0,1940,1.00153e+07,4.20548e+06,241492
0,1941,-9.52812e+06,1.13914e+07,751642
0,1942,7.63437e+06,7.91768e+06,180919
0,1943,9.17552e+06,2.02154e+06,253610
0,1944,-7.78288e+06,1.14783e+07,-304328
0,1945,5.49724e+06,-1.30007e+07,607191
0,1946,7.5828e+06,-4.78984e+06,-620892
0,1947,1.18121e+07,2.16705e+06,345287
0,1948,-8.75809e+06,2.85842e+06,-285199
0,1949,-6.01598e+06,-5.80152e+06,639725
0,1950,5.18988e+06,1.37093e+07,637687
0,1951,-6.79095e+06,1.02047e+07,-1.18261e+06
0,1952,1.17892e+07,-4.19701e+06,330746
0,1953,-1.03321e+07,-1.65292e+06,-629340
0,1954,-286237,-1.29685e+07,-921192
0,1955,-1.68425e+06,1.38567e+07,1.35052e+06
0,1956,4.39779e+06,9.04649e+06,-298391
0,1957,9.53572e+06,4.4434e+06,164587
0,1958,-809306,-1.17009e+07,-1.10774e+06
0,1959,1.0699e+07,3.7e+06,455666
0,1960,6.32834e+06,-3.91177e+06,300852
0,1961,-1.02945e+07,3.95735e+06,-816144
0,1962,6.3249e+06,-6.81462e+06,753724
0,1963,-5.806e+06,-3.90895e+06,307185
0,1964,1.03911e+07,5.86283e+06,-674278
0,1965,4.428e+06,-7.8382e+06,-66260.5
0,1966,9.99433e+06,-4.32632e+06,298662
0,1967,-1.36307e+07,3.81483e+06,-994039
0,1968,-1.39292e+07,3.69204e+06,-918795
0,1969,8.94115e+06,2.96194e+06,-59716
0,1970,1.25934e+07,-5.57766e+06,1.19466e+06
0,1971,-5.8818e+06,5.37267e+06,-753888
0,1972,-8.7403e+06,1.07265e+07,362925
0,1973,-1.14971e+07,5.41767e+06,-492256
0,1974,1.43218e+07,-3.24435e+06,-618777
0,1975,1.06283e+07,-1.82512e+06,-1.0714e+06
0,1976,8.3129e+06,6.08397e+06,18868
0,1977,-5.99538e+06,3.96182e+06,-401837
0,1978,1.12427e+07,-277119,676788
0,1979,-9.04364e+06,-1.03006e+07,-1.26033e+06
0,1980,7.71302e+06,-3.91842e+06,-231714
0,1981,-2.29784e+06,-7.47771e+06,-313929
0,1982,9.12674e+06,-109389,654895
0,1983,1.01809e+07,-1.26289e+06,308091
0,1984,1.2646e+07,2.54285e+06,-978062
0,1985,9.71729e+06,-7.14434e+06,298555
0,1986,6.01053e+06,5.35963e+06,555229
0,1987,-8.01359e+06,-1.03129e+06,-750139
0,1988,-3.57499e+06,-6.75184e+06,289203
0,1989,2.07616e+06,9.48812e+06,610190
0,1990,-8.39527e+06,-2.27689e+06,816937
0,1991,7.61187e+06,-2.95789e+06,-518618
0,1992,-8.23038e+06,8.0171e+06,1.07147e+06
0,1993,-7.3912e+06,5.38617e+06,885958
0,1994,-1.12769e+07,-192315,-546808
0,1995,1.25081e+07,1.1383e+06,-1.13467e+06
0,1996,-6.40293e+06,9.8479e+06,1.0679e+06
0,1997,-3.20429e+06,-1.38304e+07,904547
0,1998,8.67649e+06,8.74826e+06,654982
0,1999,-3.86366e+06,7.75464e+06,553912
0,2000,7.18741e+06,-8.68536e+06,-647737
0,2001,1.02488e+07,5.9632e+06,339358
0,2002,-1.12637e+07,-6.66115e+06,-612263
0,2003,5.29608e+06,4.94908e+06,177340
0,2004,3.89493e+06,1.39249e+07,680167
0,2005,-1.38032e+07,-1.82694e+06,471539
0,2006,-910839,1.34782e+07,-549048
0,2007,6.7955e+06,-1.5969e+06,584302
0,2008,1.15273e+07,6.25661e+06,-137714
0,2009,7.77326e+06,787340,181581
0,2010,1.2029e+07,-8.4063e+06,577784
0,2011,-1.18196e+06,7.67765e+06,-279684
0,2012,4.22956e+06,-1.24003e+07,-301115
0,2013,9.93069e+06,2.8584e+06,-436066
0,2014,7.86639e+06,7.11956e+06,-99167.6
0,2015,-1.20142e+07,-6.74149e+06,-1.16292e+06
0,2016,-8.42231e+06,1.35177e+06,-236366
0,2017,-9.70086e+06,-1.81077e+06,166587
0,2018,-7.22617e+06,1.12251e+07,816608
0,2019,9.1232e+06,3.31944e+06,105218
0,2020,1.07186e+07,-4.66879e+06,528949
0,2021,1.20293e+07,-7.80413e+06,299942
0,2022,-1.0449e+07,-3.95029e+06,1.07194e+06
0,2023,1.03344e+07,8.15566e+06,733855
0,2024,-7.89978e+06,2.70569e+06,-484090
0,2025,8.97417e+06,-8.70953e+06,-524640
0,2026,-2.30233e+06,7.29694e+06,263871
0,2027,-1.69513e+06,9.46024e+06,-607380
0,2028,-1.78634e+06,1.0822e+07,507124
0,2029,-3.90346e+06,-6.52387e+06,-399407
0,2030,-2.45721e+06,1.06229e+07,486109
0,2031,1.2631e+07,-7.24316e+06,242967
0,2032,4.45512e+06,-9.72147e+06,392263
0,2033,3.65573e+06,-7.63786e+06,-120445
0,2034,-1.69417e+06,8.3322e+06,-395614
0,2035,1.08454e+06,1.10691e+07,-838929
0,2036,-6.90941e+06,-3.994e+06,374985
0,2037,9.31894e+06,2.06817e+06,-712999
0,2038,-1.43054e+07,575355,-132943
0,2039,-970173,-7.23956e+06,41003.9
0,2040,6.63055e+06,5.49928e+06,-200943
0,2041,9.0793e+06,-1.0252e+07,281724
0,2042,9.60316e+06,8.49048e+06,225949
0,2043,3.74309e+06,1.17167e+07,936994
0,2044,-3.32959e+06,7.88318e+06,206373
0,2045,-3.76885e+06,-1.14669e+07,-938517
0,2046,-1.35016e+07,-2.83227e+06,-79126.8
0,2047,-889347,-1.47787e+07,-1.13333e+06
0,2048,1.07326e+07,7.32512e+06,-1.23169e+06
0,2049,1.01993e+07,-405515,-664654
0,2050,5.72099e+06,1.0966e+07,556437
0,2051,-4.68985e+06,-9.97594e+06,-655838
0,2052,1.29532e+07,-351095,429454
0,2053,9.65431e+06,-5.05265e+06,-1.05842e+06
0,2054,9.794e+06,-8.2258e+06,-1.12412e+06
0,2055,2.96924e+06,1.01752e+07,141021
0,2056,-3.96482e+06,1.15335e+07,-97614.4
0,2057,-6.28602e+06,6.73582e+06,-628325
0,2058,1.40152e+07,888012,1.07616e+06
0,2059,-5.68034e+06,1.00703e+07,516136
0,2060,-1.10283e+07,55760.9,-861649
0,2061,558737,1.00532e+07,-978325
0,2062,8.33528e+06,5.28419e+06,-480353
0,2063,6.21933e+06,4.58398e+06,-465657
0,2064,1.49915e+07,210903,415931
0,2065,7.11951e+06,-3.8695e+06,-660022
0,2066,-1.1167e+07,-9.355e+06,-1.45792e+06
0,2067,-1.40041e+07,-1.92772e+06,-671490
0,2068,1.17704e+07,-5.83684e+06,-42854.7
0,2069,2.31218e+06,-9.23302e+06,346204
0,2070,-4.97484e+06,-1.31841e+07,-723447
0,2071,1.14139e+07,8.84135e+06,-670557
0,2072,-1.01724e+07,-4.46494e+06,-1.08028e+06
0,2073,-8.54774e+06,1.0114e+07,-247875
0,2074,-9.74485e+06,9.22645e+06,-1.21856e+06
0,2075,8.06275e+06,-2.28575e+06,-721820
0,2076,-9.83735e+06,-202896,-13222.6
0,2077,-7.02954e+06,-58885.5,-163440
0,2078,7.97576e+06,1.24318e+07,-430961
0,2079,-8.00754e+06,6.55783e+06,343401
0,2080,1.5687e+06,8.57259e+06,399792
0,2081,-9.45797e+06,5.57396e+06,-727376
0,2082,8.45279e+06,568087,-693820
0,2083,8.90696e+06,-7.18602e+06,-487446
0,2084,7.18723e+06,6.39377e+06,-214300
0,2085,6.34122e+06,-3.60315e+06,252615
0,2086,1.10634e+07,-1.0019e+07,-80628
0,2087,4.06409e+06,1.03906e+07,-84708.2
0,2088,1.34669e+07,4.46122e+06,1.03335e+06
0,2089,7.82551e+06,-5.71432e+06,856628
0,2090,-6.32861e+06,-1.06243e+07,-116855
0,2091,1.32694e+07,-3.25848e+06,752482
0,2092,-9.35273e+06,-7.43233e+06,836334
0,2093,3.7669e+06,-1.06851e+07,20133.3
0,2094,-5.59707e+06,4.99091e+06,-83331.9
0,2095,6.49953e+06,4.88851e+06,57686.4
0,2096,-2.51218e+06,7.249e+06,375607
0,2097,-2.93114e+06,-1.43477e+07,1.4475e+06
0,2098,-3.42332e+06,1.21045e+07,433029
0,2099,-8.69984e+06,9.05711e+06,-1.21514e+06
0,2100,1.25034e+07,1.72109e+06,331228
0,2101,-7.61022e+06,-3.33511e+06,6502.61
0,2102,-4.6335e+06,5.38844e+06,143704
0,2103,1.05525e+07,-8.87551e+06,-44538
0,2104,-5.20425e+06,1.17172e+07,-404800
0,2105,-7.90772e+06,-3.25078e+06,-317234
0,2106,-3.03858e+06,-7.04064e+06,318808
0,2107,8.75011e+06,4.58559e+06,-145630
0,2108,-5.14512e+06,-9.18914e+06,-388965
0,2109,8.6068e+06,-8.98704e+06,-653926
0,2110,-1.12003e+07,9.69772e+06,-690125
0,2111,8.57301e+06,5.78636e+06,-775717
0,2112,809374,-1.02505e+07,825000
0,2113,9.71389e+06,7.56356e+06,423723
0,2114,4.14426e+06,-1.13233e+07,785469
0,2115,-1.1958e+07,7.1541e+06,551724
0,2116,9.12668e+06,-31458.9,-593462
0,2117,4.19238e+06,5.69305e+06,390487
0,2118,-9.96476e+06,3.40519e+06,960979
0,2119,-5.38102e+06,1.32843e+07,-834944
0,2120,1.14557e+07,-7.67202e+06,114705
0,2121,-527502,1.2002e+07,723619
0,2122,-1.20073e+07,-270868,-1.05938e+06
0,2123,-1.06965e+07,-9.49138e+06,-880038
0,2124,-5.21093e+06,-1.06438e+07,61081.1
0,2125,-1.10645e+07,-6.22149e+06,1.13982e+06
0,2126,5.81774e+06,4.59541e+06,-484552
0,2127,-7.6094e+06,-9.89544e+06,980817
0,2128,-1.27829e+07,-677283,1.26325e+06
0,2129,4.56263e+06,-7.90574e+06,-133659
0,2130,-1.72884e+06,-1.20623e+07,326050
0,2131,-7.60959e+06,2.84333e+06,99823.3
0,2132,-1.28933e+07,4.76044e+06,1.15375e+06
0,2133,-1.00131e+07,-3.17526e+06,623198
0,2134,1.12977e+07,-2.87822e+06,373985
0,2135,1.10565e+07,1.65709e+06,-192913
0,2136,-105105,-9.37742e+06,-547776
0,2137,3.19022e+06,8.00529e+06,-646464
0,2138,7.14678e+06,-6.21892e+06,521444
0,2139,3.77651e+06,-1.23017e+07,-593862
0,2140,9.1612e+06,1.07078e+07,-461407
0,2141,9.3202e+06,7.04228e+06,538038
0,2142,2.17212e+06,-9.86158e+06,-14346.6
0,2143,-799687,-8.39864e+06,-418556
0,2144,9.71343e+06,4.9971e+06,257550
0,2145,-8.88242e+06,8.47363e+06,1.11878e+06
0,2146,-3.64657e+06,-1.34966e+07,597760
0,2147,-4.96953e+06,-7.50694e+06,-544058
0,2148,8.14956e+06,-20254.5,199502
0,2149,-2.48688e+06,1.01453e+07,217135
0,2150,6.0952e+06,4.13332e+06,-690063
0,2151,-8.83163e+06,-6.47559e+06,-960736
0,2152,1.56241e+06,1.2665e+07,472889
0,2153,-5.35185e+06,-1.38109e+07,1.13737e+06
0,2154,-1.45236e+07,1.20658e+06,590045
0,2155,-8.57214e+06,1.08148e+07,-659045
0,2156,-2.15316e+06,-1.43897e+07,-816575
0,2157,3.05366e+06,-1.01425e+07,99703
0,2158,294443,-1.21924e+07,297664
0,2159,-21473.5,-1.13089e+07,515054
0,2160,-7.66473e+06,9.28103e+06,-226772
0,2161,1.12177e+07,9.57377e+06,-683292
0,2162,5.66285e+06,-9.33048e+06,-735270
0,2163,8.42943e+06,3.70522e+06,379550
0,2164,-6.81831e+06,5.72815e+06,-100273
0,2165,-1.19663e+07,7.44821e+06,-1.00179e+06
0,2166,1.08915e+07,-2.57557e+06,241079
0,2167,8.02303e+06,-1.24404e+07,-1.37779e+06
0,2168,-2.81409e+06,1.19392e+07,146263
0,2169,-5.361e+06,7.47871e+06,780640
0,2170,6.06237e+06,-6.12097e+06,-811410
0,2171,4.72754e+06,-6.10872e+06,201739
0,2172,3.26799e+06,1.25593e+07,96252.1
0,2173,-8.98239e+06,-9.25545e+06,-73004.1
0,2174,-6.54203e+06,-1.30853e+07,1.19569e+06
0,2175,-1.16127e+06,-1.27401e+07,-1.07709e+06
0,2176,6.21278e+06,-7.6585e+06,-527894
0,2177,-3.64702e+06,7.02095e+06,-442822
0,2178,9.728e+06,-1.06204e+07,-912.455
0,2179,-1.64653e+06,-7.30521e+06,184871
0,2180,-1.37538e+07,-5.34673e+06,-483025
0,2181,1.10499e+07,-1.44189e+06,437861
0,2182,717656,1.23403e+07,602717
0,2183,-5.33989e+06,1.1855e+07,-42351.1
0,2184,-515741,9.30051e+06,-885893
0,2185,-8.7075e+06,-3.07833e+06,-923666
0,2186,6.81364e+06,-6.27682e+06,173535
0,2187,-9.73977e+06,6.75945e+06,418607
0,2188,3.56234e+06,-7.71138e+06,-652481
0,2189,-6.63398e+06,1.0278e+07,606061
0,2190,-1.08691e+07,3.34857e+06,-753043
0,2191,1.19185e+07,-1.89957e+06,787050
0,2192,-5.31573e+06,5.22399e+06,635909
0,2193,-5.75832e+06,-9.35694e+06,908696
0,2194,-1.39883e+07,-165339,-174466
0,2195,-1.87167e+06,-9.52661e+06,-413868
0,2196,-5.56491e+06,7.04831e+06,-580551
0,2197,-9.35326e+06,-8.38405e+06,-43012.3
0,2198,8.48037e+06,-5.44468e+06,-951890
0,2199,1.07354e+07,-7.5979e+06,-141115
0,2200,1.07024e+07,-3.88761e+06,-655963
0,2201,-1.10087e+07,1.75733e+06,-539110
0,2202,1.0927e+07,-7.97416e+06,763562
0,2203,7.31692e+06,4.44442e+06,180568
0,2204,-3.46921e+06,-6.60044e+06,45372.9
0,2205,-1.03758e+07,-6.60705e+06,-190179
0,2206,-2.95758e+06,8.08281e+06,42175.2
0,2207,2.25227e+06,-1.19878e+07,652385
0,2208,-3.29363e+06,1.43541e+07,-1.26637e+06
0,2209,-404894,-9.75611e+06,-120868
0,2210,-1.28478e+07,-4.12017e+06,1.16264e+06
0,2211,1.32193e+07,6.15589e+06,-127122
0,2212,-443874,1.18672e+07,-220727
0,2213,1.80337e+06,1.22872e+07,253334
0,2214,1.05972e+07,6.77831e+06,-6216.04
0,2215,-1.4496e+06,-8.97073e+06,-564934
0,2216,-1.28066e+07,5.9282e+06,-853402
0,2217,-8.82672e+06,5.6925e+06,-149325
0,2218,-1.15521e+07,-1.55189e+06,-817766
0,2219,-963212,-7.46219e+06,89868.2
0,2220,3.54427e+06,-9.21118e+06,-220999
0,2221,-4.57625e+06,1.25081e+07,-1.14063e+06
0,2222,-1.13852e+07,8.87614e+06,846049
0,2223,-5.57546e+06,-7.32742e+06,688727
0,2224,3.5645e+06,-6.4077e+06,104616
0,2225,-1.17007e+07,-1.7205e+06,887408
0,2226,-514635,7.30863e+06,551661
0,2227,1.29381e+07,1.4459e+06,44280.1
0,2228,-9.12303e+06,6.54399e+06,-455197
0,2229,3.253e+06,1.19984e+07,744165
0,2230,-1.1558e+07,6.80345e+06,-580962
0,2231,-9.20554e+06,1.02192e+06,407014
0,2232,-7.59783e+06,-6.29721e+06,-231977
0,2233,9.27446e+06,1.46712e+06,-934696
0,2234,-7.32206e+06,4.87397e+06,618951
0,2235,-1.44466e+06,1.32921e+07,-683715
0,2236,-4.69519e+06,7.46475e+06,-3176.95
0,2237,2.06942e+06,1.02743e+07,-776036
0,2238,4.01975e+06,5.84598e+06,291550
0,2239,-8.77537e+06,1.74722e+06,163404
0,2240,1.07856e+07,-9.04719e+06,692431
0,2241,-6.47217e+06,-3.30965e+06,417109
0,2242,-6.77361e+06,-2.1939e+06,510330
0,2243,1.07375e+07,283169,-1.05383e+06
0,2244,5.79931e+06,8.54548e+06,339795
0,2245,5.52525e+06,1.13597e+07,983583
0,2246,6.55523e+06,8.22867e+06,556533
0,2247,-8.51019e+06,-1.02034e+07,940834
0,2248,9.52734e+06,-8.69394e+06,-170550
0,2249,1.29676e+07,-14701,583759
0,2250,-7.85909e+06,-915742,138238
0,2251,8.15097e+06,-1.92859e+06,-544234
0,2252,7.25566e+06,-4.27272e+06,-58596.8
0,2253,-6.11644e+06,-4.34723e+06,152841
0,2254,7.40523e+06,-1.28395e+06,66185
0,2255,-1.13833e+07,-1.45237e+06,254183
0,2256,-2.11974e+06,8.86446e+06,20669.8
0,2257,1.27941e+07,4.15076e+06,278210
0,2258,7.38835e+06,1.11683e+07,-1.30295e+06
0,2259,-8.05685e+06,-4.98979e+06,-686786
0,2260,-9.84763e+06,-3.3658e+06,205841
0,2261,-7.4325e+06,5.38978e+06,511618
0,2262,9.39643e+06,-1.10808e+07,186799
0,2263,-5.11108e+06,8.88874e+06,-770542
0,2264,-2.95583e+06,-7.26507e+06,-377093
0,2265,9.01919e+06,-95647.5,-563695
0,2266,6.65599e+06,4.76093e+06,130627
0,2267,-7.96791e+06,9.00308e+06,85153.6
0,2268,5.50394e+06,-1.20543e+07,1.217e+06
0,2269,-1.24537e+07,-5.38037e+06,-870362
0,2270,7.33868e+06,2.62428e+06,259669
0,2271,-1.33867e+07,-736592,-1.19715e+06
0,2272,1.03771e+07,-4.42621e+06,220275
0,2273,4.16601e+06,-1.27624e+07,1.16317e+06
0,2274,-184385,-1.31419e+07,-699609
0,2275,-7.41195e+06,-830321,-561273
0,2276,-3.64436e+06,1.42008e+07,1.03662e+06
0,2277,-4.47201e+06,9.01446e+06,877998
0,2278,-7.62489e+06,6.27644e+06,-779650
0,2279,-2.99236e+06,1.19941e+07,211664
0,2280,-2.24762e+06,-1.14991e+07,575146
0,2281,-5.4085e+06,9.68211e+06,749626
0,2282,-9.46622e+06,-453450,-187192
0,2283,-1.25925e+07,5.73529e+06,-315264
0,2284,-9.97944e+06,-7.49406e+06,-982332
0,2285,-997369,-1.09665e+07,1.08724e+06
0,2286,-8.24523e+06,8.73955e+06,-658724
0,2287,5.51519e+06,-1.28275e+07,-743741
0,2288,-1.86199e+06,-8.39516e+06,-318397
0,2289,5.4333e+06,7.72046e+06,-445977
0,2290,-1.11467e+06,-1.03547e+07,-341075
0,2291,-2.1016e+06,9.3966e+06,-41820.5
0,2292,-8.40431e+06,753951,344761
0,2293,7.19814e+06,450287,-614340
0,2294,6.85723e+06,-8.89333e+06,-1.11568e+06
0,2295,1.13504e+07,8.95788e+06,990521
0,2296,-5.85247e+06,-9.15147e+06,23209.5
0,2297,5.49813e+06,-9.29831e+06,553312
0,2298,8.27324e+06,6.99662e+06,-835076
0,2299,-1.31832e+07,-2.4681e+06,-49386.3
0,2300,7.86422e+06,-9.63938e+06,320718
0,2301,1.26022e+06,-1.30366e+07,-376623
0,2302,2.90993e+06,-8.71702e+06,-225788
0,2303,1.28319e+07,6.01366e+06,-1.25539e+06
0,2304,-8.57964e+06,-1.15798e+07,-347106
0,2305,-6.10957e+06,-1.15205e+07,81374.8
0,2306,2.96565e+06,-7.1819e+06,569827
0,2307,4.9373e+06,-6.73818e+06,632469
0,2308,-6.32851e+06,-9.47279e+06,-268366
0,2309,-1.60998e+06,-9.08861e+06,669198
0,2310,-1.21714e+07,-893688,-833802
0,2311,-6.97346e+06,2.46864e+06,-668551
0,2312,-8.55002e+06,7.74951e+06,594085
0,2313,-7.87479e+06,-5.21481e+06,71184.9
0,2314,6.31334e+06,3.09581e+06,-294979
0,2315,8.46307e+06,1.12093e+07,592770
0,2316,3.72851e+06,-1.4289e+07,-759875
0,2317,1.18913e+07,7.88255e+06,-90902.7
0,2318,-8.89576e+06,-1.09374e+07,-243516
0,2319,-6.61488e+06,6.59739e+06,16707.7
0,2320,9.33747e+06,-1.83747e+06,826348
0,2321,-1.2308e+07,6.57719e+06,534190
0,2322,8.39392e+06,-1.14789e+07,-243687
0,2323,7.0198e+06,3.61985e+06,121742
0,2324,7.1251e+06,-9.81752e+06,-503671
0,2325,-6.04582e+06,5.73935e+06,-244195
0,2326,-3.77491e+06,-7.12106e+06,14011
0,2327,-7.67881e+06,1.01924e+07,-445031
0,2328,7.70902e+06,-7.4708e+06,-989813
0,2329,-9.11792e+06,9.8262e+06,952322
0,2330,-7.80052e+06,1.09048e+07,520142
0,2331,6.58381e+06,-5.01381e+06,-158097
0,2332,-2.90918e+06,-1.0217e+07,682601
0,2333,-4.69327e+06,-7.54862e+06,-192029
0,2334,-3.65438e+06,-9.25149e+06,-224478
0,2335,5.00915e+06,-8.35067e+06,-778191
0,2336,93228.8,1.23486e+07,-1.20038e+06
0,2337,-6.52155e+06,-5.1774e+06,348476
0,2338,6.95723e+06,1.62834e+06,576498
0,2339,5.96615e+06,-4.66791e+06,-412248
0,2340,-4.72906e+06,1.19878e+07,926230
0,2341,-1.02467e+07,7.26082e+06,-1.06675e+06
0,2342,-9.49536e+06,-8.58075e+06,-1.27656e+06
0,2343,2.55869e+06,-6.58772e+06,-340335
0,2344,-1.15633e+07,3.41544e+06,877933
0,2345,1.42985e+07,-281561,-992142
0,2346,-1.40236e+06,1.38305e+07,252522
0,2347,1.09339e+07,1.24712e+06,954901
0,2348,-2.87534e+06,-7.05046e+06,434492
0,2349,8.80087e+06,1.00537e+07,-140115
0,2350,-4.4363e+06,1.28933e+07,-87951.5
0,2351,-8.91721e+06,2.07186e+06,711539
0,2352,-9.98714e+06,-3.66689e+06,-204345
0,2353,1.06219e+07,1.02193e+06,-461816
0,2354,-6.99327e+06,-7.8217e+06,-104816
0,2355,-7.39583e+06,6.26027e+06,-499860
0,2356,-1.41936e+07,-1.95655e+06,-1.39878e+06
0,2357,7.04288e+06,-1.20057e+06,-398429
0,2358,1.25072e+07,4.80165e+06,1.13116e+06
0,2359,-1.2559e+07,-6.02145e+06,-1.37214e+06
0,2360,-7.55667e+06,5.00202e+06,-72382.9
0,2361,9.17829e+06,1.93434e+06,169096
0,2362,-2.30032e+06,1.09055e+07,-1.03284e+06
0,2363,-1.48422e+07,1.68191e+06,765464
0,2364,1.02212e+07,2.84889e+06,-404254
0,2365,5.04225e+06,-8.11783e+06,294868
0,2366,9.0106e+06,-1.84512e+06,-328416
0,2367,1.49531e+07,-355343,-924908
0,2368,-9.46089e+06,825227,311799
0,2369,1.10082e+07,-2.13392e+06,502660
0,2370,6.85918e+06,5.33583e+06,327604
0,2371,1.94433e+06,-8.02967e+06,-312381
0,2372,9.58484e+06,657768,386446
0,2373,1.13973e+06,-7.82357e+06,-12858.9
0,2374,-1.14283e+07,-6.66138e+06,-1.10729e+06
0,2375,1.18806e+07,5.57842e+06,-55908.7
0,2376,129413,-8.34942e+06,688949
0,2377,-1.12504e+07,-1.94382e+06,603298
0,2378,6.11389e+06,-3.46549e+06,-425770
0,2379,-1.27588e+06,-1.47957e+07,815376
0,2380,-1.20558e+07,2.16365e+06,175476
0,2381,-5.23937e+06,-5.18164e+06,185880
0,2382,-1.407e+07,-505574,-1.19353e+06
0,2383,-5.26793e+06,-7.82947e+06,-492555
0,2384,3.966e+06,-8.34879e+06,155887
0,2385,-4.61552e+06,1.0047e+07,511011
0,2386,-745921,-9.23732e+06,-798776
0,2387,-1.39152e+07,32553.1,-171144
0,2388,-8.42184e+06,-8.34491e+06,-874097
0,2389,-2.11511e+06,1.2834e+07,1.05578e+06
0,2390,-7.69093e+06,1.11159e+07,833005
0,2391,7.8975e+06,5.81793e+06,908730
0,2392,-1.17579e+07,3.32215e+06,-249841
0,2393,9.50784e+06,-1.10687e+06,-700490
0,2394,-9.47945e+06,859678,-41881.9
0,2395,4.82494e+06,9.59942e+06,-764239
0,2396,7.74593e+06,-4.60438e+06,-698758
0,2397,623479,-1.30194e+07,808566
0,2398,-1.15659e+06,1.40239e+07,-775960
0,2399,-1.02016e+06,1.06636e+07,502366
0,2400,8.52082e+06,-8.51402e+06,-1.00756e+06
0,2401,-3.85751e+06,1.37913e+07,-26652.6
0,2402,686454,-1.04851e+07,-167435
0,2403,1.18746e+07,-8.33545e+06,1.08187e+06
0,2404,4.61025e+06,-5.98915e+06,426174
0,2405,6.08803e+06,4.88119e+06,-623764
0,2406,-6.72963e+06,-2.13078e+06,670333
0,2407,-1.01207e+07,-2.65633e+06,982188
0,2408,5.70093e+06,-7.01715e+06,83886.3
0,2409,-6.38965e+06,9.62751e+06,142328
0,2410,703484,-7.54539e+06,-326534
0,2411,-9.49268e+06,1.03784e+07,-1.00644e+06
0,2412,6.41269e+06,1.0789e+07,637330
0,2413,2.71492e+06,-1.44244e+07,-1.40615e+06
0,2414,-3.95426e+06,-1.10902e+07,767480
0,2415,-7.39065e+06,921196,52688.1
0,2416,-3.67839e+06,7.49881e+06,-99863.2
0,2417,1.23416e+07,-5.85774e+06,350958
0,2418,-262357,1.0109e+07,978139
0,2419,1.32238e+07,-6.73448e+06,848784
0,2420,3.93083e+06,-8.76343e+06,-175221
0,2421,-302587,-9.57545e+06,-807305
0,2422,-6.99889e+06,2.36623e+06,-80328
0,2423,9.91146e+06,1.00637e+07,-1.06624e+06
0,2424,8.0065e+06,1.52068e+06,-699758
0,2425,-1.11487e+07,5.10498e+06,647054
0,2426,-8.04505e+06,-1.25182e+07,-1.3415e+06
0,2427,5.75106e+06,-5.323e+06,43094.2
0,2428,8.41654e+06,-1.06178e+07,1.16175e+06
0,2429,-1.37323e+07,-4.9325e+06,-464099
0,2430,-1.3993e+07,-4.30125e+06,-1.27903e+06
0,2431,-1.03102e+07,-6.34128e+06,960157
0,2432,-7.10063e+06,9.88676e+06,1.13832e+06
0,2433,-9.14428e+06,-9.797e+06,-555338
0,2434,-4.7904e+06,-8.72292e+06,-853995
0,2435,-2.02943e+06,-8.82298e+06,-36180.2
0,2436,5.92521e+06,8.32519e+06,-118848
0,2437,-1.15749e+06,1.30499e+07,-1.30022e+06
0,2438,1.2164e+07,-2.10723e+06,263800
0,2439,-3.41922e+06,7.16371e+06,584712
0,2440,-6.90271e+06,-5.55268e+06,-172466
0,2441,3.36293e+06,-7.97227e+06,420552
0,2442,1.04495e+06,1.22084e+07,-987621
0,2443,-1.0932e+07,-3.8397e+06,-723057
0,2444,6.47727e+06,3.60691e+06,733038
0,2445,1.16872e+07,-6.23009e+06,-808742
0,2446,9.1662e+06,1.14724e+07,26672.5
0,2447,-8.0058e+06,1.10385e+07,-205023
0,2448,5.74192e+06,5.60374e+06,191900
0,2449,2.12524e+06,-1.222e+07,140617
0,2450,1.20941e+07,1.03539e+06,-821386
0,2451,1.32043e+07,6.83792e+06,531936
0,2452,-1.73736e+06,-8.21993e+06,346323
0,2453,-1.09806e+06,8.80111e+06,274631
0,2454,3.44569e+06,9.50452e+06,468784
0,2455,5.0779e+06,-6.48071e+06,24155.3
0,2456,-2.69387e+06,-7.36856e+06,30069
0,2457,-8.29105e+06,4.37989e+06,-378396
0,2458,4.69532e+06,7.79603e+06,-249848
0,2459,-3.65006e+06,-8.22859e+06,331194
0,2460,1.92549e+06,-1.08191e+07,751368
0,2461,-8.52492e+06,-7.90675e+06,-505202
0,2462,1.39883e+07,2.14942e+06,-428661
0,2463,1.11657e+07,6.15294e+06,-808922
0,2464,-1.08773e+07,-4.31238e+06,559562
0,2465,9.28229e+06,9.71738e+06,-1.29845e+06
0,2466,-3.97604e+06,1.18646e+07,315357
0,2467,-8.05096e+06,1.57908e+06,7260.44
0,2468,-1.16402e+07,-971286,-10066.9
0,2469,8.67946e+06,4.17026e+06,-792310
0,2470,-6.46325e+06,8.23717e+06,33786.9
0,2471,-3.57404e+06,-8.70886e+06,686446
0,2472,3.27692e+06,8.77111e+06,-720175
0,2473,-1.11756e+07,4.10829e+06,-743914
0,2474,7.27464e+06,9.8242e+06,132764
0,2475,-1.09948e+06,-1.11186e+07,-996767
0,2476,-4.09348e+06,-1.34721e+07,-800264
0,2477,-7.68591e+06,3.51172e+06,537419
0,2478,-1.35941e+07,-1.76235e+06,990908
0,2479,6.84728e+06,1.54615e+06,579481
0,2480,-1.256e+07,4.01369e+06,669378
0,2481,2.02653e+06,-1.44696e+07,1.00203e+06
0,2482,6.41304e+06,1.13721e+07,872306
0,2483,6.68894e+06,-5.34244e+06,-70797.8
0,2484,-1.23731e+07,208859,-1.00708e+06
0,2485,9.23841e+06,-941042,858089
0,2486,9.53863e+06,-215526,660437
0,2487,1.14734e+07,2.96141e+06,953429
0,2488,7.75116e+06,-8.40545e+06,765902
0,2489,-4.36233e+06,-1.29364e+07,-569857
0,2490,-3.47001e+06,8.99882e+06,-928654
0,2491,-3.66971e+06,-1.10373e+07,824566
0,2492,-7.77068e+06,-2.22169e+06,-797836
0,2493,7.30504e+06,2.59678e+06,349857
0,2494,-1.59119e+06,-7.47133e+06,-382838
0,2495,5.40095e+06,-1.28761e+07,1.28212e+06
0,2496,1.28226e+07,-5.70355e+06,1.00864e+06
0,2497,6.01545e+06,1.09961e+07,-572681
0,2498,-6.9188e+06,-5.27748e+06,6300
0,2499,1.33241e+07,-4.07761e+06,-265171
0,2500,1.08645e+07,-1.95932e+06,-494383
0,2501,2.06008e+06,1.31702e+07,483998
0,2502,6.72889e+06,-6.01924e+06,111013
0,2503,1.35418e+06,8.37874e+06,-10440.9
0,2504,1.81388e+06,-1.45804e+07,-34352.8
0,2505,-9.22725e+06,-2.95803e+06,481709
0,2506,-5.99504e+06,1.18256e+07,586829
0,2507,1.18173e+07,-3.09862e+06,1.05592e+06
0,2508,-2.20781e+06,-1.31169e+07,-601524
0,2509,-1.23536e+07,6.0454e+06,-626929
0,2510,5.17121e+06,-8.61565e+06,-707301
0,2511,-1.05916e+07,502863,-985499
0,2512,3.96955e+06,-7.56954e+06,566255
0,2513,6.59451e+06,-6.59378e+06,507404
0,2514,-96919.7,-1.02988e+07,952987
0,2515,766184,1.06025e+07,941765
0,2516,9.33085e+06,7.27004e+06,171961
0,2517,6.78157e+06,-8.66649e+06,67557.5
0,2518,-4.06621e+06,-8.0756e+06,76991.3
0,2519,-7.91321e+06,-3.95392e+06,569648
0,2520,-4.91238e+06,-5.29844e+06,-217424
0,2521,-7.29395e+06,5.82859e+06,-295096
0,2522,-2.12246e+06,1.3477e+07,636646
0,2523,7.39372e+06,-2.32333e+06,189633
0,2524,-3.76645e+06,1.20782e+07,-222450
0,2525,8.01501e+06,-3.60934e+06,-20912.9
0,2526,-1.18211e+06,-1.19814e+07,-310435
0,2527,-5.71244e+06,-1.13987e+07,524728
0,2528,-8.08393e+06,7.30715e+06,-606318
0,2529,-1.05619e+07,-8.56166e+06,-151326
0,2530,1.38639e+07,4.3029e+06,1.01831e+06
0,2531,1.13387e+07,-9.7463e+06,929512
0,2532,1.16316e+06,9.91544e+06,469268
0,2533,4.21636e+06,8.42495e+06,540470
0,2534,8.14472e+06,-4.84788e+06,646725
0,2535,1.86193e+06,-1.36144e+07,1.04878e+06
0,2536,-1.07397e+07,-8.07163e+06,-548920
0,2537,7.60768e+06,-1.1878e+07,-76510.7
0,2538,-4.68794e+06,-5.57378e+06,-656379
0,2539,1.39678e+07,-3.4287e+06,-894329
0,2540,1.03691e+07,6.7965e+06,569512
0,2541,-4.09781e+06,-8.87476e+06,-248584
0,2542,-6.76811e+06,4.52252e+06,-631836
0,2543,1.1231e+07,2.96138e+06,63463.7
0,2544,7.37354e+06,-1.19593e+07,1.0777e+06
0,2545,1.13511e+07,8.75764e+06,-1.06647e+06
0,2546,8.96969e+06,-7.04331e+06,1.08521e+06
0,2547,-4.54375e+06,5.78738e+06,-422967
0,2548,-8.27643e+06,-1.0038e+07,-990964
0,2549,-4.27641e+06,-9.97307e+06,606141
0,2550,5.53485e+06,-4.54173e+06,99213.6
0,2551,4.8008e+06,-1.25847e+07,-836568
0,2552,-1.40382e+06,-7.73645e+06,-541140
0,2553,-2.04667e+06,-1.36143e+07,942669
0,2554,-3.82013e+06,8.57408e+06,321563
0,2555,-1.05725e+06,-7.15756e+06,486625
0,2556,967645,-1.02539e+07,-671214
0,2557,9.40988e+06,-1.526e+06,930150
0,2558,1.01698e+07,-4.44984e+06,50465.7
0,2559,-991950,9.24523e+06,800704
0,2560,-7.34862e+06,-4.02572e+06,93053.3
0,2561,-1.29035e+07,55826.5,-588073
0,2562,-6.05059e+06,-5.75026e+06,365824
0,2563,-837026,-1.14961e+07,-827819
0,2564,-1.21807e+07,-6.94327e+06,-1.04832e+06
0,2565,5.98622e+06,-8.82242e+06,849522
0,2566,-2.1836e+06,-8.82181e+06,-728625
0,2567,-6.74336e+06,-2.69743e+06,283144
0,2568,-7.14702e+06,1.1218e+07,-1.31704e+06
0,2569,1.0746e+07,1.08006e+06,-883283
0,2570,-8.86797e+06,3.68769e+06,-423877
0,2571,1.09275e+07,3.96752e+06,-827782
0,2572,7.86898e+06,9.78578e+06,351127
0,2573,-6.20437e+06,4.07332e+06,-479519
0,2574,-7.15942e+06,-3.21513e+06,673983
0,2575,-6.55073e+06,3.51012e+06,308653
0,2576,3.71757e+06,-1.00116e+07,-685186
0,2577,-1.1017e+07,9.68588e+06,-464971
0,2578,-1.28828e+07,-5.47212e+06,46033.7
0,2579,-1.12087e+07,-6.15323e+06,-864371
0,2580,8.26536e+06,9.20384e+06,757662
0,2581,-1.07085e+07,1.03848e+07,-164822
0,2582,7.31734e+06,640353,620561
0,2583,-7.55485e+06,2.67075e+06,506060
0,2584,-1.4008e+07,-1.72114e+06,183576
0,2585,1.19943e+07,-2.96296e+06,253730
0,2586,1.13873e+07,1.04872e+06,-960662
0,2587,1.06711e+07,-4.51301e+06,851234
0,2588,-1.46088e+07,-2.58651e+06,855294
0,2589,-8.1944e+06,-1.09992e+07,-442497
0,2590,6.74875e+06,-8.36902e+06,-433401
0,2591,1.81342e+06,1.42572e+07,717807
0,2592,-24558.6,-1.20435e+07,-150919
0,2593,-9.72178e+06,-1.06881e+07,-612113
0,2594,-2.77905e+06,1.17738e+07,-499583
0,2595,6.12379e+06,-8.15314e+06,607.478
0,2596,-9.66839e+06,7.79179e+06,-587515
0,2597,-1.15981e+07,-8.83851e+06,1.26877e+06
0,2598,5.18763e+06,6.86604e+06,613440
0,2599,4.81954e+06,1.14621e+07,-573968
0,2600,-1.28402e+07,3.82392e+06,457141
0,2601,-6.98028e+06,6.44534e+06,935445
0,2602,-8.952e+06,-370019,618122
0,2603,-7.67992e+06,4.52022e+06,205162
0,2604,-1.04977e+07,2.72411e+06,-298303
0,2605,-8.29283e+06,-8.23594e+06,358432
0,2606,-5.11483e+06,-5.52884e+06,684623
0,2607,-2.4466e+06,-1.10598e+07,128529
0,2608,1.24828e+07,-5.90802e+06,-873367
0,2609,-8.18805e+06,6.56193e+06,-198939
0,2610,3.10792e+06,-7.33875e+06,-742096
0,2611,-5.88764e+06,-9.53539e+06,-656404
0,2612,7.52822e+06,-1.20951e+07,-82392.4
0,2613,860219,1.02422e+07,473122
0,2614,-3.40393e+06,-7.27843e+06,551195
0,2615,5.8764e+06,-6.5361e+06,-822748
0,2616,1.05181e+07,9.68256e+06,416879
0,2617,4.66274e+06,-7.69872e+06,22142.3
0,2618,-7.2869e+06,-3.49236e+06,-148889
0,2619,9.06252e+06,-8.30085e+06,-222738
0,2620,9.27868e+06,855147,139480
0,2621,-7.19935e+06,7.2223e+06,-647532
0,2622,1.03827e+07,-1.01199e+06,-422192
0,2623,1.95764e+06,-1.16192e+07,587651
0,2624,-7.36243e+06,-6.16644e+06,714413
0,2625,-6.54366e+06,2.78779e+06,-392633
0,2626,-8.72566e+06,5.08011e+06,498520
0,2627,-7.72516e+06,-619275,99506.6
0,2628,-1.23848e+06,-1.088e+07,-254550
0,2629,-1.44638e+07,1.65566e+06,207364
0,2630,-2.1457e+06,1.33843e+07,-1.15442e+06
0,2631,-1.25512e+07,1.33918e+06,1.00308e+06
0,2632,-1.19754e+07,8.79705e+06,-251328
0,2633,-4.63219e+06,9.1407e+06,577925
0,2634,-1.29015e+07,1.736e+06,-1.18879e+06
0,2635,-2.49071e+06,9.1243e+06,589222
0,2636,2.64446e+06,-7.22761e+06,260514
0,2637,-1.17054e+07,5.30449e+06,462138
0,2638,1.41816e+06,-1.17866e+07,-126390
0,2639,-6.65939e+06,-8.43826e+06,-844324
0,2640,1.02844e+07,-1.82524e+06,-968828
0,2641,-3.73969e+06,8.75977e+06,254300
0,2642,-5.4004e+06,-5.65674e+06,-634801
0,2643,-1.05259e+06,-7.68307e+06,-272873
0,2644,1.4411e+07,3.45104e+06,-162694
0,2645,-4.68412e+06,6.31911e+06,786396
0,2646,1.34626e+07,4.22367e+06,178513
0,2647,3.05092e+06,1.17627e+07,-863980
0,2648,1.38962e+07,-2.7527e+06,1.39817e+06
0,2649,-6.87909e+06,-1.13965e+07,-410851
0,2650,7.35262e+06,3.98887e+06,323545
0,2651,6.11965e+06,-1.17322e+07,1.09752e+06
0,2652,1.4021e+07,-17464.8,-718326
0,2653,-1.1204e+07,-6.7719e+06,-625608
0,2654,1.1872e+07,-8.86097e+06,-1.10268e+06
0,2655,-2.71659e+06,-6.67617e+06,150130
0,2656,1.44318e+06,1.43642e+07,-1.20277e+06
0,2657,8.97006e+06,1.0785e+06,-841027
0,2658,-8.56538e+06,1.14717e+07,-255409
0,2659,-924694,7.07352e+06,435304
0,2660,288981,-1.19198e+07,-125882
0,2661,-9.41741e+06,1.0146e+06,-335311
0,2662,-4.0492e+06,1.30929e+07,438054
0,2663,-3.11075e+06,-7.44442e+06,668441
0,2664,-1.09901e+07,-4.34598e+06,1.09302e+06
0,2665,-725931,1.19869e+07,-498914
0,2666,-1.14875e+06,-1.25804e+07,-496730
0,2667,9.71683e+06,-540200,-776387
0,2668,9.43731e+06,3.91217e+06,656934
0,2669,-3.53591e+06,-6.84952e+06,-685554
0,2670,6.83667e+06,-1.03214e+07,-250558
0,2671,-9.10182e+06,6.47176e+06,-445870
0,2672,-1.85376e+06,1.3284e+07,598454
0,2673,1153.17,8.64495e+06,-282858
0,2674,-1.12244e+07,3.29913e+06,574058
0,2675,8.67523e+06,589380,481437
0,2676,1.26312e+07,4.95921e+06,301049
0,2677,2.72861e+06,-9.618e+06,750049
0,2678,2.35151e+06,-1.35914e+07,-637560
0,2679,-1.31438e+07,-2.81188e+06,-1.20551e+06
0,2680,9.93174e+06,-3.77076e+06,825739
0,2681,-280773,-7.79845e+06,477847
0,2682,-9.0187e+06,1.61942e+06,386884
0,2683,7.97012e+06,6.84099e+06,432739
0,2684,-8.20309e+06,-1.16786e+07,782302
0,2685,4.01344e+06,9.00937e+06,281708
0,2686,6.12431e+06,-7.38597e+06,-725538
0,2687,-8.31201e+06,6.2964e+06,915911
0,2688,8.19765e+06,514807,-430657
0,2689,3.41888e+06,1.31054e+07,-702539
0,2690,-1.71888e+06,-7.82275e+06,-691841
0,2691,-1.96293e+06,9.44731e+06,106452
0,2692,-1.25225e+07,-2.62987e+06,1.10579e+06
0,2693,-9.40648e+06,1.11516e+07,811051
0,2694,1.01021e+07,-8.03791e+06,-134411
0,2695,-9.68492e+06,5.65733e+06,787268
0,2696,564153,8.81672e+06,-225149
0,2697,-8.1766e+06,-3.30457e+06,-645846
0,2698,8.18401e+06,-4.94105e+06,-173578
0,2699,9.80723e+06,8.48656e+06,-655340
0,2700,1.10265e+06,-1.341e+07,-306414
0,2701,1.23383e+07,-7.75423e+06,1.35124e+06
0,2702,3.371e+06,9.85963e+06,264012
0,2703,8.78044e+06,8.83733e+06,714567
0,2704,-7.09921e+06,765936,-241414
0,2705,-4.95928e+06,1.1903e+07,844027
0,2706,3.19251e+06,-1.12595e+07,1.14906e+06
0,2707,1.23233e+07,-1.16309e+06,-1.16989e+06
0,2708,7.54812e+06,6.08297e+06,-461198
0,2709,1.34281e+07,2.77078e+06,55345.9
0,2710,-1.06935e+07,-4.32993e+06,-56999.4
0,2711,8.89253e+06,9.91056e+06,-504685
0,2712,-4.31764e+06,-1.11144e+07,-228607
0,2713,-1.20754e+07,7.08475e+06,-272267
0,2714,-6.90819e+06,-2.3073e+06,304154
0,2715,-2.70392e+06,7.42604e+06,445023
0,2716,516919,9.908e+06,341832
0,2717,6.77937e+06,-5.20561e+06,-675624
0,2718,-1.26178e+07,30166.5,935245
0,2719,-3.49915e+06,-7.20387e+06,115421
0,2720,-1.08146e+07,578372,481120
0,2721,1.21238e+07,7.83469e+06,-1.39148e+06
0,2722,1.0405e+07,8.41508e+06,1.30672e+06
0,2723,-6.95676e+06,-9.6955e+06,-719502
0,2724,-4.78985e+06,-7.49233e+06,730339
0,2725,4.74854e+06,1.4038e+07,-1.08636e+06
0,2726,5.04343e+06,-5.47639e+06,-305839
0,2727,1.14071e+06,6.91751e+06,-223807
0,2728,-1.47384e+07,-2.20131e+06,-881087
0,2729,-4.66311e+06,8.43019e+06,-928242
0,2730,-2.71364e+06,-7.58751e+06,-613196
0,2731,-5.23103e+06,7.11885e+06,455776
0,2732,-4.35425e+06,-1.08145e+07,156257
0,2733,1.24204e+07,227479,1.07322e+06
0,2734,-6.55239e+06,4.36967e+06,427346
0,2735,9.90442e+06,-3.43029e+06,-67945
0,2736,5.20203e+06,-1.29274e+07,1.34464e+06
0,2737,1.15499e+07,-8.59479e+06,667355
0,2738,7.79824e+06,6.1458e+06,374786
0,2739,-2.15893e+06,-1.46162e+07,1.26999e+06
0,2740,6.96175e+06,1.14702e+07,-673579
0,2741,4.77658e+06,8.48102e+06,158967
0,2742,1.06996e+06,-1.47631e+07,-226822
0,2743,-2.73114e+06,6.48424e+06,37655.7
0,2744,7.34776e+06,6.16793e+06,-109820
0,2745,7.57701e+06,-4.85204e+06,-718155
0,2746,7.38449e+06,254005,-254174
0,2747,-1.50208e+06,-1.21904e+07,-114817
0,2748,-7.94632e+06,9.60714e+06,418585
0,2749,-5.66095e+06,4.62867e+06,425841
0,2750,-2.82345e+06,-1.30998e+07,-793600
0,2751,8.94687e+06,-213251,-711399
0,2752,5.77175e+06,6.15836e+06,-291044
0,2753,-8.68049e+06,119333,-41634.6
0,2754,1.38647e+07,3.08077e+06,-511865
0,2755,-9.30805e+06,-7.20887e+06,-46795.7
0,2756,1.24616e+07,5.18803e+06,852849
0,2757,7.28423e+06,8.14281e+06,844469
0,2758,6.27052e+06,1.03962e+07,-1.13567e+06
0,2759,-6.28498e+06,-5.12896e+06,-521035
0,2760,8.68677e+06,1.39048e+06,392500
0,2761,3.90607e+06,-1.28656e+07,-1.00336e+06
0,2762,-6.64867e+06,-1.25263e+07,1.12989e+06
0,2763,-9.74479e+06,4.06893e+06,601600
0,2764,-7.66154e+06,-1.01789e+06,520759
0,2765,1.31178e+07,-3.70441e+06,540807
0,2766,8.591e+06,1.10751e+06,-35660.6
0,2767,671394,1.1058e+07,-833112
0,2768,1.04639e+06,-1.15857e+07,1.15109e+06
0,2769,3.54182e+06,-1.25736e+07,304318
0,2770,-9.4641e+06,-1.14419e+07,1.07172e+06
0,2771,1.3173e+07,-6.20726e+06,-345435
0,2772,3.57614e+06,6.70569e+06,-671692
0,2773,3.12255e+06,7.19048e+06,-249223
0,2774,-2.69561e+06,-1.1004e+07,-655732
0,2775,-3.50359e+06,-1.18732e+07,145148
0,2776,1.08806e+07,9.12323e+06,-918206
0,2777,7.2898e+06,7.45724e+06,138281
0,2778,-2.19834e+06,9.92447e+06,-671888
0,2779,-7.53428e+06,-6.08012e+06,146756
0,2780,5.84709e+06,5.85099e+06,-785394
0,2781,5.15321e+06,-4.84046e+06,-645029
0,2782,8.88765e+06,-9.22288e+06,-1.03186e+06
0,2783,1.01762e+07,-2.45008e+06,700529
0,2784,865560,-1.08589e+07,727400
0,2785,7.62641e+06,-6.12907e+06,-57778.7
0,2786,1.1196e+07,-14607.1,769935
0,2787,9.86971e+06,648829,249651
0,2788,-7.33605e+06,-1.02147e+07,1.18022e+06
0,2789,-1.31427e+07,4.37159e+06,-1.21404e+06
0,2790,-4.01998e+06,-1.00304e+07,232818
0,2791,-1.10806e+07,2.19301e+06,-466176
0,2792,-9.19752e+06,-19952.7,-625284
0,2793,-4.36467e+06,8.68942e+06,169473
0,2794,3.62162e+06,-6.60516e+06,93982.6
0,2795,-3.58359e+06,-1.18248e+07,-515578
0,2796,1.03457e+07,-2.91176e+06,573836
0,2797,-341330,-1.47215e+07,-956727
0,2798,-6.63297e+06,-3.52884e+06,-213714
0,2799,3.24264e+06,-8.61004e+06,-244801
0,2800,5.59632e+06,-7.69293e+06,659912
0,2801,4.87418e+06,-8.53267e+06,690532
0,2802,9.44853e+06,4.19977e+06,-1.03414e+06
0,2803,-6.20798e+06,9.23917e+06,1.11039e+06
0,2804,934538,-1.30914e+07,1.1983e+06
0,2805,-5.85032e+06,1.27964e+07,-941335
0,2806,-9.35952e+06,8.97448e+06,-69574.4
0,2807,1.00831e+07,-6.58271e+06,-194880
0,2808,-1.5296e+06,1.31676e+07,525143
0,2809,4.83275e+06,-5.03876e+06,-657687
0,2810,1.21544e+07,3.64146e+06,-593615
0,2811,-9.60237e+06,5.27689e+06,-676153
0,2812,-1.34304e+06,-9.57121e+06,327298
0,2813,-119976,-7.54332e+06,-676191
0,2814,-722528,1.13186e+07,198931
0,2815,9.04413e+06,-850681,-345855
0,2816,-1.59124e+06,8.76433e+06,707809
0,2817,-1.45287e+06,-1.19596e+07,1.00955e+06
0,2818,-984985,-1.42348e+07,-863393
0,2819,3.92689e+06,1.31573e+07,667563
0,2820,702545,-1.24648e+07,81614.4
0,2821,1.15574e+07,-3.48446e+06,-965124
0,2822,-7.21026e+06,-6.07762e+06,877729
0,2823,7.65546e+06,1.09919e+06,-688978
0,2824,6.20707e+06,-4.05091e+06,328206
0,2825,-1.22718e+07,-1.75799e+06,699822
0,2826,-6.42101e+06,5.17238e+06,-16483.3
0,2827,-6.89533e+06,3.81009e+06,-289248
0,2828,4.74533e+06,5.51365e+06,384505
0,2829,6.52396e+06,-2.85143e+06,-590268
0,2830,1.07284e+07,-7.93126e+06,1.18017e+06
0,2831,-3.26183e+06,1.35448e+07,-465261
0,2832,6.6373e+06,7.96096e+06,-993342
0,2833,-1.31489e+07,-4.6584e+06,303378
0,2834,-7.31906e+06,-1.24075e+07,550132
0,2835,9.89091e+06,8.87742e+06,-371801
0,2836,1.30142e+07,-6.83985e+06,1.13158e+06
0,2837,6.59982e+06,-8.26075e+06,-957607
0,2838,-7.02424e+06,4.20772e+06,-27197.6
0,2839,-5.64127e+06,7.12433e+06,-613825
0,2840,2.97268e+06,-1.04945e+07,352126
0,2841,-7.83285e+06,605276,310712
0,2842,-8.73602e+06,7.06581e+06,274016
0,2843,1.21976e+07,8.28547e+06,-324407
0,2844,-9.05227e+06,-4.76125e+06,-712665
0,2845,-1.85292e+06,8.17074e+06,765998
0,2846,-6.76325e+06,-1.09226e+07,815485
0,2847,5.09111e+06,-6.19578e+06,152114
0,2848,3.89188e+06,-8.84668e+06,585567
0,2849,1.02472e+07,9.10075e+06,1.29032e+06
0,2850,-9.14402e+06,1.14097e+07,-1.27268e+06
0,2851,8.32764e+06,-368453,105058
0,2852,-2.34582e+06,9.55767e+06,-478682
0,2853,-1.07234e+07,5.94256e+06,1.14449e+06
0,2854,3.25892e+06,-1.20263e+07,-516785
0,2855,-7.60648e+06,575873,-283013
0,2856,8.23949e+06,-2.51963e+06,-96524.9
0,2857,2.65355e+06,7.9589e+06,-368187
0,2858,-1.69744e+06,1.48893e+07,-513307
0,2859,-3.34759e+06,1.17887e+07,-697304
0,2860,-3.16977e+06,7.60964e+06,-651070
0,2861,2.40727e+06,-6.71179e+06,-517298
0,2862,3.89214e+06,-1.26209e+07,100166
0,2863,5.79562e+06,7.48543e+06,448694
0,2864,-6.57425e+06,-9.74364e+06,-1.15876e+06
0,2865,1.31805e+07,5.83676e+06,-384090
0,2866,1.02213e+07,93301.6,-5950.44
0,2867,5.77382e+06,-1.16307e+07,987189
0,2868,-7.40025e+06,-7.95273e+06,-915714
0,2869,6.13248e+06,9.01198e+06,-284258
0,2870,-8.54598e+06,4.44632e+06,138031
0,2871,-1.11615e+07,8.70906e+06,1.36652e+06
0,2872,-1.30324e+07,-947298,376497
0,2873,4.38012e+06,-6.47425e+06,128765
0,2874,-9.71965e+06,-1.12343e+07,994146
0,2875,-7.55869e+06,1.10436e+07,-643904
0,2876,-1.02109e+07,2.12559e+06,-542664
0,2877,-1.359e+07,-3.72771e+06,1.35258e+06
0,2878,-1.26104e+07,-4.60901e+06,1.20363e+06
0,2879,8.37691e+06,-7.18253e+06,-313146
0,2880,-8.73397e+06,4.92876e+06,93521.7
0,2881,-1.14165e+07,252450,-443290
0,2882,-1.22365e+07,-7.62008e+06,-266022
0,2883,1.37522e+06,-1.20796e+07,1.12345e+06
0,2884,8.37523e+06,7.12456e+06,-130269
0,2885,8.64302e+06,-6.52483e+06,-227882
0,2886,-1.4498e+07,1.3531e+06,1.38389e+06
0,2887,5.66845e+06,-4.17385e+06,608469
0,2888,1.46066e+07,1.20805e+06,-963730
0,2889,1.20269e+07,1.9473e+06,-1.06607e+06
0,2890,-8.74097e+06,-691363,80499.4
0,2891,3.48311e+06,6.38595e+06,-428.183
0,2892,6.99639e+06,9.43888e+06,-237737
0,2893,1.41674e+07,-92691.6,1.38493e+06
0,2894,-1.10815e+07,8.62691e+06,524279
0,2895,-6.14108e+06,-8.30046e+06,-393722
0,2896,-1.1664e+07,-1.76011e+06,-1.12525e+06
0,2897,1.32766e+07,999849,-551108
0,2898,-5.00686e+06,4.92128e+06,-614933
0,2899,-1.23488e+07,7.22599e+06,-115906
0,2900,-6.80323e+06,-7.0301e+06,557071
0,2901,-131092,-1.21443e+07,988285
0,2902,-6.37231e+06,-1.23372e+07,-793353
0,2903,-1.20812e+07,-467725,525576
0,2904,-617747,-1.36166e+07,946286
0,2905,7.35316e+06,1.48785e+06,-362636
0,2906,6.34274e+06,-1.27001e+07,519025
0,2907,-1.82846e+06,-1.24229e+07,1.11444e+06
0,2908,-9.74537e+06,-9.55778e+06,452570
0,2909,-4.78404e+06,-7.27726e+06,-131203
0,2910,2.86029e+06,-7.71023e+06,16853.8
0,2911,-2.93538e+06,1.45257e+07,-57291.3
0,2912,7.67474e+06,7.28658e+06,-156393
0,2913,4.95735e+06,7.85866e+06,-405081
0,2914,-875164,-8.78351e+06,-830810
0,2915,804968,-1.19124e+07,-46031.1
0,2916,-3.77056e+06,-1.39336e+07,716331
0,2917,1.46701e+06,-8.42987e+06,569155
0,2918,2.24984e+06,9.62815e+06,-227353
0,2919,-1.12158e+07,6.37799e+06,611132
0,2920,2.7295e+06,-7.4123e+06,-390194
0,2921,-7.54858e+06,-4.82376e+06,-772099
0,2922,-506648,7.19235e+06,54895.8
0,2923,8.1262e+06,-1.17191e+07,-27248.5
0,2924,-7.11056e+06,-1.60884e+06,298771
0,2925,7.43129e+06,6.24015e+06,-430027
0,2926,-7.81497e+06,1.05722e+07,821395
0,2927,4.93303e+06,8.18356e+06,-122605
0,2928,1.05323e+07,1.07579e+06,-812463
0,2929,6.40231e+06,5.55325e+06,-268708
0,2930,-1.46872e+07,-857245,375407
0,2931,-4.37445e+06,8.77657e+06,-938081
0,2932,-1.09194e+07,1.1225e+06,-752367
0,2933,-1.30942e+07,597612,-422233
0,2934,-7.72799e+06,-2.63487e+06,413193
0,2935,1.79677e+06,9.07984e+06,40605.9
0,2936,-4.11683e+06,-7.13894e+06,173651
0,2937,7.49111e+06,1.75715e+06,185146
0,2938,7.99394e+06,4.83378e+06,485140
0,2939,-9.1964e+06,2.37923e+06,-500474
0,2940,-3.8094e+06,1.13434e+07,1.12334e+06
0,2941,8.23977e+06,9.56121e+06,-210312
0,2942,-9.82646e+06,-2.15415e+06,689025
0,2943,1.07981e+07,4.40423e+06,362600
0,2944,1.32898e+06,-6.93603e+06,235451
0,2945,-2.49743e+06,9.11759e+06,564611
0,2946,-7.95037e+06,1.06072e+07,-533316
0,2947,1.14225e+07,606857,-956967
0,2948,3.15538e+06,7.36159e+06,19251.5
0,2949,-8.54344e+06,-1.21835e+07,-1.30898e+06
0,2950,-1.11739e+07,229601,-796721
0,2951,-1.33154e+07,5.19237e+06,1.41827e+06
0,2952,-8.03797e+06,-6.48563e+06,-818125
0,2953,742180,1.05839e+07,713132
0,2954,5.963e+06,-1.18414e+07,593322
0,2955,4.14858e+06,1.30157e+07,-131028
0,2956,-8.13521e+06,-9.52077e+06,542222
0,2957,7.13626e+06,5.08658e+06,732236
0,2958,6.50729e+06,9.43524e+06,673424
0,2959,6.91425e+06,1.25066e+07,908423
0,2960,1.33505e+07,-5.4398e+06,1.19685e+06
0,2961,-7.00828e+06,8.88484e+06,-1.11878e+06
0,2962,-6.75306e+06,3.23004e+06,-150745
0,2963,-6.70432e+06,5.15944e+06,-551255
0,2964,-4.11675e+06,1.31587e+07,271829
0,2965,1.03995e+07,3.52184e+06,973655
0,2966,-5.0898e+06,9.96724e+06,-766417
0,2967,9.62329e+06,1.25361e+06,-264888
0,2968,7.79691e+06,-8.10157e+06,421564
0,2969,4.72296e+06,6.32257e+06,-113456
0,2970,8.41798e+06,1.49517e+06,522207
0,2971,3.47238e+06,-6.23655e+06,-508941
0,2972,-1.174e+07,-8.98069e+06,695173
0,2973,5.09891e+06,-5.98924e+06,534419
0,2974,-1.22106e+07,-180254,541317
0,2975,-5.87339e+06,-3.86396e+06,489270
0,2976,7.65568e+06,6.20413e+06,-155948
0,2977,9.99187e+06,7.99167e+06,-753071
0,2978,2.37582e+06,-7.79516e+06,-714233
0,2979,-8.34028e+06,9.27895e+06,638826
0,2980,1.10546e+07,9.6969e+06,-546142
0,2981,-1.36952e+06,1.33893e+07,-767677
0,2982,1.35578e+07,-1.0974e+06,154746
0,2983,-7.40132e+06,5.47176e+06,-608128
0,2984,1.92447e+06,-1.29157e+07,981528
0,2985,-6.65902e+06,-2.7409e+06,-411981
0,2986,2.12147e+06,-9.474e+06,-598743
0,2987,-6.79937e+06,-9.95671e+06,1.09801e+06
0,2988,4.3702e+06,-1.24567e+07,83433.5
0,2989,-7.58475e+06,3.82319e+06,84074
0,2990,-9.68274e+06,-7.78551e+06,-263495
0,2991,4.47426e+06,7.94205e+06,353583
0,2992,-4.65685e+06,-1.12321e+07,-310061
0,2993,561220,-9.06829e+06,497749
0,2994,-8.11374e+06,-6.88544e+06,-269246
0,2995,6.47126e+06,-1.0819e+07,474822
0,2996,-1.07254e+07,2.84424e+06,315926
0,2997,-1.15955e+07,-4.49032e+06,310786
0,2998,7.40807e+06,-2.30899e+06,451764
0,2999,-9.18314e+06,-3.83177e+06,-903339
0,3000,-44114.4,7.32442e+06,278029
0,3001,-1.28705e+07,-5.02556e+06,88796.2
0,3002,5.36744e+06,8.6603e+06,-779211
0,3003,1.17532e+07,-5.75138e+06,-109175
0,3004,1.05122e+07,-6.25874e+06,-1.00519e+06
0,3005,-9.76874e+06,-8.81994e+06,259672
0,3006,-3.75648e+06,-8.53391e+06,550382
0,3007,-7.70218e+06,-1.65393e+06,-629562
0,3008,-1.39378e+07,-674634,860564
0,3009,6.99449e+06,7.01032e+06,-910651
0,3010,328552,9.24557e+06,111674
0,3011,-7.11145e+06,-931813,-155272
0,3012,-3.41479e+06,-1.10994e+07,311511
0,3013,9.60253e+06,1.13612e+07,-209056
0,3014,-9.01634e+06,5.16929e+06,340595
0,3015,-1.08515e+07,-1.19945e+06,-147711
0,3016,1.34057e+07,-6.55521e+06,-574132
0,3017,4.20446e+06,-6.63357e+06,783516
0,3018,-5.83563e+06,7.24696e+06,823975
0,3019,-3.59388e+06,1.21677e+07,205671
0,3020,5.50983e+06,-1.34522e+07,703644
0,3021,5.61867e+06,1.15774e+07,836828
0,3022,8.34125e+06,-3.89438e+06,-249274
0,3023,-1.4167e+06,1.37886e+07,40272.3
0,3024,-4.1885e+06,-6.62424e+06,527589
0,3025,-1.25587e+07,-1.85413e+06,-1.15814e+06
0,3026,-3.98369e+06,-1.38901e+07,711123
0,3027,-183907,-1.33553e+07,-157304
0,3028,-9.07148e+06,-9.0824e+06,910404
0,3029,1.29636e+07,3.45371e+06,-325027
0,3030,5.82591e+06,4.35917e+06,147598
0,3031,1.02051e+07,9.56941e+06,-136856
0,3032,5.62123e+06,-1.31346e+07,56199
0,3033,-1.30076e+07,-1.87298e+06,-900059
0,3034,3.01243e+06,7.40505e+06,-238426
0,3035,4.44035e+06,-1.37434e+07,-194120
0,3036,-1.07681e+06,1.08823e+07,447188
0,3037,925591,1.33337e+07,-1.22822e+06
0,3038,-1.10737e+07,-4.59409e+06,-234696
0,3039,-1.15257e+07,-3.80013e+06,-605893
0,3040,-9.13702e+06,4.42563e+06,773578
0,3041,1.14834e+07,-9.13407e+06,643618
0,3042,-4.32782e+06,-1.08001e+07,1.02444e+06
0,3043,-8.77398e+06,-1.97501e+06,341212
0,3044,-183672,1.24307e+07,215673
0,3045,-1.31819e+07,2.07558e+06,783671
0,3046,9.15888e+06,-3.7022e+06,67035.7
0,3047,1.15136e+07,2.30453e+06,-775465
0,3048,-1.05693e+07,5.81519e+06,19696.7
0,3049,3.78475e+06,-6.46531e+06,426743
0,3050,-5.62002e+06,-6.33108e+06,539678
0,3051,-4.49551e+06,1.12564e+07,378565
0,3052,-3.61225e+06,7.88382e+06,-451228
0,3053,8.87021e+06,7.1807e+06,991507
0,3054,1.86674e+06,9.48617e+06,-6671.36
0,3055,-8.98968e+06,-2.01048e+06,-279185
0,3056,-810229,8.01508e+06,-99189.8
0,3057,943785,-7.17842e+06,176442
0,3058,-1.13164e+07,-3.3749e+06,213324
0,3059,1.43969e+07,781160,-1.30754e+06
0,3060,4.22193e+06,7.39418e+06,-543638
0,3061,-1.19202e+07,3.09602e+06,1.21525e+06
0,3062,-3.27859e+06,8.13819e+06,852391
0,3063,-1.34092e+07,2.56998e+06,149091
0,3064,-1.36244e+07,1.63056e+06,-807700
0,3065,-1.32124e+07,-3.20152e+06,-944878
0,3066,-9.41887e+06,5.70776e+06,831634
0,3067,5.67525e+06,-5.65034e+06,19558.2
0,3068,5.36727e+06,8.705e+06,410960
0,3069,-1.02068e+07,1.01511e+07,-744651
0,3070,3.26267e+06,-1.0905e+07,-1.13341e+06
0,3071,-9.89237e+06,-6.86849e+06,-438194
0,3072,195992,1.05917e+07,614873
0,3073,-1.18182e+07,-2.46969e+06,-259557
0,3074,4.12322e+06,-8.37017e+06,-90682.3
0,3075,-1.0916e+07,-1.44287e+06,-113710
0,3076,6.5572e+06,6.19319e+06,-725763
0,3077,2.14823e+06,1.28296e+07,-1.15903e+06
0,3078,7.579e+06,1.10216e+07,334859
0,3079,6.79569e+06,6.93243e+06,-166055
0,3080,3.85993e+06,-5.98108e+06,19216.9
0,3081,655946,8.08628e+06,-84416.8
0,3082,-999118,8.45191e+06,58530.3
0,3083,-1.11366e+07,7.88953e+06,592628
0,3084,2.93428e+06,1.36758e+07,860424
0,3085,-8.09449e+06,1.01682e+07,1.27651e+06
0,3086,-280820,9.08275e+06,495298
0,3087,-5.08813e+06,9.13406e+06,-672883
0,3088,2.97399e+06,-1.278e+07,174694
0,3089,-6.08299e+06,1.33114e+07,-821563
0,3090,660532,-1.23833e+07,-682974
0,3091,2.81934e+06,-7.03439e+06,724413
0,3092,-2.11301e+06,1.19115e+07,1.20566e+06
0,3093,-1.40659e+07,-1.19068e+06,919758
0,3094,1.23806e+07,-5.37022e+06,921591
0,3095,-9.39126e+06,-7.70758e+06,-79317.5
0,3096,3.35763e+06,-1.14781e+07,1.12515e+06
0,3097,-9.6055e+06,-4.79911e+06,-118537
0,3098,-8.41379e+06,-8.95911e+06,-1.1889e+06
0,3099,9.57665e+06,5.95756e+06,-1.07154e+06
0,3100,-729181,1.33028e+07,-424728
0,3101,3.20895e+06,6.78114e+06,398893
0,3102,8.01476e+06,-7.45501e+06,-224988
0,3103,-5.2664e+06,7.47187e+06,389238
0,3104,9.43041e+06,-6.47204e+06,233747
0,3105,2.434e+06,-1.06251e+07,978268
0,3106,1294.18,9.84411e+06,228853
0,3107,1.09657e+07,-740223,-82735.4
0,3108,7.50129e+06,-1.06657e+06,521474
0,3109,6.95756e+06,-4.74529e+06,-268463
0,3110,8.33704e+06,-5.55233e+06,60332.5
0,3111,-5.51085e+06,5.92834e+06,359773
0,3112,-7.0712e+06,-4.51011e+06,327722
0,3113,-3.35148e+06,-9.12612e+06,748531
0,3114,-7.98377e+06,7.21902e+06,-536129
0,3115,8.6175e+06,-8.09949e+06,-414894
0,3116,-8.4721e+06,5.62449e+06,123688
0,3117,3.87188e+06,-7.92459e+06,-360754
0,3118,-1.2597e+07,-1.05406e+06,217188
0,3119,-784375,-8.38391e+06,-525074
0,3120,-7.56141e+06,-2.29101e+06,330919
0,3121,6.69252e+06,3.12635e+06,447709
0,3122,391850,1.3463e+07,310449
0,3123,-7.06439e+06,-7.79205e+06,764673
0,3124,1.34335e+06,-7.5198e+06,-10649.9
0,3125,-6.50689e+06,-9.44803e+06,971975
0,3126,7.30978e+06,1.37695e+06,-479301
0,3127,-3.23562e+06,-1.45318e+07,341408
0,3128,5.34339e+06,-5.06415e+06,461098
0,3129,-6.52432e+06,1.03952e+07,-1.05684e+06
0,3130,-2.19012e+06,-1.13934e+07,-943597
0,3131,-2.73581e+06,1.17387e+07,637596
0,3132,7.79234e+06,8.20662e+06,60023.5
0,3133,4.29213e+06,9.18922e+06,693823
0,3134,-2.69137e+06,6.52101e+06,-689874
0,3135,-2.26313e+06,7.39883e+06,-691572
0,3136,1.00515e+07,6.11117e+06,474828
0,3137,6.90389e+06,2.70669e+06,-288868
0,3138,-8.92084e+06,-1.09861e+07,765319
0,3139,4.08743e+06,-6.98507e+06,-798702
0,3140,-6.48312e+06,-5.80428e+06,-217160
0,3141,1.45306e+07,2.80924e+06,1.48073e+06
0,3142,-1.11372e+07,-4.31136e+06,-1.05484e+06
0,3143,8.17602e+06,-4.18034e+06,-267760
0,3144,1.22794e+07,-33164.1,-582310
0,3145,-3.81931e+06,-1.09347e+07,-778061
0,3146,-7.88256e+06,2.21277e+06,-187009
0,3147,1.14667e+07,5.35882e+06,1.19882e+06
0,3148,-5.71583e+06,-4.23479e+06,89114
0,3149,4.6965e+06,6.55509e+06,472564
0,3150,-2.90922e+06,1.3796e+07,-174943
0,3151,8.82717e+06,4.33471e+06,340796
0,3152,-4.58068e+06,1.27376e+07,1.33129e+06
0,3153,-3.99704e+06,-6.47156e+06,-78762.6
0,3154,-1.01904e+07,2.77139e+06,-510085
0,3155,-2.25276e+06,-1.25113e+07,-553603
0,3156,-5.57843e+06,1.24784e+07,615757
0,3157,3.88663e+06,6.9496e+06,-293482
0,3158,-7.16623e+06,-9.30976e+06,-243566
0,3159,-5.34498e+06,5.42717e+06,287716
0,3160,6.57737e+06,1.04032e+07,-1.21558e+06
0,3161,1.01828e+07,8.04678e+06,-1.08662e+06
0,3162,-6.40445e+06,2.87855e+06,4583.57
0,3163,-3.4562e+06,1.15861e+07,509133
0,3164,4.1217e+06,-7.26619e+06,120049
0,3165,2.9022e+06,1.12608e+07,-992924
0,3166,-7.98191e+06,-7.09989e+06,-867093
0,3167,1.44939e+07,-1.78741e+06,132771
0,3168,6.22972e+06,1.31321e+07,-1.38374e+06
0,3169,-6.20919e+06,-3.81432e+06,-640521
0,3170,9.20092e+06,1.14095e+07,-572734
0,3171,2.64135e+06,1.33025e+07,-697798
0,3172,-1.98314e+06,1.19557e+07,-685586
0,3173,-8.97907e+06,521595,840876
0,3174,-2.95091e+06,1.33301e+07,-373161
0,3175,1.06003e+07,-1.40547e+06,-701637
0,3176,-1.25926e+06,-9.73636e+06,913572
0,3177,1.1593e+06,8.15097e+06,-452125
0,3178,-5.67987e+06,-4.36482e+06,244654
0,3179,1.0611e+07,5.10777e+06,-1.0171e+06
0,3180,-2.17795e+06,8.39079e+06,497345
0,3181,7.9559e+06,2.26949e+06,-175440
0,3182,-9.82439e+06,3.12381e+06,674976
0,3183,-2.21329e+06,-7.45849e+06,-252244
0,3184,8.63275e+06,-3.88791e+06,-476695
0,3185,-1.91444e+06,1.19883e+07,17345.7
0,3186,9.7674e+06,-8.96782e+06,899592
0,3187,80807,1.16511e+07,375849
0,3188,1.26493e+07,856679,-154149
0,3189,-1.37073e+07,892658,-518447
0,3190,7.77283e+06,1.15842e+07,-819978
0,3191,-7.49833e+06,9.9858e+06,532338
0,3192,-124451,8.24122e+06,-566885
0,3193,-1.2112e+07,8.18011e+06,-475992
0,3194,4.05009e+06,5.84703e+06,-112197
0,3195,-7.53005e+06,-516163,-67908
0,3196,-7.04803e+06,-1.10858e+07,-142019
0,3197,-1.26661e+06,-8.69795e+06,365619
0,3198,7.05097e+06,-4.17669e+06,-715767
0,3199,2.83742e+06,6.85104e+06,608622
0,3200,2.6372e+06,-1.08269e+07,-607153
0,3201,-6.86089e+06,8.46767e+06,715581
0,3202,269623,7.15844e+06,-498560
0,3203,-1.35846e+07,2.80386e+06,-265745
0,3204,1.04069e+07,-1.84887e+06,741670
0,3205,-3.18132e+06,1.22151e+07,-846543
0,3206,-1.27152e+07,6.66767e+06,-635713
0,3207,9.36511e+06,-5.30771e+06,-243177
0,3208,3.76244e+06,-1.0867e+07,-167606
0,3209,8.82639e+06,-297002,808680
0,3210,-5.1819e+06,-1.27214e+07,-563872
0,3211,-2.28864e+06,1.40968e+07,860235
0,3212,-1.14208e+07,-8.63826e+06,869001
0,3213,4.65374e+06,1.2487e+07,447722
0,3214,-7.72032e+06,-388287,-522984
0,3215,5.12662e+06,-8.91253e+06,1.00497e+06
0,3216,-9.35064e+06,-1.90969e+06,21564.9
0,3217,-1.44921e+07,1.95668e+06,582638
0,3218,-1.00313e+07,1.02303e+07,1.1548e+06
0,3219,1.29887e+07,-6.04031e+06,-658113
0,3220,7.00458e+06,-7.41292e+06,-287352
0,3221,8.66325e+06,7.94618e+06,-1.046e+06
0,3222,-9.05092e+06,-4.90292e+06,-220936
0,3223,-1.15612e+07,-1.10492e+06,431554
0,3224,-1.0842e+07,5.58272e+06,-182949
0,3225,-8.09632e+06,-682040,141680
0,3226,-4.95181e+06,9.59935e+06,479132
0,3227,6.49941e+06,-3.86622e+06,-727247
0,3228,-1.42886e+07,3.43874e+06,-256716
0,3229,9.02385e+06,578431,-407562
0,3230,-4.21846e+06,-6.64397e+06,-284902
0,3231,3.49652e+06,1.26199e+07,1.05049e+06
0,3232,8.40645e+06,7.37299e+06,-221772
0,3233,2.68407e+06,8.22732e+06,11024.8
0,3234,1.05185e+07,-6.51953e+06,5351.04
0,3235,1.37128e+07,-5.2614e+06,1.07428e+06
0,3236,6.94756e+06,8.50545e+06,-620271
0,3237,-1.07146e+07,5.73097e+06,-859772
0,3238,1.07546e+07,1.18867e+06,506524
0,3239,-5.21129e+06,-5.49842e+06,444456
0,3240,-7.99265e+06,-947405,449688
0,3241,4.71847e+06,7.75801e+06,-296449
0,3242,-1.01514e+07,-5.20152e+06,-843610
0,3243,-1.22511e+06,1.05648e+07,728665
0,3244,5.03443e+06,-8.06533e+06,-135845
0,3245,-1.27829e+07,-814680,312503
0,3246,1.16615e+06,-1.00946e+07,-152052
0,3247,-1.057e+07,-1.1851e+06,706909
0,3248,-7.16307e+06,9.95953e+06,418055
0,3249,1.09937e+07,-5.08118e+06,828275
0,3250,-6.61768e+06,1.02022e+07,680670
0,3251,1.15378e+07,-1.06502e+06,-585621
0,3252,6.90681e+06,3.25235e+06,213861
0,3253,1.44982e+07,181237,655149
0,3254,-1.35371e+06,-1.21764e+07,-354396
0,3255,1.30138e+07,3.76054e+06,692631
0,3256,-9.02214e+06,1.31569e+06,589149
0,3257,3.62277e+06,8.41843e+06,332487
0,3258,-1.12072e+07,-1.02303e+06,-547887
0,3259,-6.1374e+06,3.87162e+06,-572183
0,3260,1.37694e+07,3.65639e+06,-194760
0,3261,6.11374e+06,4.19439e+06,235654
0,3262,1.18548e+07,2.50379e+06,-1.21292e+06
0,3263,629642,-7.60343e+06,129067
0,3264,-7.27853e+06,537961,309680
0,3265,1.27649e+07,-5.61003e+06,-481401
0,3266,655538,8.04768e+06,446434
0,3267,-1.44339e+07,3.08861e+06,-574914
0,3268,-3.52434e+06,9.80711e+06,-507938
0,3269,1.16785e+07,1.16431e+06,-564835
0,3270,1.19995e+07,2.45643e+06,-1.02339e+06
0,3271,6.71999e+06,-6.47814e+06,494956
0,3272,-7.16947e+06,-84613.2,-323316
0,3273,-2.15568e+06,-1.19644e+07,883822
0,3274,1.07473e+07,-368843,1.0355e+06
0,3275,-1.25254e+07,-6.37504e+06,-286732
0,3276,9.87341e+06,759994,-497183
0,3277,-1.01031e+07,-7.70563e+06,1.06069e+06
0,3278,4.13586e+06,6.12163e+06,427852
0,3279,7.22327e+06,6.65178e+06,978192
0,3280,-1.11508e+07,7.19434e+06,859376
0,3281,3.09233e+06,-1.2029e+07,784018
0,3282,-5.466e+06,-5.33856e+06,-756136
0,3283,6.05459e+06,-4.16273e+06,40505.5
0,3284,6.77977e+06,-1.08984e+07,1.15722e+06
0,3285,-1.38713e+07,1.45448e+06,-457719
0,3286,-6.67448e+06,4.82014e+06,-219884
0,3287,-5.77877e+06,-9.85477e+06,1.09624e+06
0,3288,-7.93257e+06,-1.00712e+07,-422980
0,3289,-1.73103e+06,7.05633e+06,390459
0,3290,-2.02708e+06,-8.39995e+06,137888
0,3291,-618043,8.35202e+06,-6191.35
0,3292,1.85112e+06,-1.01685e+07,484899
0,3293,5.09192e+06,-1.04179e+07,145347
0,3294,3.00116e+06,1.4392e+07,630003
0,3295,-1.80519e+06,9.77391e+06,-636206
0,3296,2.44814e+06,1.11335e+07,-683991
0,3297,4.76643e+06,-1.41232e+07,740765
0,3298,1.30984e+07,-2.58508e+06,195678
0,3299,5.67671e+06,-6.66078e+06,425192
0,3300,-1.0172e+07,1.69864e+06,-183067
0,3301,-7.9757e+06,1.19625e+07,1.33658e+06
0,3302,-9.73757e+06,-1.04455e+07,227996
0,3303,9.86651e+06,1.14828e+06,-741142
0,3304,-1.27956e+07,2.30717e+06,-912046
0,3305,8.62575e+06,-2.92588e+06,-242100
0,3306,-4.80498e+06,1.34271e+07,123275
0,3307,-7.09257e+06,-988557,196181
0,3308,-7.79854e+06,-4.22733e+06,261169
0,3309,2.0675e+06,-1.23138e+07,-471355
0,3310,1.14293e+07,-1.32288e+06,918122
0,3311,-1.10216e+07,9.57097e+06,838593
0,3312,1.03547e+07,5.93316e+06,774366
0,3313,3.89804e+06,1.17429e+07,-1.04243e+06
0,3314,1.20045e+07,6.49821e+06,-1.11813e+06
0,3315,6.87207e+06,7.78424e+06,861044
0,3316,-9.72398e+06,-4.51926e+06,920353
0,3317,-6.80418e+06,8.92425e+06,667737
0,3318,-4.39817e+06,9.57003e+06,470536
0,3319,3.46495e+06,-1.28942e+07,1.27945e+06
0,3320,1.66177e+06,-1.31548e+07,949625
0,3321,-4.54541e+06,5.31502e+06,332590
0,3322,5.17628e+06,1.05914e+07,-462983
0,3323,-8.80516e+06,-4.0046e+06,642454
0,3324,13626.5,-1.44259e+07,991031
0,3325,-8.2836e+06,6.8646e+06,-230890
0,3326,8.4698e+06,8.39709e+06,189638
0,3327,-1.13797e+07,4.58991e+06,1.11517e+06
0,3328,2.21774e+06,1.16565e+07,-49322.6
0,3329,-5.52107e+06,1.10577e+07,-1.04153e+06
0,3330,1.1049e+07,-3.74807e+06,-34834.4
0,3331,7.2416e+06,-1.22304e+07,-1.00396e+06
0,3332,-1.16261e+07,4.98461e+06,-632381
0,3333,-569192,-1.24569e+07,-799425
0,3334,108080,-1.42614e+07,1.23925e+06
0,3335,8.85149e+06,-3.54044e+06,-250750
0,3336,611735,-7.40037e+06,302401
0,3337,-1.17085e+07,738655,-1.10092e+06
0,3338,-1.0398e+07,5.98199e+06,144460
0,3339,1.01973e+07,-2.20209e+06,217251
0,3340,1.19686e+07,-5.05344e+06,238033
0,3341,6.92514e+06,1.5233e+06,287101
0,3342,-8.09042e+06,-4.41426e+06,-549431
0,3343,-9.11651e+06,-272517,870119
0,3344,1.09388e+07,-4.63396e+06,1.09455e+06
0,3345,-3.25163e+06,8.018e+06,467663
0,3346,-1.37647e+07,-1.67637e+06,1.37231e+06
0,3347,-2.18093e+06,6.74668e+06,174689
0,3348,7.98803e+06,7.19486e+06,-284339
0,3349,-4.47561e+06,-5.61613e+06,565249
0,3350,-4.3838e+06,-1.33788e+07,-96383.5
0,3351,7.229e+06,8.41094e+06,-352763
0,3352,3.67134e+06,-7.63585e+06,704425
0,3353,-1.56259e+06,-1.11541e+07,-854324
0,3354,-3.46331e+06,-1.13512e+07,-112111
0,3355,6.41665e+06,-6.21869e+06,434450
0,3356,5.89272e+06,-1.28433e+07,1.39032e+06
0,3357,7.2929e+06,4.42981e+06,-278265
0,3358,-7.94353e+06,-1.16976e+06,213673
0,3359,-678206,1.15676e+07,949564
0,3360,-4.14344e+06,5.84238e+06,313908
0,3361,-1.13028e+07,6.57128e+06,-1.26715e+06
0,3362,1.09819e+07,4.60326e+06,-935821
0,3363,-4.6718e+06,1.12661e+07,-370810
0,3364,1.075e+07,-1.4496e+06,1.01268e+06
0,3365,-1.0098e+06,1.02725e+07,-407742
0,3366,-8.95971e+06,-1.84729e+06,195544
0,3367,-9.12549e+06,5.94662e+06,-629640
0,3368,-5.88738e+06,9.1253e+06,90344.7
0,3369,-8.29501e+06,-9.21855e+06,-93034.8
0,3370,-2.4818e+06,1.11231e+07,-1.0877e+06
0,3371,-199311,1.19917e+07,405417
0,3372,1.11631e+07,-6.50792e+06,1.18726e+06
0,3373,7.06697e+06,-420422,259250
0,3374,1.20606e+07,1.16212e+06,876903
0,3375,4.2442e+06,-6.92913e+06,-789746
0,3376,-1.11432e+07,4.83238e+06,-727762
0,3377,-7.2927e+06,2.87296e+06,-591640
0,3378,-7.67023e+06,-7.69975e+06,712636
0,3379,1.139e+07,4.95207e+06,-478573
0,3380,7.99083e+06,-4.71597e+06,683739
0,3381,8.9515e+06,4.29891e+06,784342
0,3382,8.61125e+06,-1.11295e+07,972739
0,3383,4.76852e+06,9.73697e+06,-48814.9
0,3384,-1.09349e+07,686631,84963.7
0,3385,-6.04956e+06,6.745e+06,-119267
0,3386,-7.72153e+06,2.21685e+06,499471
0,3387,-1.15775e+07,7.18234e+06,51250.6
0,3388,-3.31603e+06,-6.46731e+06,-138679
0,3389,7.41136e+06,-7.52726e+06,-80634.1
0,3390,1.00321e+06,7.09892e+06,-34957.6
0,3391,6.64927e+06,-7.98994e+06,87604.3
0,3392,-1.22855e+07,2.39201e+06,-151063
0,3393,-8.96043e+06,5.6067e+06,81566.7
0,3394,6.97557e+06,-5.68463e+06,-300509
0,3395,6.68479e+06,4.64731e+06,-794803
0,3396,3.94279e+06,9.55376e+06,-991817
0,3397,-4.73141e+06,-1.00653e+07,-923559
0,3398,-419605,-1.06287e+07,1.03677e+06
0,3399,393906,1.23197e+07,534180
0,3400,2.78865e+06,1.14188e+07,826778
0,3401,1.01147e+07,-2.4571e+06,464338
0,3402,-1.64266e+06,-1.20449e+07,-53252.6
0,3403,6.55834e+06,-8.87414e+06,399469
0,3404,1.09247e+07,-8.93564e+06,1.34909e+06
0,3405,-1.25723e+07,-187459,-840385
0,3406,-3.26778e+06,1.22011e+07,-548668
0,3407,6.2902e+06,-6.27111e+06,654849
0,3408,-1.18685e+07,2.02861e+06,414637
0,3409,-1.02342e+07,5.98224e+06,-285436
0,3410,-8.5181e+06,-5.34834e+06,297137
0,3411,1.03744e+07,-2.06131e+06,-882387
0,3412,-8.50286e+06,4.73176e+06,-943083
0,3413,-1.47858e+06,9.80884e+06,11975.6
0,3414,-1.43857e+06,-9.5839e+06,19251.7
0,3415,10128.9,-8.01229e+06,-643598
0,3416,1.24534e+07,-5.71884e+06,-486838
0,3417,3.83789e+06,-1.38353e+07,1.21594e+06
0,3418,1.10157e+06,1.22423e+07,971898
0,3419,1.94049e+06,8.23983e+06,-387872
0,3420,-9.3858e+06,-862795,402628
0,3421,1.21884e+07,7.57438e+06,1.30766e+06
0,3422,1.35443e+07,4.78585e+06,-401401
0,3423,-1.03005e+07,-8.70174e+06,753450
0,3424,-1.26961e+07,252099,-1.16846e+06
0,3425,1.11307e+07,3.51219e+06,242167
0,3426,-1.14774e+07,-6.79325e+06,1.33015e+06
0,3427,-72275.8,-1.06407e+07,355995
0,3428,-3.40731e+06,-1.45029e+07,-1.00255e+06
0,3429,-7.20079e+06,-1.26861e+07,-1.28895e+06
0,3430,9.10307e+06,-8.21094e+06,188908
0,3431,4.23609e+06,-8.85543e+06,555245
0,3432,6.40635e+06,9.3563e+06,-565199
0,3433,4.45574e+06,-1.2101e+07,-569658
0,3434,8.77323e+06,4.66167e+06,424399
0,3435,6.69502e+06,2.02347e+06,-695615
0,3436,-1.05547e+07,6.02362e+06,-492335
0,3437,5.02362e+06,1.33865e+07,-316417
0,3438,-1.30273e+07,6.41615e+06,158855
0,3439,1.91516e+06,-7.39791e+06,-118062
0,3440,-325222,1.33986e+07,-207813
0,3441,1.30638e+07,-2.15809e+06,-1.16921e+06
0,3442,-4.23211e+06,1.28184e+07,137001
0,3443,-7.04417e+06,-6.09767e+06,-272494
0,3444,9.37059e+06,2.2836e+06,-682135
0,3445,1.43133e+07,-149649,803922
0,3446,-7.5975e+06,5.33552e+06,445043
0,3447,-1.41453e+07,4.05881e+06,971263
0,3448,1.0353e+07,-1.05461e+07,-807266
0,3449,-7.05575e+06,343807,44307.9
0,3450,-1.86505e+06,8.39318e+06,456380
0,3451,-4.42426e+06,9.80784e+06,263933
0,3452,1.48795e+06,-1.21022e+07,-838486
0,3453,-1.04453e+07,-7.53861e+06,-1.14282e+06
0,3454,-9.80801e+06,8.85205e+06,-448372
0,3455,-6.01581e+06,8.70211e+06,-342277
0,3456,9.50437e+06,9.45313e+06,1.26542e+06
0,3457,4.6616e+06,1.04125e+07,-842974
0,3458,-7.83282e+06,-8.6713e+06,-1.04739e+06
0,3459,2.51641e+06,-8.54493e+06,-804544
0,3460,-7.5455e+06,-1.16016e+07,-181521
0,3461,9.6788e+06,1.18278e+06,635117
0,3462,-2.98162e+06,7.57534e+06,112527
0,3463,-8.94946e+06,154144,554480
0,3464,1.01931e+07,-3.3781e+06,747518
0,3465,-7.8201e+06,5.67654e+06,-148193
0,3466,-2.74534e+06,1.16371e+07,1.12543e+06
0,3467,-9.57571e+06,7.00513e+06,344190
0,3468,4.20484e+06,-9.25158e+06,137893
0,3469,3.24273e+06,6.55835e+06,535026
0,3470,1.09096e+07,-3.51256e+06,-982504
0,3471,3.24547e+06,8.78097e+06,100810
0,3472,5.52891e+06,8.40235e+06,287245
0,3473,-1.75358e+06,1.11533e+07,-45677.7
0,3474,3.5877e+06,1.24481e+07,-536879
0,3475,-194047,-9.74345e+06,677266
0,3476,-2.88805e+06,9.55378e+06,778971
0,3477,-7.1556e+06,-1.30955e+07,1.46709e+06
0,3478,-1.26786e+06,-1.2211e+07,-273432
0,3479,6.4398e+06,8.21969e+06,674966
0,3480,-1.03077e+07,-1.01147e+07,-451738
0,3481,-788747,8.18437e+06,-402538
0,3482,1.11614e+07,-4.00924e+06,-1.07439e+06
0,3483,-5.6553e+06,-4.12803e+06,-302574
0,3484,-6.55123e+06,1.24088e+07,-590427
0,3485,5.61256e+06,7.23262e+06,149293
0,3486,-7.43021e+06,3.79983e+06,-65142.5
0,3487,7.12318e+06,762541,28960.4
0,3488,1.17247e+07,-4.45451e+06,-806030
0,3489,7.40777e+06,2.52237e+06,-100106
0,3490,6.45768e+06,-1.00872e+07,437709
0,3491,-8.39134e+06,2.04833e+06,710487
0,3492,-9.57327e+06,69931.8,880487
0,3493,-177039,-1.28607e+07,-637611
0,3494,8.96214e+06,5.10729e+06,219801
0,3495,4.02232e+06,-6.69963e+06,492256
0,3496,7.08259e+06,8.69965e+06,-1.06763e+06
0,3497,-1.07998e+07,-7.8678e+06,564013
0,3498,-9.40184e+06,-567355,466003
0,3499,-8.58379e+06,-6.35888e+06,619701
0,3500,7.98121e+06,3.51661e+06,55511.1
0,3501,785031,-7.44855e+06,328581
0,3502,-8.95018e+06,-1.07668e+07,-1.21498e+06
0,3503,3.21218e+06,-8.41285e+06,-600397
0,3504,2.38302e+06,-1.23528e+07,-427623
0,3505,-8.92793e+06,-3.3999e+06,691505
0,3506,8.20004e+06,-3.16465e+06,174264
0,3507,1.25932e+07,7.95516e+06,-1.11457e+06
0,3508,8.99038e+06,-1.0221e+07,-148493
0,3509,8.52754e+06,-9.35655e+06,-1.15999e+06
0,3510,7.02003e+06,-9.2211e+06,-236093
0,3511,2.67277e+06,-9.0266e+06,-309292
0,3512,6.8007e+06,-1.75782e+06,129433
0,3513,6.15885e+06,-1.20191e+07,-1.17409e+06
0,3514,-3.13914e+06,7.74988e+06,-299973
0,3515,-8.7736e+06,-8.5781e+06,-13277
0,3516,-6.41279e+06,5.86416e+06,75766.3
0,3517,7.47914e+06,7.70651e+06,321217
0,3518,-5.46975e+06,5.2444e+06,318496
0,3519,-6.47234e+06,-3.05304e+06,-236929
0,3520,2.57e+06,6.55755e+06,622748
0,3521,1.11675e+07,-188605,55436.4
0,3522,-8.82703e+06,7.12419e+06,-431161
0,3523,-4.99686e+06,7.49993e+06,-72366.6
0,3524,1.33378e+06,8.42207e+06,-389880
0,3525,-6.05414e+06,-8.66103e+06,753970
0,3526,3.75327e+06,8.50279e+06,-225250
0,3527,1.41186e+07,881183,503442
0,3528,5.7272e+06,9.16858e+06,-387129
0,3529,6.33662e+06,-6.10567e+06,-31901.3
0,3530,-9.56136e+06,-6.39035e+06,321210
0,3531,1.08887e+07,1.23407e+06,-362369
0,3532,-3.57954e+06,-7.64081e+06,-750046
0,3533,2.8012e+06,1.11166e+07,1.03189e+06
0,3534,-4.3985e+06,8.58887e+06,819060
0,3535,1.00145e+07,-2.37379e+06,-982415
0,3536,-4.7296e+06,-8.14881e+06,738027
0,3537,8.20269e+06,-3.82255e+06,170373
0,3538,-1.06929e+07,8.05246e+06,-771395
0,3539,1.30494e+07,-5.82359e+06,-6930.19
0,3540,5.43439e+06,4.493e+06,102994
0,3541,-5.73397e+06,4.32907e+06,-282690
0,3542,1.19454e+07,4.3557e+06,-28655.9
0,3543,-8.60885e+06,-7.82072e+06,-220645
0,3544,-3.86769e+06,-8.58078e+06,655331
0,3545,1.14158e+07,-5.1826e+06,545114
0,3546,6.46439e+06,1.14115e+07,-211070
0,3547,-436153,1.08715e+07,62104.9
0,3548,-3.56282e+06,-8.61881e+06,-55419.6
0,3549,1.06123e+07,-1.08841e+06,-229515
0,3550,-4.1287e+06,8.96226e+06,780663
0,3551,-8.85577e+06,-6.44278e+06,-700051
0,3552,-1.75128e+06,1.11791e+07,522324
0,3553,-2.98729e+06,-1.33147e+07,628815
0,3554,-2.61095e+06,-1.0787e+07,-171625
0,3555,-696342,1.21468e+07,-1.04952e+06
0,3556,-1.00016e+07,2.44279e+06,-501982
0,3557,1.14566e+07,5.71284e+06,-710602
0,3558,-1.19801e+07,4.98948e+06,533116
0,3559,1.09906e+07,-3.51057e+06,225696
0,3560,-4.2829e+06,5.66379e+06,-507775
0,3561,1.14244e+07,8.75528e+06,-323312
0,3562,5.03165e+06,-7.22245e+06,-337177
0,3563,1.44564e+07,3.58345e+06,-1.10933e+06
0,3564,3.292e+06,-8.13076e+06,665336
0,3565,7.40434e+06,1.53884e+06,370190
0,3566,5.38047e+06,5.96088e+06,-769425
0,3567,-639846,7.34266e+06,-642847
0,3568,4.94776e+06,-8.62689e+06,-345589
0,3569,1.0646e+07,7.13562e+06,408654
0,3570,-8298.79,-9.50876e+06,-692981
0,3571,655660,1.41618e+07,-416531
0,3572,-1.28547e+07,-6.91408e+06,-391939
0,3573,-6.93957e+06,1.27872e+07,-1.18143e+06
0,3574,-1.6765e+06,1.48435e+07,1.05114e+06
0,3575,-966135,-8.26797e+06,40704.8
0,3576,-1.39718e+07,-4.82151e+06,-1.40832e+06
0,3577,7.21523e+06,9.34961e+06,705989
0,3578,-1.37435e+07,1.54744e+06,784248
0,3579,-8.14929e+06,398963,-173089
0,3580,1.14131e+07,3.28122e+06,599321
0,3581,-4.20622e+06,-6.3271e+06,-733991
0,3582,6.2174e+06,1.21575e+07,42323.9
0,3583,-1.54737e+06,-8.95341e+06,-324784
0,3584,-2.78335e+06,1.24738e+07,645899
0,3585,-1.51256e+06,7.08519e+06,-1980
0,3586,2.86161e+06,6.75127e+06,638875
0,3587,-947102,-1.47661e+07,-733915
0,3588,-5.51059e+06,-7.18841e+06,-694079
0,3589,2.28213e+06,1.43332e+07,1.45516e+06
0,3590,1.47077e+06,-1.0812e+07,-1.08999e+06
0,3591,-1.7729e+06,1.39901e+07,473827
0,3592,6.90381e+06,1.15429e+07,-154656
0,3593,-4.172e+06,1.01247e+07,-39957.2
0,3594,-6.11718e+06,7.31398e+06,323035
0,3595,1.33117e+06,1.19487e+07,957778
0,3596,-1.38781e+07,-798278,-185588
0,3597,-2.64908e+06,-9.65202e+06,343774
0,3598,-4.04841e+06,-7.54095e+06,-424132
0,3599,-2.23474e+06,-6.78703e+06,206982
0,3600,-1.01112e+07,-1.65248e+06,918733
0,3601,-6.40433e+06,-9.81174e+06,-1.02452e+06
0,3602,-2.62731e+06,7.90239e+06,65589.2
0,3603,-5.72134e+06,1.19037e+07,-379464
0,3604,-267618,9.0088e+06,811282
0,3605,6.7239e+06,1.00258e+07,536938
0,3606,-6.37983e+06,-1.10299e+07,-932545
0,3607,8.02019e+06,6.37204e+06,649520
0,3608,-1.22226e+07,-559328,-384278
0,3609,6.61475e+06,5.23672e+06,794102
0,3610,7.95939e+06,3.15142e+06,792680
0,3611,3.28383e+06,-1.08585e+07,-1.03801e+06
0,3612,-9.24544e+06,6.87007e+06,627143
0,3613,-5.95073e+06,4.21856e+06,436830
0,3614,-1.05971e+07,-3.45235e+06,-899893
0,3615,-3.55956e+06,-7.22439e+06,282070
0,3616,-3.50717e+06,-1.44122e+07,-20043.6
0,3617,1.09747e+07,8.46155e+06,-140536
0,3618,7.3447e+06,5.67868e+06,489722
0,3619,-1.03848e+07,-3.87606e+06,-196761
0,3620,7.95905e+06,7.11598e+06,369372
0,3621,4.25813e+06,-9.53247e+06,-634951
0,3622,-5.24516e+06,-6.84022e+06,597447
0,3623,-1.54141e+06,-1.06125e+07,1.07453e+06
0,3624,-525083,-1.48957e+07,714754
0,3625,4.50551e+06,-7.76717e+06,-170444
0,3626,1.28105e+07,7.19901e+06,-188572
0,3627,-9.46112e+06,6.40907e+06,-662214
0,3628,442216,-1.17307e+07,340147
0,3629,-1.01552e+06,-8.80675e+06,-431365
0,3630,-3.04642e+06,-7.80867e+06,575542
0,3631,-1.06324e+07,-2.13095e+06,-428018
0,3632,7.36527e+06,8.05062e+06,997519
0,3633,-6.601e+06,-1.16642e+07,102382
0,3634,-1.33196e+07,433455,-533421
0,3635,-4.94585e+06,-6.60619e+06,710512
0,3636,3.49626e+06,7.44848e+06,-109267
0,3637,-3.66713e+06,1.29289e+07,-661963
0,3638,-1.16152e+07,-2.64937e+06,-1.05057e+06
0,3639,-4.75927e+06,-5.99153e+06,-53373.9
0,3640,-6.37543e+06,-1.32422e+07,-1.44471e+06
0,3641,-9.29254e+06,5.53213e+06,-852406
0,3642,4.87179e+06,-1.35134e+07,-776202
0,3643,8.85672e+06,1.81296e+06,-367753
0,3644,-1.02199e+07,5.54147e+06,1.09429e+06
0,3645,-6.23295e+06,-4.04329e+06,533327
0,3646,1.08296e+07,207683,-557665
0,3647,9.34168e+06,-2.02031e+06,788901
0,3648,6.68884e+06,-1.2963e+07,-432928
0,3649,1.4147e+07,-1.62994e+06,-427143
0,3650,-8.67366e+06,-2.64051e+06,-568039
0,3651,6.82216e+06,-2.4081e+06,617513
0,3652,-6.93368e+06,4.53133e+06,549200
0,3653,-9.6913e+06,7.53087e+06,599836
0,3654,1.26764e+07,-6.33724e+06,-343461
0,3655,7.1415e+06,-4.34735e+06,-682812
0,3656,8.10505e+06,9.86868e+06,-282561
0,3657,5.55746e+06,8.61939e+06,869049
0,3658,5.504e+06,-4.32613e+06,538470
0,3659,-2.69203e+06,-9.13568e+06,-471236
0,3660,-1.21065e+07,-4.89805e+06,-522079
0,3661,-3.74398e+06,-9.45388e+06,827681
0,3662,-7.2386e+06,-3.49012e+06,-396130
0,3663,1.21151e+07,5.72904e+06,506696
0,3664,-6.88628e+06,-4.77644e+06,563511
0,3665,246643,-1.30382e+07,46542.8
0,3666,-1.19715e+07,-7.40518e+06,1.1782e+06
0,3667,-1.13465e+07,-431420,-631166
0,3668,7.18357e+06,8.75804e+06,839045
0,3669,1.23562e+07,-488712,-1.01106e+06
0,3670,6.39947e+06,-6.21887e+06,-186966
0,3671,6.87825e+06,-8.23587e+06,46834.3
0,3672,6.6302e+06,-5.33523e+06,-800504
0,3673,1.34465e+07,4.42327e+06,469704
0,3674,-2.04152e+06,-7.25895e+06,-704866
0,3675,-1.33831e+07,2.90273e+06,-1.11593e+06
0,3676,-1.26022e+07,843682,-781683
0,3677,-6.18276e+06,3.49238e+06,-589834
0,3678,-849396,7.70404e+06,202275
0,3679,1.01526e+07,4.70535e+06,1.05143e+06
0,3680,-819681,1.40332e+07,-1.06379e+06
0,3681,-1.40992e+07,3.50705e+06,-548967
0,3682,1.55819e+06,-1.07869e+07,-723905
0,3683,-40164.4,-1.31395e+07,103406
0,3684,9.39026e+06,1.02814e+07,265926
0,3685,-9.34821e+06,4.95832e+06,-524096
0,3686,7.7482e+06,6.26779e+06,-495517
0,3687,-1.66819e+06,-8.98479e+06,-827350
0,3688,2.16826e+06,1.19721e+07,-1.01987e+06
0,3689,1.49575e+06,9.28625e+06,97886.2
0,3690,9.59479e+06,-2.07537e+06,912719
0,3691,2.94079e+06,-1.00795e+07,-1.02536e+06
0,3692,-472410,-1.13544e+07,-644034
0,3693,4.16748e+06,6.22216e+06,-87102.3
0,3694,-8.10126e+06,7.51505e+06,-132666
0,3695,1.31298e+06,-1.06477e+07,-848785
0,3696,-4.93584e+06,-1.21737e+07,635398
0,3697,-1.26365e+07,2.35622e+06,-742775
0,3698,1.09016e+07,-2.94072e+06,199934
0,3699,6.56057e+06,2.5918e+06,697589
0,3700,7.25553e+06,2.16726e+06,-222653
0,3701,-6.17455e+06,1.33978e+07,-265909
0,3702,1.18957e+07,1.82192e+06,959397
0,3703,-1.08867e+07,2.29762e+06,804122
0,3704,-1.29389e+07,6.74889e+06,-957399
0,3705,-1.10641e+07,7.69063e+06,1.17672e+06
0,3706,1.09123e+07,9.6066e+06,1.33121e+06
0,3707,-6.0029e+06,-7.87638e+06,-924155
0,3708,-8.87737e+06,-1.09613e+07,405086
0,3709,-1.41953e+07,-750484,-254431
0,3710,-655081,-1.38574e+07,1.24908e+06
0,3711,-1.07324e+07,9.7801e+06,-153959
0,3712,-4.80957e+06,-7.65977e+06,-245092
0,3713,9.56601e+06,9.16769e+06,-1.01851e+06
0,3714,7.44696e+06,4.36741e+06,207290
0,3715,4.35747e+06,6.87577e+06,-793359
0,3716,5.05095e+06,-1.2224e+07,-895413
0,3717,-1.17928e+07,5.2256e+06,-672385
0,3718,5.18792e+06,1.0771e+07,614764
0,3719,7.11462e+06,-1.8606e+06,-631219
0,3720,9.4649e+06,-6.67207e+06,-1.13405e+06
0,3721,-6.46308e+06,8.8846e+06,176532
0,3722,8.07658e+06,3.49631e+06,221711
0,3723,-7.40559e+06,-7.18385e+06,-597970
0,3724,-8.98582e+06,-3.67493e+06,180813
0,3725,-1.87735e+06,9.78992e+06,-451472
0,3726,-3.83066e+06,7.45595e+06,-504492
0,3727,-1.09462e+07,-5.07908e+06,-283417
0,3728,740415,9.57782e+06,68126.5
0,3729,-5.62974e+06,-1.31823e+07,701251
0,3730,-8.12441e+06,1.0935e+07,-1.19401e+06
0,3731,4.4973e+06,1.11031e+07,165430
0,3732,2.71291e+06,-1.26176e+07,-511758
0,3733,-8.02439e+06,-7.63577e+06,708731
0,3734,1.29911e+07,-977855,-1.28587e+06
0,3735,-403682,1.04618e+07,-797449
0,3736,1.42619e+07,-177347,-912371
0,3737,-1.15033e+06,7.19977e+06,489033
0,3738,8.72247e+06,3.26548e+06,-835823
0,3739,9.47189e+06,-4.31833e+06,-445979
0,3740,8.34902e+06,6.23001e+06,-13390.8
0,3741,-1.67005e+06,1.24505e+07,-511024
0,3742,1.37012e+07,898847,374860
0,3743,-3.04293e+06,9.67898e+06,319896
0,3744,-1.27091e+07,-4.88972e+06,-1.2808e+06
0,3745,-1.04009e+07,2.4728e+06,93650.6
0,3746,1.2276e+07,1.50315e+06,4978.3
0,3747,-6.48067e+06,9.74099e+06,394118
0,3748,-3.61595e+06,8.00923e+06,815637
0,3749,-5.58003e+06,8.03529e+06,187227
0,3750,1.46831e+07,-1.56163e+06,235265
0,3751,5.69095e+06,-4.08966e+06,98452.1
0,3752,4.7434e+06,-8.71925e+06,-198879
0,3753,3.14722e+06,-6.55574e+06,66700.2
0,3754,-60815.1,9.70325e+06,182053
0,3755,-3.88233e+06,7.74231e+06,236561
0,3756,-1.37338e+07,-2.88472e+06,727885
0,3757,-6.70305e+06,-1.12407e+07,-665845
0,3758,-1.2781e+07,5.40383e+06,-1.26846e+06
0,3759,877034,-8.88047e+06,-770891
0,3760,-2.79265e+06,-7.66056e+06,641550
0,3761,2.07677e+06,1.1841e+07,-1.07661e+06
0,3762,1.13917e+07,3.50264e+06,268729
0,3763,7.27514e+06,-4.95905e+06,-43859.8
0,3764,5.30601e+06,-6.99643e+06,-432306
0,3765,4.77701e+06,-8.14892e+06,-361402
0,3766,-5.90823e+06,8.37718e+06,-788008
0,3767,-1.15677e+06,-7.21596e+06,212195
0,3768,-2.61255e+06,8.8445e+06,822968
0,3769,-1.46683e+07,2.46608e+06,900839
0,3770,-3.76769e+06,1.22782e+07,-1.13685e+06
0,3771,4.28932e+06,-6.90848e+06,376303
0,3772,8.38586e+06,9.01166e+06,344595
0,3773,8.40207e+06,-1.00699e+07,-1.28083e+06
0,3774,1.23748e+07,1.49777e+06,516034
0,3775,7.18966e+06,9.69237e+06,642911
0,3776,3.48763e+06,-6.68292e+06,-359198
0,3777,1.1097e+07,-5.76343e+06,-400710
0,3778,-1.07047e+07,2.51988e+06,-754251
0,3779,-507659,-1.16707e+07,976231
0,3780,-1.37655e+07,-873119,604575
0,3781,-1.33557e+07,541250,-1.03012e+06
0,3782,5.76949e+06,-8.77463e+06,203001
0,3783,5.03505e+06,1.17034e+07,1.18659e+06
0,3784,-5.79187e+06,-8.37823e+06,-983123
0,3785,1.60297e+06,-7.82088e+06,749392
0,3786,9.29565e+06,2.21861e+06,-266001
0,3787,2.51883e+06,6.67095e+06,360364
0,3788,1.23593e+07,7.57452e+06,167870
0,3789,5.78339e+06,6.91772e+06,-507313
0,3790,1.06591e+07,4.62968e+06,-152899
0,3791,-1.1524e+06,7.98363e+06,-499535
0,3792,-3.65236e+06,-1.35417e+07,1.03546e+06
0,3793,-3.91074e+06,9.27399e+06,-240420
0,3794,-1.12349e+06,-7.05628e+06,-214745
0,3795,-7.75136e+06,-5.50246e+06,-121206
0,3796,-9.19344e+06,1.1653e+07,338167
0,3797,9.47645e+06,-554158,-104212
0,3798,8.4308e+06,8.62342e+06,562458
0,3799,-8.65731e+06,2.88961e+06,700729
0,3800,-1.31101e+07,6.71853e+06,987895
0,3801,4.27783e+06,-6.06799e+06,192348
0,3802,8.38826e+06,-6.93475e+06,752903
0,3803,2.41498e+06,-9.02808e+06,-750197
0,3804,-6.10583e+06,-1.20807e+07,-1.11826e+06
0,3805,-1.08985e+07,-6.04436e+06,235693
0,3806,-970222,9.26339e+06,489503
0,3807,-8.53898e+06,2.99091e+06,352654
0,3808,-6.32346e+06,-4.27995e+06,136505
0,3809,-8.53849e+06,9.09255e+06,-127281
0,3810,3.44185e+06,-8.97621e+06,-711517
0,3811,-9.702e+06,-1.09898e+07,1.13665e+06
0,3812,-5.13396e+06,9.01737e+06,833406
0,3813,5.76593e+06,5.23029e+06,-312573
0,3814,-9.83532e+06,-1.08945e+07,159090
0,3815,-1.09691e+07,6.25254e+06,652267
0,3816,4.68387e+06,-8.98759e+06,-472027
0,3817,-9.12754e+06,-1.29885e+06,-127678
0,3818,-8.00989e+06,9.15878e+06,-656326
0,3819,-9.95123e+06,-4.01588e+06,-768361
0,3820,-4.83255e+06,1.03814e+07,-246347
0,3821,8.38728e+06,-3.84912e+06,338530
0,3822,-5.55707e+06,-7.17784e+06,633866
0,3823,4.91151e+06,-8.92669e+06,-705333
0,3824,-1.31277e+07,-3.40211e+06,-752141
0,3825,1.0212e+07,-765628,581383
0,3826,8.68885e+06,7.68399e+06,-190680
0,3827,8.21023e+06,3.93404e+06,76848.3
0,3828,-6.34723e+06,-1.25859e+07,-706281
0,3829,1.08506e+07,-4.03673e+06,516487
0,3830,1.22454e+07,-2.47737e+06,747682
0,3831,-4.64472e+06,6.58467e+06,751790
0,3832,8.33596e+06,7.04972e+06,-90386.4
0,3833,1.25667e+07,-187975,-442820
0,3834,8.08625e+06,-7.61585e+06,-321629
0,3835,7.47449e+06,-2.47649e+06,-18203.6
0,3836,-7.93432e+06,-7.57253e+06,-1.09263e+06
0,3837,-9.31333e+06,1.1043e+07,-297826
0,3838,-6.0446e+06,5.80027e+06,509878
0,3839,1.23242e+07,-5.25412e+06,-259328
0,3840,-1.2633e+07,-580497,769905
0,3841,-8.5708e+06,9.36311e+06,-414786
0,3842,-7.95964e+06,-4.1591e+06,835530
0,3843,7.08125e+06,4.83709e+06,-654040
0,3844,-7.79649e+06,1.07068e+07,-730873
0,3845,-5.99898e+06,-7.77755e+06,91914.3
0,3846,-6.87894e+06,1.09697e+07,-124232
0,3847,7.00328e+06,3.46937e+06,-59000.1
0,3848,-7.11191e+06,-6.10598e+06,-859126
0,3849,5.28539e+06,-5.96995e+06,105752
0,3850,6.93991e+06,-1.06315e+07,-91834.2
0,3851,-1.29119e+07,-2.01618e+06,-725388
0,3852,-9.67732e+06,581034,-355208
0,3853,-5.04553e+06,8.23372e+06,-729808
0,3854,7.32753e+06,2.21127e+06,-596746
0,3855,-8.08308e+06,-5.41759e+06,-607698
0,3856,5.06343e+06,-1.31637e+07,57903
0,3857,-8.50795e+06,9.48115e+06,-1.18357e+06
0,3858,9.84376e+06,1.02031e+07,1.27354e+06
0,3859,-3.96493e+06,1.08748e+07,-10360.6
0,3860,1.08899e+07,1.61093e+06,-318321
0,3861,-1.28759e+07,-821266,-660566
0,3862,6.31761e+06,-7.33517e+06,49468.4
0,3863,1.08938e+07,-2.6841e+06,-402100
0,3864,4.09749e+06,-1.00161e+07,560881
0,3865,5.30397e+06,7.41788e+06,366243
0,3866,7.99378e+06,-4.21369e+06,-671280
0,3867,8.97684e+06,3.22518e+06,388065
0,3868,-9.24645e+06,-1.0613e+07,1.23552e+06
0,3869,6.8195e+06,4.20107e+06,542943
0,3870,6.74116e+06,-1.20636e+07,827286
0,3871,1.99586e+06,9.65737e+06,847805
0,3872,-7.5919e+06,5.62466e+06,377306
0,3873,3.92481e+06,-8.44483e+06,-802774
0,3874,-1.06875e+07,-7.96331e+06,194586
0,3875,-1.80994e+06,1.05121e+07,-76651.9
0,3876,-9.15419e+06,-5.32459e+06,-462925
0,3877,4.65802e+06,6.02386e+06,303497
0,3878,4.45437e+06,-5.62425e+06,279082
0,3879,6.74653e+06,-1.12377e+07,-990930
0,3880,-1.35333e+07,-400290,1.04602e+06
0,3881,1.39258e+07,2.13734e+06,-330119
0,3882,-4.86793e+06,-1.00878e+07,-479275
0,3883,-6.6266e+06,6.1153e+06,1692.87
0,3884,1.11549e+06,-1.45651e+07,-206505
0,3885,3.63569e+06,6.48504e+06,-65538.9
0,3886,-9.89254e+06,9.20127e+06,104022
0,3887,1.20945e+07,-7.2705e+06,-803040
0,3888,-2.51213e+06,6.90005e+06,287707
0,3889,1.2871e+07,6.77236e+06,-1.37563e+06
0,3890,-157884,-1.40041e+07,1.38326e+06
0,3891,-8.77577e+06,5.10482e+06,-666325
0,3892,-6.97089e+06,-3.76753e+06,-215130
0,3893,5.78956e+06,-4.96759e+06,-460784
0,3894,-2.61256e+06,1.26973e+07,812313
0,3895,309202,-7.91548e+06,-638076
0,3896,-1.0527e+06,-1.05001e+07,-690673
0,3897,6.11703e+06,-6.949e+06,714484
0,3898,3.60557e+06,6.39105e+06,-562493
0,3899,8.29079e+06,-1.56442e+06,87167.2
0,3900,1.06937e+07,-1.04085e+06,122395
0,3901,-6.11005e+06,1.06584e+07,-289710
0,3902,1.06281e+07,4.99016e+06,-573705
0,3903,8.53086e+06,861597,63281.4
0,3904,-8.56153e+06,7.64212e+06,-531202
0,3905,8.09418e+06,9.15012e+06,45481.9
0,3906,6.72761e+06,1.12728e+07,665514
0,3907,1.21113e+07,4.79467e+06,-1.25753e+06
0,3908,5.13605e+06,1.38384e+07,952324
0,3909,-1.0468e+06,1.14154e+07,-849907
0,3910,-9.16223e+06,6.02321e+06,436377
0,3911,4.84229e+06,-1.33689e+07,-641843
0,3912,6.99893e+06,-1.21017e+07,1.2028e+06
0,3913,1.24826e+06,-1.05942e+07,195574
0,3914,9.43806e+06,-323896,-874496
0,3915,6.45686e+06,-5.16122e+06,-728367
0,3916,-3.03719e+06,-1.37015e+07,-1.30418e+06
0,3917,299259,-1.04288e+07,173415
0,3918,9.75802e+06,-1.06967e+07,-484795
0,3919,7.21337e+06,-2.6274e+06,26542.1
0,3920,3.08351e+06,-6.91853e+06,559268
0,3921,-1.14582e+07,3.91625e+06,392889
0,3922,9.86381e+06,-7.84145e+06,1.15205e+06
0,3923,3.32578e+06,-1.05551e+07,1.03108e+06
0,3924,8.13293e+06,944642,605285
0,3925,8.23815e+06,2.25959e+06,-581616
0,3926,1.92547e+06,9.8794e+06,-392234
0,3927,-4.17404e+06,-1.41878e+07,627999
0,3928,-862597,-7.70044e+06,371200
0,3929,1.6526e+06,1.21648e+07,-188984
0,3930,-6.60667e+06,-1.20648e+07,640824
0,3931,-1.11039e+07,3.63364e+06,605859
0,3932,-3.47834e+06,-6.65157e+06,748887
0,3933,-3.34044e+06,1.27998e+07,-588209
0,3934,9.79145e+06,-7.50404e+06,192337
0,3935,5.97808e+06,9.48156e+06,483302
0,3936,1.23386e+07,-2.59385e+06,-504116
0,3937,-1.19489e+07,5.24824e+06,152629
0,3938,2.36225e+06,1.33171e+07,-425178
0,3939,-1.18734e+07,-5.63504e+06,-1.07371e+06
0,3940,-8.89927e+06,-5.39426e+06,854238
0,3941,2.92826e+06,-7.96338e+06,-627951
0,3942,365951,8.90491e+06,674132
0,3943,1.98405e+06,-8.35968e+06,-65632.1
0,3944,7.95634e+06,-1.26871e+07,718485
0,3945,-9.27346e+06,-1.03984e+07,959121
0,3946,7.42368e+06,5.23973e+06,210723
0,3947,-9.38084e+06,4.6664e+06,56050
0,3948,-6.91221e+06,-7.01389e+06,-927272
0,3949,1.30908e+07,-6.69445e+06,1.28322e+06
0,3950,-9.68021e+06,-1.97254e+06,899759
0,3951,3.56173e+06,-1.37629e+07,-263511
0,3952,3.06971e+06,-1.10857e+07,-522561
0,3953,5.64975e+06,-1.05882e+07,498230
0,3954,-9.29276e+06,-5.47194e+06,1.05736e+06
0,3955,2.62527e+06,-1.15081e+07,535325
0,3956,-2.63962e+06,-1.23321e+07,-114995
0,3957,-1.05292e+07,2.14927e+06,-1.00608e+06
0,3958,5.01823e+06,7.3526e+06,689390
0,3959,5.91105e+06,7.01474e+06,-698936
0,3960,1.25903e+07,487096,-72312
0,3961,4.64601e+06,-6.41113e+06,728004
0,3962,-1.37016e+07,5.22461e+06,423949
0,3963,-6.94108e+06,9.53878e+06,-131979
0,3964,2.1323e+06,-7.19519e+06,-389377
0,3965,-1.06051e+07,1.29158e+06,129728
0,3966,-4.82871e+06,-1.26452e+07,441595
0,3967,9.23168e+06,6.36246e+06,-219761
0,3968,1.46374e+07,-404331,675514
0,3969,7.06849e+06,5.27336e+06,-150350
0,3970,-2.4237e+06,-1.35974e+07,1.06253e+06
0,3971,8.11771e+06,8.68877e+06,-917896
0,3972,-6.7259e+06,-3.02357e+06,-379539
0,3973,-5.01191e+06,-1.18503e+07,-468264
0,3974,6.72033e+06,5.04779e+06,399224
0,3975,-4.7199e+06,9.465e+06,755715
0,3976,-1.16593e+07,-1.33033e+06,571662
0,3977,-5.2821e+06,-1.24495e+07,-162275
0,3978,1.36795e+06,-9.94065e+06,35937.4
0,3979,9.72549e+06,-7.99739e+06,1.04975e+06
0,3980,3.49804e+06,8.52117e+06,-440101
0,3981,-8.89511e+06,9.45733e+06,-849300
0,3982,-3.63243e+06,6.86466e+06,-566187
0,3983,-3.30817e+06,-7.51723e+06,-791319
0,3984,4.43229e+06,-6.56549e+06,547319
0,3985,8.18966e+06,5.05831e+06,394824
0,3986,9.45664e+06,2.78399e+06,-675678
0,3987,-6.83565e+06,-4.29326e+06,644088
0,3988,-1.27755e+07,-3.84968e+06,-207753
0,3989,-1.12e+07,4.12073e+06,-606533
0,3990,8.69557e+06,-8.88151e+06,-316101
0,3991,-1.24647e+07,5.75631e+06,-270959
0,3992,-2.42441e+06,-6.79328e+06,444159
0,3993,7.12219e+06,9.99104e+06,-975545
0,3994,-9.43763e+06,6.7132e+06,-164245
0,3995,-2.39923e+06,-1.45435e+07,-260079
0,3996,6.98292e+06,1.5269e+06,264312
0,3997,-3.59289e+06,-1.32199e+07,-257888
0,3998,7.06552e+06,-1.46018e+06,703987
0,3999,1.0287e+07,4.90032e+06,93374.6
0,4000,-6.0105e+06,-1.27824e+07,621872
0,4001,6.00203e+06,4.75682e+06,-571845
0,4002,-1.40229e+07,-2.30318e+06,829645
0,4003,7.10603e+06,-3.46542e+06,508489
0,4004,6.18702e+06,-6.24136e+06,-416096
0,4005,-776637,8.5786e+06,707832
0,4006,-6.82053e+06,1.2583e+07,588393
0,4007,4.31851e+06,-1.16191e+07,-504760
0,4008,-5.44992e+06,-9.59116e+06,-1.04835e+06
0,4009,-3.32941e+06,-9.43123e+06,-495296
0,4010,1.43378e+07,2.75545e+06,1.34138e+06
0,4011,8.31717e+06,2.6416e+06,-362407
0,4012,209042,-1.32661e+07,-773480
0,4013,-5.35216e+06,-6.69838e+06,-71881.7
0,4014,1.31812e+07,2.01967e+06,294518
0,4015,1.28263e+07,-527746,459206
0,4016,6.87964e+06,5.56913e+06,249524
0,4017,9.00807e+06,-6.61154e+06,506770
0,4018,-9.10855e+06,6.3016e+06,-211853
0,4019,8.75657e+06,963810,131994
0,4020,2.23903e+06,8.38098e+06,-651176
0,4021,8.34102e+06,1.6955e+06,296718
0,4022,-9.45177e+06,-3.8541e+06,279665
0,4023,1.3437e+07,6.15078e+06,-242622
0,4024,-8.84098e+06,1.29621e+06,753202
0,4025,-6.7162e+06,-1.08859e+07,-150312
0,4026,1.21109e+07,2.50396e+06,213325
0,4027,-6.51506e+06,9.36689e+06,-681946
0,4028,1.26481e+07,4.45749e+06,-1.15705e+06
0,4029,-174863,1.051e+07,516429
0,4030,1.70843e+06,-1.19445e+07,-423262
0,4031,8.38162e+06,-9.82966e+06,-399875
0,4032,7.83315e+06,-5.68685e+06,-873951
0,4033,7.16446e+06,6.62497e+06,-921976
0,4034,-7.17488e+06,3.30008e+06,295432
0,4035,5.46428e+06,-7.54213e+06,-116210
0,4036,1.41187e+07,-4.17778e+06,805535
0,4037,-3.83368e+06,-1.38948e+07,1.14277e+06
0,4038,-5.01644e+06,7.32784e+06,449608
0,4039,5.41236e+06,-8.84183e+06,784477
0,4040,4.18065e+06,-8.39166e+06,-649316
0,4041,-9.59691e+06,-1.09436e+06,-528989
0,4042,-1.02203e+07,-5.51668e+06,-681596
0,4043,-9.03788e+06,-9.83394e+06,-487023
0,4044,6.3992e+06,-6.09525e+06,594319
0,4045,8.60037e+06,1.96367e+06,537964
0,4046,9.60289e+06,7.06573e+06,208322
0,4047,1.6346e+06,-1.04727e+07,-617408
0,4048,5.87361e+06,8.8008e+06,970912
0,4049,-1.09616e+06,-1.31748e+07,503162
0,4050,9.1725e+06,-4.79201e+06,-886117
0,4051,2.90252e+06,1.31001e+07,-472425
0,4052,2.27346e+06,-1.08952e+07,754724
0,4053,-9.53542e+06,6.64667e+06,1.04074e+06
0,4054,2.94349e+06,-8.47321e+06,201049
0,4055,1.00142e+07,92385.7,-106961
0,4056,7.27306e+06,5.60219e+06,-781936
0,4057,-7.32534e+06,-6.44684e+06,659718
0,4058,-7.53824e+06,3.85448e+06,-182980
0,4059,4.06736e+06,-1.0335e+07,119167
0,4060,-1.36762e+07,-1.60683e+06,286042
0,4061,4.64301e+06,-9.37458e+06,888893
0,4062,5.19627e+06,-1.08899e+07,-1.06699e+06
0,4063,5.3235e+06,1.31989e+07,-693589
0,4064,7.23545e+06,-1.59072e+06,522420
0,4065,8.20909e+06,-1.17155e+07,-58564.9
0,4066,1.41297e+07,-2.73856e+06,7389.11
0,4067,-4.53847e+06,-7.02919e+06,798008
0,4068,9.00173e+06,-1.06237e+07,1.21119e+06
0,4069,2.32931e+06,-1.39449e+07,617587
0,4070,-6.58942e+06,-6.30226e+06,39187.1
0,4071,-1.38386e+07,715882,-1.03359e+06
0,4072,-3.07533e+06,-6.33214e+06,70267.7
0,4073,4.6966e+06,8.4271e+06,-64223.7
0,4074,-4.02332e+06,6.6823e+06,-188466
0,4075,-1.04788e+07,2.22427e+06,-521015
0,4076,-8.48816e+06,1.08573e+07,-746066
0,4077,-3.6944e+06,7.51618e+06,-726165
0,4078,-5.72895e+06,-4.46141e+06,173063
0,4079,868762,-1.11552e+07,-1.03422e+06
0,4080,1.1969e+07,8.14765e+06,504140
0,4081,5.88224e+06,-5.52072e+06,17285.2
0,4082,-5.65718e+06,-5.10716e+06,-750674
0,4083,-7.70703e+06,-1.06996e+07,-758723
0,4084,9.97818e+06,496153,387194
0,4085,-8.58952e+06,-4.15433e+06,873996
0,4086,9.37516e+06,-569243,249387
0,4087,-8.2339e+06,3.4472e+06,429606
0,4088,9.5838e+06,4.40726e+06,-700180
0,4089,-7.94007e+06,-1.07061e+07,186154
0,4090,4.357e+06,-7.07103e+06,767517
0,4091,6.44134e+06,3.44649e+06,563227
0,4092,-9.93505e+06,-9.09725e+06,1.20199e+06
0,4093,2.57324e+06,1.18833e+07,556388
0,4094,1.20976e+07,-1.08073e+06,-695751
0,4095,2.22467e+06,-1.15649e+07,-379389
0,4096,7.65164e+06,-6.49351e+06,-192316
0,4097,9.19599e+06,-7.67452e+06,-695901
0,4098,-4.41175e+06,-1.41848e+07,-11522.5
0,4099,1.00052e+07,-2.94371e+06,-614525
0,4100,-3.37509e+06,8.86422e+06,-400493
0,4101,1.06915e+07,-721920,834918
0,4102,-8.51356e+06,4.47511e+06,326140
0,4103,3.04309e+06,-6.43321e+06,541619
0,4104,-9.80566e+06,9.79138e+06,-105318
0,4105,-5.73165e+06,4.18836e+06,-56186.3
0,4106,1.11631e+07,-8.76654e+06,1.32699e+06
0,4107,1.40563e+07,730240,398324
0,4108,-1.07472e+06,7.46805e+06,118176
0,4109,-7.07556e+06,-1.03697e+07,-1.13528e+06
0,4110,5.38646e+06,5.64521e+06,-639038
0,4111,-3.16275e+06,-7.78987e+06,557112
0,4112,-3.60104e+06,-9.59879e+06,-615828
0,4113,-8.67436e+06,1.19308e+07,1.022e+06
0,4114,9.57892e+06,-1.08967e+07,-1.25938e+06
0,4115,8.84312e+06,8.32157e+06,-1.20446e+06
0,4116,6.39117e+06,-3.70922e+06,605018
0,4117,-8.38757e+06,-2.56209e+06,800344
0,4118,-8.61413e+06,6.79827e+06,-36764.5
0,4119,-1.31658e+07,1.88702e+06,754346
0,4120,-137828,1.04464e+07,-362723
0,4121,-7.60281e+06,117881,-536018
0,4122,-1.18335e+07,6.44225e+06,714767
0,4123,8.5331e+06,-1.18173e+07,1.3197e+06
0,4124,5.8286e+06,9.91321e+06,1.00393e+06
0,4125,9.18251e+06,-1.04852e+07,539025
0,4126,1.19328e+07,1.11289e+06,595052
0,4127,-480578,7.71692e+06,79626.1
0,4128,1.0539e+07,1.05415e+06,687265
0,4129,-5.819e+06,-1.27663e+07,115238
0,4130,1.06926e+07,1.00427e+07,698521
0,4131,-5.91854e+06,5.4206e+06,137228
0,4132,1.28783e+07,306310,-617264
0,4133,-1.10599e+07,-2.32355e+06,311151
0,4134,-9.10749e+06,-2.37743e+06,-584738
0,4135,-7.52247e+06,-3.9342e+06,315045
0,4136,5.70306e+06,5.5567e+06,104001
0,4137,-7.14843e+06,5.72596e+06,-181832
0,4138,8.40706e+06,76321.9,594808
0,4139,-4.63709e+06,-1.18441e+07,118308
0,4140,1.15882e+07,-4.94916e+06,417678
0,4141,-8.23558e+06,-3.91815e+06,-105206
0,4142,-1.13514e+07,-1.26712e+06,820988
0,4143,4.56208e+06,1.12802e+07,-1.06614e+06
0,4144,1.03375e+07,1.02344e+06,-377673
0,4145,-7.02961e+06,6.96886e+06,951888
0,4146,-904972,9.36167e+06,-698437
0,4147,6.30195e+06,9.11944e+06,257874
0,4148,-7.28452e+06,-3.81649e+06,537394
0,4149,-6.43e+06,3.53983e+06,-57181.1
0,4150,-1.30586e+07,2.66317e+06,180026
0,4151,-1.2394e+07,-4.89128e+06,-377713
0,4152,-957638,-7.60552e+06,570045
0,4153,1.31973e+07,-6.55232e+06,877491
0,4154,2.39104e+06,-1.1909e+07,-165001
0,4155,-6.834e+06,9.5596e+06,-407436
0,4156,-1.24914e+07,3.71432e+06,-751048
0,4157,5.45895e+06,-6.65831e+06,306235
0,4158,-9.23902e+06,6.62235e+06,-157294
0,4159,-7.15166e+06,2.07452e+06,440532
0,4160,-7.48813e+06,6.71281e+06,-977100
0,4161,1.05258e+07,1.69622e+06,150018
0,4162,5.92795e+06,-9.32864e+06,180797
0,4163,-9.52934e+06,-981691,382832
0,4164,-5.59039e+06,-5.33108e+06,645166
0,4165,-6.5555e+06,-6.70006e+06,603237
0,4166,-2.20961e+06,-1.08641e+07,-419247
0,4167,-4.6674e+06,-8.206e+06,388051
0,4168,2.27698e+06,1.43158e+07,-92143.4
0,4169,7.88316e+06,4.34735e+06,-174254
0,4170,-1.28466e+06,9.90142e+06,-405600
0,4171,9.84366e+06,-685155,559012
0,4172,5.26928e+06,-5.43298e+06,201830
0,4173,-7.70035e+06,1.18407e+07,-100232
0,4174,-2.00133e+06,1.39784e+07,1.17616e+06
0,4175,1.35187e+07,-1.65424e+06,-478905
0,4176,-4.31122e+06,7.72812e+06,806893
0,4177,-8.8604e+06,-3.85525e+06,-186168
0,4178,3.53622e+06,9.53486e+06,75417.3
0,4179,1.30924e+07,4.21282e+06,1.07281e+06
0,4180,-9.14795e+06,-8.25194e+06,310281
0,4181,-8.05848e+06,4.74833e+06,560544
0,4182,-9.24227e+06,1.75523e+06,-906600
0,4183,-1.11887e+07,6.35667e+06,65265.4
0,4184,7.90099e+06,-404601,-312711
0,4185,-1.05203e+07,-5.89702e+06,688405
0,4186,354592,-9.34139e+06,-219718
0,4187,-4.78925e+06,-9.08794e+06,584704
0,4188,9.96782e+06,-7.24655e+06,-529847
0,4189,9.65882e+06,1.04059e+07,453147
0,4190,-1.13666e+07,377318,-430301
0,4191,5.79887e+06,9.37805e+06,-288242
0,4192,-6.98313e+06,-3.39347e+06,-629063
0,4193,7.11137e+06,4.24193e+06,-196597
0,4194,1.14127e+07,-7.5524e+06,-1.17464e+06
0,4195,-4.83351e+06,-1.10666e+07,81563.2
0,4196,1.25624e+06,1.22717e+07,-25549.5
0,4197,8.55441e+06,5.41422e+06,254275
0,4198,-1.73256e+06,1.08238e+07,-57690.7
0,4199,4.21365e+06,-1.25057e+07,394761
0,4200,-9.54278e+06,-4.9259e+06,-247011
0,4201,-6.03538e+06,5.26985e+06,48607.6
0,4202,1.083e+07,-4.61566e+06,653654
0,4203,3.74931e+06,7.28109e+06,-655764
0,4204,-3.49107e+06,-1.23609e+07,1.25337e+06
0,4205,5.1669e+06,-9.90864e+06,170855
0,4206,-2.52745e+06,-1.37567e+07,399812
0,4207,-1.94118e+06,-1.13548e+07,-185125
0,4208,7.52674e+06,1.93923e+06,-32608
0,4209,1.03641e+07,5.60709e+06,-502514
0,4210,-8.82933e+06,-3.68344e+06,-424123
0,4211,3.94424e+06,6.66972e+06,-506013
0,4212,-2.94283e+06,1.34098e+07,589859
0,4213,1.14119e+07,-1.65197e+06,-524268
0,4214,7.81628e+06,2.65811e+06,-428105
0,4215,1.07085e+07,6.36303e+06,-636568
0,4216,-1.19573e+07,-6.87169e+06,-1.1903e+06
0,4217,6.81431e+06,2.76167e+06,651488
0,4218,7.72843e+06,-1.13717e+07,1.16935e+06
0,4219,178173,1.10385e+07,-217850
0,4220,9.07774e+06,-8.95282e+06,-165525
0,4221,1.02333e+07,-4.66957e+06,-884813
0,4222,7.49357e+06,1.17051e+07,-44860.2
0,4223,-6.9758e+06,-5.27679e+06,102471
0,4224,6.56038e+06,-7.59351e+06,320852
0,4225,7.43648e+06,1.03347e+07,977620
0,4226,1.40781e+06,8.1932e+06,-619559
0,4227,8.00481e+06,-6.81049e+06,-520780
0,4228,5.67409e+06,-8.21888e+06,235374
0,4229,2.91029e+06,1.26708e+07,563258
0,4230,8.79278e+06,-695605,105647
0,4231,9.23019e+06,8.50256e+06,-626348
0,4232,-6.25914e+06,5.15763e+06,-350365
0,4233,9.9614e+06,8.11276e+06,648192
0,4234,2.17636e+06,7.02363e+06,429857
0,4235,-1.27483e+07,1.90478e+06,-1.16327e+06
0,4236,-9.89331e+06,6.561e+06,-435800
0,4237,-1.11396e+07,4.68072e+06,-987145
0,4238,2.54651e+06,-1.40422e+07,-1.26954e+06
0,4239,9.67333e+06,5.59537e+06,754991
0,4240,5.54295e+06,1.04731e+07,-1.13928e+06
0,4241,-7.23658e+06,-342560,339841
0,4242,1.42182e+06,7.83399e+06,-275180
0,4243,-6.78819e+06,5.51162e+06,104260
0,4244,1.21138e+07,-2.80001e+06,1.07401e+06
0,4245,-1.13893e+06,-1.14576e+07,1.0411e+06
0,4246,7.62886e+06,277421,-720016
0,4247,932382,-1.14649e+07,-305872
0,4248,-1.12642e+07,-1.16838e+06,-919828
0,4249,9.47185e+06,1.16894e+06,-744567
0,4250,6.45058e+06,-1.18253e+07,814450
0,4251,3.44786e+06,-1.23342e+07,438127
0,4252,-6.12757e+06,-1.07326e+07,34710
0,4253,-1.2223e+06,-9.82299e+06,-398846
0,4254,-1.03553e+07,4.60223e+06,-506596
0,4255,-817870,1.47641e+07,-564261
0,4256,3.67642e+06,-7.43184e+06,143605
0,4257,5.10928e+06,-1.07456e+07,-373925
0,4258,2.71372e+06,8.09718e+06,397593
0,4259,3.21355e+06,1.14401e+07,-844952
0,4260,-5.49983e+06,-5.70692e+06,-795035
0,4261,-5.49446e+06,4.56174e+06,273432
0,4262,-1.1363e+07,5.33048e+06,479872
0,4263,1.10273e+07,-1.6036e+06,-753408
0,4264,-1.17658e+07,642523,-720937
0,4265,-2.0795e+06,1.28288e+07,-307524
0,4266,357669,9.99129e+06,-138566
0,4267,-384917,-1.07647e+07,571579
0,4268,-6.87757e+06,-4.5429e+06,654503
0,4269,-7.74808e+06,1.32427e+06,393906
0,4270,9.58952e+06,7.02843e+06,-245893
0,4271,1.10315e+07,-282013,-710296
0,4272,-1.05674e+07,1.04086e+07,-890078
0,4273,-7.76186e+06,-6.76462e+06,-590610
0,4274,5.67514e+06,-7.34885e+06,929757
0,4275,5.65102e+06,7.67251e+06,559365
0,4276,9.49038e+06,6.93897e+06,1.0533e+06
0,4277,-5.37343e+06,-5.4078e+06,-115982
0,4278,2.61605e+06,1.11419e+07,430784
0,4279,-1.4181e+07,3.78556e+06,67395
0,4280,6.91148e+06,-5.57375e+06,839190
0,4281,-1.27584e+07,-3.51956e+06,1.21251e+06
0,4282,-8.15646e+06,1.10205e+06,61904.4
0,4283,3.54049e+06,-1.03396e+07,372610
0,4284,-4.56781e+06,6.57884e+06,-257860
0,4285,-2.96533e+06,1.11021e+07,-881332
0,4286,7.2302e+06,-9.80675e+06,1.05436e+06
0,4287,2.86907e+06,-1.44604e+07,-1.06416e+06
0,4288,-1.11739e+07,8.11594e+06,635476
0,4289,5.3379e+06,-9.90174e+06,-167608
0,4290,-7.00402e+06,-2.62043e+06,-492338
0,4291,-1.45116e+07,-2.48755e+06,157718
0,4292,-1.00967e+07,-1.00516e+07,-562396
0,4293,-9.34306e+06,-99199.1,686317
0,4294,1.29471e+07,-3.08202e+06,-1.14234e+06
0,4295,7.99619e+06,4.41708e+06,459112
0,4296,6.57341e+06,4.77734e+06,100235
0,4297,-2.23263e+06,-1.00468e+07,-26727.2
0,4298,-9.26078e+06,4.67505e+06,772989
0,4299,-5.0872e+06,8.79062e+06,-328098
0,4300,5.48457e+06,-6.56095e+06,-605369
0,4301,-2.97412e+06,1.3909e+07,1.13866e+06
0,4302,-1.15877e+07,-6.56644e+06,451604
0,4303,-8.57043e+06,-4.32187e+06,-398752
0,4304,945031,-1.01609e+07,-523080
0,4305,-9.7522e+06,9.63702e+06,88214.4
0,4306,-6.0777e+06,-1.31973e+07,423231
0,4307,1.10383e+07,-6.23361e+06,-638147
0,4308,-9.60683e+06,6.93637e+06,-1.16052e+06
0,4309,-3.63864e+06,7.12658e+06,104028
0,4310,3.59467e+06,-1.35834e+07,149884
0,4311,-1.70453e+06,7.39435e+06,-202338
0,4312,1.09887e+07,4.75528e+06,72305.5
0,4313,-3.9158e+06,-1.36355e+07,843898
0,4314,3.33919e+06,1.19582e+07,-969180
0,4315,-4.57271e+06,-1.28447e+07,204699
0,4316,-6.74758e+06,-5.13106e+06,-796922
0,4317,-3.0208e+06,7.35396e+06,-89462.3
0,4318,5.79716e+06,5.4495e+06,359704
0,4319,-1.12972e+07,-2.43764e+06,-109948
0,4320,1.40628e+07,4.55522e+06,-945489
0,4321,7.97053e+06,9.20745e+06,217721
0,4322,1.13188e+07,-2.0792e+06,884149
0,4323,1.09758e+07,9.51344e+06,1.07141e+06
0,4324,-5.37953e+06,-5.95487e+06,353451
0,4325,-5.54356e+06,-6.11488e+06,-740747
0,4326,8.20802e+06,-4.42748e+06,-613168
0,4327,-7.04123e+06,2.5935e+06,527049
0,4328,-4.67723e+06,5.9764e+06,608079
0,4329,-2.95784e+06,7.36088e+06,442195
0,4330,5.59922e+06,-9.82844e+06,-880457
0,4331,1.31507e+07,-5.69371e+06,-989462
0,4332,7.25662e+06,-456390,-25809.7
0,4333,-8.62168e+06,-7.69644e+06,670300
0,4334,4.64566e+06,1.26512e+07,-710536
0,4335,5.93188e+06,-1.26931e+07,329649
0,4336,-1.38304e+06,-1.48693e+07,-849622
0,4337,-1.17952e+07,6.99615e+06,-1.2759e+06
0,4338,816953,-9.49578e+06,879717
0,4339,194964,9.20628e+06,117167
0,4340,-289082,-1.34894e+07,161807
0,4341,592218,1.20355e+07,-162506
0,4342,6.7454e+06,-5.98198e+06,-700027
0,4343,-808710,1.24115e+07,-60753
0,4344,-4.17387e+06,8.40524e+06,-450064
0,4345,-8.65094e+06,9.71572e+06,589338
0,4346,-1.01806e+07,-3.1206e+06,92188.7
0,4347,-9.9219e+06,1.09567e+07,-865161
0,4348,6.48311e+06,1.27037e+07,955358
0,4349,-4.43334e+06,-6.87646e+06,-572767
0,4350,-1.31915e+07,-5.71504e+06,-491073
0,4351,-5.60485e+06,5.86951e+06,332965
0,4352,241025,1.00755e+07,156045
0,4353,5.20178e+06,8.91061e+06,-715160
0,4354,1.24828e+07,-1.99779e+06,-675469
0,4355,1.12316e+07,6.89953e+06,-312260
0,4356,-1.30493e+06,1.0976e+07,65388.7
0,4357,1.31724e+07,-4.78931e+06,-1.12211e+06
0,4358,9.0873e+06,-1.19162e+06,-421124
0,4359,-277659,1.25334e+07,-360233
0,4360,5.27303e+06,-6.67343e+06,652179
0,4361,4.18627e+06,-8.38456e+06,-265770
0,4362,402317,-7.78031e+06,150296
0,4363,-179097,9.15174e+06,873359
0,4364,5.09143e+06,-1.28926e+07,-1.03316e+06
0,4365,2.86315e+06,1.26624e+07,1.24328e+06
0,4366,-4.44508e+06,5.93614e+06,-105836
0,4367,1.38817e+06,-1.35183e+07,-339827
0,4368,5.88116e+06,-9.84867e+06,-1.10878e+06
0,4369,1.26238e+07,-4.3699e+06,-1.25387e+06
0,4370,-4.11303e+06,6.07892e+06,-606499
0,4371,-1.43878e+06,-1.07373e+07,144956
0,4372,-4.81734e+06,-7.08257e+06,316822
0,4373,8.72217e+06,1.15193e+07,556082
0,4374,-1.42852e+07,-145679,-394965
0,4375,5.60651e+06,-6.2069e+06,-176934
0,4376,8.30042e+06,-1.17605e+07,-355218
0,4377,1.1409e+07,1.97306e+06,-548710
0,4378,-5.54254e+06,-1.14009e+07,-371866
0,4379,1.19162e+06,1.34156e+07,-104327
0,4380,-5.80404e+06,9.03153e+06,978932
0,4381,-1.21926e+07,-3.07104e+06,26442.2
0,4382,-5.7481e+06,5.94498e+06,285861
0,4383,5.83902e+06,-1.31467e+07,-574587
0,4384,9.05056e+06,5.20098e+06,-832304
0,4385,-1.05555e+07,-2.03485e+06,-507712
0,4386,-3.49773e+06,-1.16173e+07,-487706
0,4387,3.59252e+06,1.25633e+07,115649
0,4388,-1.30279e+07,-3.09086e+06,1.09492e+06
0,4389,-6.34316e+06,-3.94044e+06,92235.7
0,4390,6.14499e+06,-1.06207e+07,554634
0,4391,-3.22158e+06,1.29234e+07,-299733
0,4392,-1.12927e+07,-3.94882e+06,1.10639e+06
0,4393,-5.05306e+06,6.82722e+06,123602
0,4394,1.25878e+07,-5.98049e+06,-457170
0,4395,-6.64317e+06,3.55631e+06,-159251
0,4396,-1.35085e+07,6.24126e+06,-578485
0,4397,-7.90122e+06,5.96912e+06,637691
0,4398,-3.09687e+06,6.95671e+06,712258
0,4399,-375100,-8.21287e+06,-236195
0,4400,9.43742e+06,6.82304e+06,-451114
0,4401,1.25675e+06,1.09346e+07,92170.7
0,4402,-5.12112e+06,-7.06948e+06,707501
0,4403,1.58913e+06,7.49916e+06,528885
0,4404,1.06056e+07,5.72547e+06,-32902.8
0,4405,2.71146e+06,8.20814e+06,763800
0,4406,-4.32837e+06,-1.23372e+07,-683296
0,4407,5.44986e+06,-5.73272e+06,-784234
0,4408,-1.75035e+06,9.951e+06,142222
0,4409,-3.37582e+06,8.32349e+06,629842
0,4410,7.19581e+06,9.36891e+06,535445
0,4411,-7.9031e+06,3.53081e+06,253878
0,4412,-6.84531e+06,6.09474e+06,429528
0,4413,-1.41897e+07,-2.64248e+06,-1.41913e+06
0,4414,-7.80423e+06,5.76509e+06,-312197
0,4415,-7.02709e+06,-7.74807e+06,-794124
0,4416,-9.16389e+06,-447300,-338569
0,4417,-1.35296e+07,6.21284e+06,1.10312e+06
0,4418,7.26584e+06,-1.21e+07,-1.28252e+06
0,4419,1.00183e+07,1.05085e+07,-1.3559e+06
0,4420,3.50352e+06,9.67987e+06,-651067
0,4421,86581.6,9.2958e+06,343736
0,4422,-8.14386e+06,-2.26906e+06,825060
0,4423,-6.53781e+06,-8.1048e+06,980396
0,4424,-7.05074e+06,3.94889e+06,566926
0,4425,-1.15981e+07,-8.57144e+06,-1.03024e+06
0,4426,6.48848e+06,1.26372e+07,-418113
0,4427,-9.44657e+06,3.24144e+06,580242
0,4428,-2.52573e+06,-1.31149e+07,-1.28038e+06
0,4429,-175546,-1.15167e+07,-127567
0,4430,6.51493e+06,-1.30143e+07,402242
0,4431,-4.29754e+06,-6.1149e+06,616623
0,4432,5.27921e+06,-8.52654e+06,-374919
0,4433,-6.87846e+06,-9.28279e+06,411467
0,4434,1.34959e+06,1.39795e+07,-667984
0,4435,5.57409e+06,1.13357e+07,-90268.8
0,4436,4.52142e+06,5.54624e+06,256063
0,4437,9.7009e+06,8.59452e+06,-706500
0,4438,-7.10224e+06,3.15004e+06,-582061
0,4439,-1.17145e+06,-1.04257e+07,384970
0,4440,-4.23905e+06,-8.17634e+06,789763
0,4441,-4.66927e+06,8.59247e+06,139732
0,4442,-5.17981e+06,-7.2917e+06,595242
0,4443,-4.56725e+06,-9.64267e+06,324212
0,4444,2.95355e+06,6.66127e+06,574694
0,4445,2.75384e+06,-1.4195e+07,1.22111e+06
0,4446,129367,9.44578e+06,-218634
0,4447,2.72827e+06,-6.88717e+06,719592
0,4448,-1.27768e+07,-4.60346e+06,-556360
0,4449,-5.6391e+06,6.46236e+06,286519
0,4450,9.65983e+06,-4.2414e+06,748655
0,4451,5.2892e+06,5.75225e+06,275553
0,4452,2.26146e+06,-8.55067e+06,161625
0,4453,-8.75886e+06,1.17323e+06,-166022
0,4454,1.36567e+07,2.80342e+06,1.10604e+06
0,4455,-945167,-1.21195e+07,-1.21329e+06
0,4456,-1.02113e+07,-6.35165e+06,89485.4
0,4457,-1.24429e+07,-4.56264e+06,948139
0,4458,3.05301e+06,-8.29909e+06,-567936
0,4459,1.25662e+07,-4.92719e+06,-443708
0,4460,-6.09487e+06,-9.39565e+06,-944157
0,4461,-6.99764e+06,8.38625e+06,815121
0,4462,-4.25791e+06,-1.33438e+07,436376
0,4463,-8.57304e+06,9.59514e+06,-245743
0,4464,1.05657e+07,-4.32905e+06,511876
0,4465,1.46453e+06,-1.13097e+07,-294542
0,4466,-1.08659e+07,6.82452e+06,-565811
0,4467,-4.58282e+06,-1.09577e+07,-96699.5
0,4468,-3.95597e+06,-1.08061e+07,616724
0,4469,-8.61844e+06,1.11681e+07,1.27726e+06
0,4470,2.84251e+06,-1.17496e+07,483242
0,4471,7.77734e+06,3.7535e+06,391096
0,4472,-3.27376e+06,-1.0594e+07,-51355.2
0,4473,-2.07706e+06,9.25764e+06,437758
0,4474,-2.02132e+06,-8.98726e+06,-213825
0,4475,8.19407e+06,1.02776e+07,-776466
0,4476,-1.15813e+07,-4.6109e+06,-739119
0,4477,-2.31314e+06,1.40315e+07,-224505
0,4478,-6.57632e+06,5.57019e+06,-14398.2
0,4479,1.12668e+06,-9.29181e+06,-198584
0,4480,3.41396e+06,1.23697e+07,-315645
0,4481,390590,-7.05142e+06,177846
0,4482,-1.29974e+07,3.71641e+06,811367
0,4483,1.21626e+07,281869,-599791
0,4484,-8.01015e+06,-7.40687e+06,-950258
0,4485,-1.2169e+07,-3.42019e+06,65173.1
0,4486,-7.68961e+06,-5.22126e+06,-880987
0,4487,-752858,-7.47502e+06,-267733
0,4488,2.52075e+06,9.44455e+06,-106317
0,4489,-2.31468e+06,7.04535e+06,40229.7
0,4490,1.07224e+07,-16159.8,-238581
0,4491,-1.00739e+07,-233037,-624940
0,4492,-1.25645e+07,-6.13852e+06,-862196
0,4493,1.29763e+07,2.84903e+06,1.28621e+06
0,4494,-1.21749e+07,-6.66346e+06,-1.08116e+06
0,4495,-1.60845e+06,8.56069e+06,-451552
0,4496,1.03221e+07,-3.74202e+06,-122596
0,4497,-4.60869e+06,-1.13593e+07,912692
0,4498,-5.99056e+06,4.09917e+06,413814
0,4499,1.21265e+07,-5.9505e+06,548162
0,4500,-8.91617e+06,-324214,-836931
0,4501,-1.14655e+07,-4.07663e+06,406185
0,4502,-5.53667e+06,-1.33275e+07,-518470
0,4503,5.24486e+06,-6.7825e+06,-524804
0,4504,2.22618e+06,7.98848e+06,14663.2
0,4505,7.3674e+06,-3.01057e+06,744320
0,4506,1.42874e+07,3.59011e+06,1.31814e+06
0,4507,1.40036e+07,-5.29313e+06,512010
0,4508,9.03976e+06,8.74079e+06,943084
0,4509,-3.07858e+06,6.77436e+06,733299
0,4510,7.01393e+06,7.58779e+06,972697
0,4511,5.71113e+06,1.369e+07,1.08419e+06
0,4512,-7.43482e+06,6.85388e+06,-480280
0,4513,-834781,7.2807e+06,-655762
0,4514,-7.55424e+06,-1.2203e+07,1.11198e+06
0,4515,8.60697e+06,9.32354e+06,1.121e+06
0,4516,-8.18615e+06,1.15494e+07,-1.10207e+06
0,4517,-1.70137e+06,-1.2478e+07,1.00159e+06
0,4518,4.6624e+06,5.77198e+06,145816
0,4519,1.16838e+07,2.51059e+06,-246378
0,4520,-879371,-1.16322e+07,-429129
0,4521,4.2462e+06,-9.95902e+06,985524
0,4522,-175071,8.80659e+06,776817
0,4523,-2.00206e+06,-9.96561e+06,228267
0,4524,-5.27999e+06,-7.63178e+06,288830
0,4525,9.46215e+06,6.85109e+06,1.16072e+06
0,4526,-6.56548e+06,-7.77072e+06,786430
0,4527,1.55466e+06,-1.02226e+07,978649
0,4528,-8.15058e+06,5.5113e+06,799849
0,4529,8.11545e+06,1.48102e+06,676132
0,4530,1.33206e+07,-2.31216e+06,-1.19762e+06
0,4531,6.49973e+06,5.07099e+06,302547
0,4532,-7.48912e+06,9.12103e+06,-1.04737e+06
0,4533,-1.09249e+07,-5.1573e+06,-937176
0,4534,4.48919e+06,1.3529e+07,694763
0,4535,-1.23429e+07,-6.73867e+06,-712600
0,4536,7.13435e+06,-6.22186e+06,-382158
0,4537,1.28805e+07,-791394,1.29432e+06
0,4538,5.19362e+06,-9.9385e+06,1.10304e+06
0,4539,-157217,9.9664e+06,-770566
0,4540,4.92756e+06,-6.4614e+06,144206
0,4541,3.43578e+06,-1.35525e+07,486028
0,4542,1.12979e+07,3.54704e+06,883300
0,4543,-9.5753e+06,-3.78298e+06,-987356
0,4544,1.1869e+07,-8.30849e+06,125406
0,4545,-3.23104e+06,-1.11468e+07,-546576
0,4546,-4.01324e+06,-7.77298e+06,-693540
0,4547,-1.06188e+07,477227,-252313
0,4548,-5.21473e+06,6.68412e+06,-275524
0,4549,-4.98355e+06,-9.74567e+06,1.02806e+06
0,4550,5.69269e+06,-5.82632e+06,-351823
0,4551,-1.12264e+07,-3.40094e+06,133609
0,4552,-9.41117e+06,8.64407e+06,-462528
0,4553,2.57145e+06,1.35526e+07,-883369
0,4554,1.73955e+06,6.90919e+06,26406.7
0,4555,-318825,1.12622e+07,-966171
0,4556,651343,-1.28765e+07,1.28798e+06
0,4557,1.2675e+07,-6.34615e+06,846411
0,4558,8.23498e+06,8.61872e+06,291664
0,4559,5.6006e+06,-4.90918e+06,-27077.6
0,4560,1.1906e+07,4.06087e+06,86166.9
0,4561,-2.05677e+06,9.18024e+06,-207653
0,4562,-6.85353e+06,1.44931e+06,-18820.4
0,4563,-1.31809e+07,4.4125e+06,-379404
0,4564,-1.3483e+07,-6.47635e+06,-81929.8
0,4565,3.98849e+06,-1.02106e+07,-349417
0,4566,378043,-1.00693e+07,-862658
0,4567,-1.26046e+07,5.90575e+06,226332
0,4568,-1.31644e+06,1.29533e+07,1.01845e+06
0,4569,-1.47678e+07,526319,1.29464e+06
0,4570,5.51829e+06,-4.31333e+06,-264815
0,4571,1.29536e+06,9.39675e+06,-347302
0,4572,7.2095e+06,-4.83408e+06,694192
0,4573,4.85585e+06,6.10059e+06,565536
0,4574,4.94513e+06,8.91134e+06,21747.4
0,4575,1.98169e+06,1.01313e+07,456074
0,4576,9.72526e+06,7.04137e+06,1.02397e+06
0,4577,-20604.3,1.1448e+07,-673248
0,4578,-7.18179e+06,3.67205e+06,-588997
0,4579,6.12613e+06,8.3068e+06,323802
0,4580,-1.26342e+07,-4.06903e+06,478197
0,4581,-9.35356e+06,-1.1082e+07,-394084
0,4582,6.76718e+06,-8.11578e+06,-781855
0,4583,-8.48727e+06,-4.48606e+06,338806
0,4584,-5.43849e+06,1.18904e+07,-927639
0,4585,1.29397e+07,6.74223e+06,-1.18209e+06
0,4586,4.61938e+06,-9.92024e+06,601386
0,4587,9.12379e+06,1.1266e+07,-360393
0,4588,5.94465e+06,-7.09615e+06,-21560.6
0,4589,-1.87583e+06,-6.96481e+06,-160591
0,4590,8.82903e+06,-6.9493e+06,-547084
0,4591,-744990,8.88627e+06,-288833
0,4592,-2.54759e+06,-7.42023e+06,-459638
0,4593,3.07378e+06,1.40599e+07,-703919
0,4594,1.09601e+06,-9.3109e+06,-135750
0,4595,2.93914e+06,-1.3181e+07,1.16289e+06
0,4596,1.23348e+07,4.17805e+06,879828
0,4597,1.44527e+07,-568132,-1.08605e+06
0,4598,3.70802e+06,1.12999e+07,-565308
0,4599,1.28357e+07,-1.8074e+06,245939
0,4600,1.37237e+07,772217,-1.2775e+06
0,4601,-9.00006e+06,7.53528e+06,916857
0,4602,-8.57324e+06,3.89297e+06,52557.5
0,4603,7.71107e+06,-4.98866e+06,-65146.4
0,4604,6.09665e+06,-8.4082e+06,-390739
0,4605,9.71331e+06,9.39355e+06,-858415
0,4606,8.01775e+06,-1.22051e+07,-327459
0,4607,1.13218e+07,-4.23385e+06,-697356
0,4608,-7.24572e+06,-1.74552e+06,-533654
0,4609,6.57264e+06,-5.32232e+06,-835918
0,4610,-1.34563e+07,-1.44407e+06,160501
0,4611,-1.1213e+07,5.14637e+06,-950358
0,4612,221180,-7.80726e+06,-436218
0,4613,7.13353e+06,-911273,693080
0,4614,9.88526e+06,1.60543e+06,455515
0,4615,9.62037e+06,9.62967e+06,-994178
0,4616,1.19582e+07,-6.3825e+06,789117
0,4617,-7.3121e+06,4.53494e+06,173557
0,4618,2.02071e+06,8.02401e+06,-359530
0,4619,-1.10284e+07,-755870,695773
0,4620,1.11355e+07,-6.69902e+06,866507
0,4621,-4.42086e+06,7.87498e+06,764.466
0,4622,5.83621e+06,-4.01633e+06,-647425
0,4623,-8.68608e+06,-4.03959e+06,34182.3
0,4624,-1.20345e+07,-2.10773e+06,-662846
0,4625,7.18337e+06,-4.7268e+06,-406233
0,4626,-7.88166e+06,4.79141e+06,-666304
0,4627,-5.6128e+06,-9.50685e+06,632184
0,4628,7.60686e+06,1.01588e+07,-111514
0,4629,7.26169e+06,822895,-87511.6
0,4630,-3.65908e+06,-8.23859e+06,404560
0,4631,951344,-1.40733e+07,-1.27792e+06
0,4632,-1.44355e+06,9.86535e+06,-227100
0,4633,6.76461e+06,4.7757e+06,34752.8
0,4634,-3.79246e+06,-1.21859e+07,-125218
0,4635,-1.11107e+07,-1.14994e+06,428179
0,4636,-1.83348e+06,-7.1511e+06,121379
0,4637,8.15311e+06,2.60306e+06,-671461
0,4638,596951,-1.11755e+07,-370219
0,4639,9.17373e+06,-4.02149e+06,-575551
0,4640,-4.3369e+06,6.50784e+06,384959
0,4641,-1.03249e+07,6.03001e+06,1.1146e+06
0,4642,1.19029e+07,4.88047e+06,629918
0,4643,-4.20261e+06,-5.82187e+06,-416227
0,4644,-4.60411e+06,1.16605e+07,936983
0,4645,-7.06938e+06,-6.62199e+06,-414973
0,4646,2.77623e+06,-1.40472e+07,-735770
0,4647,-9.09789e+06,1.13979e+07,443085
0,4648,1.27543e+07,1.85371e+06,1.1864e+06
0,4649,3.58905e+06,9.04554e+06,683707
0,4650,1.07597e+07,6.52997e+06,-965879
0,4651,1.13008e+07,5.74497e+06,1.06019e+06
0,4652,-6.61976e+06,1.1104e+07,-354460
0,4653,-7.08973e+06,8.45515e+06,626242
0,4654,-1.27564e+07,-7.49845e+06,-159704
0,4655,-4.9986e+06,-7.21351e+06,325880
0,4656,1.22624e+07,2.10501e+06,995273
0,4657,-348792,-9.68548e+06,504051
0,4658,-9.63836e+06,7.482e+06,264533
0,4659,552337,-7.2772e+06,-585703
0,4660,8.07068e+06,6.15669e+06,685360
0,4661,-4.12555e+06,-1.06218e+07,416283
0,4662,9.22925e+06,1.01597e+07,438630
0,4663,1.13617e+07,2.23979e+06,-692351
0,4664,8.20069e+06,4.02843e+06,-265551
0,4665,-6.8046e+06,-2.3703e+06,-416224
0,4666,7.86711e+06,-4.95224e+06,5237.11
0,4667,-7.43877e+06,-5.3036e+06,-545743
0,4668,7.4981e+06,997951,684956
0,4669,3.93754e+06,-1.21139e+07,1.22895e+06
0,4670,-1.18096e+06,-1.43938e+07,560600
0,4671,7.6922e+06,5.89905e+06,142940
0,4672,1.10921e+07,-3.4263e+06,-133348
0,4673,-1.11363e+07,-5.67799e+06,-809246
0,4674,-1.13642e+07,-2.93273e+06,-14304.5
0,4675,5.70951e+06,9.52727e+06,-81132.6
0,4676,-1.18196e+07,778886,-26802.9
0,4677,2.76215e+06,7.09667e+06,-272784
0,4678,-8.57674e+06,-5.75289e+06,751809
0,4679,8.23509e+06,790013,-83994
0,4680,-9.88175e+06,-3.34832e+06,696372
0,4681,1.08099e+07,7.86508e+06,1.16328e+06
0,4682,-5.22084e+06,-5.90048e+06,271773
0,4683,-1.20288e+06,1.23735e+07,-421987
0,4684,3.52565e+06,1.07749e+07,-1.091e+06
0,4685,-1.12204e+07,2.48141e+06,360334
0,4686,4.41448e+06,-6.85466e+06,-577847
0,4687,-1.34269e+07,4.40179e+06,140755
0,4688,-4.36842e+06,1.34525e+07,-901262
0,4689,367728,1.05594e+07,58839.5
0,4690,6.06682e+06,-6.91612e+06,197506
0,4691,2.39713e+06,-6.57452e+06,-237722
0,4692,-7.09674e+06,6.4031e+06,249077
0,4693,-7.2557e+06,-7.6039e+06,-743719
0,4694,-1.8788e+06,-1.46227e+07,-737148
0,4695,-1.13607e+07,-5.79712e+06,-998939
0,4696,8.12603e+06,2.16487e+06,520769
0,4697,-4.64014e+06,1.0393e+07,-852159
0,4698,-1.0726e+07,-1.72302e+06,439012
0,4699,-1.35433e+07,5.86053e+06,-277361
0,4700,4.6231e+06,-8.79486e+06,-684039
0,4701,-1.51361e+06,-9.58604e+06,-942968
0,4702,-5.85547e+06,-7.22092e+06,-584689
0,4703,-9.38492e+06,818469,-146928
0,4704,7.23715e+06,-2.95093e+06,-714308
0,4705,1.17083e+07,5.64404e+06,-85016.9
0,4706,5.29147e+06,6.49777e+06,-628151
0,4707,-1.05431e+07,-1.03519e+06,-778162
0,4708,-728740,1.48168e+07,-122118
0,4709,-8.71262e+06,326092,446818
0,4710,-2.4835e+06,1.08747e+07,-561785
0,4711,9.62017e+06,8.84309e+06,-339908
0,4712,-417320,8.18142e+06,-569965
0,4713,-1.59365e+06,-1.40027e+07,171740
0,4714,-8.77674e+06,-571491,36647.2
0,4715,1.08468e+07,4.30755e+06,1.10714e+06
0,4716,9.55774e+06,-4.7478e+06,-1.04963e+06
0,4717,7.11614e+06,5.45665e+06,484021
0,4718,5.14207e+06,-8.03546e+06,635119
0,4719,-6.22061e+06,-1.06487e+07,493957
0,4720,-9.38896e+06,8.072e+06,452950
0,4721,-7.00771e+06,1.2262e+07,1.25997e+06
0,4722,-4.14001e+06,5.75502e+06,-522585
0,4723,3.19743e+06,-7.3168e+06,669692
0,4724,1.30594e+07,-1.92716e+06,-749741
0,4725,-8.03939e+06,-1.05881e+06,534392
0,4726,7.31455e+06,-196466,149651
0,4727,-9.81752e+06,1.11164e+07,-124513
0,4728,3.45156e+06,-1.25338e+07,-694793
0,4729,9.6709e+06,-1.06307e+07,-1.38912e+06
0,4730,-8.02606e+06,189811,-62693.5
0,4731,1.07e+07,6.76988e+06,366929
0,4732,1.21999e+06,1.1868e+07,101159
0,4733,5.28975e+06,7.00352e+06,128386
0,4734,1.20966e+06,1.47641e+07,-428718
0,4735,-940980,9.00188e+06,-173451
0,4736,1.21893e+07,3.03806e+06,1.1517e+06
0,4737,5.4004e+06,-4.98186e+06,580730
0,4738,7.2929e+06,8.49358e+06,145870
0,4739,7.54044e+06,-9.3715e+06,122443
0,4740,5.39803e+06,-8.69946e+06,987858
0,4741,8.56821e+06,-8.62634e+06,240124
0,4742,-4.73283e+06,-1.15778e+07,512574
0,4743,-8.50266e+06,-4.38418e+06,180129
0,4744,-5.58646e+06,7.6931e+06,499119
0,4745,6.88087e+06,9.38253e+06,786892
0,4746,-1.37257e+07,2.95944e+06,-818376
0,4747,1.07597e+07,-9.812e+06,-745102
0,4748,-7.22927e+06,2.82029e+06,273879
0,4749,-8.37267e+06,-703590,-125344
0,4750,-1.27657e+07,6.04372e+06,95413.6
0,4751,-4.4987e+06,1.39204e+07,-617748
0,4752,-2.30682e+06,1.31667e+07,888533
0,4753,5.91933e+06,4.98579e+06,622529
0,4754,-2.19606e+06,-1.10941e+07,-621990
0,4755,4.24261e+06,-7.16498e+06,-235508
0,4756,1.04726e+07,1.86598e+06,-242831
0,4757,5.70045e+06,-1.18536e+07,523124
0,4758,-1.25272e+07,-496992,96109.4
0,4759,213518,1.29206e+07,-694557
0,4760,1.43407e+07,2.5258e+06,-1.05181e+06
0,4761,-877064,-1.1529e+07,87623.5
0,4762,9.73922e+06,-1.34996e+06,401092
0,4763,1.31972e+07,3.41587e+06,-720662
0,4764,4.08588e+06,9.07998e+06,-852597
0,4765,-8.59692e+06,-1.85129e+06,344452
0,4766,1.27122e+07,3.52085e+06,-189997
0,4767,-7.24618e+06,3.33549e+06,-105341
0,4768,8.57559e+06,-6.83344e+06,669921
0,4769,9.0901e+06,-7.96511e+06,431580
0,4770,-1.2475e+07,-5.29099e+06,68345.4
0,4771,1.26851e+07,1.58298e+06,486974
0,4772,-3.23265e+06,-1.40469e+07,-1.33917e+06
0,4773,3.65568e+06,-9.28738e+06,918046
0,4774,5.39151e+06,-8.34475e+06,724165
0,4775,4.52466e+06,-6.57492e+06,-280660
0,4776,-1.13882e+07,-2.85097e+06,382975
0,4777,-1.2008e+07,4.67163e+06,1.00268e+06
0,4778,2.97968e+06,-1.3142e+07,-112532
0,4779,-7.26916e+06,346559,581161
0,4780,8.45738e+06,-921850,524195
0,4781,-5.59626e+06,-1.13746e+07,220663
0,4782,-1.1235e+07,5.99612e+06,880845
0,4783,1.6764e+06,-1.24368e+07,734939
0,4784,7.25295e+06,2.6519e+06,465438
0,4785,-7.89406e+06,-4.47552e+06,-102163
0,4786,6.93096e+06,1.80033e+06,469176
0,4787,-1.16814e+07,-1.76907e+06,1.05274e+06
0,4788,-426093,8.36302e+06,430358
0,4789,-1.0873e+07,7.39287e+06,1.18914e+06
0,4790,1.44305e+07,1.13273e+06,-949964
0,4791,-6.90141e+06,1.16228e+07,-1.09605e+06
0,4792,-1.27445e+07,3.7331e+06,-20156.9
0,4793,-4.50325e+06,-7.19788e+06,87016
0,4794,-4.65677e+06,7.2916e+06,167656
0,4795,1.26254e+07,-6.89607e+06,-610604
0,4796,2.05872e+06,-1.26945e+07,795329
0,4797,1.15247e+07,767895,605038
0,4798,5.82291e+06,5.26615e+06,165877
0,4799,691235,1.48458e+07,433527
0,4800,7.58634e+06,-5.59703e+06,176348
0,4801,-666131,8.63337e+06,-116937
0,4802,7.01218e+06,3.79065e+06,287184
0,4803,-1.51572e+06,-1.01132e+07,-799141
0,4804,-1.10918e+07,4.12091e+06,-1.04873e+06
0,4805,9.83139e+06,5.63949e+06,743942
0,4806,-1.12592e+07,-4.21766e+06,-882963
0,4807,-9.28733e+06,409445,247869
0,4808,8.44826e+06,477999,-262805
0,4809,4.34411e+06,9.95654e+06,-17021.2
0,4810,-9.32139e+06,2.69575e+06,-296127
0,4811,1.15669e+07,3.20134e+06,-791082
0,4812,-6.4827e+06,8.20834e+06,-226732
0,4813,1.01388e+07,-8.78165e+06,-674796
0,4814,-1.32226e+07,3.49677e+06,-619119
0,4815,6.71222e+06,-1.32027e+07,1.46886e+06
0,4816,5.15742e+06,6.56116e+06,5638.16
0,4817,5.74281e+06,1.0625e+07,872146
0,4818,-9.54054e+06,5.96869e+06,229729
0,4819,1.15861e+07,3.19774e+06,1.20569e+06
0,4820,9.15438e+06,3.73436e+06,697822
0,4821,6.04163e+06,-1.3628e+07,1.05085e+06
0,4822,1.05627e+07,-5.60094e+06,-1.11332e+06
0,4823,-6.24554e+06,-1.14932e+07,-1.18153e+06
0,4824,-1.12922e+07,-1.0777e+06,434745
0,4825,2.59388e+06,-7.14413e+06,-549091
0,4826,7.60507e+06,-7.01824e+06,125289
0,4827,9.57235e+06,2.99774e+06,345744
0,4828,1.26541e+07,-7.8255e+06,647007
0,4829,511824,7.81022e+06,-490846
0,4830,887015,9.79074e+06,-502913
0,4831,-4.99511e+06,1.08299e+07,422758
0,4832,-9.38676e+06,-1.11363e+07,733678
0,4833,-6.29431e+06,1.13191e+07,-1.26036e+06
0,4834,-1.49478e+06,7.28323e+06,281987
0,4835,1.3718e+07,-3.62733e+06,-1.34963e+06
0,4836,-6.55317e+06,1.33655e+07,1.02263e+06
0,4837,7.78667e+06,3.25564e+06,-205373
0,4838,2.51726e+06,1.36073e+07,-959253
0,4839,1.31593e+07,-5.36415e+06,-1.38981e+06
0,4840,-4.66351e+06,1.19368e+07,-321211
0,4841,-9.63782e+06,4.76808e+06,32202
0,4842,-1.13795e+07,2.49298e+06,469874
0,4843,-1.18358e+07,4.64926e+06,-910857
0,4844,1.74789e+06,-1.19938e+07,334876
0,4845,1.50342e+06,1.16025e+07,339702
0,4846,8.46779e+06,-4.67848e+06,297520
0,4847,-9.07156e+06,1.55151e+06,638961
0,4848,-9.55307e+06,-1.54668e+06,347900
0,4849,5.99362e+06,1.15755e+07,169863
0,4850,1.40102e+07,-2.81714e+06,446427
0,4851,-1.34216e+07,-6.39737e+06,-170681
0,4852,8.52135e+06,7.58855e+06,-224323
0,4853,6.1921e+06,-8.66855e+06,551567
0,4854,-6.76958e+06,9.65072e+06,-738830
0,4855,-4.16546e+06,-8.83879e+06,-463425
0,4856,-7.88151e+06,6.78603e+06,552969
0,4857,-4.39355e+06,-1.33593e+07,-445666
0,4858,6.48055e+06,8.18813e+06,-694190
0,4859,5.65249e+06,6.07406e+06,-532450
0,4860,6.57182e+06,5.57523e+06,241820
0,4861,1.07851e+07,-1.0225e+07,-1.35435e+06
0,4862,6.57181e+06,-8.00462e+06,-758067
0,4863,-1.14631e+07,-7.55699e+06,1.18729e+06
0,4864,-6.19172e+06,-1.25579e+07,442092
0,4865,6.46069e+06,5.83269e+06,-147298
0,4866,6.78468e+06,5.0971e+06,-335666
0,4867,1.3791e+07,1.49707e+06,-575635
0,4868,-1.03481e+07,-694452,-661389
0,4869,-1.2941e+07,-7.00144e+06,65065.7
0,4870,-7.02674e+06,624831,477143
0,4871,-5.18247e+06,7.00906e+06,-838400
0,4872,1.34901e+07,6.01035e+06,1.17872e+06
0,4873,-8.09305e+06,-4.97097e+06,340766
0,4874,-7.62228e+06,2.80403e+06,-283617
0,4875,3.7117e+06,-6.42725e+06,-677022
0,4876,-4.7866e+06,1.12249e+07,-752334
0,4877,-1.09982e+07,-5.57006e+06,-455721
0,4878,255816,1.10714e+07,806962
0,4879,282755,9.49428e+06,478813
0,4880,-813574,7.09201e+06,-177936
0,4881,1.3371e+07,-4.2979e+06,608455
0,4882,-6.93491e+06,-8.45936e+06,-188161
0,4883,8.919e+06,-2.84855e+06,-721632
0,4884,7.86797e+06,-5.77758e+06,435925
0,4885,7.15565e+06,1.05342e+06,23886.3
0,4886,-1.0178e+07,3.80361e+06,-429752
0,4887,-2.05607e+06,1.47505e+07,-29666.4
0,4888,4.90451e+06,8.96747e+06,-608627
0,4889,9.01249e+06,-1.11288e+07,-863006
0,4890,3.546e+06,1.35443e+07,354426
0,4891,5.5714e+06,-5.19771e+06,-685307
0,4892,2.12275e+06,-1.12067e+07,-875789
0,4893,9.8741e+06,2.67108e+06,374042
0,4894,-8.77314e+06,-3.442e+06,817673
0,4895,9.00183e+06,2.8461e+06,331758
0,4896,1.2803e+07,-3.46499e+06,-909179
0,4897,5.64711e+06,-8.39552e+06,621768
0,4898,-1.46092e+06,1.18978e+07,-518084
0,4899,7.03609e+06,-3.75407e+06,-522415
0,4900,-9.98764e+06,-5.85867e+06,-302040
0,4901,-4.80027e+06,-8.56415e+06,-219368
0,4902,-7.2753e+06,5.33846e+06,555959
0,4903,-9.65686e+06,-1.10942e+07,830732
0,4904,-7.93055e+06,-7.92134e+06,1.09768e+06
0,4905,9.56737e+06,4.23676e+06,959050
0,4906,-1.06655e+07,7.91647e+06,1.28547e+06
0,4907,-6.78131e+06,7.02206e+06,214272
0,4908,-2.90644e+06,-8.69998e+06,-637880
0,4909,-7.6741e+06,-1.71648e+06,87280.9
0,4910,7.65591e+06,-1.74564e+06,115103
0,4911,-3.0916e+06,7.58784e+06,492585
0,4912,4.21962e+06,1.03214e+07,-887561
0,4913,-5.45597e+06,8.90221e+06,325696
0,4914,199602,1.43643e+07,1.02235e+06
0,4915,1.16809e+07,-8.2577e+06,1.29693e+06
0,4916,-1.14296e+07,-7.61609e+06,-247673
0,4917,7.61262e+06,-7.83588e+06,-434168
0,4918,5.22465e+06,6.39307e+06,540731
0,4919,-1.30773e+07,187971,-589272
0,4920,1.2058e+07,2.97559e+06,169485
0,4921,1.00898e+07,-1.40643e+06,15403.8
0,4922,-2.66933e+06,-1.11017e+07,-35308.3
0,4923,-8.52104e+06,-2.04007e+06,780579
0,4924,-4.37197e+06,-9.25131e+06,981274
0,4925,-7.36533e+06,-1.14617e+07,643530
0,4926,1.39706e+07,-3.60482e+06,1.35725e+06
0,4927,-8.97041e+06,7.92972e+06,-880019
0,4928,9.41706e+06,-3.52093e+06,785377
0,4929,-1.08788e+07,-2.58231e+06,-427505
0,4930,-2.34972e+06,-1.03712e+07,-207537
0,4931,-8.21102e+06,-2.16265e+06,-466905
0,4932,-1.13843e+07,9.37032e+06,1.21079e+06
0,4933,3.27463e+06,8.17022e+06,205831
0,4934,-1.20676e+07,-5.38775e+06,-714885
0,4935,-5.35758e+06,-4.93382e+06,-538429
0,4936,-4.36159e+06,-8.67969e+06,-782642
0,4937,7.38448e+06,3.02114e+06,794209
0,4938,8.37533e+06,-5.62333e+06,-416699
0,4939,2.51032e+06,1.27814e+07,-4364.34
0,4940,5.49984e+06,-1.24092e+07,799801
0,4941,3.25248e+06,1.31948e+07,-48335.6
0,4942,8.40115e+06,-6.89764e+06,-441800
0,4943,-1.37605e+07,4.38959e+06,490657
0,4944,-7.73239e+06,4.87902e+06,383868
0,4945,1.00575e+07,-4.67156e+06,526314
0,4946,8.71618e+06,-7.51554e+06,381214
0,4947,271862,1.21728e+07,-256079
0,4948,9.69136e+06,-7.82803e+06,-459789
0,4949,-7.22437e+06,-4.83175e+06,-754202
0,4950,-3.68341e+06,-1.21656e+07,-368808
0,4951,-1.4134e+07,-199021,412206
0,4952,-7.51606e+06,4.28928e+06,628362
0,4953,-6.726e+06,5.51471e+06,-316605
0,4954,-2.03123e+06,7.94151e+06,-438519
0,4955,-800318,-1.43567e+07,-529094
0,4956,1.29792e+07,1.82283e+06,69530
0,4957,6.75397e+06,5.91233e+06,690293
0,4958,3.78142e+06,-7.71673e+06,-149158
0,4959,-771642,-7.07103e+06,137098
0,4960,-1.91986e+06,9.52642e+06,-830583
0,4961,-1.44714e+07,541951,-1.2032e+06
0,4962,-2.51418e+06,1.36961e+07,-826431
0,4963,-8.46339e+06,-3.64256e+06,-786830
0,4964,8.59433e+06,-6.59473e+06,-676482
0,4965,-7.66888e+06,5.85438e+06,166389
0,4966,-1.12776e+07,8.79357e+06,-1.23535e+06
0,4967,3.58911e+06,9.09665e+06,296935
0,4968,-1.89097e+06,6.98228e+06,65357
0,4969,-8.72146e+06,-2.90112e+06,-709665
0,4970,-3.6886e+06,1.40131e+07,1.22883e+06
0,4971,1.91295e+06,-9.40167e+06,-487450
0,4972,-5.52655e+06,1.10535e+07,22638
0,4973,-1.05038e+07,-6.5696e+06,189024
0,4974,36368.4,7.52459e+06,108121
0,4975,-36354.6,7.13597e+06,-386888
0,4976,-8.77189e+06,-2.00288e+06,147503
0,4977,-1.07308e+07,9.33062e+06,1.21615e+06
0,4978,1.04018e+07,-6.35311e+06,814111
0,4979,-7.72427e+06,9.80733e+06,-646969
0,4980,8.35248e+06,-2.58125e+06,804048
0,4981,9.50636e+06,-8.50217e+06,1.07126e+06
0,4982,-7.63559e+06,-8.04411e+06,-180234
0,4983,1.00454e+07,2.48017e+06,-136958
0,4984,-1.09015e+07,5.81109e+06,921823
0,4985,6.4761e+06,7.14308e+06,601573
0,4986,630962,1.23752e+07,90336.9
0,4987,9.47047e+06,-3.8216e+06,219259
0,4988,-8.24454e+06,-118245,598935
0,4989,6.78567e+06,-1.03266e+07,-617354
0,4990,502053,-1.40831e+07,645623
0,4991,7.43855e+06,-6.33196e+06,269642
0,4992,-8.85249e+06,1.05604e+07,-978224
0,4993,-9.28122e+06,2.67305e+06,64533.9
0,4994,-1.0599e+07,-3.16187e+06,757073
0,4995,-3.36723e+06,7.62519e+06,649162
0,4996,-9.94006e+06,-5.75041e+06,-50384.3
0,4997,3.64496e+06,1.07924e+07,106778
0,4998,-1.36472e+07,-6.01825e+06,-1.36284e+06
0,4999,-1.06189e+07,8.07342e+06,-925432
10,0,5.36781e+06,1.22249e+07,747628
10,1,-1.10851e+07,3.8576e+06,-941026
10,2,-5.40315e+06,9.17389e+06,-761745
10,3,1.14151e+07,4.29144e+06,541808
10,4,1.44376e+07,128302,1.42593e+06
10,5,-9.03484e+06,-7.71693e+06,-1.17519e+06
10,6,-7.08309e+06,-1.19451e+06,-143872
10,7,7.2758e+06,-1.12878e+06,-393864
10,8,-5.62917e+06,-5.2871e+06,-181567
10,9,-1.45169e+07,3.01827e+06,1.06923e+06
10,10,-1.18083e+07,3.73045e+06,-1.20931e+06
10,11,-1.33774e+07,-5.68134e+06,-333123
10,12,770753,7.07636e+06,-368993
10,13,-9.54439e+06,-7.97619e+06,830105
10,14,-6.5323e+06,5.23319e+06,-532633
10,15,-1.16347e+07,5.84562e+06,-761416
10,16,1.12796e+07,2.31424e+06,789475
10,17,-8.39087e+06,6.41063e+06,903235
10,18,-5.98335e+06,1.13346e+07,180585
10,19,1.0826e+07,-2.6271e+06,768839
10,20,-1.256e+07,-3.26187e+06,225168
10,21,-1.14691e+07,-9.2067e+06,-659325
10,22,4.67204e+06,8.07165e+06,-906272
10,23,-8.23741e+06,6.31313e+06,-428886
10,24,2.1668e+06,6.76793e+06,300532
10,25,-1.04012e+07,-8.24548e+06,1.1344e+06
10,26,1.0513e+07,-6.14796e+06,853989
10,27,8.7069e+06,6.03177e+06,-273716
10,28,-6.17024e+06,-1.06966e+07,225504
10,29,-8.4954e+06,-3.51871e+06,-215337
10,30,8.63993e+06,-1.1966e+07,654934
10,31,-410968,8.84085e+06,-815739
10,32,9.68839e+06,8.1871e+06,-153902
10,33,6.87671e+06,-5.18713e+06,-42429.3
10,34,-3.79138e+06,-1.08319e+07,-829254
10,35,-1.14303e+07,-2.98852e+06,-702452
10,36,-1.17835e+07,-8.50432e+06,566397
10,37,-9.92097e+06,-9.92331e+06,-573849
10,38,-7.56208e+06,2.03671e+06,-441455
10,39,7.71677e+06,-6.86091e+06,-362894
10,40,-4.9847e+06,6.19361e+06,648286
10,41,-5.41571e+06,-7.35196e+06,-915201
10,42,-3.37233e+06,9.19989e+06,-658144
10,43,-1.12193e+07,1.00692e+06,433742
10,44,264566,9.13135e+06,-606916
10,45,-8.1452e+06,-3.19255e+06,-168273
10,46,-264778,7.50488e+06,-380473
10,47,-2.88458e+06,-1.2203e+07,-884000
10,48,-1.626e+06,1.4825e+07,1.42595e+06
10,49,1.00481e+07,2.18712e+06,-318733
10,50,-5.03526e+06,-1.09746e+07,74704.4
10,51,-9.9793e+06,-3.51566e+06,196173
10,52,-5.27331e+06,5.52371e+06,-394138
10,53,-1.31414e+07,2.42015e+06,1.29597e+06
10,54,4.1866e+06,-9.27102e+06,607690
10,55,-8.1843e+06,-498749,321263
10,56,-6.41212e+06,1.22709e+07,-775465
10,57,4.68941e+06,-1.17847e+07,-383999
10,58,7.26009e+06,-2.76227e+06,-159142
10,59,5.88658e+06,-9.45197e+06,391421
10,60,3.21696e+06,1.24731e+07,106782
10,61,1.62351e+06,1.24342e+07,-816337
10,62,-1.47533e+07,-1.60504e+06,-710413
10,63,1.46292e+07,-3.17144e+06,174526
10,64,5.22278e+06,1.30403e+07,-621654
10,65,7.22473e+06,-1.02874e+07,897371
10,66,7.81998e+06,-6.56583e+06,717821
10,67,3.24451e+06,-1.41086e+07,489465
10,68,-8.10765e+06,8.29673e+06,1.02378e+06
10,69,-3.18169e+06,1.44315e+07,-575558
10,70,-1.0289e+07,3.38586e+06,1.07465e+06
10,71,8.34434e+06,1.028e+06,-10267.2
10,72,-5.68271e+06,6.21391e+06,411521
10,73,-4.61226e+06,1.19048e+07,108624
10,74,-7.19225e+06,-8.3978e+06,-552265
10,75,1.16243e+07,-1.486e+06,-31073.2
10,76,-1.30726e+07,5.65268e+06,-427173
10,77,-5.85966e+06,-1.06192e+07,884922
10,78,-8.84055e+06,-29051.9,127316
10,79,1.25797e+07,3.59827e+06,1.29838e+06
10,80,-2.04686e+06,1.05309e+07,824422
10,81,1.2432e+07,-3.71203e+06,-439343
10,82,-1.01879e+07,-5.04687e+06,1.09558e+06
10,83,-2.67636e+06,7.10065e+06,-469664
10,84,-9.11219e+06,772271,-232895
10,85,5.70389e+06,-8.35944e+06,872487
10,86,1.85221e+06,7.3285e+06,258819
10,87,-327817,9.85548e+06,-403940
10,88,5.60916e+06,-7.73551e+06,-695633
10,89,-1.19497e+07,-4.18341e+06,-515548
10,90,-471938,1.03449e+07,230994
10,91,7.64323e+06,328512,195718
10,92,7.68411e+06,3.75473e+06,-176567
10,93,5.63236e+06,-4.75815e+06,-698630
10,94,-1.07904e+07,4.32281e+06,400080
10,95,5.32431e+06,7.96488e+06,926107
10,96,8.80144e+06,-1.04915e+07,-684594
10,97,-2.47781e+06,6.8778e+06,54216
10,98,4.57569e+06,-8.44302e+06,-439078
10,99,-1.41764e+07,3.84135e+06,1.00626e+06
10,100,-7.29565e+06,4.45492e+06,341264
10,101,5.36539e+06,6.02959e+06,760141
10,102,1.22774e+07,3.30392e+06,-257314
10,103,-323422,-1.04502e+07,-521381
10,104,7.36617e+06,4.18871e+06,-121494
10,105,1.16186e+07,4.51474e+06,1.03749e+06
10,106,606040,1.04866e+07,-855062
10,107,7.78562e+06,-3.30924e+06,233997
10,108,-6.07976e+06,-9.32592e+06,-143232
10,109,1.22482e+07,3.85042e+06,169581
10,110,5.96653e+06,5.71943e+06,-261451
10,111,6.37099e+06,4.3757e+06,-291638
10,112,6.62584e+06,1.3197e+07,-1.43045e+06
10,113,4.64232e+06,-1.22506e+07,-402828
10,114,-6.23175e+06,-8.66558e+06,-967390
10,115,1.10726e+07,-9.48003e+06,-697593
10,116,6.54157e+06,-2.81738e+06,1481.21
10,117,-4.50021e+06,-1.03783e+07,262144
10,118,1.36504e+07,-4.92577e+06,1.06766e+06
10,119,3.86243e+06,-1.14497e+07,428342
10,120,7.9488e+06,8.39968e+06,720705
10,121,-9.47312e+06,-9.67047e+06,868723
10,122,3.21878e+06,1.17671e+07,-551877
10,123,-6.2756e+06,5.99619e+06,-802580
10,124,-6.23244e+06,1.01846e+07,371989
10,125,-4.13539e+06,-9.19055e+06,-321341
10,126,-9.07753e+06,153173,350406
10,127,9.01026e+06,-3.71265e+06,-900671
10,128,1.01429e+07,-2.02541e+06,99236.6
10,129,-9.41014e+06,-4.39666e+06,157728
10,130,8.87839e+06,9.2718e+06,-642343
10,131,7.86302e+06,-8.5874e+06,144074
10,132,-3.73e+06,-8.07907e+06,427281
10,133,-6.45525e+06,6.13526e+06,61141
10,134,-8.47297e+06,6.95755e+06,-443961
10,135,7.30636e+06,2.63546e+06,714278
10,136,-8.44914e+06,1.08094e+07,1.25692e+06
10,137,-1.2346e+07,1.29866e+06,-17315.9
10,138,6.38362e+06,4.2423e+06,157049
10,139,2.5785e+06,1.10883e+07,1.0186e+06
10,140,9.94656e+06,8.67972e+06,1.14057e+06
10,141,1.47322e+07,-319592,-1.31235e+06
10,142,-1.23353e+07,-3.72463e+06,530737
10,143,-5.53322e+06,-1.36359e+07,993232
10,144,7.40318e+06,-1.1804e+07,-205973
10,145,-7.01663e+06,5.23391e+06,687492
10,146,-8.12587e+06,-759068,-435832
10,147,7.62851e+06,-8.761e+06,885406
10,148,7.47804e+06,-4.8111e+06,163428
10,149,-2.47811e+06,-9.48327e+06,-35938.2
10,150,-2.72127e+06,-9.63432e+06,-503530
10,151,-8.85314e+06,3.79018e+06,-474797
10,152,-9.18544e+06,-4.50281e+06,493391
10,153,5.84863e+06,-1.17464e+07,641408
10,154,913921,1.24123e+07,-248392
10,155,9.35334e+06,5.44254e+06,61401.3
10,156,3.42248e+06,-9.86607e+06,1.00116e+06
10,157,-5.08562e+06,1.02032e+07,-1.04397e+06
10,158,1.25903e+07,-6.94671e+06,-710953
10,159,1.11251e+07,5.77645e+06,-838054
10,160,-2.46966e+06,8.33334e+06,864718
10,161,-9.42165e+06,8.30772e+06,596097
10,162,1.38033e+07,-3.60425e+06,-1.2648e+06
10,163,7.90849e+06,6.36339e+06,-333746
10,164,-4.98329e+06,-6.70666e+06,-186735
10,165,-956423,8.7798e+06,-246735
10,166,-8.67341e+06,2.54801e+06,-848014
10,167,-7.87368e+06,4.82828e+06,189883
10,168,6.06463e+06,6.83114e+06,-776098
10,169,-1.26042e+07,7.2134e+06,235753
10,170,1.23925e+07,7.161e+06,1.08025e+06
10,171,5.76284e+06,9.8488e+06,-202550
10,172,-1.30659e+07,1.55889e+06,1.28115e+06
10,173,42872.1,-1.00115e+07,-214298
10,174,-1.22969e+07,-5.76557e+06,-1.18863e+06
10,175,4.77946e+06,5.46501e+06,-708353
10,176,-2.64793e+06,-7.12671e+06,52223
10,177,1.11419e+07,-6.69257e+06,221364
10,178,630840,-1.27896e+07,-312887
10,179,2.41485e+06,8.58449e+06,-443662
10,180,2.36538e+06,8.86131e+06,695081
10,181,1.24622e+07,3.8457e+06,-603821
10,182,-7.17744e+06,772.048,-34147.3
10,183,-4.89333e+06,1.27145e+07,863211
10,184,1.24754e+07,7.81052e+06,860006
10,185,-1.16341e+07,1.40165e+06,-186248
10,186,-8.4421e+06,-1.02159e+07,809527
10,187,-1.04478e+07,-9.55707e+06,1.36482e+06
10,188,-7.70508e+06,-9.02144e+06,130070
10,189,-1.06365e+06,-7.65415e+06,73328.6
10,190,9.00129e+06,-5.59536e+06,-428496
10,191,-3.54627e+06,-1.05912e+07,663035
10,192,5.8855e+06,-8.88723e+06,573840
10,193,7.19421e+06,2.21587e+06,181904
10,194,2.41541e+06,9.47506e+06,155774
10,195,-9.4501e+06,-2.32629e+06,-77625.4
10,196,-9.4909e+06,6.78888e+06,461551
10,197,-2.71219e+06,-7.99156e+06,-149112
10,198,-1.38624e+07,-1.39011e+06,1.32221e+06
10,199,1.86564e+06,1.16425e+07,759887
10,200,-5.65115e+06,7.90586e+06,-912623
10,201,-1.11056e+07,-2.50682e+06,-327993
10,202,9.72179e+06,1.02754e+07,-480849
10,203,7.96866e+06,5.30429e+06,-36096.8
10,204,-1.24347e+07,-974669,-857030
10,205,9.98844e+06,232269,737266
10,206,-6.21088e+06,-4.44894e+06,745303
10,207,1.00467e+07,-5.12193e+06,-595707
10,208,-1.28036e+07,-2.61003e+06,576662
10,209,4.41685e+06,6.03497e+06,-549709
10,210,7.03089e+06,-1.03132e+07,623641
10,211,4.92365e+06,-5.30905e+06,-211264
10,212,7.99539e+06,6.27841e+06,483038
10,213,-7.73641e+06,-3.37033e+06,575897
10,214,-7.49582e+06,-1.77318e+06,-411359
10,215,-9.62058e+06,1.51634e+06,-282310
10,216,-1.20966e+07,1.49701e+06,205276
10,217,-1.20316e+07,-4.63271e+06,223154
10,218,-8.37366e+06,7.89637e+06,-374310
10,219,-1.10258e+07,-8.91433e+06,-725571
10,220,-5.35153e+06,9.54712e+06,951696
10,221,1.00777e+06,6.98544e+06,-190089
10,222,6.48513e+06,-8.71791e+06,-897577
10,223,1.25829e+07,4.65232e+06,919887
10,224,7.34911e+06,927261,291927
10,225,1.19601e+07,-9.01365e+06,227651
10,226,1.42645e+07,533225,1.36035e+06
10,227,-1.78238e+06,-1.07569e+07,700653
10,228,-1.24263e+07,-2.84365e+06,-59608.5
10,229,3.74447e+06,1.3125e+07,1.28123e+06
10,230,3.89502e+06,1.20601e+07,599253
10,231,-2.91649e+06,-1.0837e+07,601603
10,232,-7.66056e+06,-373152,664298
10,233,-7.90626e+06,-5.37781e+06,-250131
10,234,-1.01212e+07,-3.26126e+06,104045
10,235,-3.36184e+06,-7.89898e+06,-709180
10,236,8.08396e+06,214831,-621130
10,237,-8.41994e+06,-6.71013e+06,634424
10,238,4.70258e+06,-6.27823e+06,386184
10,239,9.35273e+06,-4.11686e+06,1.00655e+06
10,240,-6.29796e+06,5.86893e+06,735988
10,241,1.21563e+07,3.8539e+06,718757
10,242,102385,-1.35987e+07,815655
10,243,5.22894e+06,1.25352e+07,-718634
10,244,1.01311e+07,-6.54606e+06,-443599
10,245,-4.72617e+06,-1.07094e+07,-112499
10,246,1.03002e+07,-7.44023e+06,315437
10,247,-1.05133e+07,4.18832e+06,175392
10,248,-7.68597e+06,6.14859e+06,62712.1
10,249,910470,7.47749e+06,64552.3
10,250,-5.24996e+06,9.02525e+06,481770
10,251,6.19875e+06,1.08706e+07,949421
10,252,-521630,-1.09498e+07,160388
10,253,282738,-1.4966e+07,619996
10,254,8.16856e+06,1.03759e+07,-781229
10,255,-1.26891e+07,418437,647124
10,256,-7.59828e+06,-1.85345e+06,-189576
10,257,-8.42144e+06,-6.52918e+06,4876.83
10,258,-1.12809e+07,903838,-206091
10,259,1.3129e+07,1.06932e+06,259378
10,260,-2.36676e+06,-1.12761e+07,228226
10,261,1.31753e+07,-3.40305e+06,-428713
10,262,-7.84888e+06,4.00339e+06,-373918
10,263,1.01446e+07,-6.19877e+06,-859560
10,264,-373213,7.78948e+06,352860
10,265,9.3325e+06,7.06076e+06,982374
10,266,1.31667e+07,1.97884e+06,403197
10,267,-9.28787e+06,9.26812e+06,-1.13404e+06
10,268,5.97911e+06,4.69305e+06,518306
10,269,1.01845e+07,9.98915e+06,-754186
10,270,3.1648e+06,7.67861e+06,561418
10,271,-3.69635e+06,8.90626e+06,-526244
10,272,-8.64582e+06,8.10241e+06,579276
10,273,2.10545e+06,-8.38243e+06,179308
10,274,-6.82114e+06,3.97186e+06,574854
10,275,-1.40631e+07,3.01931e+06,-55126.4
10,276,-1.217e+07,-7.48031e+06,-1.33855e+06
10,277,101285,1.42999e+07,222048
10,278,8.11405e+06,1.83167e+06,-313777
10,279,-2.34001e+06,1.30145e+07,-741010
10,280,-8.61541e+06,-898671,826305
10,281,-9.93775e+06,-3.81311e+06,769046
10,282,4.45135e+06,1.03553e+07,-452006
10,283,-7.61598e+06,5.64259e+06,-138792
10,284,-7.88193e+06,1.08343e+07,-85126.3
10,285,-8.65363e+06,8.274e+06,807123
10,286,-3.25538e+06,1.12265e+07,500723
10,287,-1.09449e+07,-2.47435e+06,-42442.4
10,288,1.12003e+06,-1.08841e+07,-870613
10,289,8.56297e+06,4.47659e+06,489805
10,290,7.38066e+06,-5.45593e+06,48788
10,291,1.32658e+07,-1.70592e+06,910332
10,292,-1.17024e+07,7.56592e+06,144157
10,293,2.93066e+06,8.5424e+06,9948.17
10,294,-6.30954e+06,9.92322e+06,163329
10,295,-1.31803e+07,-4.96929e+06,622472
10,296,1.34101e+07,-891233,277424
10,297,1.30481e+07,-3.05808e+06,1.1943e+06
10,298,-6.80104e+06,4.44293e+06,-286074
10,299,-5.08777e+06,-5.76217e+06,362924
10,300,9.81337e+06,9.62548e+06,1.03687e+06
10,301,-3.39292e+06,-1.16172e+07,996142
10,302,-6.20491e+06,1.02394e+07,779574
10,303,9.64005e+06,2.1772e+06,654500
10,304,1.52532e+06,-9.63793e+06,-267899
10,305,2.57463e+06,1.35842e+07,1.31617e+06
10,306,9.93117e+06,8.75148e+06,174144
10,307,-1.46183e+07,2.62941e+06,-945592
10,308,-1.08269e+07,-915983,525611
10,309,-1.03225e+07,7.17429e+06,-709677
10,310,-1.0719e+07,5.67281e+06,-893519
10,311,-5.06969e+06,-1.32589e+07,520290
10,312,-1.33079e+07,-2.56995e+06,855156
10,313,9.9916e+06,4.55951e+06,-208149
10,314,-1.97219e+06,-1.07666e+07,-863026
10,315,-773286,8.07438e+06,-379060
10,316,-120250,1.28524e+07,342217
10,317,-9.76091e+06,-4.91645e+06,740161
10,318,1.40878e+06,-1.01364e+07,-159583
10,319,9.49953e+06,-2.45413e+06,-620162
10,320,1.08986e+06,-7.61638e+06,-665995
10,321,-1.2623e+07,5.19285e+06,1.13691e+06
10,322,-9.74145e+06,-8.18056e+06,1.14618e+06
10,323,9.74622e+06,-2.82045e+06,-741966
10,324,-1.42238e+06,1.07762e+07,86616.1
10,325,4.56538e+06,-6.90315e+06,574286
10,326,8.20492e+06,1.21216e+07,361125
10,327,-6.08512e+06,8.90939e+06,-320439
10,328,-2.81258e+06,-9.90894e+06,202498
10,329,9.42025e+06,4.94532e+06,-900591
10,330,6.85731e+06,-1.32649e+06,-693320
10,331,-3.15552e+06,7.14415e+06,480788
10,332,3.70896e+06,-1.42101e+07,559985
10,333,9.47908e+06,5.8207e+06,1.02214e+06
10,334,-8.33769e+06,-1.00387e+07,676662
10,335,-8.23954e+06,-9.70874e+06,1.22768e+06
10,336,-8.54884e+06,-1.13587e+07,549516
10,337,-3.4888e+06,-6.50558e+06,-674827
10,338,1.17054e+07,16639.2,130651
10,339,-4.19941e+06,9.90088e+06,-817785
10,340,4.46325e+06,1.20075e+07,-987601
10,341,2.97755e+06,-9.92463e+06,508251
10,342,-7.1675e+06,1.99151e+06,33376.5
10,343,-7.0813e+06,-9.87547e+06,-328914
10,344,-1.13779e+07,1.29504e+06,883487
10,345,-1.05009e+07,4.00877e+06,-214741
10,346,3.91297e+06,-1.08979e+07,88931.3
10,347,-874647,-1.2262e+07,49585.6
10,348,7.4873e+06,-7.23698e+06,-171816
10,349,1.06265e+07,-578409,-1.06725e+06
10,350,-6.35346e+06,5.57416e+06,733058
10,351,7.5115e+06,528218,-675427
10,352,7.47534e+06,1.88084e+06,-31168.9
10,353,-1.64543e+06,1.15268e+07,-236891
10,354,-4.06129e+06,6.58132e+06,34829.1
10,355,1.28536e+07,331556,-84063.3
10,356,5.69658e+06,-7.43613e+06,404071
10,357,-2.05327e+06,1.14915e+07,960158
10,358,5.63423e+06,4.73414e+06,-159517
10,359,7.70457e+06,-2.08359e+06,476212
10,360,-7.62892e+06,-4.83067e+06,873745
10,361,-1.12724e+07,-8.34925e+06,1.13513e+06
10,362,-563510,-1.48464e+07,-1.29587e+06
10,363,5.40454e+06,-8.64794e+06,-550042
10,364,9.84538e+06,9.36666e+06,-1.2347e+06
10,365,9.74863e+06,2.36182e+06,919888
10,366,4.32321e+06,-1.28999e+07,353204
10,367,-8.66276e+06,-1.07311e+06,169836
10,368,-785130,1.11727e+07,34155.5
10,369,1.08934e+07,-184398,867826
10,370,-7.61211e+06,-7.51103e+06,530568
10,371,5.78396e+06,-4.38802e+06,523784
10,372,-8.2968e+06,6.67484e+06,-483851
10,373,1.03514e+07,3.03293e+06,761040
10,374,-3.52911e+06,6.3403e+06,627870
10,375,-2.58117e+06,1.26044e+07,-636994
10,376,-2.26746e+06,-6.63533e+06,-634470
10,377,1.09253e+07,-2.58305e+06,-878633
10,378,1.40842e+07,-696650,-1.23982e+06
10,379,-1.39393e+07,-1.47193e+06,1.14211e+06
10,380,-6.01434e+06,-9.8841e+06,101306
10,381,-1.34587e+06,-1.38506e+07,59170.8
10,382,353269,1.39081e+07,-954941
10,383,-4.23207e+06,7.10734e+06,-432683
10,384,1.13191e+07,8.94886e+06,574558
10,385,6.28998e+06,-5.68382e+06,784365
10,386,7.78233e+06,-7.30151e+06,-1.05959e+06
10,387,1.75043e+06,1.34005e+07,1.10712e+06
10,388,-6.53903e+06,-2.49759e+06,359569
10,389,3.0927e+06,8.49258e+06,-753513
10,390,-8.88737e+06,-3.58486e+06,-737716
10,391,9.97283e+06,638616,637777
10,392,-1.73751e+06,7.79922e+06,-771945
10,393,5.66627e+06,-8.78699e+06,-225553
10,394,271294,-8.41757e+06,486985
10,395,1.16695e+06,-8.27463e+06,749540
10,396,1.16968e+06,-8.24121e+06,347410
10,397,1.00216e+07,3.88867e+06,-916567
10,398,1.37878e+07,-795365,486480
10,399,-6.28584e+06,-8.49261e+06,199493
10,400,9.17798e+06,4.09015e+06,646996
10,401,4.23595e+06,-9.01707e+06,-493516
10,402,3.72453e+06,5.93649e+06,-44093.5
10,403,1.1592e+07,8.74053e+06,1.03019e+06
10,404,5.20376e+06,-9.92571e+06,-452165
10,405,2.01646e+06,-1.35504e+07,-740344
10,406,5.47243e+06,-5.85763e+06,744776
10,407,-767391,-7.18529e+06,593147
10,408,1.35106e+07,-3.00226e+06,720592
10,409,-4.05926e+06,9.71791e+06,-377729
10,410,-272671,-1.27695e+07,-766337
10,411,-2.99085e+06,-1.36194e+07,175004
10,412,-1.0335e+07,-2.94802e+06,-733558
10,413,7.19404e+06,4.72861e+06,-597261
10,414,-1.03754e+07,-2.07176e+06,-1.02338e+06
10,415,-3.70944e+06,1.28025e+07,1.10036e+06
10,416,5.7622e+06,1.35667e+07,-111736
10,417,-5.66436e+06,-4.12688e+06,150419
10,418,-8.34307e+06,-3.28589e+06,-492685
10,419,-4.74128e+06,-6.7901e+06,-288428
10,420,-1.06819e+07,4.69261e+06,1.13373e+06
10,421,-8.00611e+06,1.73215e+06,295752
10,422,1.0037e+07,-1.53935e+06,450912
10,423,603864,-1.21908e+07,1.10799e+06
10,424,-2.23413e+06,-1.40686e+07,710437
10,425,6.47514e+06,4.97652e+06,115812
10,426,-7.09982e+06,707659,-413767
10,427,1.64001e+06,-9.59094e+06,860875
10,428,-7.36552e+06,-1.69126e+06,579275
10,429,3.52598e+06,-6.79685e+06,-217810
10,430,9.47375e+06,-1.27867e+06,-572604
10,431,5.47707e+06,-1.12282e+07,-1.14959e+06
10,432,1.17799e+07,-3.63563e+06,-928275
10,433,-1.16947e+07,-7.99421e+06,330420
10,434,-3.64252e+06,1.12852e+07,1.03477e+06
10,435,-1.02317e+07,-1.03524e+07,825945
10,436,-1.18409e+07,1.10049e+06,382619
10,437,-9.295e+06,-6.60994e+06,648144
10,438,1.04528e+07,2.80561e+06,-728374
10,439,-1.58804e+06,-1.03863e+07,196035
10,440,-1.21039e+07,1.52141e+06,282436
10,441,-9.46525e+06,1.72232e+06,470387
10,442,-1.27485e+07,5.58086e+06,-1.27365e+06
10,443,8.20809e+06,1.15899e+06,254164
10,444,-9.29766e+06,-2.61547e+06,-12986.8
10,445,-6.31685e+06,4.29786e+06,-427422
10,446,2.90308e+06,9.90664e+06,703987
10,447,8.15703e+06,-1.97362e+06,-141155
10,448,-9.45037e+06,-9.99414e+06,647908
10,449,-1.31332e+07,-460525,113807
10,450,-9.37747e+06,-5.8693e+06,-1.04431e+06
10,451,-7.94016e+06,-6.34225e+06,198638
10,452,-7.4135e+06,-1.1017e+07,1.31124e+06
10,453,-5.92534e+06,7.12691e+06,-215342
10,454,5.56773e+06,-9.15083e+06,-566532
10,455,-1.097e+07,7.35104e+06,269040
10,456,-8.45707e+06,8.59819e+06,30428.3
10,457,9.31761e+06,4.3981e+06,-129487
10,458,-6.47739e+06,4.3056e+06,144550
10,459,-5.99699e+06,-9.92633e+06,-940811
10,460,-4.70736e+06,1.1271e+07,-246651
10,461,1.3836e+07,844968,245134
10,462,-9.41611e+06,7.06756e+06,-619779
10,463,6.65975e+06,-5.86904e+06,-102929
10,464,-9.16867e+06,2.9826e+06,326755
10,465,-7.77985e+06,2.47756e+06,143521
10,466,-289092,1.458e+07,-410612
10,467,-7.86217e+06,-6.22918e+06,-287489
10,468,2.29801e+06,-1.10216e+07,462724
10,469,7.00184e+06,-7.91861e+06,122914
10,470,1.09927e+07,2.46513e+06,1.10004e+06
10,471,863313,7.90473e+06,-714840
10,472,1.85223e+06,1.19526e+07,-775117
10,473,6.09173e+06,4.7217e+06,130523
10,474,-1.0032e+07,7.46648e+06,-50279.4
10,475,1.23987e+07,1.42187e+06,-441643
10,476,-1.29077e+07,-7.17313e+06,-726450
10,477,-6.19835e+06,9.29679e+06,72058.4
10,478,5.30873e+06,5.96554e+06,-570247
10,479,-1.49615e+06,-1.4408e+07,-979594
10,480,-944982,-8.43394e+06,-584507
10,481,8.64834e+06,-1.95197e+06,-434217
10,482,1.21868e+07,-1.58294e+06,-309019
10,483,179790,7.12228e+06,472128
10,484,1.66935e+06,-1.37745e+07,-1.07578e+06
10,485,1.16841e+07,-6.48148e+06,268890
10,486,6.79145e+06,-1.28326e+07,485026
10,487,-6.7808e+06,9.40007e+06,-791021
10,488,-4.95842e+06,1.07163e+07,866912
10,489,284021,-1.48939e+07,-1.22281e+06
10,490,7.15714e+06,5.94675e+06,280187
10,491,1.17428e+07,-5.85278e+06,-162249
10,492,1.02631e+07,-9.81591e+06,-519447
10,493,-9.93972e+06,9.7733e+06,-566623
10,494,-5.81825e+06,1.07101e+07,317477
10,495,-1.09194e+07,-4.66777e+06,-284060
10,496,-9.32103e+06,-6.54175e+06,104053
10,497,1.05026e+07,1.0385e+06,183781
10,498,-5.14958e+06,-6.55566e+06,432768
10,499,-1.05552e+07,-2.94648e+06,992209
10,500,1.18319e+07,-7.00529e+06,863998
10,501,4.6036e+06,6.38465e+06,41910.9
10,502,-8.88103e+06,1.23567e+06,-189458
10,503,-158426,-1.13836e+07,490958
10,504,4.96583e+06,-1.00042e+07,-154445
10,505,1.26977e+07,6.16502e+06,1.28706e+06
10,506,-8.95119e+06,8.31176e+06,-740756
10,507,3.62697e+06,1.01827e+07,-722408
10,508,-1.17973e+07,-1.78748e+06,406065
10,509,-1.41277e+07,-2.96252e+06,233669
10,510,-1.48065e+06,-7.5721e+06,-154469
10,511,6.62447e+06,-1.32499e+07,66605.3
10,512,5.11844e+06,-6.11112e+06,478490
10,513,-2.44736e+06,8.10049e+06,497121
10,514,7.41039e+06,-4.12451e+06,-128020
10,515,3.16113e+06,-7.0145e+06,-194672
10,516,8.44975e+06,7.28498e+06,-1.11355e+06
10,517,-1.20406e+07,-1.21496e+06,226420
10,518,-8.01041e+06,-1.06443e+07,-867732
10,519,8.23444e+06,-5.44485e+06,533473
10,520,-470667,1.14345e+07,-453279
10,521,7.67762e+06,-1.03019e+07,440665
10,522,1.46379e+06,-1.33633e+07,-943354
10,523,5.88502e+06,8.54687e+06,-549995
10,524,-1.37617e+07,2.30723e+06,98676.3
10,525,-3.27906e+06,7.7502e+06,-454437
10,526,-5.5346e+06,-6.63367e+06,-420386
10,527,1.12003e+07,4.37697e+06,-863013
10,528,-7.49265e+06,-5.32245e+06,323343
10,529,-9.94853e+06,3.45418e+06,473192
10,530,-3.92081e+06,5.93379e+06,453923
10,531,-6.19582e+06,1.00271e+07,958064
10,532,-1.29151e+06,1.3112e+07,382955
10,533,-9.60398e+06,6.79005e+06,-313038
10,534,-7.17658e+06,-6.59678e+06,-112278
10,535,-6.53166e+06,-1.19339e+07,-1.17305e+06
10,536,-1.66809e+06,1.20039e+07,224986
10,537,1.43307e+06,1.23578e+07,-107342
10,538,8.03893e+06,2.82274e+06,-207112
10,539,9.90075e+06,-211414,-106256
10,540,-8.39567e+06,-4.72897e+06,-794290
10,541,-9.66398e+06,-1.10427e+07,748554
10,542,-7.08686e+06,4.44002e+06,-129313
10,543,1.35627e+07,164996,-540514
10,544,-1.46702e+07,2.27655e+06,-348860
10,545,7.83009e+06,-1.20345e+06,-762781
10,546,1.56259e+06,-1.27854e+07,-660938
10,547,1.02759e+07,6.86459e+06,-600941
10,548,8.82098e+06,-9.95404e+06,288618
10,549,5.8857e+06,9.30778e+06,-964696
10,550,1.04822e+06,7.86773e+06,-251406
10,551,-5.7653e+06,8.21187e+06,-524107
10,552,5.10071e+06,-9.82154e+06,-487914
10,553,1.01905e+07,-1.03234e+07,-982772
10,554,-1.18289e+07,-6.05606e+06,176953
10,555,-1.01252e+07,-142360,-208263
10,556,-7.80133e+06,-8.19011e+06,394463
10,557,-1.94138e+06,-1.10618e+07,-807126
10,558,3.70508e+06,-7.86102e+06,-308579
10,559,4.00864e+06,5.9474e+06,-396838
10,560,-1.30671e+07,-6.5207e+06,1.26705e+06
10,561,-1.1504e+07,1.43571e+06,-432094
10,562,7.52686e+06,9.10511e+06,942947
10,563,-5.64446e+06,1.23501e+07,1.23305e+06
10,564,-6.75633e+06,-1.17601e+07,-1.02794e+06
10,565,-1.07997e+07,-481435,-578787
10,566,1.35139e+06,-7.49712e+06,-576931
10,567,1.08238e+07,-4.49779e+06,883327
10,568,5.51883e+06,-7.33091e+06,-920030
10,569,-5.65772e+06,-4.35368e+06,-193074
10,570,-9.23066e+06,-4.03125e+06,-621680
10,571,-8.6491e+06,764601,441893
10,572,-3.56547e+06,1.14108e+07,-166570
10,573,7.41585e+06,3.84198e+06,472699
10,574,3.93149e+06,8.22512e+06,349534
10,575,-7.94134e+06,-8.89862e+06,-647313
10,576,1.54047e+06,8.70712e+06,-577758
10,577,7.11786e+06,-9.94958e+06,549198
10,578,-1.10496e+07,7.457e+06,410905
10,579,-9.69643e+06,-1.63823e+06,-36119.3
10,580,-6.40604e+06,5.40088e+06,779474
10,581,5.93925e+06,6.74537e+06,-146359
10,582,-1.15497e+07,-6.62322e+06,482105
10,583,-6.19217e+06,-5.84089e+06,-300596
10,584,-9.34437e+06,-9.94965e+06,-823089
10,585,7.22488e+06,2.06607e+06,-193291
10,586,-5.48646e+06,-7.29369e+06,-1215.96
10,587,5.32694e+06,7.3814e+06,-679946
10,588,511073,1.39015e+07,422212
10,589,-1.01013e+07,-8.88168e+06,968938
10,590,9.75027e+06,-2.68004e+06,-743237
10,591,-4.15997e+06,-6.58223e+06,691403
10,592,1.19085e+07,6.2693e+06,-594232
10,593,-334857,1.44158e+07,811730
10,594,-1.35936e+07,328974,-309126
10,595,1.45758e+06,1.04679e+07,824737
10,596,7.86282e+06,-7.06708e+06,-835439
10,597,-1.3932e+07,5.12658e+06,-1.34618e+06
10,598,-92713.9,-7.29993e+06,232272
10,599,1.05e+07,8.25952e+06,-1.24445e+06
10,600,-8.46341e+06,7.13292e+06,-84236.9
10,601,1.46341e+07,-2.6624e+06,1.31926e+06
10,602,-8.16962e+06,1.04554e+07,-233203
10,603,5.5603e+06,-9.89997e+06,-981837
10,604,8.99106e+06,5.21568e+06,30470.6
10,605,2.92928e+06,-1.38641e+07,-772062
10,606,-7.26401e+06,-1.28224e+07,-1.44758e+06
10,607,-678867,8.98419e+06,-778087
10,608,-1.4504e+07,1.93618e+06,1.16078e+06
10,609,6.71202e+06,6.83225e+06,-49158.9
10,610,-7.85981e+06,614024,664237
10,611,-8.24226e+06,-7.49408e+06,-766190
10,612,5.58597e+06,4.77466e+06,144822
10,613,-5.5762e+06,5.39626e+06,77738.7
10,614,5.15319e+06,8.68519e+06,-457193
10,615,-6.41833e+06,-1.29202e+07,-11403.1
10,616,7.09298e+06,-255774,243462
10,617,6.9616e+06,-6.49985e+06,-460498
10,618,-7.38896e+06,-8.595e+06,-632967
10,619,-111401,-1.48258e+07,171436
10,620,7.93529e+06,2.87285e+06,-303834
10,621,-1.63855e+06,1.29216e+07,103046
10,622,9.94008e+06,8.08786e+06,475123
10,623,7.56684e+06,-1.60402e+06,-17953.3
10,624,-4.5632e+06,6.81809e+06,-142078
10,625,-478862,-1.30534e+07,292484
10,626,4.4707e+06,6.41796e+06,-636864
10,627,8.36846e+06,-8.05663e+06,-153806
10,628,-7.69925e+06,-3.02098e+06,516330
10,629,9.54049e+06,-8.71378e+06,-574315
10,630,6.27528e+06,-5.80338e+06,269425
10,631,-383834,-9.46084e+06,597522
10,632,-4.47463e+06,-1.10441e+07,-297341
10,633,-1.11424e+07,-1.77055e+06,786606
10,634,6.82993e+06,-1.18232e+07,-1.33955e+06
10,635,768520,-1.29654e+07,463552
10,636,7.1792e+06,-1.08977e+07,-77466.8
10,637,7.75487e+06,7.82046e+06,-252523
10,638,2.36422e+06,-1.18948e+07,-686633
10,639,-4.12307e+06,-6.92844e+06,-805844
10,640,8.25436e+06,1.60167e+06,-560995
10,641,-6.47937e+06,5.42244e+06,-165061
10,642,-1.39481e+07,-946018,625057
10,643,1.12545e+06,7.74534e+06,317833
10,644,-7.40105e+06,543822,147494
10,645,1.1678e+07,1.75899e+06,-420342
10,646,7.11237e+06,9.7676e+06,472464
10,647,1.28693e+07,-1.40287e+06,-752089
10,648,-1.34786e+07,-1.7883e+06,-344168
10,649,-647186,-7.94159e+06,-421305
10,650,9.16778e+06,3.87555e+06,600631
10,651,-1.28818e+06,-1.30588e+07,-526624
10,652,-5.38745e+06,-6.42897e+06,-6430.91
10,653,-3.2164e+06,-7.74405e+06,826288
10,654,-751832,-1.29033e+07,1.16722e+06
10,655,-7.83583e+06,-3.50467e+06,825949
10,656,-2.4863e+06,-7.94103e+06,142816
10,657,-3.70056e+06,-1.10453e+07,1.00335e+06
10,658,1.23924e+07,4.62599e+06,934696
10,659,-6.35134e+06,6.09694e+06,-67380.6
10,660,-9.94815e+06,4.21895e+06,947590
10,661,-8.51e+06,-9.28778e+06,-1.13718e+06
10,662,1.19991e+07,-7.61036e+06,797136
10,663,6.56465e+06,2.55855e+06,-387558
10,664,-6.501e+06,4.7001e+06,679652
10,665,1.07223e+07,972218,-468092
10,666,7.14046e+06,1.73997e+06,-329866
10,667,2.18861e+06,-8.89825e+06,872823
10,668,-8.99939e+06,4.2348e+06,686927
10,669,5.00125e+06,7.6292e+06,645254
10,670,-5.32752e+06,-5.09473e+06,91395
10,671,-3.94838e+06,8.91798e+06,530793
10,672,558301,7.66281e+06,357425
10,673,7.82889e+06,8.22235e+06,869383
10,674,4.82196e+06,-8.90966e+06,583584
10,675,-1.19351e+07,350584,1.1487e+06
10,676,-1.19016e+06,-8.05677e+06,-503619
10,677,-3.55084e+06,8.99163e+06,866619
10,678,5.94197e+06,1.34145e+07,-1.40678e+06
10,679,-1.10959e+07,6.21312e+06,-1.04809e+06
10,680,-1.18998e+07,-3.53055e+06,1.19655e+06
10,681,-7.30373e+06,4.94268e+06,75041.3
10,682,-1.26892e+07,-4.08394e+06,301045
10,683,5.09898e+06,-7.18238e+06,-125733
10,684,-4.09997e+06,-7.00266e+06,-461238
10,685,5.09357e+06,-5.8812e+06,-61988
10,686,-3.33151e+06,1.25378e+07,745377
10,687,-4.91623e+06,6.13203e+06,753723
10,688,-1.3344e+07,169983,-427778
10,689,-1.33915e+07,-3.93785e+06,722078
10,690,1.2907e+07,1.52276e+06,-973280
10,691,6.41145e+06,1.04527e+07,-600117
10,692,-1.35052e+07,-5.42689e+06,730470
10,693,-1.07886e+07,-3.76335e+06,-929481
10,694,-2.04125e+06,9.53086e+06,-213043
10,695,-9.32442e+06,9.60437e+06,-129321
10,696,8.43682e+06,5.69378e+06,-119961
10,697,3.23599e+06,7.89959e+06,-694618
10,698,532448,-9.82913e+06,-440404
10,699,-5.86413e+06,-7.45024e+06,-577458
10,700,-1.40535e+07,-1.85126e+06,-148549
10,701,5.71306e+06,9.93398e+06,260112
10,702,7.93348e+06,-5.89372e+06,-655493
10,703,-8.94367e+06,-6.41824e+06,-1.03031e+06
10,704,-1.00746e+06,-9.83778e+06,634510
10,705,2.91265e+06,-9.0044e+06,887912
10,706,1.01875e+07,9.36665e+06,664032
10,707,9.53692e+06,-624143,-27985.1
10,708,-1.16145e+06,-7.88947e+06,-282384
10,709,1.48558e+07,-1.84015e+06,467593
10,710,-3.02418e+06,-7.41937e+06,-653544
10,711,3.26926e+06,-6.44052e+06,-419722
10,712,9.89906e+06,-1.59605e+06,-327305
10,713,8.17165e+06,-4.53059e+06,-728851
10,714,1.30024e+07,-915928,1.04839e+06
10,715,-4.83626e+06,1.1199e+07,-599861
10,716,9.91075e+06,-9.24579e+06,68948.3
10,717,6.72184e+06,5.87018e+06,-738476
10,718,-1.11725e+07,6.06115e+06,1.03274e+06
10,719,4.6017e+06,1.20664e+07,293913
10,720,-9.23081e+06,-4.94558e+06,498987
10,721,7.51197e+06,-1.11366e+07,-661513
10,722,-404299,-7.2152e+06,-570095
10,723,9.50839e+06,299290,345790
10,724,-4.58813e+06,-6.91274e+06,818585
10,725,6.66864e+06,3.59838e+06,-241974
10,726,2.93504e+06,1.36129e+07,-388964
10,727,702714,-7.51403e+06,-138407
10,728,1.07677e+07,-7.38234e+06,-698431
10,729,1.24803e+07,4.92353e+06,1.07248e+06
10,730,8.5907e+06,-8.58525e+06,-1.21811e+06
10,731,-6.47419e+06,5.27368e+06,-201267
10,732,-6.51781e+06,5.89705e+06,-653632
10,733,3.39276e+06,-9.72732e+06,-43123.4
10,734,-6.30175e+06,3.29703e+06,-674525
10,735,1.02038e+07,1.06056e+07,611668
10,736,6.8421e+06,-1.30902e+07,589104
10,737,1.36287e+07,-1.50575e+06,332829
10,738,-7.89919e+06,-8.32095e+06,74979.6
10,739,-1.1487e+07,3.67848e+06,-679913
10,740,7.19833e+06,3.38167e+06,-376738
10,741,-6.68259e+06,-3.08936e+06,-318476
10,742,1.20986e+07,6.15872e+06,-743742
10,743,-1.03702e+07,-7.49177e+06,-1.11713e+06
10,744,1.0087e+07,-9.72255e+06,-475370
10,745,9.70168e+06,-599269,245337
10,746,5.96778e+06,-9.52508e+06,-482964
10,747,-1.22853e+06,1.03433e+07,603042
10,748,-6.21856e+06,-9.75984e+06,-573750
10,749,-8.73371e+06,564695,416131
10,750,1.09238e+07,2.33965e+06,824936
10,751,7.21877e+06,-1.97347e+06,-712839
10,752,1.08501e+07,6.23362e+06,1.03009e+06
10,753,6.90325e+06,8.18843e+06,-341083
10,754,3.89785e+06,7.31109e+06,744501
10,755,2.61413e+06,-1.02291e+07,294858
10,756,8.34159e+06,9.16659e+06,-659511
10,757,1.30665e+07,-2.36618e+06,-630755
10,758,-9.00961e+06,1.4757e+06,886200
10,759,-7.64878e+06,4.97367e+06,715787
10,760,6.78288e+06,1.81644e+06,146167
10,761,939499,1.42278e+07,-86574.7
10,762,-1.04592e+07,1.7251e+06,259802
10,763,-1.01986e+07,3.42328e+06,-55319.6
10,764,-1.13678e+07,-2.75789e+06,829881
10,765,3.75833e+06,-6.34962e+06,508303
10,766,-9.04339e+06,2.07588e+06,-114058
10,767,-6.98812e+06,5.20211e+06,-796018
10,768,3.81445e+06,-8.3874e+06,-397244
10,769,-1.32294e+07,-2.72256e+06,1.0281e+06
10,770,1.13782e+07,2.21155e+06,406824
10,771,-7.00566e+06,2.16224e+06,631204
10,772,-6.44923e+06,5.24512e+06,382413
10,773,-6.64004e+06,-1.23725e+07,-679653
10,774,-3.64387e+06,1.18369e+07,541389
10,775,-2.55248e+06,-1.43688e+07,1.06101e+06
10,776,-1.33545e+06,-6.8731e+06,462168
10,777,5.1196e+06,-5.22601e+06,-356257
10,778,3.89132e+06,-1.16849e+07,400806
10,779,-6.31832e+06,-4.46705e+06,76733.5
10,780,-1.17338e+07,7.9858e+06,-508109
10,781,-1.11177e+07,6.72471e+06,379757
10,782,9.32088e+06,-7.8238e+06,240230
10,783,7.01097e+06,8.45639e+06,-845854
10,784,3.81385e+06,7.29464e+06,227034
10,785,-1.26599e+07,-2.47649e+06,850076
10,786,6.40456e+06,-1.34741e+07,581772
10,787,-1.06671e+07,3.48216e+06,-934852
10,788,8.63279e+06,-5.38688e+06,627645
10,789,-8.53508e+06,1.74149e+06,552510
10,790,-5.76697e+06,4.82695e+06,530047
10,791,9.00583e+06,4.85437e+06,87032.5
10,792,-1.16684e+07,-7.50422e+06,-760226
10,793,-9.60319e+06,3.03931e+06,159694
10,794,1.05641e+07,7.63634e+06,1.01788e+06
10,795,-4.89902e+06,5.09312e+06,-669880
10,796,-9.9993e+06,-1.70598e+06,23698.2
10,797,-4.99025e+06,-6.62051e+06,-756871
10,798,1.23797e+07,-4.24876e+06,-419578
10,799,-8.07282e+06,7.59471e+06,-1.09704e+06
10,800,2.68023e+06,-9.72249e+06,193632
10,801,4.54045e+06,-6.35451e+06,48553.3
10,802,-1.19962e+07,-6.68441e+06,163944
10,803,3.80584e+06,6.81673e+06,739199
10,804,8.74943e+06,-1.17325e+06,56342.2
10,805,6.50623e+06,4.77876e+06,-470558
10,806,-1.23867e+07,7.34757e+06,-301232
10,807,5.67128e+06,7.62849e+06,-23095.8
10,808,4.17874e+06,-6.86608e+06,-208379
10,809,-9.87584e+06,1.55705e+06,-111722
10,810,-1.42901e+07,-4.24797e+06,-1.23061e+06
10,811,6.79011e+06,9.65417e+06,-1.1105e+06
10,812,2.22241e+06,-1.45289e+07,1.41566e+06
10,813,-1.05646e+07,-2.23918e+06,-717381
10,814,4.80005e+06,-7.57949e+06,-258111
10,815,-3.40263e+06,-1.31532e+07,-878414
10,816,-4.80637e+06,-9.94335e+06,-585791
10,817,-1.30618e+07,-3.84136e+06,-912898
10,818,1.16353e+07,43380.5,-814580
10,819,3.52362e+06,1.3045e+07,763959
10,820,-4.0724e+06,1.22075e+07,-448467
10,821,-1.29512e+07,3.13827e+06,615606
10,822,4.97294e+06,-6.49054e+06,345055
10,823,9.55789e+06,1.05734e+07,265177
10,824,-7.1881e+06,9.34858e+06,-97958.4
10,825,-108716,-7.30273e+06,72043.6
10,826,-3.07189e+06,-6.80015e+06,-49571
10,827,7.12969e+06,-1.29536e+06,652605
10,828,9.18629e+06,6.21084e+06,565170
10,829,-3.60154e+06,1.03254e+07,-18768.9
10,830,-1.02968e+07,-4.35225e+06,-131413
10,831,1.03622e+07,-5.73128e+06,-326270
10,832,1.01287e+07,-7.83473e+06,-112741
10,833,-8.40797e+06,-6.3657e+06,192811
10,834,-1.32494e+07,1.91156e+06,1.33264e+06
10,835,7.46936e+06,229026,209580
10,836,494971,9.36779e+06,-353066
10,837,8.82583e+06,1.80346e+06,852033
10,838,-803096,-8.71699e+06,460156
10,839,1.41186e+07,2.80271e+06,1.07303e+06
10,840,-7.49565e+06,-8.33966e+06,324078
10,841,-6.82886e+06,1.16961e+07,631725
10,842,3.07225e+06,-1.0744e+07,1.09985e+06
10,843,8.57364e+06,-213479,-705135
10,844,6.72356e+06,2.00123e+06,-222040
10,845,1.08661e+07,5.10219e+06,-1.1907e+06
10,846,6.37048e+06,-1.29911e+07,895851
10,847,-4.27735e+06,-1.33635e+07,-1.11246e+06
10,848,-1.64195e+06,-1.00497e+07,-447648
10,849,1.23325e+07,1.97632e+06,-484501
10,850,-7.64032e+06,-8.44965e+06,175536
10,851,1.25303e+07,541560,-1.00312e+06
10,852,-5.73034e+06,-1.26746e+07,-1.07895e+06
10,853,611059,1.37229e+07,-59726.3
10,854,-1.94856e+06,-7.92091e+06,272297
10,855,5.73537e+06,-6.52484e+06,-171492
10,856,5.31403e+06,7.66869e+06,-436633
10,857,-6.16061e+06,-3.64755e+06,490772
10,858,2.11225e+06,1.11439e+07,-1.06092e+06
10,859,-7.5612e+06,4.31401e+06,452390
10,860,-1.52586e+06,-8.34148e+06,623406
10,861,4.6734e+06,-9.54865e+06,116214
10,862,-1.19214e+07,-2.05046e+06,-89096
10,863,-2.97906e+06,8.35416e+06,-372775
10,864,8.31647e+06,7.89392e+06,958023
10,865,-1.04064e+07,7.34171e+06,-870863
10,866,6.33109e+06,-1.25339e+07,623092
10,867,-7.52044e+06,5.20057e+06,-727961
10,868,1.82521e+06,-8.30631e+06,365970
10,869,9.35305e+06,-7.10601e+06,195629
10,870,-5.80762e+06,8.97976e+06,944469
10,871,6.96882e+06,-3.14449e+06,500259
10,872,-7.32766e+06,-3.2545e+06,588815
10,873,9.65954e+06,-6.29391e+06,1.02411e+06
10,874,-7.46405e+06,7.1551e+06,904555
10,875,9.16896e+06,8.27244e+06,-1.13362e+06
10,876,1.04288e+07,-4.82227e+06,792307
10,877,7.90384e+06,9.54392e+06,-609587
10,878,5.67902e+06,1.27859e+07,-620343
10,879,-3.51509e+06,-7.19215e+06,712672
10,880,-9.05035e+06,1.33627e+06,245852
10,881,1.18252e+07,9.22149e+06,-4286.36
10,882,6.75696e+06,-7.48113e+06,-48452.5
10,883,-5.1713e+06,-5.94084e+06,426946
10,884,4.49625e+06,-5.37711e+06,-440698
10,885,-9.87886e+06,5.70043e+06,501369
10,886,6.85701e+06,-7.22202e+06,459404
10,887,3.54541e+06,-1.16379e+07,618613
10,888,-5.77911e+06,4.39512e+06,627090
10,889,-568051,-7.94952e+06,758724
10,890,-2.99179e+06,-6.78735e+06,-47241
10,891,9.92586e+06,5.97381e+06,-1.06178e+06
10,892,5.53012e+06,-1.10039e+07,695351
10,893,9.14338e+06,6.71189e+06,426771
10,894,7.59753e+06,-4.66363e+06,604008
10,895,1.19926e+07,-3.92798e+06,-1.1861e+06
10,896,-6.25981e+06,1.12189e+07,1.04564e+06
10,897,-1.36101e+06,-9.00512e+06,689165
10,898,-5.9086e+06,4.3264e+06,384518
10,899,-1.21617e+06,1.05528e+07,-595895
10,900,5.07964e+06,-6.24661e+06,121345
10,901,-5.68327e+06,5.05856e+06,-201304
10,902,-7.7944e+06,3.26128e+06,-283820
10,903,-599376,-9.70105e+06,-538487
10,904,-1.09306e+07,-5.26794e+06,165252
10,905,-1.16873e+07,-3.73211e+06,932370
10,906,-1.18244e+07,-3.65923e+06,817516
10,907,-3.08565e+06,1.14193e+07,-693730
10,908,6.67155e+06,-4.78722e+06,345289
10,909,-1.15161e+07,-8.80885e+06,-77131.4
10,910,-3.46318e+06,-6.62633e+06,122935
10,911,958894,1.48906e+07,91729.4
10,912,-7.45669e+06,-9.6645e+06,149645
10,913,3.62668e+06,1.26941e+07,596144
10,914,9.51344e+06,-7.19703e+06,829664
10,915,-1.62543e+06,9.33663e+06,915740
10,916,9.34936e+06,-6.15372e+06,-753545
10,917,4.50077e+06,-1.12253e+07,1.08504e+06
10,918,-1.44862e+06,-9.58965e+06,75284.7
10,919,-2.67867e+06,-6.98356e+06,284492
10,920,-1.44227e+07,185779,-778914
10,921,-6.38272e+06,3.64621e+06,-291348
10,922,-7.99041e+06,1.03e+07,1.17396e+06
10,923,-1.05785e+07,-1.01271e+07,1.25858e+06
10,924,-1.24804e+07,-3.848e+06,-836173
10,925,-9.84637e+06,-4.03364e+06,775906
10,926,8.7188e+06,-6.44801e+06,378277
10,927,8.09395e+06,-178091,44093
10,928,-5.4032e+06,-8.53781e+06,-791938
10,929,-1.209e+07,70848,-225689
10,930,-1.44467e+07,-2.11776e+06,-821096
10,931,9.3447e+06,-5.10735e+06,-690827
10,932,8.63516e+06,783174,-845083
10,933,-1.46862e+06,-1.35501e+07,-395248
10,934,-9.95221e+06,7.62086e+06,1.13851e+06
10,935,-1.15245e+07,9.12476e+06,1.04311e+06
10,936,-4.90283e+06,1.22189e+07,-706251
10,937,2.14438e+06,-1.0402e+07,980216
10,938,8.09393e+06,-1.03079e+07,270185
10,939,2.99337e+06,-1.33476e+07,-336611
10,940,3.89562e+06,-1.06807e+07,-1.035e+06
10,941,5.84023e+06,1.21321e+07,39541.5
10,942,-382681,1.34434e+07,-684301
10,943,8.06482e+06,-6.19768e+06,-1.01959e+06
10,944,7.98892e+06,1.16704e+07,1.39069e+06
10,945,-1.46324e+07,432303,37241.5
10,946,-7.07989e+06,-8.17696e+06,-887323
10,947,6.75921e+06,2.65111e+06,-80785.7
10,948,-6.54588e+06,-6.4073e+06,905035
10,949,-8.99148e+06,-4.57654e+06,-170309
10,950,1.12614e+07,-7.87016e+06,1.03886e+06
10,951,1.45308e+07,2.59579e+06,1.00473e+06
10,952,1.66939e+06,1.28521e+07,1.18607e+06
10,953,-3.43131e+06,-7.4179e+06,-450133
10,954,-1.94563e+06,-1.02675e+07,132356
10,955,-4.85767e+06,9.1913e+06,707294
10,956,-7.38542e+06,3.3845e+06,657425
10,957,-1.12042e+07,7.96661e+06,724091
10,958,1.04446e+07,-8.68648e+06,120922
10,959,-362454,8.62089e+06,-352753
10,960,1.14841e+07,2.467e+06,319667
10,961,-2.83949e+06,9.46977e+06,751790
10,962,8.77444e+06,6.04864e+06,697423
10,963,-992829,-7.30292e+06,404123
10,964,4.50925e+06,-8.72437e+06,30756.9
10,965,1.02455e+07,3.07471e+06,-449464
10,966,-1.1273e+07,9.03597e+06,134944
10,967,-9.41567e+06,-6.08886e+06,-986265
10,968,-1.59132e+06,-9.75069e+06,-592368
10,969,8.60559e+06,621249,-107883
10,970,1.32765e+07,4.55163e+06,-868131
10,971,-1.01493e+06,-9.42245e+06,266622
10,972,656237,-1.03042e+07,226421
10,973,5.91905e+06,-1.28537e+07,-700153
10,974,6.41568e+06,6.54727e+06,-298994
10,975,-1.2455e+07,8.31038e+06,-837889
10,976,-1.25891e+07,-3.50441e+06,-917274
10,977,-8.65368e+06,5.07611e+06,509740
10,978,-935652,7.10402e+06,25215.3
10,979,-6.27681e+06,-6.65865e+06,-33184.3
10,980,9.41254e+06,-3.03662e+06,261472
10,981,-7.43262e+06,-3.03106e+06,451134
10,982,5.87548e+06,1.11592e+07,1.19512e+06
10,983,5.66077e+06,8.92506e+06,-676904
10,984,2.63589e+06,-7.30252e+06,-587977
10,985,4.78222e+06,-6.40977e+06,-248614
10,986,6.82092e+06,2.39252e+06,-518156
10,987,-4.35078e+06,-7.51865e+06,-596255
10,988,811372,-7.90485e+06,271947
10,989,-9.95557e+06,-3.25831e+06,-394079
10,990,-1.08447e+07,-521636,-244896
10,991,1.41515e+07,1.4915e+06,803901
10,992,2.42664e+06,-7.61569e+06,185320
10,993,1.12108e+07,7.95301e+06,162147
10,994,-2.92817e+06,-1.06119e+07,75497.1
10,995,-1.0256e+07,4.78573e+06,-432912
10,996,7.90599e+06,7.37515e+06,1.00079e+06
10,997,1.21523e+07,-3.67683e+06,-694595
10,998,5.11862e+06,-1.30586e+07,497149
10,999,-4.92099e+06,1.09185e+07,758884
10,1000,9.90201e+06,4.8008e+06,-412052
10,1001,8.56927e+06,-1.15916e+07,1.39366e+06
10,1002,124348,1.1996e+07,-810234
10,1003,8.41802e+06,1.1284e+06,-185717
10,1004,-7.26242e+06,4.41513e+06,741262
10,1005,7.56776e+06,-7.19478e+06,220365
10,1006,-5.57845e+06,6.99372e+06,-746151
10,1007,-4.17187e+06,-8.68203e+06,-826311
10,1008,-6.37486e+06,5.77707e+06,831973
10,1009,-1.31129e+06,-1.31747e+07,-1.0183e+06
10,1010,2.97003e+06,-1.2908e+07,267860
10,1011,-6.82017e+06,1.32079e+07,1.31529e+06
10,1012,1.42756e+07,1.08975e+06,-142841
10,1013,1.17789e+07,8.98754e+06,141600
10,1014,-1.38927e+07,-5.11127e+06,-919515
10,1015,3.22988e+06,1.1201e+07,45939.6
10,1016,-5.93561e+06,-4.73414e+06,25493.6
10,1017,-8.75845e+06,-9.49912e+06,128192
10,1018,7.68782e+06,9.87659e+06,238730
10,1019,7.4824e+06,-3.69658e+06,-722278
10,1020,-3.42392e+06,-9.86538e+06,-87672.1
10,1021,-7.27642e+06,-2.61987e+06,219115
10,1022,-8.87617e+06,8.98407e+06,160803
10,1023,-4.92845e+06,-9.38913e+06,177221
10,1024,-32280.6,1.11505e+07,-1.11422e+06
10,1025,6.17143e+06,5.68712e+06,-85458.2
10,1026,2.66247e+06,1.15493e+07,1.04343e+06
10,1027,1.06662e+06,-6.97015e+06,176596
10,1028,9.46507e+06,3.1807e+06,254645
10,1029,9.3135e+06,-3.86748e+06,84690.4
10,1030,2.61751e+06,1.42643e+07,655155
10,1031,-729165,-1.18962e+07,-680880
10,1032,-1.23051e+07,88943,598076
10,1033,7.43107e+06,-6.05114e+06,-798561
10,1034,8.69212e+06,-1.02384e+07,853305
10,1035,-1.02543e+07,4.10965e+06,1.10006e+06
10,1036,-8.42636e+06,-2.63338e+06,301460
10,1037,3.53032e+06,1.20963e+07,388213
10,1038,1.28213e+07,4.23028e+06,1.1137e+06
10,1039,-4.51282e+06,5.613e+06,-699583
10,1040,6.50027e+06,-3.96477e+06,-221068
10,1041,2.17936e+06,1.01652e+07,201907
10,1042,-8.20834e+06,8.41011e+06,-392571
10,1043,-1.04994e+07,9.38083e+06,-18300.7
10,1044,2.19155e+06,-9.00157e+06,-190040
10,1045,-299068,1.10521e+07,1.08174e+06
10,1046,1.28391e+06,-9.24226e+06,-135313
10,1047,2.72787e+06,-8.20332e+06,-287789
10,1048,1.1993e+07,-6.99821e+06,1.00099e+06
10,1049,1.77266e+06,-7.05981e+06,-129077
10,1050,-8.99026e+06,-1.0678e+07,932819
10,1051,-1.06885e+07,-2.45883e+06,-781352
10,1052,-1.16348e+07,6.38557e+06,212.676
10,1053,-1.07463e+07,-7.76323e+06,-793448
10,1054,-9.83744e+06,6.37354e+06,-71442.1
10,1055,1.71491e+06,7.01297e+06,-316346
10,1056,1.26639e+07,977820,-231758
10,1057,1.09427e+07,9.34838e+06,47276.2
10,1058,1.2441e+07,-4.63389e+06,655767
10,1059,5.95516e+06,-1.12894e+07,-137339
10,1060,1.33784e+07,730004,1.14041e+06
10,1061,-9.92439e+06,-3.53093e+06,-516808
10,1062,1.14086e+07,6.03035e+06,963498
10,1063,2.81986e+06,1.33033e+07,842360
10,1064,-8.91497e+06,-9.85178e+06,-336166
10,1065,974751,9.114e+06,-332661
10,1066,1.25142e+07,6.706e+06,935185
10,1067,-9.67455e+06,-1.39192e+06,576322
10,1068,-7.9435e+06,1.16188e+07,-107409
10,1069,1.02659e+07,925322,-420891
10,1070,-9.07758e+06,5.59442e+06,473589
10,1071,-1.00594e+07,603130,-141879
10,1072,8.46933e+06,-9.76319e+06,82431.9
10,1073,-3.91564e+06,1.27262e+07,110169
10,1074,-8.40421e+06,4.94545e+06,453583
10,1075,1.01093e+07,9.7547e+06,378376
10,1076,8.51883e+06,7.92896e+06,-671317
10,1077,4.66222e+06,8.24927e+06,-486075
10,1078,-4.74272e+06,7.80088e+06,455724
10,1079,1.15358e+07,-934564,-197379
10,1080,9.04564e+06,-9.36825e+06,466347
10,1081,300513,-1.02725e+07,-609775
10,1082,-9.18774e+06,-2.84908e+06,145085
10,1083,6.77666e+06,-2.34715e+06,282154
10,1084,1.0038e+07,-4.41214e+06,-133566
10,1085,-1.47508e+07,-1.19801e+06,-1.14393e+06
10,1086,-5.60444e+06,-1.18394e+07,715868
10,1087,2.47673e+06,-1.43964e+07,325331
10,1088,-6.37388e+06,-1.23031e+07,-254649
10,1089,2.41396e+06,1.38634e+07,604452
10,1090,-1.58639e+06,-1.39517e+07,554295
10,1091,-1.26861e+07,2.76869e+06,973504
10,1092,5.94901e+06,6.2375e+06,-369978
10,1093,-1.12003e+07,-809974,721010
10,1094,-1.01454e+07,932228,-994695
10,1095,-6.07304e+06,-8.23198e+06,-994335
10,1096,2.33456e+06,8.90746e+06,-845850
10,1097,4.44044e+06,9.86828e+06,526496
10,1098,-1.31438e+07,-3.93275e+06,1.32585e+06
10,1099,-1.05101e+07,-952552,1.03584e+06
10,1100,8.27303e+06,-3.04449e+06,-808243
10,1101,9.52592e+06,4.55747e+06,484474
10,1102,-3.13123e+06,-1.14429e+07,-297880
10,1103,9.53089e+06,2.86225e+06,-298734
10,1104,-1.04907e+07,9.86816e+06,955906
10,1105,-9.64564e+06,9.77649e+06,362623
10,1106,6.10003e+06,4.75018e+06,-699768
10,1107,-1.04421e+07,5.16034e+06,111894
10,1108,-6.62512e+06,8.98267e+06,396336
10,1109,1.29849e+07,1.25784e+06,-764708
10,1110,-9.65096e+06,8.254e+06,412823
10,1111,-7.58851e+06,6.12655e+06,-666797
10,1112,-7.10332e+06,-5.63189e+06,-121179
10,1113,7.97581e+06,-1.05104e+07,109898
10,1114,-4.62899e+06,1.22167e+07,-222187
10,1115,-9.63056e+06,8.27941e+06,224828
10,1116,-6.80761e+06,-5.02419e+06,612787
10,1117,-2.1781e+06,-1.3761e+07,685327
10,1118,-9.81964e+06,-5.85498e+06,-839160
10,1119,-1.00284e+07,3.13346e+06,966137
10,1120,-9.92941e+06,-3.25232e+06,69484.9
10,1121,-70933.9,-1.20756e+07,-664730
10,1122,5.21383e+06,-9.94574e+06,-82840.8
10,1123,-5.12989e+06,-7.64708e+06,597089
10,1124,1.33374e+06,-7.36993e+06,482443
10,1125,1.06228e+07,-1.05083e+06,612761
10,1126,-118210,-1.31566e+07,-920888
10,1127,-8.52205e+06,1.88552e+06,-412252
10,1128,7.91665e+06,-6.58951e+06,669053
10,1129,7.60166e+06,-9.31225e+06,682967
10,1130,3.09228e+06,9.963e+06,29628.1
10,1131,-1.1892e+07,4.95426e+06,429848
10,1132,-18163.7,-7.73947e+06,484656
10,1133,1.2374e+07,-2.51864e+06,826140
10,1134,1.30035e+07,-5.70257e+06,856795
10,1135,1.23834e+07,507558,-84710
10,1136,-3.91084e+06,1.08801e+07,-420782
10,1137,1.14264e+07,-9.17396e+06,1.025e+06
10,1138,1.01681e+07,946197,-859357
10,1139,9.39983e+06,1.00444e+06,-915733
10,1140,-3.83974e+06,-1.37981e+07,-547503
10,1141,-7.99433e+06,-663059,-796163
10,1142,-1.25054e+07,7.34826e+06,-283351
10,1143,9.14643e+06,4.33306e+06,280054
10,1144,-5.68909e+06,-1.15002e+07,-929415
10,1145,-1.04838e+07,-4.96295e+06,856189
10,1146,-6.98406e+06,7.19919e+06,237809
10,1147,-1.18518e+07,2.25165e+06,-137388
10,1148,7.08762e+06,-8.35051e+06,-85066.9
10,1149,-1.44548e+07,-421359,1.30267e+06
10,1150,-8.89038e+06,1.03269e+07,992777
10,1151,7.05539e+06,-3.50448e+06,207450
10,1152,-4.50017e+06,-5.87659e+06,704124
10,1153,-7.08056e+06,-2.61831e+06,374414
10,1154,-1.15642e+07,6.88476e+06,-797217
10,1155,-6.39749e+06,-3.59515e+06,-69109.8
10,1156,1.35141e+07,5.47205e+06,540854
10,1157,3.33908e+06,6.37831e+06,-66838.8
10,1158,-4.10618e+06,-9.77586e+06,871855
10,1159,1.1584e+07,-3.4155e+06,923537
10,1160,5.92021e+06,-1.00583e+07,332897
10,1161,-371101,-7.59442e+06,-617339
10,1162,-3.37163e+06,-1.12126e+07,-1.0176e+06
10,1163,7.66839e+06,-4.4059e+06,205767
10,1164,-3.19753e+06,-8.37927e+06,173606
10,1165,1.08919e+07,-1.57501e+06,403964
10,1166,3.15246e+06,-9.46267e+06,768663
10,1167,2.36826e+06,7.62982e+06,-453874
10,1168,-9.95388e+06,-7.60427e+06,298154
10,1169,2.40486e+06,-1.4285e+07,-1.07993e+06
10,1170,-9.01085e+06,3.79647e+06,-203481
10,1171,9.64419e+06,-7.70671e+06,-479100
10,1172,2.86034e+06,-1.10492e+07,-191263
10,1173,-8.22082e+06,1.22767e+06,-741322
10,1174,1.29346e+07,6.63684e+06,-178951
10,1175,1.11721e+07,-968771,-750150
10,1176,7.88025e+06,509672,-544806
10,1177,-5.83979e+06,-6.37387e+06,-485095
10,1178,3.38853e+06,-6.30925e+06,-192544
10,1179,-3.23457e+06,9.23514e+06,933114
10,1180,6.7441e+06,-4.92023e+06,462613
10,1181,7.58372e+06,-553951,-347927
10,1182,3.78854e+06,-6.79759e+06,321839
10,1183,6.5961e+06,9.94983e+06,-51340.8
10,1184,-4.43229e+06,1.24708e+07,-498690
10,1185,3.13614e+06,6.26418e+06,526926
10,1186,1.04865e+07,-974185,-219702
10,1187,-2.59364e+06,1.24495e+07,-346462
10,1188,-4.94445e+06,6.9452e+06,80543.6
10,1189,-7.60381e+06,-1.28221e+07,-897756
10,1190,5.10113e+06,5.3043e+06,92069.9
10,1191,1.21774e+07,-4.71916e+06,-1.26861e+06
10,1192,-1.10017e+07,1.96982e+06,348942
10,1193,-4.36051e+06,-1.06098e+07,362785
10,1194,2.50616e+06,-7.50629e+06,-597420
10,1195,-1.0912e+07,6.2762e+06,34870.9
10,1196,1.09699e+07,-9.01301e+06,903773
10,1197,-891118,-1.10453e+07,28582.5
10,1198,-1.14158e+07,7.92186e+06,1.31066e+06
10,1199,-704092,-1.44274e+07,-637655
10,1200,4.97402e+06,-6.31063e+06,-538654
10,1201,-1.38117e+07,743183,-258523
10,1202,-1.12663e+07,-8.68273e+06,217965
10,1203,-7.94699e+06,8.24504e+06,654907
10,1204,8.36672e+06,-3.30115e+06,710181
10,1205,-1.17804e+06,-9.62702e+06,142042
10,1206,9.63724e+06,-625559,-919747
10,1207,-8.93996e+06,-1.20731e+06,39607
10,1208,187469,-1.17064e+07,289188
10,1209,1.11167e+07,3.95316e+06,-291411
10,1210,-927340,8.80726e+06,96242.4
10,1211,-2.41241e+06,8.23824e+06,-451782
10,1212,1.37314e+07,-4.91504e+06,320738
10,1213,3.268e+06,-1.4018e+07,258965
10,1214,1.07527e+06,-6.96321e+06,285473
10,1215,843764,-1.18921e+07,30811.3
10,1216,1.16199e+07,-4.94617e+06,-313747
10,1217,-1.25191e+07,1.86498e+06,441659
10,1218,1.25498e+07,3.74801e+06,384127
10,1219,-4.17951e+06,-7.75979e+06,-55824.9
10,1220,9.37343e+06,9.2716e+06,333160
10,1221,5.59998e+06,-7.2917e+06,789616
10,1222,4.31663e+06,-1.43153e+07,759409
10,1223,-4.55181e+06,7.44219e+06,-59874.7
10,1224,1.1358e+07,-6.6501e+06,-819332
10,1225,-4.76177e+06,-1.35639e+07,318525
10,1226,8.05409e+06,3.00939e+06,117734
10,1227,2.91775e+06,1.18577e+07,137885
10,1228,7.08111e+06,-1.18464e+07,1.18249e+06
10,1229,-4.17457e+06,8.99308e+06,494998
10,1230,8.86339e+06,5.51492e+06,-453746
10,1231,-2.79602e+06,9.95776e+06,-347217
10,1232,9.012e+06,2.47893e+06,256334
10,1233,-6.65364e+06,-9.69195e+06,-724349
10,1234,-6.79188e+06,-6.44544e+06,186590
10,1235,-6.54962e+06,8.85373e+06,911579
10,1236,-9.35601e+06,2.60547e+06,346106
10,1237,-6.53996e+06,9.26813e+06,-146005
10,1238,-2.40138e+06,1.31035e+07,-954773
10,1239,5.60337e+06,-7.63835e+06,-780456
10,1240,-1.43583e+07,-3.84195e+06,1.44582e+06
10,1241,-1.38703e+07,4.17689e+06,-874561
10,1242,446443,8.29977e+06,349506
10,1243,-5.05049e+06,7.66959e+06,-94074.7
10,1244,5.23702e+06,1.32375e+07,-1.41388e+06
10,1245,6.22324e+06,-4.1455e+06,220664
10,1246,3.98791e+06,8.26475e+06,-377787
10,1247,7.40582e+06,-2.76635e+06,449828
10,1248,7.11494e+06,-7.97259e+06,-535882
10,1249,7.92303e+06,-9.9661e+06,-364813
10,1250,-3.70461e+06,1.25123e+07,-525227
10,1251,-7.32658e+06,2.81345e+06,360801
10,1252,-1.14759e+07,-8.83601e+06,1.05374e+06
10,1253,6.23791e+06,1.20624e+07,-38519.3
10,1254,-3.19688e+06,-7.2279e+06,713031
10,1255,-741413,-8.05989e+06,214105
10,1256,-9.03365e+06,7.37842e+06,-338037
10,1257,1.3881e+06,7.19478e+06,-712696
10,1258,9.10261e+06,7.22096e+06,868417
10,1259,-3.4141e+06,-1.06495e+07,-199402
10,1260,1.07326e+07,-3.97399e+06,-957304
10,1261,1.75797e+06,-8.82915e+06,-724002
10,1262,-4.94863e+06,5.74179e+06,-619618
10,1263,1.66576e+06,1.15243e+07,923423
10,1264,-4.06493e+06,-1.26262e+07,310291
10,1265,2.27816e+06,1.36806e+07,1.03685e+06
10,1266,-93682.7,-1.33146e+07,163130
10,1267,-7.97474e+06,4.07273e+06,526344
10,1268,1.52885e+06,-7.08131e+06,-376926
10,1269,6.01437e+06,5.45259e+06,-769826
10,1270,2.14159e+06,1.09273e+07,1.09345e+06
10,1271,7.45471e+06,8.87083e+06,437649
10,1272,-369647,-1.41263e+07,-1.19994e+06
10,1273,3.90798e+06,-1.3583e+07,-967406
10,1274,-6.89356e+06,-2.68167e+06,-509620
10,1275,-8.62388e+06,1.05551e+07,1.12811e+06
10,1276,4.66019e+06,1.05086e+07,-830030
10,1277,929094,-1.15561e+07,653402
10,1278,2.52856e+06,8.80734e+06,-888345
10,1279,1.09919e+07,5.80804e+06,-197034
10,1280,1.09198e+07,-4.48537e+06,-444543
10,1281,-5.03499e+06,-7.45456e+06,214560
10,1282,8.69813e+06,-4.14191e+06,665515
10,1283,525397,8.77615e+06,21627.9
10,1284,1.26607e+07,3.65851e+06,509831
10,1285,1.35137e+06,1.21027e+07,441887
10,1286,1.38727e+07,4.25996e+06,-523666
10,1287,8.47402e+06,-6.13307e+06,969848
10,1288,69486.7,-1.05525e+07,66821.6
10,1289,-2.04621e+06,1.10971e+07,-639456
10,1290,-8.66354e+06,-3.27773e+06,-874834
10,1291,7.85797e+06,1.18704e+07,-797772
10,1292,-2.69137e+06,-1.07789e+07,-900222
10,1293,9.36044e+06,-1.79402e+06,-453341
10,1294,4.95591e+06,-8.06499e+06,-853814
10,1295,-7.83526e+06,7.30115e+06,-393029
10,1296,7.75214e+06,5.09989e+06,-343803
10,1297,1.49901e+06,-7.18831e+06,-149473
10,1298,8.31729e+06,-6.48385e+06,333473
10,1299,6.63827e+06,-2.38809e+06,-371193
10,1300,971224,-7.80072e+06,750.393
10,1301,-35181.1,1.04697e+07,99403.5
10,1302,7.52198e+06,-5.26267e+06,-523445
10,1303,-1.3056e+07,-5.17576e+06,924011
10,1304,-4.11456e+06,-1.20097e+07,-446162
10,1305,2.0812e+06,8.60034e+06,633183
10,1306,-1.26164e+07,4.87862e+06,-996263
10,1307,-7.31266e+06,-6.90512e+06,-91719.5
10,1308,1.32156e+07,-137048,-817448
10,1309,-9.7096e+06,4.42182e+06,-417381
10,1310,7.80991e+06,3.50187e+06,663979
10,1311,-1.0322e+07,133119,862785
10,1312,8.96768e+06,9.69865e+06,172837
10,1313,3.14185e+06,-1.00477e+07,472426
10,1314,-6.78611e+06,1.04975e+07,763345
10,1315,3.91978e+06,6.29444e+06,-243849
10,1316,636028,7.57124e+06,502394
10,1317,-4.95521e+06,1.37013e+07,-686696
10,1318,-1.66523e+06,9.04743e+06,-856267
10,1319,3.20279e+06,1.40531e+07,-230622
10,1320,4.50018e+06,-5.45279e+06,327066
10,1321,2.93045e+06,-1.42661e+07,-542881
10,1322,-2.82768e+06,-8.52286e+06,-244097
10,1323,1.14739e+07,516077,-1.00896e+06
10,1324,-1.0285e+07,-4.60462e+06,567178
10,1325,-8.00638e+06,-742344,-491962
10,1326,-6.57961e+06,4.05358e+06,-521111
10,1327,-3.67673e+06,7.9556e+06,-422061
10,1328,6.4492e+06,4.18172e+06,-472122
10,1329,-5.12504e+06,-5.33494e+06,-314835
10,1330,-4.61205e+06,7.99869e+06,300720
10,1331,854741,-1.39244e+07,635268
10,1332,-3.69775e+06,-1.02266e+07,114755
10,1333,2.17222e+06,8.448e+06,-355390
10,1334,-1.3625e+07,-4.2444e+06,668085
10,1335,-8.19055e+06,5.28033e+06,-731129
10,1336,3.97648e+06,-7.36416e+06,142014
10,1337,3.22485e+06,-9.13533e+06,-491542
10,1338,-8.35222e+06,1.22186e+07,-481740
10,1339,6.76462e+06,6.62244e+06,-737710
10,1340,8.65217e+06,-8.55044e+06,707582
10,1341,-7.75142e+06,-2.36307e+06,-640527
10,1342,-4.01742e+06,-6.16949e+06,51757.5
10,1343,7.41898e+06,1.73668e+06,748698
10,1344,-6.83232e+06,2.39585e+06,6688.12
10,1345,3.79527e+06,6.96827e+06,-235237
10,1346,-1.30726e+07,-642871,361072
10,1347,1.73637e+06,-1.47785e+07,-195352
10,1348,-7.71168e+06,-7.22258e+06,349563
10,1349,-6.67002e+06,-8.69136e+06,-1.04717e+06
10,1350,-1.94888e+06,1.02242e+07,-773336
10,1351,-6.16637e+06,-4.77059e+06,36797.9
10,1352,-8.89168e+06,1.56691e+06,-14026
10,1353,-4.87071e+06,-7.02285e+06,480668
10,1354,-1.06264e+07,-8.05062e+06,31032.1
10,1355,-1.83528e+06,7.23417e+06,-608418
10,1356,9.65612e+06,1.10505e+07,-1.02368e+06
10,1357,1.32509e+07,-4.80938e+06,750162
10,1358,7.03975e+06,142301,-171685
10,1359,8.08345e+06,1.01546e+06,-58548
10,1360,-6.55484e+06,1.29752e+07,468657
10,1361,-145705,1.22115e+07,367516
10,1362,6.20851e+06,6.08269e+06,350247
10,1363,7.89136e+06,-75158.5,-500265
10,1364,-9.9834e+06,6.13991e+06,-877397
10,1365,-5.11251e+06,-5.0828e+06,442823
10,1366,-1.36405e+07,1.4278e+06,761835
10,1367,-1.93274e+06,-1.2231e+07,-18328.7
10,1368,4.18364e+06,-1.13162e+07,-246432
10,1369,-1.12042e+07,-7.3827e+06,-897905
10,1370,-4.74478e+06,5.41173e+06,67214.2
10,1371,9.48795e+06,9.87423e+06,823178
10,1372,8.056e+06,1.12903e+07,976905
10,1373,-2.10552e+06,-1.4758e+07,849950
10,1374,-1.17455e+07,-9.23983e+06,-574479
10,1375,-1.02654e+07,-9.07025e+06,222468
10,1376,431017,-8.9872e+06,-754529
10,1377,-6.63425e+06,1.27294e+07,-1.07059e+06
10,1378,1.0141e+07,2.84233e+06,389057
10,1379,7.44179e+06,-1.20729e+07,-1.05889e+06
10,1380,3.16895e+06,-7.32532e+06,678825
10,1381,-1.06783e+07,1848.65,-388295
10,1382,-8.62803e+06,-1.12044e+07,-599239
10,1383,7.2909e+06,-5.8471e+06,-911957
10,1384,-8.98207e+06,-3.26809e+06,-673570
10,1385,3.14764e+06,-7.04125e+06,609623
10,1386,1.09671e+07,-8.02237e+06,144342
10,1387,-1.01053e+07,8.93753e+06,448772
10,1388,2.2084e+06,1.47426e+07,-328305
10,1389,6.93794e+06,8.27986e+06,-907262
10,1390,1.34991e+07,-1.92221e+06,-259850
10,1391,6.9984e+06,3.15737e+06,602080
10,1392,-4.62256e+06,9.66152e+06,-50421.3
10,1393,-9.50383e+06,584513,685887
10,1394,-3.93848e+06,-1.10534e+07,-317667
10,1395,-6.38583e+06,-1.11748e+07,-981185
10,1396,-554114,1.15465e+07,703911
10,1397,1.03692e+07,-278354,-847255
10,1398,-6.0458e+06,-1.17609e+07,708141
10,1399,-9.43516e+06,399935,560665
10,1400,1.25617e+06,8.77039e+06,90461.2
10,1401,-2.31497e+06,1.09371e+07,-451717
10,1402,1.31384e+06,-9.12443e+06,280138
10,1403,1.35063e+07,-2.03792e+06,-70578.8
10,1404,7.16204e+06,2.31635e+06,-307772
10,1405,-1.42834e+07,-2.15654e+06,-659776
10,1406,-8.25515e+06,-5.97158e+06,311758
10,1407,8.15615e+06,-1.10794e+06,73703.3
10,1408,6.37072e+06,-4.93132e+06,-686995
10,1409,1.42483e+07,-249340,571550
10,1410,-6.88887e+06,1.11569e+07,1.16102e+06
10,1411,-1.1714e+06,-1.11359e+07,952043
10,1412,7.434e+06,-1.27859e+07,-582970
10,1413,-1.0132e+07,-1.06198e+07,1.2673e+06
10,1414,-4.424e+06,1.1589e+07,-322529
10,1415,2.8981e+06,-1.10216e+07,-415039
10,1416,-6.61908e+06,9.54401e+06,734477
10,1417,9.45815e+06,5.0245e+06,-716361
10,1418,-7.46553e+06,-47552.7,-588975
10,1419,7.38392e+06,-2.78364e+06,589201
10,1420,1.05275e+07,-873755,-1.05949e+06
10,1421,-8.82121e+06,-8.00426e+06,-101384
10,1422,-9.79578e+06,2.74874e+06,-173054
10,1423,8.41068e+06,9.676e+06,-776219
10,1424,-736274,8.41191e+06,42655.4
10,1425,5.38733e+06,-5.75517e+06,-319648
10,1426,-3.65522e+06,-7.41274e+06,-765685
10,1427,-3.75785e+06,-1.13336e+07,-681527
10,1428,-4.84972e+06,5.47243e+06,-588254
10,1429,-290103,7.91991e+06,-324358
10,1430,-4.82827e+06,-1.01478e+07,208529
10,1431,3.77076e+06,7.24038e+06,619570
10,1432,7.8909e+06,-8.31476e+06,-294554
10,1433,-1.17665e+07,-1.82679e+06,-430936
10,1434,-1.07375e+07,-235022,-643505
10,1435,2.50939e+06,-9.14933e+06,790736
10,1436,-3.52003e+06,9.2103e+06,-601803
10,1437,-5.53913e+06,1.10592e+07,1.21041e+06
10,1438,-7.59968e+06,5.87121e+06,198496
10,1439,-1.31779e+07,2.49408e+06,-207480
10,1440,1.48822e+07,1.03955e+06,1.1812e+06
10,1441,1.90792e+06,-7.96557e+06,193220
10,1442,6.85225e+06,-6.84956e+06,-946826
10,1443,-8.01247e+06,-3.66205e+06,-261640
10,1444,1.17026e+07,1.85095e+06,-910620
10,1445,2.91248e+06,7.46876e+06,-65202.6
10,1446,1.08005e+07,-7.21326e+06,872448
10,1447,-8.00792e+06,3.02335e+06,-515187
10,1448,-9.07765e+06,-275096,-786403
10,1449,8.06324e+06,-3.38572e+06,-59262.9
10,1450,1.04991e+07,1.03151e+06,-533411
10,1451,7.06743e+06,1.20021e+07,-236454
10,1452,-7.02726e+06,879418,-680470
10,1453,6.18654e+06,-1.20378e+07,779740
10,1454,4.89016e+06,-7.87122e+06,79688.8
10,1455,-6.96678e+06,-7.09419e+06,-972822
10,1456,-316775,-8.12689e+06,-416495
10,1457,-8.86428e+06,7.71953e+06,835499
10,1458,1.09053e+07,-9.71335e+06,-670436
10,1459,-8.41396e+06,1.28721e+06,-841391
10,1460,-6.77892e+06,-2.44525e+06,29471.8
10,1461,4.39749e+06,1.42773e+07,-723304
10,1462,6.89825e+06,-3.84233e+06,439159
10,1463,1.11563e+07,-7.74043e+06,67621.1
10,1464,-5.19213e+06,9.25034e+06,189292
10,1465,-1.01269e+07,3.11005e+06,928079
10,1466,4.33111e+06,-1.42071e+07,763374
10,1467,6.18407e+06,1.07434e+07,-1.0959e+06
10,1468,-1.59628e+06,-1.23719e+07,-1.13334e+06
10,1469,1.20807e+07,7.85745e+06,-617459
10,1470,5.89403e+06,1.08303e+07,-1.09925e+06
10,1471,1.03687e+06,-9.59188e+06,-166574
10,1472,-1.06467e+07,-5.8915e+06,-1.16627e+06
10,1473,1.43284e+07,3.87512e+06,1.39279e+06
10,1474,1.10767e+07,-2.544e+06,-877396
10,1475,5.21258e+06,9.54921e+06,-979630
10,1476,3.06834e+06,1.15374e+07,209411
10,1477,-3.95308e+06,6.82414e+06,444663
10,1478,-7.2409e+06,-7.59268e+06,309505
10,1479,-6.2848e+06,1.22188e+07,514940
10,1480,-1.76235e+06,-1.45868e+07,-29766.2
10,1481,-716961,-1.20214e+07,270463
10,1482,2.34376e+06,6.72287e+06,442628
10,1483,-988884,-9.1248e+06,-234786
10,1484,1.01232e+07,4.67929e+06,-711972
10,1485,1.13332e+07,-9.28467e+06,446325
10,1486,-4.7403e+06,-9.56386e+06,253256
10,1487,1.07319e+07,4.25435e+06,306692
10,1488,1.30816e+07,-426078,-1.28394e+06
10,1489,-1.15292e+07,-5.65249e+06,-169366
10,1490,-6.78595e+06,4.26923e+06,-233552
10,1491,-1.05732e+06,-9.35552e+06,378161
10,1492,1.08722e+07,-4.34123e+06,-351648
10,1493,-4.91864e+06,-7.45836e+06,-538805
10,1494,1.43683e+06,9.37533e+06,-819303
10,1495,-447987,1.36124e+07,-73472
10,1496,-2.22078e+06,-6.99844e+06,-248896
10,1497,-1.10557e+07,6.7126e+06,-787979
10,1498,7.52763e+06,8.1638e+06,-132062
10,1499,8.12177e+06,-4.93147e+06,-836514
10,1500,5.08736e+06,1.1466e+07,-454170
10,1501,8.67298e+06,-5.57538e+06,-531285
10,1502,-3.29526e+06,6.96629e+06,-610543
10,1503,-7.11717e+06,-3.64854e+06,-704148
10,1504,-1.52676e+06,-7.08201e+06,-200504
10,1505,-259178,7.99561e+06,227383
10,1506,-9.17476e+06,243535,-695722
10,1507,-4.7783e+06,1.06809e+07,297191
10,1508,-1.024e+07,-8.72956e+06,-549982
10,1509,-4.28381e+06,7.94425e+06,-606292
10,1510,2.20924e+06,-8.15315e+06,-194763
10,1511,-8.6701e+06,-5.89846e+06,188043
10,1512,3.75756e+06,-6.5178e+06,-486165
10,1513,1.87406e+06,-1.26345e+07,549305
10,1514,1.15723e+07,1.12989e+06,-324771
10,1515,-9.01745e+06,7.62245e+06,859858
10,1516,-2.62417e+06,9.08882e+06,-443047
10,1517,-9.00763e+06,-3.47306e+06,399923
10,1518,4.40918e+06,-1.14439e+07,948437
10,1519,1.34107e+07,1.6641e+06,638087
10,1520,5.75814e+06,6.47357e+06,240023
10,1521,8.90036e+06,3.41459e+06,-692079
10,1522,5.77244e+06,-3.91678e+06,-665196
10,1523,-7.5364e+06,4.29046e+06,-248825
10,1524,1.38236e+07,3.63605e+06,34918.6
10,1525,1.13379e+07,-5.11973e+06,299544
10,1526,1.1581e+07,6.79363e+06,-306338
10,1527,7.57504e+06,-6.47813e+06,-696091
10,1528,-3.94415e+06,7.16921e+06,-731023
10,1529,8.27357e+06,-1.76058e+06,-121499
10,1530,-1.73961e+06,-1.19257e+07,-320745
10,1531,2.12784e+06,7.89027e+06,-305331
10,1532,-9.6929e+06,7.12488e+06,-1.19043e+06
10,1533,9.86601e+06,-5.22781e+06,697794
10,1534,3.85429e+06,-1.30354e+07,-479408
10,1535,8.10992e+06,1.0307e+07,413823
10,1536,1.19462e+07,1.99983e+06,698368
10,1537,-1.60839e+06,1.41068e+07,888228
10,1538,-6.15041e+06,-4.56471e+06,-21985.7
10,1539,1.01682e+07,-5.01149e+06,843389
10,1540,-2.02311e+06,1.30801e+07,1.0926e+06
10,1541,4.76338e+06,-6.14563e+06,-267320
10,1542,-3.52995e+06,-6.52597e+06,-399114
10,1543,-3.14362e+06,8.34187e+06,-779865
10,1544,8.40937e+06,347396,-91892.6
10,1545,-3.07443e+06,-7.01961e+06,-405560
10,1546,1.0075e+07,-1.04777e+07,-612482
10,1547,4.392e+06,-1.24511e+07,1.28887e+06
10,1548,1.02183e+07,5.85656e+06,345974
10,1549,-7.69011e+06,-9.20025e+06,-462724
10,1550,1.34233e+07,-3.43309e+06,-783063
10,1551,2.55133e+06,7.25383e+06,493623
10,1552,-8.09883e+06,-9.40406e+06,-243793
10,1553,-4.19396e+06,1.08395e+07,-52998.1
10,1554,1.32093e+07,-1.5036e+06,1.15282e+06
10,1555,-1.18579e+07,8.294e+06,-90326.6
10,1556,1.11641e+07,-5.86883e+06,-904619
10,1557,5.9912e+06,7.28426e+06,211313
10,1558,-4.39621e+06,8.32634e+06,-809988
10,1559,6.4075e+06,-7.39453e+06,-522830
10,1560,-8.55236e+06,-9.15512e+06,912368
10,1561,7.98799e+06,-1.05412e+06,133158
10,1562,1.27203e+07,-7.83688e+06,-832995
10,1563,-344278,7.44126e+06,41063.6
10,1564,4.08401e+06,7.30895e+06,-62636.2
10,1565,5.1799e+06,5.09423e+06,-122260
10,1566,-6.02855e+06,4.47004e+06,-39014.6
10,1567,7.27206e+06,-7.72583e+06,63791.8
10,1568,-9.11403e+06,5.648e+06,682028
10,1569,8.59624e+06,-1.1242e+07,491397
10,1570,-1.43125e+06,7.93757e+06,-734237
10,1571,-7.62126e+06,-1.22521e+07,711528
10,1572,5.42026e+06,-7.77959e+06,-456209
10,1573,-5.06023e+06,4.8548e+06,99242.6
10,1574,7.04025e+06,-8.18459e+06,-853762
10,1575,-1.13763e+07,-994987,-499595
10,1576,302336,-1.35597e+07,632110
10,1577,-2.3227e+06,-1.37952e+07,-750990
10,1578,-4.53632e+06,1.17848e+07,-651719
10,1579,-204527,-7.57455e+06,319936
10,1580,39202.4,-8.84496e+06,740865
10,1581,777309,7.81586e+06,393440
10,1582,-6.44217e+06,-6.51723e+06,-769405
10,1583,-659411,-1.05897e+07,395968
10,1584,9.73366e+06,-9.35506e+06,738346
10,1585,1.21149e+07,2.51092e+06,86524.7
10,1586,2.67938e+06,-6.7872e+06,-261728
10,1587,-2.17565e+06,1.12731e+07,649363
10,1588,-1.13345e+07,8.31086e+06,1.02196e+06
10,1589,-8.88188e+06,-2.03989e+06,654991
10,1590,9.20292e+06,-2.65994e+06,-725814
10,1591,5.91287e+06,-3.96582e+06,-615703
10,1592,1.42236e+07,-4.42431e+06,-1.08327e+06
10,1593,4.43276e+06,1.03937e+07,-162371
10,1594,1.1422e+06,7.40102e+06,-204819
10,1595,1.03939e+07,-1.4111e+06,646662
10,1596,-1.25083e+07,-3.02771e+06,876460
10,1597,-2.40068e+06,-9.36445e+06,957799
10,1598,-4.2992e+06,-8.46536e+06,654837
10,1599,-2.80752e+06,-1.4035e+07,-619828
10,1600,9.50622e+06,1.31839e+06,501196
10,1601,4.88982e+06,-5.44804e+06,-559379
10,1602,-8.28556e+06,1.15425e+06,398285
10,1603,-7.57169e+06,2.91102e+06,-27820.9
10,1604,6.44009e+06,5.81756e+06,584796
10,1605,1.09485e+07,1.05843e+06,667335
10,1606,-1.16425e+07,-9.21231e+06,11011.1
10,1607,1.34074e+07,-4.06177e+06,713780
10,1608,-8.79499e+06,-5.83597e+06,424399
10,1609,-8.09436e+06,2.7089e+06,563842
10,1610,-1.04096e+07,6.42219e+06,399764
10,1611,-6.50573e+06,4.53814e+06,465540
10,1612,3.34967e+06,8.06018e+06,789105
10,1613,-666681,8.6152e+06,813951
10,1614,-3.94227e+06,-1.22257e+07,908210
10,1615,-2.09054e+06,-7.64597e+06,5847.35
10,1616,-1.36083e+07,-756307,327821
10,1617,-1.07137e+07,1.41217e+06,579703
10,1618,-8.00506e+06,-8.97723e+06,-119602
10,1619,-236532,-1.12225e+07,732763
10,1620,1.11741e+07,-5.70602e+06,804895
10,1621,-5.3716e+06,-1.01154e+07,978874
10,1622,5.46648e+06,-1.06206e+07,451270
10,1623,520168,1.14024e+07,-168946
10,1624,-8.02452e+06,-1.23651e+07,189856
10,1625,-1.23489e+07,-7.52979e+06,75448.8
10,1626,-2.97412e+06,-1.27065e+07,-801844
10,1627,-1.06184e+07,1.78422e+06,-262285
10,1628,-9.53596e+06,5.7167e+06,-669345
10,1629,9.2238e+06,4.57882e+06,156094
10,1630,-2.07953e+06,-1.36666e+07,-386075
10,1631,2.20349e+06,7.37411e+06,70019.6
10,1632,-8.29551e+06,-2.42972e+06,-464441
10,1633,-1.10381e+07,8.23841e+06,-701533
10,1634,-7.46245e+06,1.11994e+07,-1.04781e+06
10,1635,-1.00366e+07,-5.72095e+06,496357
10,1636,-8.38798e+06,3.01485e+06,-388197
10,1637,5.51184e+06,-5.28999e+06,349923
10,1638,-7.58029e+06,-5.55014e+06,-561974
10,1639,1.05076e+07,9.33061e+06,-1.39904e+06
10,1640,-9.51294e+06,-5.55228e+06,173967
10,1641,-2.98612e+06,6.81023e+06,-1191.27
10,1642,6.11451e+06,-6.19301e+06,-720282
10,1643,-3.85531e+06,-1.01812e+07,-519133
10,1644,5.78208e+06,-1.04819e+07,-742331
10,1645,-1.35034e+07,-4.78526e+06,-575554
10,1646,-4.03787e+06,9.62351e+06,470173
10,1647,6.67701e+06,-1.1511e+07,1.29693e+06
10,1648,-1.06745e+07,-7.97301e+06,-428570
10,1649,1.09508e+07,2.95757e+06,555854
10,1650,1.04353e+07,1.38793e+06,-923458
10,1651,-8.70883e+06,-5.1143e+06,-72303.9
10,1652,-1.18636e+07,1.41243e+06,386517
10,1653,6.59378e+06,5.75406e+06,168801
10,1654,1.07085e+07,1.89266e+06,-259983
10,1655,-7.67979e+06,-1.6129e+06,-163589
10,1656,4.13158e+06,-1.11551e+07,-476864
10,1657,-1.43131e+07,-3.31809e+06,347665
10,1658,-6.16429e+06,-1.08115e+07,27306.7
10,1659,9.7726e+06,3.50617e+06,-995403
10,1660,-5.00854e+06,8.4946e+06,-221524
10,1661,-523648,-8.06936e+06,578263
10,1662,-1.4484e+07,637887,582740
10,1663,-1.20798e+07,6.74306e+06,-527581
10,1664,-1.44178e+07,-1.48271e+06,-7960.28
10,1665,6.49208e+06,5.34241e+06,576139
10,1666,-5.50943e+06,1.0537e+07,-733999
10,1667,-9.83986e+06,-5.80457e+06,-670238
10,1668,1.18854e+07,7.02353e+06,-397449
10,1669,-1.93606e+06,1.22645e+07,814865
10,1670,3.18607e+06,-1.24813e+07,-983187
10,1671,-1.92056e+06,7.89409e+06,29371.9
10,1672,6.76314e+06,-1.1071e+07,530470
10,1673,-961204,-1.43859e+07,-558919
10,1674,-2.95074e+06,-8.61199e+06,-559876
10,1675,-7.55168e+06,-1.63074e+06,497645
10,1676,2.10413e+06,-7.50659e+06,486403
10,1677,1.01166e+07,3.8802e+06,-706162
10,1678,-2.94156e+06,-1.22716e+07,1.00751e+06
10,1679,8.22295e+06,8.22166e+06,-882118
10,1680,5.10123e+06,1.16976e+07,-438180
10,1681,1.0742e+07,1.75243e+06,-547219
10,1682,-1.96238e+06,1.00461e+07,-745722
10,1683,5.00642e+06,-1.17901e+07,-621772
10,1684,-9.96799e+06,8.64619e+06,17644.1
10,1685,54992.3,-1.38221e+07,844521
10,1686,7.2747e+06,3.4928e+06,636220
10,1687,-2.44654e+06,9.79147e+06,453844
10,1688,8.93016e+06,-1.03659e+07,-503731
10,1689,1.32939e+07,3.55766e+06,-1.24284e+06
10,1690,1.10266e+07,4.68543e+06,-420431
10,1691,-6.49407e+06,1.05126e+07,-792890
10,1692,-8.94275e+06,2.36706e+06,-45538.7
10,1693,73069.9,-1.32633e+07,-114551
10,1694,1.03176e+07,9.08726e+06,-673254
10,1695,-9.80878e+06,9.3639e+06,1.30907e+06
10,1696,2.85879e+06,-1.03401e+07,-209633
10,1697,-7.74688e+06,6.92323e+06,455506
10,1698,1.06866e+07,-3.87095e+06,-566738
10,1699,-6.16106e+06,4.78738e+06,182152
10,1700,-7.93615e+06,1.13872e+07,427038
10,1701,-7.19239e+06,-6.61613e+06,753584
10,1702,-7.30266e+06,4.92438e+06,871721
10,1703,-1.27904e+07,-5.56456e+06,46385.4
10,1704,-9.19224e+06,-1.07038e+06,645463
10,1705,-3.16197e+06,1.20513e+07,-744778
10,1706,4.32829e+06,7.99551e+06,-736861
10,1707,7.77706e+06,6.80025e+06,-678843
10,1708,5.73866e+06,9.77538e+06,-991215
10,1709,1.69874e+06,9.38661e+06,29198.8
10,1710,165235,-7.79143e+06,634535
10,1711,-1.26275e+07,-2.70445e+06,933129
10,1712,1.25247e+07,893644,-266009
10,1713,-7.83741e+06,1.12953e+07,-1.28166e+06
10,1714,4.21353e+06,-1.22343e+07,-879697
10,1715,3.96498e+06,1.05686e+07,495248
10,1716,-3.76437e+06,8.34045e+06,632322
10,1717,-5.16308e+06,-9.49564e+06,-211064
10,1718,-6.54879e+06,-6.68994e+06,-647236
10,1719,2.47217e+06,9.66521e+06,390855
10,1720,1.45487e+07,-352871,-144728
10,1721,-8.44961e+06,3.09477e+06,625969
10,1722,8.27698e+06,-2.49118e+06,-273456
10,1723,7.89968e+06,-1.2584e+07,918114
10,1724,9.52192e+06,596853,-224940
10,1725,9.13886e+06,2.26139e+06,10101.9
10,1726,-6.72924e+06,-7.69361e+06,247779
10,1727,7.87812e+06,-1.0696e+06,-498432
10,1728,-1.0517e+07,718894,660882
10,1729,-7.05501e+06,3.30624e+06,200274
10,1730,-5.99512e+06,-6.29082e+06,738069
10,1731,1.46377e+07,3.08458e+06,-791811
10,1732,-7.67264e+06,5.55062e+06,-488578
10,1733,8.27034e+06,-2.35e+06,721325
10,1734,-3.97335e+06,6.21273e+06,-139908
10,1735,-6.09074e+06,-6.50128e+06,250177
10,1736,-732458,-1.37841e+07,117534
10,1737,-1.89796e+06,1.20784e+07,227575
10,1738,7.243e+06,8.14465e+06,-561707
10,1739,8.31842e+06,-4.20315e+06,-503032
10,1740,-6.39731e+06,6.76251e+06,304956
10,1741,7.6171e+06,-2.18653e+06,580416
10,1742,-5.2546e+06,-1.03007e+07,-1.1213e+06
10,1743,2.80582e+06,-9.26123e+06,-819664
10,1744,-7.91387e+06,-4.78413e+06,-450860
10,1745,9.77645e+06,1.06356e+07,860254
10,1746,89000.9,-1.10553e+07,-418727
10,1747,6.96517e+06,-8.66285e+06,-73634.3
10,1748,-9.59893e+06,-2.29062e+06,429266
10,1749,9.79704e+06,-3.88618e+06,-432474
10,1750,536519,-1.07827e+07,408537
10,1751,1.39059e+07,-219933,-203458
10,1752,7.72241e+06,1.57369e+06,357837
10,1753,2.49659e+06,1.37344e+07,-955056
10,1754,3.37654e+06,-6.68836e+06,-282756
10,1755,-1.01871e+07,-244778,692859
10,1756,-9.09213e+06,-8.10618e+06,-791228
10,1757,-2.32153e+06,-1.08093e+07,1.04958e+06
10,1758,8.56001e+06,588869,-730533
10,1759,4.33345e+06,-8.96596e+06,-984770
10,1760,-5.126e+06,9.29097e+06,-952268
10,1761,-383554,1.05903e+07,-314008
10,1762,-1.24854e+07,-1.76337e+06,-948359
10,1763,-9.59542e+06,-1.10974e+07,780818
10,1764,7.24522e+06,2.29002e+06,-732513
10,1765,-7.31962e+06,4.27796e+06,740841
10,1766,-2.73158e+06,1.02996e+07,131997
10,1767,-6.04869e+06,-5.07354e+06,108052
10,1768,1.32777e+07,-1.05285e+06,-664186
10,1769,9.33074e+06,-5.9367e+06,631471
10,1770,1.02455e+07,-3.59096e+06,-963880
10,1771,1.37078e+07,4.56311e+06,136689
10,1772,-1.18589e+06,1.40734e+07,-78388.8
10,1773,9.16573e+06,-2.76798e+06,620603
10,1774,-1.07448e+07,-6.66861e+06,811943
10,1775,-9.60458e+06,3.21199e+06,466184
10,1776,9.01735e+06,3.90442e+06,-838553
10,1777,5.46868e+06,-5.73276e+06,-44007.3
10,1778,-9.96098e+06,7.85948e+06,-612777
10,1779,2.74621e+06,-9.38078e+06,244830
10,1780,-6.14581e+06,-1.31328e+07,203534
10,1781,1.11151e+07,-4.14219e+06,684468
10,1782,-7.00466e+06,-1.60983e+06,270838
10,1783,2.914e+06,1.26226e+07,953030
10,1784,1.16038e+06,1.45577e+07,1.11971e+06
10,1785,7.25694e+06,2.73296e+06,-576063
10,1786,4.24467e+06,-6.10179e+06,-657180
10,1787,7.24175e+06,5.6184e+06,-375216
10,1788,-3.72675e+06,-6.74234e+06,-565937
10,1789,5.68762e+06,-1.2518e+07,-1.3416e+06
10,1790,1.39027e+07,2.61595e+06,-737287
10,1791,-3.79796e+06,6.18631e+06,20130.6
10,1792,-7.06704e+06,1.13401e+07,549450
10,1793,107241,-8.48754e+06,-448583
10,1794,3.13957e+06,7.50142e+06,-517763
10,1795,6.26153e+06,-9.12134e+06,-932406
10,1796,-7.08561e+06,-1.04438e+07,942014
10,1797,-8.50839e+06,2.6809e+06,761557
10,1798,-9.41568e+06,7.83099e+06,-904417
10,1799,-7.89723e+06,-4.50384e+06,396923
10,1800,-6.43417e+06,-4.74569e+06,80510.7
10,1801,-4.01184e+06,-1.0335e+07,749343
10,1802,7.37494e+06,-6.08603e+06,-649976
10,1803,-954747,8.30527e+06,-637346
10,1804,6.87828e+06,5.52786e+06,568612
10,1805,-60066.8,-8.07843e+06,-732413
10,1806,-3.45189e+06,-1.41009e+07,-1.43664e+06
10,1807,-1.30337e+07,-1.21712e+06,732155
10,1808,-7.00819e+06,-8.68724e+06,639876
10,1809,1.02129e+07,242433,716151
10,1810,-9.99689e+06,179312,-987488
10,1811,1.08921e+07,-860343,-484839
10,1812,-3.83621e+06,-9.38982e+06,639435
10,1813,-3.83505e+06,9.55892e+06,904173
10,1814,9.02752e+06,8.45854e+06,-1.0692e+06
10,1815,1.96256e+06,1.06764e+07,-534533
10,1816,1.18168e+07,7.52341e+06,603756
10,1817,666373,-9.13582e+06,407718
10,1818,-7.024e+06,-486409,-508745
10,1819,9.67745e+06,-1.00168e+07,-227474
10,1820,-3.52861e+06,9.9374e+06,457112
10,1821,-1.17037e+06,9.79876e+06,-133759
10,1822,-85256.3,-7.69476e+06,-752482
10,1823,4.91228e+06,1.11001e+07,-650254
10,1824,1.20572e+07,-471702,670893
10,1825,3.8707e+06,7.88423e+06,644465
10,1826,6.80701e+06,8.02853e+06,763835
10,1827,1.34204e+07,-1.30169e+06,1.10741e+06
10,1828,1.30073e+07,4.52265e+06,-1.0918e+06
10,1829,-1.13134e+07,-2.33322e+06,-97118.1
10,1830,-9.26644e+06,4.19885e+06,141004
10,1831,-554443,6.99467e+06,25650.7
10,1832,5.8063e+06,1.13817e+07,119804
10,1833,-1.19213e+07,4.25794e+06,-1.20089e+06
10,1834,-3.10123e+06,1.00892e+07,909217
10,1835,-4.51714e+06,-6.5602e+06,-714387
10,1836,-9.93647e+06,-3.57717e+06,-426973
10,1837,5.43755e+06,9.13686e+06,-416734
10,1838,-3.87495e+06,1.12838e+07,955862
10,1839,-1.1121e+07,4.44433e+06,-1.10791e+06
10,1840,1.08426e+06,-1.09307e+07,-515406
10,1841,-212279,1.34243e+07,870533
10,1842,5.18181e+06,-5.6714e+06,-1249.9
10,1843,-959956,9.32216e+06,-127436
10,1844,2.7145e+06,1.46966e+07,-1.18849e+06
10,1845,-1.16544e+07,776023,56522.8
10,1846,-1.38388e+06,1.22158e+07,1.012e+06
10,1847,7.16372e+06,7.63981e+06,507910
10,1848,-4.93152e+06,1.10946e+07,295132
10,1849,-8.23675e+06,2.89591e+06,698916
10,1850,-6.14629e+06,5.20121e+06,517835
10,1851,-1.41581e+07,4.15746e+06,20657
10,1852,1.05465e+07,-4.70321e+06,828698
10,1853,-7.74196e+06,3.16686e+06,-60223.1
10,1854,-1.05848e+07,-8.06367e+06,410551
10,1855,1.33077e+07,6.84004e+06,-829743
10,1856,-5.94511e+06,8.30829e+06,-980369
10,1857,-3.16994e+06,-7.03041e+06,586165
10,1858,-1.07494e+07,-2.76974e+06,-544143
10,1859,208742,-1.31393e+07,232264
10,1860,7.06415e+06,5.0237e+06,-757355
10,1861,5.37622e+06,-1.04045e+07,840741
10,1862,2.3446e+06,-1.04054e+07,955835
10,1863,-7.38979e+06,5.42472e+06,793031
10,1864,8.31678e+06,-4.91588e+06,932327
10,1865,5.06727e+06,-1.11849e+07,613345
10,1866,-4.45094e+06,1.17309e+07,-1.11432e+06
10,1867,-4.78148e+06,-8.45534e+06,-773790
10,1868,4.46538e+06,5.50556e+06,306030
10,1869,1.47047e+07,-1.51318e+06,-17800.3
10,1870,-1.09515e+06,-1.39118e+07,2903.25
10,1871,7.45909e+06,8.80238e+06,1.0125e+06
10,1872,-9.27652e+06,3.18997e+06,336910
10,1873,-329278,9.66231e+06,253446
10,1874,-1.23634e+06,-7.09294e+06,20192.1
10,1875,-7.95934e+06,-8.77346e+06,64086.2
10,1876,-4.64727e+06,-1.06779e+07,590027
10,1877,8.78093e+06,-9.30618e+06,-795723
10,1878,9.68477e+06,-3.22312e+06,-211126
10,1879,-7.86018e+06,-1.34613e+06,-624072
10,1880,8.62254e+06,-16297,71329.3
10,1881,9.22927e+06,-230946,863952
10,1882,-753491,1.04748e+07,711836
10,1883,-4.83885e+06,-1.17265e+07,999431
10,1884,-2.69648e+06,1.22118e+07,485126
10,1885,619224,-9.4235e+06,226212
10,1886,-7.58401e+06,-692776,-238736
10,1887,-7.6612e+06,-5.82227e+06,-342071
10,1888,1.18971e+07,5.73768e+06,423834
10,1889,-6.22686e+06,-1.19484e+07,-7466.46
10,1890,-4.54085e+06,1.38075e+07,-1.40209e+06
10,1891,1.01755e+07,2.2108e+06,947943
10,1892,2.17083e+06,-8.39e+06,476366
10,1893,-6.24892e+06,-6.06206e+06,-789022
10,1894,1.07779e+07,1.06161e+06,914351
10,1895,2.50536e+06,1.45696e+07,-864017
10,1896,-336605,1.29848e+07,1.02847e+06
10,1897,-6.89573e+06,9.28529e+06,770700
10,1898,9.30354e+06,-5.69306e+06,935956
10,1899,8.2821e+06,197042,804299
10,1900,1.33435e+07,4.90806e+06,948379
10,1901,-665474,1.0611e+07,806886
10,1902,8.11767e+06,-2.71139e+06,-504452
10,1903,1.94151e+06,1.17497e+07,108775
10,1904,4.51662e+06,1.16251e+07,52095.9
10,1905,9.65036e+06,4.69243e+06,684045
10,1906,-8.6092e+06,-4.43727e+06,28637.7
10,1907,8.63736e+06,6.97945e+06,-169954
10,1908,-1.01987e+06,-1.05452e+07,721558
10,1909,9.66513e+06,5.93927e+06,-597586
10,1910,5.84091e+06,5.92014e+06,-223094
10,1911,1.66857e+06,8.64053e+06,-785806
10,1912,5.64155e+06,4.35358e+06,-467828
10,1913,-1.03934e+07,-756108,-750349
10,1914,-5.71343e+06,8.66304e+06,-657916
10,1915,-6.91561e+06,1.36953e+06,261868
10,1916,5.88517e+06,6.52081e+06,681284
10,1917,1.44306e+06,9.0626e+06,656496
10,1918,-1.28491e+07,4.26003e+06,-29134.1
10,1919,7.669e+06,4.19439e+06,128379
10,1920,-7.39024e+06,2.35566e+06,685090
10,1921,921774,1.45891e+07,362934
10,1922,7.70323e+06,-7.54306e+06,-493191
10,1923,3.59813e+06,6.03531e+06,-211514
10,1924,2.51499e+06,-9.18135e+06,343912
10,1925,-9.05612e+06,2.38832e+06,-759213
10,1926,1.29964e+07,-5.51946e+06,1.35912e+06
10,1927,6.33479e+06,1.23625e+07,-1.26422e+06
10,1928,9.9388e+06,-6.00601e+06,-750386
10,1929,2.47985e+06,-6.5793e+06,-596505
10,1930,-4.3868e+06,-9.31402e+06,-542443
10,1931,1.04082e+06,-7.59818e+06,199701
10,1932,-8.34098e+06,1.22871e+07,-1.30496e+06
10,1933,-1.27255e+07,-1.8104e+06,-738076
10,1934,3.73493e+06,1.27009e+07,-634182
10,1935,-6.29122e+06,4.50739e+06,-125490
10,1936,-2.76149e+06,-1.07302e+07,901877
10,1937,7.57256e+06,2.77318e+06,-778923
10,1938,-4.38551e+06,-6.8583e+06,370598
10,1939,464740,1.32739e+07,-515877
10,1940,9.99168e+06,4.26126e+06,241488
10,1941,-9.56779e+06,1.13581e+07,751637
10,1942,7.59094e+06,7.95935e+06,180916
10,1943,9.16131e+06,2.0851e+06,253603
10,1944,-7.82719e+06,1.14482e+07,-304325
10,1945,5.54612e+06,-1.29799e+07,607186
10,1946,7.61817e+06,-4.73343e+06,-620873
10,1947,1.18015e+07,2.22368e+06,345283
10,1948,-8.77829e+06,2.79584e+06,-285191
10,1949,-5.96793e+06,-5.85098e+06,639701
10,1950,5.14111e+06,1.37277e+07,637683
10,1951,-6.83825e+06,1.01731e+07,-1.18259e+06
10,1952,1.1808e+07,-4.14381e+06,330742
10,1953,-1.03222e+07,-1.71379e+06,-629328
10,1954,-230885,-1.29696e+07,-921182
10,1955,-1.73716e+06,1.38501e+07,1.35051e+06
10,1956,4.34111e+06,9.07384e+06,-298385
10,1957,9.50957e+06,4.49912e+06,164584
10,1958,-751270,-1.17048e+07,-1.10772e+06
10,1959,1.06795e+07,3.75601e+06,455659
10,1960,6.36654e+06,-3.84936e+06,300836
10,1961,-1.03159e+07,3.90126e+06,-816131
10,1962,6.37268e+06,-6.77e+06,753704
10,1963,-5.76357e+06,-3.97131e+06,307165
10,1964,1.03626e+07,5.91307e+06,-674269
10,1965,4.48583e+06,-7.80528e+06,-66258.5
10,1966,1.00182e+07,-4.27075e+06,298657
10,1967,-1.36449e+07,3.76377e+06,-994031
10,1968,-1.39426e+07,3.64123e+06,-918788
10,1969,8.9205e+06,3.02362e+06,-59714.4
10,1970,1.26151e+07,-5.52853e+06,1.19465e+06
10,1971,-5.92919e+06,5.32037e+06,-753856
10,1972,-8.78185e+06,1.06925e+07,362922
10,1973,-1.15209e+07,5.36698e+06,-492251
10,1974,1.43332e+07,-3.19354e+06,-618773
10,1975,1.06385e+07,-1.76532e+06,-1.07138e+06
10,1976,8.27603e+06,6.13407e+06,18867.6
10,1977,-6.03612e+06,3.89955e+06,-401813
10,1978,1.1244e+07,-217654,676778
10,1979,-9.00314e+06,-1.03361e+07,-1.26032e+06
10,1980,7.74354e+06,-3.85781e+06,-231706
10,1981,-2.22956e+06,-7.49839e+06,-313914
10,1982,9.12732e+06,-43393.5,654876
10,1983,1.01884e+07,-1.20102e+06,308085
10,1984,1.2635e+07,2.59725e+06,-978052
10,1985,9.75124e+06,-7.09796e+06,298551
10,1986,5.96356e+06,5.4119e+06,555206
10,1987,-8.00437e+06,-1.10076e+06,-750108
10,1988,-3.51103e+06,-6.78536e+06,289189
10,1989,2.0136e+06,9.50161e+06,610175
10,1990,-8.37736e+06,-2.34202e+06,816910
10,1991,7.6369e+06,-2.89274e+06,-518597
10,1992,-8.2713e+06,7.97491e+06,1.07145e+06
10,1993,-7.42982e+06,5.33282e+06,885933
10,1994,-1.12757e+07,-251717,-546799
10,1995,1.25029e+07,1.19428e+06,-1.13466e+06
10,1996,-6.45159e+06,9.8161e+06,1.06788e+06
10,1997,-3.1527e+06,-1.38423e+07,904540
10,1998,8.63605e+06,8.7882e+06,654974
10,1999,-3.9242e+06,7.72421e+06,553894
10,2000,7.2331e+06,-8.64737e+06,-647727
10,2001,1.02195e+07,6.01324e+06,339354
10,2002,-1.12356e+07,-6.70858e+06,-612257
10,2003,5.2452e+06,5.00302e+06,177330
10,2004,3.84437e+06,1.3939e+07,680162
10,2005,-1.37961e+07,-1.87995e+06,471535
10,2006,-965005,1.34745e+07,-549043
10,2007,6.81241e+06,-1.52339e+06,584265
10,2008,1.1501e+07,6.30501e+06,-137712
10,2009,7.76577e+06,858362,181572
10,2010,1.20588e+07,-8.36355e+06,577780
10,2011,-1.25269e+06,7.66646e+06,-279671
10,2012,4.28173e+06,-1.23824e+07,-301112
10,2013,9.91336e+06,2.91801e+06,-436057
10,2014,7.82515e+06,7.1649e+06,-99165.8
10,2015,-1.19879e+07,-6.78827e+06,-1.16291e+06
10,2016,-8.4329e+06,1.28425e+06,-236358
10,2017,-9.68902e+06,-1.8732e+06,166583
10,2018,-7.27202e+06,1.11955e+07,816600
10,2019,9.10112e+06,3.37958e+06,105216
10,2020,1.07418e+07,-4.61523e+06,528942
10,2021,1.20579e+07,-7.75986e+06,299940
10,2022,-1.04278e+07,-4.00599e+06,1.07192e+06
10,2023,1.03003e+07,8.19876e+06,733848
10,2024,-7.92191e+06,2.6403e+06,-484072
10,2025,9.01339e+06,-8.66896e+06,-524634
10,2026,-2.37105e+06,7.27494e+06,263858
10,2027,-1.75842e+06,9.4487e+06,-607365
10,2028,-1.84576e+06,1.0812e+07,507116
10,2029,-3.84122e+06,-6.56076e+06,-399387
10,2030,-2.51605e+06,1.06092e+07,486101
10,2031,1.2657e+07,-7.19773e+06,242965
10,2032,4.51054e+06,-9.6959e+06,392256
10,2033,3.71751e+06,-7.60801e+06,-120440
10,2034,-1.76118e+06,8.31832e+06,-395600
10,2035,1.02504e+06,1.10747e+07,-838916
10,2036,-6.87382e+06,-4.05501e+06,374969
10,2037,9.30476e+06,2.13113e+06,-712982
10,2038,-1.43074e+07,522632,-132942
10,2039,-896914,-7.24904e+06,41001.5
10,2040,6.58695e+06,5.55147e+06,-200936
10,2041,9.11962e+06,-1.02161e+07,281721
10,2042,9.56614e+06,8.53218e+06,225946
10,2043,3.68891e+06,1.17339e+07,936983
10,2044,-3.39235e+06,7.8564e+06,206365
10,2045,-3.7143e+06,-1.14847e+07,-938505
10,2046,-1.34905e+07,-2.88486e+06,-79126.2
10,2047,-837626,-1.47818e+07,-1.13332e+06
10,2048,1.07014e+07,7.3707e+06,-1.23167e+06
10,2049,1.02016e+07,-343134,-664641
10,2050,5.67064e+06,1.09922e+07,556431
10,2051,-4.63541e+06,-1.00014e+07,-655827
10,2052,1.29546e+07,-295666,429450
10,2053,9.68216e+06,-4.99912e+06,-1.0584e+06
10,2054,9.82975e+06,-8.18307e+06,-1.12411e+06
10,2055,2.91033e+06,1.01922e+07,141019
10,2056,-4.01884e+06,1.15148e+07,-97613.2
10,2057,-6.3339e+06,6.69084e+06,-628307
10,2058,1.40117e+07,941098,1.07615e+06
10,2059,-5.73139e+06,1.00414e+07,516129
10,2060,-1.10284e+07,-4265.66,-861635
10,2061,496054,1.00565e+07,-978304
10,2062,8.30111e+06,5.33773e+06,-480342
10,2063,6.17651e+06,4.64156e+06,-465635
10,2064,1.49907e+07,262447,415928
10,2065,7.15271e+06,-3.80785e+06,-659995
10,2066,-1.11335e+07,-9.39494e+06,-1.45791e+06
10,2067,-1.39967e+07,-1.98028e+06,-671485
10,2068,1.17948e+07,-5.78745e+06,-42854.3
10,2069,2.37489e+06,-9.21712e+06,346195
10,2070,-4.92509e+06,-1.32028e+07,-723441
10,2071,1.13817e+07,8.88281e+06,-670552
10,2072,-1.01483e+07,-4.5196e+06,-1.08027e+06
10,2073,-8.58957e+06,1.00785e+07,-247873
10,2074,-9.78217e+06,9.18689e+06,-1.21855e+06
10,2075,8.08129e+06,-2.21946e+06,-721793
10,2076,-9.83585e+06,-266525,-13222.3
10,2077,-7.02854e+06,-134168,-163430
10,2078,7.932e+06,1.24598e+07,-430958
10,2079,-8.04672e+06,6.50972e+06,343394
10,2080,1.50217e+06,8.58453e+06,399779
10,2081,-9.4884e+06,5.52203e+06,-727364
10,2082,8.44795e+06,636393,-693796
10,2083,8.94389e+06,-7.14002e+06,-487439
10,2084,7.1443e+06,6.44173e+06,-214295
10,2085,6.37744e+06,-3.53873e+06,252601
10,2086,1.1098e+07,-9.98061e+06,-80627.5
10,2087,4.00837e+06,1.04123e+07,-84706.9
10,2088,1.34502e+07,4.51145e+06,1.03334e+06
10,2089,7.86311e+06,-5.66251e+06,856608
10,2090,-6.27978e+06,-1.06533e+07,-116854
10,2091,1.32822e+07,-3.20605e+06,752475
10,2092,-9.31674e+06,-7.47742e+06,836323
10,2093,3.8228e+06,-1.06652e+07,20133
10,2094,-5.64536e+06,4.93629e+06,-83327.6
10,2095,6.45724e+06,4.94429e+06,57684
10,2096,-2.58015e+06,7.22512e+06,375589
10,2097,-2.88013e+06,-1.43581e+07,1.44749e+06
10,2098,-3.47744e+06,1.20891e+07,433025
10,2099,-8.7403e+06,9.0181e+06,-1.21513e+06
10,2100,1.24956e+07,1.77674e+06,331224
10,2101,-7.58218e+06,-3.39844e+06,6502.36
10,2102,-4.69004e+06,5.33935e+06,143695
10,2103,1.05871e+07,-8.8343e+06,-44537.6
10,2104,-5.25515e+06,1.16945e+07,-404796
10,2105,-7.88154e+06,-3.31382e+06,-317223
10,2106,-2.9723e+06,-7.06891e+06,318793
10,2107,8.72046e+06,4.64176e+06,-145626
10,2108,-5.09138e+06,-9.21905e+06,-388958
10,2109,8.64757e+06,-8.94783e+06,-653919
10,2110,-1.12342e+07,9.65847e+06,-690120
10,2111,8.53819e+06,5.83765e+06,-775702
10,2112,871329,-1.02455e+07,824983
10,2113,9.67885e+06,7.60837e+06,423718
10,2114,4.19815e+06,-1.13035e+07,785459
10,2115,-1.19854e+07,7.10818e+06,551720
10,2116,9.12669e+06,34556.5,-593445
10,2117,4.13176e+06,5.73725e+06,390463
10,2118,-9.98446e+06,3.34704e+06,960961
10,2119,-5.42982e+06,1.32645e+07,-834938
10,2120,1.14855e+07,-7.62729e+06,114704
10,2121,-584989,1.19994e+07,723610
10,2122,-1.20059e+07,-328347,-1.05937e+06
10,2123,-1.06615e+07,-9.53077e+06,-880032
10,2124,-5.15879e+06,-1.06692e+07,61080.2
10,2125,-1.1037e+07,-6.27019e+06,1.13981e+06
10,2126,5.77209e+06,4.65268e+06,-484526
10,2127,-7.56461e+06,-9.92974e+06,980806
10,2128,-1.27799e+07,-732865,1.26324e+06
10,2129,4.61975e+06,-7.87253e+06,-133656
10,2130,-1.67222e+06,-1.20702e+07,326046
10,2131,-7.63385e+06,2.77762e+06,99819.2
10,2132,-1.29118e+07,4.70998e+06,1.15374e+06
10,2133,-9.99437e+06,-3.23388e+06,623186
10,2134,1.1312e+07,-2.82154e+06,373980
10,2135,1.10475e+07,1.71611e+06,-192910
10,2136,-39968.9,-9.37794e+06,-547762
10,2137,3.12704e+06,8.03021e+06,-646442
10,2138,7.18917e+06,-6.16989e+06,521431
10,2139,3.82965e+06,-1.22853e+07,-593856
10,2140,9.12074e+06,1.07423e+07,-461404
10,2141,9.2849e+06,7.08878e+06,538030
10,2142,2.23344e+06,-9.84789e+06,-14346.3
10,2143,-731281,-8.4049e+06,-418541
10,2144,9.68567e+06,5.05074e+06,257545
10,2145,-8.92159e+06,8.43241e+06,1.11877e+06
10,2146,-3.59503e+06,-1.35105e+07,597755
10,2147,-4.91397e+06,-7.54345e+06,-544042
10,2148,8.14947e+06,49669.6,199494
10,2149,-2.54683e+06,1.01304e+07,217130
10,2150,6.05373e+06,4.19389e+06,-690026
10,2151,-8.7959e+06,-6.52406e+06,-960720
10,2152,1.50694e+06,1.26718e+07,472884
10,2153,-5.30353e+06,-1.38295e+07,1.13736e+06
10,2154,-1.45279e+07,1.15448e+06,590041
10,2155,-8.61418e+06,1.07813e+07,-659040
10,2156,-2.10142e+06,-1.43974e+07,-816569
10,2157,3.11235e+06,-1.01246e+07,99701.2
10,2158,351583,-1.21909e+07,297660
10,2159,37863.6,-1.13089e+07,515046
10,2160,-7.70902e+06,9.24429e+06,-226769
10,2161,1.11839e+07,9.61324e+06,-683287
10,2162,5.71438e+06,-9.29904e+06,-735258
10,2163,8.40277e+06,3.76534e+06,379539
10,2164,-6.86117e+06,5.67678e+06,-100270
10,2165,-1.19943e+07,7.40307e+06,-1.00178e+06
10,2166,1.09051e+07,-2.51747e+06,241075
10,2167,8.0665e+06,-1.24123e+07,-1.37778e+06
10,2168,-2.86955e+06,1.1926e+07,146261
10,2169,-5.41427e+06,7.44027e+06,780618
10,2170,6.11042e+06,-6.07304e+06,-811382
10,2171,4.78415e+06,-6.06453e+06,201729
10,2172,3.21433e+06,1.25732e+07,96251.2
10,2173,-8.94242e+06,-9.29409e+06,-73003.3
10,2174,-6.49538e+06,-1.31085e+07,1.19568e+06
10,2175,-1.10577e+06,-1.2745e+07,-1.07708e+06
10,2176,6.262e+06,-7.61833e+06,-527882
10,2177,-3.70983e+06,6.988e+06,-442802
10,2178,9.76674e+06,-1.05848e+07,-912.448
10,2179,-1.57531e+06,-7.32094e+06,184861
10,2180,-1.37349e+07,-5.39513e+06,-483021
10,2181,1.10575e+07,-1.38259e+06,437854
10,2182,660994,1.23435e+07,602710
10,2183,-5.39032e+06,1.18321e+07,-42350.6
10,2184,-580897,9.29669e+06,-885869
10,2185,-8.68547e+06,-3.14005e+06,-923640
10,2186,6.85792e+06,-6.22844e+06,173530
10,2187,-9.77271e+06,6.71176e+06,418602
10,2188,3.62433e+06,-7.68247e+06,-652458
10,2189,-6.68185e+06,1.02469e+07,606053
10,2190,-1.08864e+07,3.29201e+06,-753032
10,2191,1.19274e+07,-1.84285e+06,787040
10,2192,-5.36667e+06,5.1717e+06,635876
10,2193,-5.70703e+06,-9.38833e+06,908681
10,2194,-1.39876e+07,-218711,-174464
10,2195,-1.80879e+06,-9.53877e+06,-413858
10,2196,-5.617e+06,7.00689e+06,-580534
10,2197,-9.31558e+06,-8.42592e+06,-43011.8
10,2198,8.51412e+06,-5.39178e+06,-951870
10,2199,1.07672e+07,-7.55291e+06,-141114
10,2200,1.07225e+07,-3.832e+06,-655953
10,2201,-1.1018e+07,1.69829e+06,-539101
10,2202,1.09589e+07,-7.93028e+06,763555
10,2203,7.2813e+06,4.5026e+06,180562
10,2204,-3.40434e+06,-6.63417e+06,45370.5
10,2205,-1.03451e+07,-6.655e+06,-190177
10,2206,-3.0214e+06,8.05919e+06,42173.8
10,2207,2.30839e+06,-1.19771e+07,652377
10,2208,-3.34423e+06,1.43424e+07,-1.26636e+06
10,2209,-341053,-9.75857e+06,-120865
10,2210,-1.28312e+07,-4.1718e+06,1.16263e+06
10,2211,1.31972e+07,6.20324e+06,-127121
10,2212,-501758,1.18649e+07,-220724
10,2213,1.7473e+06,1.22953e+07,253331
10,2214,1.05668e+07,6.82567e+06,-6215.97
10,2215,-1.38425e+06,-8.98107e+06,-564918
10,2216,-1.28288e+07,5.87998e+06,-853395
10,2217,-8.85997e+06,5.64064e+06,-149322
10,2218,-1.15442e+07,-1.60976e+06,-817755
10,2219,-890991,-7.47119e+06,89863.6
10,2220,3.60351e+06,-9.18819e+06,-220994
10,2221,-4.6275e+06,1.24893e+07,-1.14062e+06
10,2222,-1.14174e+07,8.83468e+06,846043
10,2223,-5.52305e+06,-7.36703e+06,688708
10,2224,3.62876e+06,-6.37157e+06,104610
10,2225,-1.16922e+07,-1.77784e+06,887396
10,2226,-588083,7.30313e+06,551630
10,2227,1.29319e+07,1.50088e+06,44279.6
10,2228,-9.15763e+06,6.49551e+06,-455190
10,2229,3.19837e+06,1.20131e+07,744157
10,2230,-1.15856e+07,6.75645e+06,-580956
10,2231,-9.21257e+06,956731,407003
10,2232,-7.55714e+06,-6.34602e+06,-231971
10,2233,9.2641e+06,1.53128e+06,-934672
10,2234,-7.35912e+06,4.81787e+06,618931
10,2235,-1.4989e+06,1.32861e+07,-683708
10,2236,-4.75197e+06,7.42876e+06,-3176.84
10,2237,2.00902e+06,1.02863e+07,-776021
10,2238,3.95781e+06,5.88814e+06,291532
10,2239,-8.78818e+06,1.68172e+06,163399
10,2240,1.08198e+07,-9.00639e+06,692426
10,2241,-6.43818e+06,-3.37537e+06,417085
10,2242,-6.75025e+06,-2.26488e+06,510299
10,2243,1.07358e+07,343914,-1.05381e+06
10,2244,5.74783e+06,8.58022e+06,339789
10,2245,5.47477e+06,1.13841e+07,983573
10,2246,6.50702e+06,8.26687e+06,556522
10,2247,-8.46811e+06,-1.02383e+07,940825
10,2248,9.56473e+06,-8.6528e+06,-170549
10,2249,1.29676e+07,40712,583754
10,2250,-7.8506e+06,-986201,138232
10,2251,8.16659e+06,-1.86148e+06,-544214
10,2252,7.29036e+06,-4.21331e+06,-58594.7
10,2253,-6.07397e+06,-4.40645e+06,152833
10,2254,7.41736e+06,-1.21214e+06,66181.6
10,2255,-1.13757e+07,-1.51081e+06,254180
10,2256,-2.184e+06,8.84887e+06,20669.2
10,2257,1.27773e+07,4.2025e+06,278207
10,2258,7.3429e+06,1.11982e+07,-1.30294e+06
10,2259,-8.02258e+06,-5.04475e+06,-686768
10,2260,-9.82746e+06,-3.4243e+06,205837
10,2261,-7.47098e+06,5.33635e+06,511603
10,2262,9.43632e+06,-1.10469e+07,186798
10,2263,-5.16497e+06,8.85756e+06,-770526
10,2264,-2.88973e+06,-7.29165e+06,-377076
10,2265,9.01968e+06,-29238,-563678
10,2266,6.61518e+06,4.81753e+06,130622
10,2267,-8.01095e+06,8.96483e+06,85152.5
10,2268,5.55368e+06,-1.20315e+07,1.21699e+06
10,2269,-1.24321e+07,-5.43004e+06,-870355
10,2270,7.31433e+06,2.6915e+06,259657
10,2271,-1.33836e+07,-790922,-1.19714e+06
10,2272,1.04003e+07,-4.37149e+06,220271
10,2273,4.21768e+06,-1.27454e+07,1.16316e+06
10,2274,-129359,-1.31426e+07,-699603
10,2275,-7.40351e+06,-902832,-561244
10,2276,-3.69479e+06,1.41878e+07,1.03662e+06
10,2277,-4.52821e+06,8.98638e+06,877979
10,2278,-7.66506e+06,6.22735e+06,-779632
10,2279,-3.04742e+06,1.19803e+07,211662
10,2280,-2.19038e+06,-1.15102e+07,575138
10,2281,-5.4607e+06,9.65278e+06,749614
10,2282,-9.46292e+06,-518212,-187187
10,2283,-1.26146e+07,5.68642e+06,-315262
10,2284,-9.94547e+06,-7.53911e+06,-982321
10,2285,-937585,-1.09718e+07,1.08722e+06
10,2286,-8.287e+06,8.69996e+06,-658715
10,2287,5.56421e+06,-1.28063e+07,-743735
10,2288,-1.7955e+06,-8.40966e+06,-318386
10,2289,5.38007e+06,7.75767e+06,-445965
10,2290,-1.05316e+06,-1.03611e+07,-341068
10,2291,-2.16435e+06,9.38236e+06,-41819.4
10,2292,-8.41019e+06,685504,344748
10,2293,7.19317e+06,524326,-614304
10,2294,6.90421e+06,-8.85693e+06,-1.11566e+06
10,2295,1.13178e+07,8.99899e+06,990513
10,2296,-5.80136e+06,-9.18397e+06,23209.1
10,2297,5.55031e+06,-9.26729e+06,553302
10,2298,8.23401e+06,7.04276e+06,-835062
10,2299,-1.31731e+07,-2.52166e+06,-49385.9
10,2300,7.908e+06,-9.60352e+06,320714
10,2301,1.31511e+06,-1.30312e+07,-376619
10,2302,2.97232e+06,-8.69597e+06,-225782
10,2303,1.28094e+07,6.06155e+06,-1.25538e+06
10,2304,-8.53734e+06,-1.1611e+07,-347104
10,2305,-6.06067e+06,-1.15463e+07,81374
10,2306,3.03165e+06,-7.15433e+06,569801
10,2307,4.99279e+06,-6.69721e+06,632446
10,2308,-6.27926e+06,-9.50553e+06,-268362
10,2309,-1.54532e+06,-9.09985e+06,669180
10,2310,-1.21671e+07,-950608,-833792
10,2311,-6.9976e+06,2.39948e+06,-668515
10,2312,-8.58936e+06,7.7059e+06,594077
10,2313,-7.83875e+06,-5.26886e+06,71183.1
10,2314,6.27988e+06,3.16322e+06,-294960
10,2315,8.42052e+06,1.12413e+07,592765
10,2316,3.77872e+06,-1.42758e+07,-759870
10,2317,1.1862e+07,7.92655e+06,-90902
10,2318,-8.85445e+06,-1.09708e+07,-243514
10,2319,-6.66086e+06,6.551e+06,16707.3
10,2320,9.34975e+06,-1.77405e+06,826327
10,2321,-1.23331e+07,6.53003e+06,534185
10,2322,8.4366e+06,-1.14476e+07,-243685
10,2323,6.98698e+06,3.68285e+06,121737
10,2324,7.1714e+06,-9.78377e+06,-503665
10,2325,-6.09323e+06,5.68904e+06,-244186
10,2326,-3.71264e+06,-7.15376e+06,14010.4
10,2327,-7.72337e+06,1.01587e+07,-445026
10,2328,7.75123e+06,-7.42702e+06,-989796
10,2329,-9.15777e+06,9.78909e+06,952314
10,2330,-7.8448e+06,1.0873e+07,520137
10,2331,6.62564e+06,-4.95844e+06,-158091
10,2332,-2.85028e+06,-1.02336e+07,682588
10,2333,-4.63628e+06,-7.58378e+06,-192023
10,2334,-3.59545e+06,-9.27458e+06,-224473
10,2335,5.06383e+06,-8.31765e+06,-778172
10,2336,36550.1,1.23489e+07,-1.20036e+06
10,2337,-6.47835e+06,-5.2314e+06,348463
10,2338,6.9399e+06,1.70086e+06,576464
10,2339,6.01057e+06,-4.61063e+06,-412227
10,2340,-4.78069e+06,1.19674e+07,926221
10,2341,-1.02791e+07,7.21487e+06,-1.06674e+06
10,2342,-9.45796e+06,-8.62198e+06,-1.27655e+06
10,2343,2.62852e+06,-6.56021e+06,-340314
10,2344,-1.15794e+07,3.36034e+06,877922
10,2345,1.42995e+07,-228840,-992134
10,2346,-1.45561e+06,1.3825e+07,252520
10,2347,1.0927e+07,1.30678e+06,954885
10,2348,-2.80829e+06,-7.07747e+06,434471
10,2349,8.75971e+06,1.00896e+07,-140113
10,2350,-4.48739e+06,1.28756e+07,-87950.8
10,2351,-8.93192e+06,2.00764e+06,711519
10,2352,-9.9659e+06,-3.72429e+06,-204341
10,2353,1.06159e+07,1.08273e+06,-461808
10,2354,-6.94721e+06,-7.86266e+06,-104814
10,2355,-7.4371e+06,6.21123e+06,-499848
10,2356,-1.41863e+07,-2.00867e+06,-1.39877e+06
10,2357,7.05508e+06,-1.12694e+06,-398406
10,2358,1.24876e+07,4.85244e+06,1.13115e+06
10,2359,-1.25359e+07,-6.06953e+06,-1.37213e+06
10,2360,-7.5931e+06,4.94659e+06,-72380.8
10,2361,9.16465e+06,1.99808e+06,169091
10,2362,-2.35868e+06,1.08931e+07,-1.03282e+06
10,2363,-1.48479e+07,1.63061e+06,765459
10,2364,1.02046e+07,2.90787e+06,-404246
10,2365,5.097e+06,-8.0836e+06,294861
10,2366,9.0236e+06,-1.78061e+06,-328407
10,2367,1.49542e+07,-303783,-924902
10,2368,-9.46632e+06,760688,311791
10,2369,1.10194e+07,-2.07539e+06,502652
10,2370,6.81742e+06,5.38912e+06,327593
10,2371,2.01176e+06,-8.01307e+06,-312369
10,2372,9.58023e+06,721988,386437
10,2373,1.20995e+06,-7.81305e+06,-12858.3
10,2374,-1.14006e+07,-6.70867e+06,-1.10728e+06
10,2375,1.18571e+07,5.62826e+06,-55908.2
10,2376,198371,-8.3481e+06,688923
10,2377,-1.12402e+07,-2.00198e+06,603290
10,2378,6.15068e+06,-3.39986e+06,-425744
10,2379,-1.22429e+06,-1.48e+07,815370
10,2380,-1.20657e+07,2.10748e+06,175474
10,2381,-5.18743e+06,-5.23369e+06,185870
10,2382,-1.4068e+07,-558649,-1.19352e+06
10,2383,-5.21393e+06,-7.86556e+06,-492542
10,2384,4.02522e+06,-8.32042e+06,155882
10,2385,-4.66999e+06,1.00218e+07,511002
10,2386,-680657,-9.24238e+06,-798755
10,2387,-1.39153e+07,-20964.9,-171143
10,2388,-8.38099e+06,-8.38596e+06,-874086
10,2389,-2.16962e+06,1.28249e+07,1.05577e+06
10,2390,-7.73548e+06,1.1085e+07,832997
10,2391,7.85963e+06,5.86903e+06,908709
10,2392,-1.17734e+07,3.26716e+06,-249838
10,2393,9.51509e+06,-1.04284e+06,-700472
10,2394,-9.4851e+06,795213,-41880.8
10,2395,4.77052e+06,9.6266e+06,-764225
10,2396,7.77967e+06,-4.54719e+06,-698738
10,2397,678657,-1.30167e+07,808558
10,2398,-1.20959e+06,1.40195e+07,-775954
10,2399,-1.08083e+06,1.06576e+07,502357
10,2400,8.56132e+06,-8.47331e+06,-1.00755e+06
10,2401,-3.90829e+06,1.3777e+07,-26652.4
10,2402,747898,-1.04809e+07,-167431
10,2403,1.19046e+07,-8.29256e+06,1.08186e+06
10,2404,4.66756e+06,-5.94464e+06,426153
10,2405,6.04317e+06,4.93668e+06,-623736
10,2406,-6.70666e+06,-2.20215e+06,670292
10,2407,-1.01049e+07,-2.71585e+06,982170
10,2408,5.75232e+06,-6.97511e+06,83883.8
10,2409,-6.43851e+06,9.59492e+06,142326
10,2410,775631,-7.53835e+06,-326517
10,2411,-9.53185e+06,1.03424e+07,-1.00643e+06
10,2412,6.36422e+06,1.08177e+07,637323
10,2413,2.766e+06,-1.44147e+07,-1.40614e+06
10,2414,-3.89947e+06,-1.11096e+07,767470
10,2415,-7.39937e+06,848565,52685.4
10,2416,-3.74029e+06,7.46816e+06,-99859.4
10,2417,1.23646e+07,-5.80891e+06,350955
10,2418,-324967,1.01072e+07,978119
10,2419,1.32473e+07,-6.6883e+06,848779
10,2420,3.98953e+06,-8.73689e+06,-175217
10,2421,-238225,-9.57729e+06,-807285
10,2422,-7.02211e+06,2.29655e+06,-80323.6
10,2423,9.8736e+06,1.01008e+07,-1.06623e+06
10,2424,7.99322e+06,1.58921e+06,-699730
10,2425,-1.11723e+07,5.05313e+06,647047
10,2426,-8.00155e+06,-1.2546e+07,-1.34149e+06
10,2427,5.79929e+06,-5.27046e+06,43092.2
10,2428,8.45891e+06,-1.05841e+07,1.16174e+06
10,2429,-1.37145e+07,-4.98165e+06,-464096
10,2430,-1.39776e+07,-4.35101e+06,-1.27902e+06
10,2431,-1.02801e+07,-6.39002e+06,960145
10,2432,-7.14694e+06,9.85336e+06,1.1383e+06
10,2433,-9.10436e+06,-9.83412e+06,-555333
10,2434,-4.73495e+06,-8.75317e+06,-853976
10,2435,-1.96472e+06,-8.83764e+06,-36179.1
10,2436,5.87423e+06,8.36126e+06,-118846
10,2437,-1.21229e+06,1.3045e+07,-1.3002e+06
10,2438,1.21736e+07,-2.05123e+06,263797
10,2439,-3.48296e+06,7.13298e+06,584687
10,2440,-6.86049e+06,-5.60479e+06,-172461
10,2441,3.42534e+06,-7.94569e+06,420538
10,2442,988205,1.22131e+07,-987610
10,2443,-1.09125e+07,-3.89494e+06,-723046
10,2444,6.4414e+06,3.67066e+06,732999
10,2445,1.17128e+07,-6.18167e+06,-808735
10,2446,9.12545e+06,1.15049e+07,26672.3
10,2447,-8.0495e+06,1.10067e+07,-205022
10,2448,5.6925e+06,5.65398e+06,191892
10,2449,2.18107e+06,-1.22102e+07,140615
10,2450,1.20891e+07,1.09241e+06,-821376
10,2451,1.31804e+07,6.88384e+06,531932
10,2452,-1.66995e+06,-8.23392e+06,346310
10,2453,-1.16454e+06,8.79259e+06,274622
10,2454,3.38663e+06,9.52574e+06,468774
10,2455,5.13251e+06,-6.43759e+06,24154.4
10,2456,-2.62683e+06,-7.39276e+06,30067.7
10,2457,-8.32131e+06,4.32217e+06,-378386
10,2458,4.63853e+06,7.82999e+06,-249841
10,2459,-3.58916e+06,-8.25536e+06,331184
10,2460,1.98469e+06,-1.08084e+07,751356
10,2461,-8.48503e+06,-7.94956e+06,-505195
10,2462,1.39801e+07,2.20185e+06,-428657
10,2463,1.11386e+07,6.20181e+06,-808914
10,2464,-1.08556e+07,-4.36656e+06,559554
10,2465,9.24294e+06,9.75484e+06,-1.29844e+06
10,2466,-4.02951e+06,1.18466e+07,315354
10,2467,-8.06411e+06,1.51064e+06,7260.16
10,2468,-1.16352e+07,-1.02949e+06,-10066.8
10,2469,8.65147e+06,4.22807e+06,-792291
10,2470,-6.51169e+06,8.19895e+06,33786.3
10,2471,-3.51385e+06,-8.73335e+06,686428
10,2472,3.21582e+06,8.79372e+06,-720156
10,2473,-1.11954e+07,4.05399e+06,-743904
10,2474,7.22868e+06,9.85808e+06,132762
10,2475,-1.04014e+06,-1.11243e+07,-996752
10,2476,-4.04259e+06,-1.34875e+07,-800258
10,2477,-7.7142e+06,3.44921e+06,537400
10,2478,-1.35871e+07,-1.81575e+06,990899
10,2479,6.83036e+06,1.61945e+06,579445
10,2480,-1.25766e+07,3.96132e+06,669372
10,2481,2.07819e+06,-1.44623e+07,1.00202e+06
10,2482,6.36492e+06,1.13992e+07,872298
10,2483,6.73133e+06,-5.28897e+06,-70795.3
10,2484,-1.2374e+07,152206,-1.00707e+06
10,2485,9.24484e+06,-875983,858066
10,2486,9.5399e+06,-150981,660421
10,2487,1.14588e+07,3.01745e+06,953416
10,2488,7.79442e+06,-8.36537e+06,765891
10,2489,-4.31112e+06,-1.29536e+07,-569853
10,2490,-3.52979e+06,8.97557e+06,-928632
10,2491,-3.61419e+06,-1.10556e+07,824554
10,2492,-7.75116e+06,-2.28897e+06,-797803
10,2493,7.28076e+06,2.66421e+06,349841
10,2494,-1.52052e+06,-7.48607e+06,-382819
10,2495,5.45008e+06,-1.28554e+07,1.28211e+06
10,2496,1.28442e+07,-5.65489e+06,1.00863e+06
10,2497,5.96595e+06,1.10231e+07,-572674
10,2498,-6.87757e+06,-5.33115e+06,6299.79
10,2499,1.33397e+07,-4.02645e+06,-265169
10,2500,1.0875e+07,-1.90019e+06,-494375
10,2501,2.00605e+06,1.31785e+07,483993
10,2502,6.77302e+06,-5.96957e+06,111010
10,2503,1.28649e+06,8.38943e+06,-10440.6
10,2504,1.86556e+06,-1.45739e+07,-34352.6
10,2505,-9.2075e+06,-3.019e+06,481697
10,2506,-6.04388e+06,1.18008e+07,586823
10,2507,1.18316e+07,-3.04344e+06,1.05591e+06
10,2508,-2.15384e+06,-1.31259e+07,-601518
10,2509,-1.23771e+07,5.99703e+06,-626924
10,2510,5.22505e+06,-8.58313e+06,-707286
10,2511,-1.05944e+07,441745,-985481
10,2512,4.02984e+06,-7.53764e+06,566236
10,2513,6.64055e+06,-6.54744e+06,507390
10,2514,-34843.8,-1.02992e+07,952968
10,2515,705217,1.06067e+07,941748
10,2516,9.29508e+06,7.31575e+06,171959
10,2517,6.82887e+06,-8.62929e+06,67556.4
10,2518,-4.00681e+06,-8.10526e+06,76989
10,2519,-7.88304e+06,-4.0138e+06,569630
10,2520,-4.8577e+06,-5.34867e+06,-217411
10,2521,-7.33457e+06,5.77743e+06,-295088
10,2522,-2.17581e+06,1.34685e+07,636640
10,2523,7.41493e+06,-2.25484e+06,189624
10,2524,-3.82e+06,1.20613e+07,-222448
10,2525,8.04245e+06,-3.54785e+06,-20912.2
10,2526,-1.12485e+06,-1.19869e+07,-310431
10,2527,-5.66242e+06,-1.14237e+07,524723
10,2528,-8.12434e+06,7.26222e+06,-606308
10,2529,-1.05277e+07,-8.60366e+06,-151324
10,2530,1.38483e+07,4.35286e+06,1.0183e+06
10,2531,1.13723e+07,-9.70713e+06,929506
10,2532,1.10041e+06,9.92262e+06,469257
10,2533,4.15815e+06,8.45385e+06,540456
10,2534,8.17768e+06,-4.79212e+06,646709
10,2535,1.9152e+06,-1.3607e+07,1.04877e+06
10,2536,-1.07069e+07,-8.11509e+06,-548915
10,2537,7.65239e+06,-1.18493e+07,-76510.1
10,2538,-4.63122e+06,-5.62104e+06,-656342
10,2539,1.39802e+07,-3.3776e+06,-894323
10,2540,1.0338e+07,6.84383e+06,569506
10,2541,-4.03977e+06,-8.90136e+06,-248578
10,2542,-6.80671e+06,4.46428e+06,-631811
10,2543,1.1216e+07,3.01799e+06,63462.8
10,2544,7.41876e+06,-1.19313e+07,1.07769e+06
10,2545,1.13188e+07,8.79928e+06,-1.06647e+06
10,2546,9.00601e+06,-6.99683e+06,1.08519e+06
10,2547,-4.60139e+06,5.74171e+06,-422944
10,2548,-8.23372e+06,-1.00731e+07,-990954
10,2549,-4.22069e+06,-9.9968e+06,606131
10,2550,5.58191e+06,-4.48383e+06,99207.7
10,2551,4.85154e+06,-1.25652e+07,-836560
10,2552,-1.3338e+06,-7.74886e+06,-541115
10,2553,-1.99351e+06,-1.36222e+07,942661
10,2554,-3.87955e+06,8.54738e+06,321555
10,2555,-983859,-7.16806e+06,486597
10,2556,1.0295e+06,-1.02479e+07,-671201
10,2557,9.42002e+06,-1.46229e+06,930127
10,2558,1.01937e+07,-4.39488e+06,50464.9
10,2559,-1.05691e+06,9.23806e+06,800683
10,2560,-7.31526e+06,-4.08609e+06,93049.9
10,2561,-1.29036e+07,276.928,-588067
10,2562,-6.00282e+06,-5.80015e+06,365810
10,2563,-778442,-1.15002e+07,-827807
10,2564,-1.21542e+07,-6.98948e+06,-1.04832e+06
10,2565,6.03665e+06,-8.78801e+06,849506
10,2566,-2.11937e+06,-8.83749e+06,-728604
10,2567,-6.71554e+06,-2.76606e+06,283128
10,2568,-7.19303e+06,1.11886e+07,-1.31703e+06
10,2569,1.07397e+07,1.14039e+06,-883267
10,2570,-8.89252e+06,3.62816e+06,-423867
10,2571,1.09074e+07,4.02245e+06,-827770
10,2572,7.82501e+06,9.82099e+06,351123
10,2573,-6.24428e+06,4.01195e+06,-479494
10,2574,-7.13002e+06,-3.2799e+06,673953
10,2575,-6.58502e+06,3.44545e+06,308637
10,2576,3.77473e+06,-9.99022e+06,-685174
10,2577,-1.10514e+07,9.64669e+06,-464968
10,2578,-1.28618e+07,-5.5212e+06,46033.3
10,2579,-1.11818e+07,-6.20206e+06,-864362
10,2580,8.22309e+06,9.24164e+06,757653
10,2581,-1.07445e+07,1.03476e+07,-164821
10,2582,7.3106e+06,713576,620527
10,2583,-7.57807e+06,2.60423e+06,506039
10,2584,-1.40014e+07,-1.77388e+06,183574
10,2585,1.20078e+07,-2.90779e+06,253727
10,2586,1.13818e+07,1.10739e+06,-960648
10,2587,1.06938e+07,-4.45901e+06,851223
10,2588,-1.45997e+07,-2.63749e+06,855288
10,2589,-8.15112e+06,-1.10313e+07,-442493
10,2590,6.79603e+06,-8.33069e+06,-433393
10,2591,1.7612e+06,1.42637e+07,717802
10,2592,32968,-1.20435e+07,-150917
10,2593,-9.68289e+06,-1.07234e+07,-612109
10,2594,-2.83486e+06,1.17605e+07,-499577
10,2595,6.17368e+06,-8.11545e+06,607.466
10,2596,-9.70383e+06,7.74763e+06,-587508
10,2597,-1.15664e+07,-8.87997e+06,1.26876e+06
10,2598,5.13326e+06,6.90683e+06,613419
10,2599,4.76733e+06,1.14839e+07,-573961
10,2600,-1.28557e+07,3.77164e+06,457137
10,2601,-7.02397e+06,6.39773e+06,935422
10,2602,-8.94903e+06,-436572,618103
10,2603,-7.71364e+06,4.46247e+06,205155
10,2604,-1.05128e+07,2.66541e+06,-298298
10,2605,-8.2516e+06,-8.27727e+06,358427
10,2606,-5.06133e+06,-5.57791e+06,684588
10,2607,-2.38865e+06,-1.10725e+07,128527
10,2608,1.25057e+07,-5.85947e+06,-873360
10,2609,-8.22646e+06,6.51373e+06,-198935
10,2610,3.17279e+06,-7.31098e+06,-742064
10,2611,-5.83687e+06,-9.56658e+06,-656394
10,2612,7.57308e+06,-1.2067e+07,-82391.8
10,2613,798183,1.02473e+07,473112
10,2614,-3.34009e+06,-7.30799e+06,551172
10,2615,5.92621e+06,-6.49101e+06,-822721
10,2616,1.04823e+07,9.72135e+06,416876
10,2617,4.71954e+06,-7.66406e+06,22141.6
10,2618,-7.2563e+06,-3.55557e+06,-148883
10,2619,9.10089e+06,-8.25878e+06,-222735
10,2620,9.27247e+06,920251,139477
10,2621,-7.24346e+06,7.17809e+06,-647518
10,2622,1.03885e+07,-950477,-422184
10,2623,2.01494e+06,-1.16094e+07,587643
10,2624,-7.32097e+06,-6.21563e+06,714396
10,2625,-6.57266e+06,2.71883e+06,-392609
10,2626,-8.7571e+06,5.02575e+06,498509
10,2627,-7.71913e+06,-690733,99501.9
10,2628,-1.17853e+06,-1.08867e+07,-254546
10,2629,-1.44697e+07,1.60367e+06,207363
10,2630,-2.19913e+06,1.33756e+07,-1.15441e+06
10,2631,-1.25571e+07,1.28338e+06,1.00307e+06
10,2632,-1.2006e+07,8.75526e+06,-251326
10,2633,-4.6877e+06,9.11238e+06,577913
10,2634,-1.29088e+07,1.68126e+06,-1.18878e+06
10,2635,-2.55323e+06,9.10702e+06,589207
10,2636,2.71192e+06,-7.20261e+06,260501
10,2637,-1.17283e+07,5.25374e+06,462134
10,2638,1.47567e+06,-1.17795e+07,-126388
10,2639,-6.61157e+06,-8.47581e+06,-844309
10,2640,1.0295e+07,-1.76452e+06,-968810
10,2641,-3.7991e+06,8.73419e+06,254294
10,2642,-5.34865e+06,-5.70575e+06,-634772
10,2643,-981544,-7.6925e+06,-272860
10,2644,1.43989e+07,3.50145e+06,-162693
10,2645,-4.74099e+06,6.27659e+06,786361
10,2646,1.34466e+07,4.27435e+06,178511
10,2647,2.99553e+06,1.17769e+07,-863969
10,2648,1.39064e+07,-2.70078e+06,1.39816e+06
10,2649,-6.8322e+06,-1.14247e+07,-410847
10,2650,7.31949e+06,4.0494e+06,323533
10,2651,6.16818e+06,-1.17068e+07,1.09751e+06
10,2652,1.4021e+07,35818.1,-718320
10,2653,-1.11754e+07,-6.81904e+06,-625602
10,2654,1.1903e+07,-8.81941e+06,-1.10268e+06
10,2655,-2.64759e+06,-6.70387e+06,150121
10,2656,1.39098e+06,1.43694e+07,-1.20276e+06
10,2657,8.96193e+06,1.14428e+06,-841003
10,2658,-8.6076e+06,1.144e+07,-255407
10,2659,-998697,7.0635e+06,435278
10,2660,346777,-1.19182e+07,-125880
10,2661,-9.42415e+06,950102,-335302
10,2662,-4.10068e+06,1.30769e+07,438050
10,2663,-3.0459e+06,-7.47122e+06,668414
10,2664,-1.09687e+07,-4.39983e+06,1.09301e+06
10,2665,-783405,1.19832e+07,-498908
10,2666,-1.09282e+06,-1.25853e+07,-496725
10,2667,9.72019e+06,-476392,-776369
10,2668,9.41326e+06,3.96975e+06,656921
10,2669,-3.472e+06,-6.88218e+06,-685522
10,2670,6.88391e+06,-1.029e+07,-250555
10,2671,-9.13631e+06,6.42301e+06,-445863
10,2672,-1.90771e+06,1.32764e+07,598449
10,2673,-66729.8,8.64472e+06,-282848
10,2674,-1.12407e+07,3.24312e+06,574051
10,2675,8.6704e+06,656861,481421
10,2676,1.26113e+07,5.00961e+06,301047
10,2677,2.78922e+06,-9.60062e+06,750032
10,2678,2.40444e+06,-1.35821e+07,-637555
10,2679,-1.31323e+07,-2.865e+06,-1.2055e+06
10,2680,9.9533e+06,-3.71353e+06,825724
10,2681,-209407,-7.80072e+06,477825
10,2682,-9.03015e+06,1.5545e+06,386873
10,2683,7.92989e+06,6.88761e+06,432730
10,2684,-8.15983e+06,-1.17089e+07,782296
10,2685,3.9553e+06,9.03506e+06,281702
10,2686,6.17373e+06,-7.34474e+06,-725520
10,2687,-8.34914e+06,6.24711e+06,915894
10,2688,8.19302e+06,584266,-430640
10,2689,3.3664e+06,1.3119e+07,-702533
10,2690,-1.65005e+06,-7.83759e+06,-691812
10,2691,-2.02581e+06,9.43405e+06,106450
10,2692,-1.25109e+07,-2.68437e+06,1.10578e+06
10,2693,-9.44635e+06,1.11178e+07,811045
10,2694,1.01366e+07,-7.99436e+06,-134410
10,2695,-9.71482e+06,5.60585e+06,787256
10,2696,497119,8.82078e+06,-225142
10,2697,-8.15123e+06,-3.36673e+06,-645826
10,2698,8.21722e+06,-4.88567e+06,-173574
10,2699,9.77089e+06,8.52838e+06,-655334
10,2700,1.15688e+06,-1.34055e+07,-306411
10,2701,1.2366e+07,-7.71e+06,1.35123e+06
10,2702,3.31243e+06,9.87948e+06,264007
10,2703,8.74026e+06,8.87709e+06,714558
10,2704,-7.10687e+06,691638,-241400
10,2705,-5.0105e+06,1.18816e+07,844018
10,2706,3.24849e+06,-1.12435e+07,1.14904e+06
10,2707,1.23285e+07,-1.10671e+06,-1.16987e+06
10,2708,7.50776e+06,6.13275e+06,-461187
10,2709,1.34171e+07,2.82357e+06,55345.4
10,2710,-1.06713e+07,-4.38436e+06,-56998.6
10,2711,8.85176e+06,9.94701e+06,-504680
10,2712,-4.26371e+06,-1.11353e+07,-228605
10,2713,-1.21023e+07,7.03869e+06,-272265
10,2714,-6.88444e+06,-2.37733e+06,304137
10,2715,-2.7705e+06,7.40149e+06,445004
10,2716,453631,9.91112e+06,341824
10,2717,6.8207e+06,-5.15139e+06,-675601
10,2718,-1.26178e+07,-25961,935235
10,2719,-3.43558e+06,-7.23444e+06,115416
10,2720,-1.08177e+07,517814,481112
10,2721,1.20953e+07,7.87867e+06,-1.39147e+06
10,2722,1.03707e+07,8.45735e+06,1.30671e+06
10,2723,-6.90977e+06,-9.72906e+06,-719493
10,2724,-4.73342e+06,-7.52814e+06,730317
10,2725,4.69946e+06,1.40545e+07,-1.08636e+06
10,2726,5.09701e+06,-5.42661e+06,-305822
10,2727,1.06627e+06,6.92941e+06,-223793
10,2728,-1.47307e+07,-2.2524e+06,-881081
10,2729,-4.71917e+06,8.39896e+06,-928220
10,2730,-2.64742e+06,-7.6109e+06,-613170
10,2731,-5.28499e+06,7.07892e+06,455762
10,2732,-4.29997e+06,-1.08362e+07,156255
10,2733,1.24192e+07,284007,1.07321e+06
10,2734,-6.59159e+06,4.31037e+06,427327
10,2735,9.92445e+06,-3.37197e+06,-67943.8
10,2736,5.2515e+06,-1.29074e+07,1.34463e+06
10,2737,1.15813e+07,-8.55255e+06,667350
10,2738,7.75889e+06,6.19544e+06,374778
10,2739,-2.10763e+06,-1.46237e+07,1.26998e+06
10,2740,6.91514e+06,1.14983e+07,-673573
10,2741,4.72074e+06,8.51226e+06,158963
10,2742,1.12171e+06,-1.47593e+07,-226820
10,2743,-2.80036e+06,6.45469e+06,37653.3
10,2744,7.30617e+06,6.21717e+06,-109818
10,2745,7.61266e+06,-4.79596e+06,-718133
10,2746,7.38164e+06,327375,-254160
10,2747,-1.44552e+06,-1.21972e+07,-114815
10,2748,-7.9898e+06,9.57103e+06,418581
10,2749,-5.70738e+06,4.57135e+06,425817
10,2750,-2.77016e+06,-1.31111e+07,-793593
10,2751,8.94824e+06,-146633,-711378
10,2752,5.72145e+06,6.20515e+06,-291033
10,2753,-8.68118e+06,51578,-41633.2
10,2754,1.38531e+07,3.13245e+06,-511861
10,2755,-9.27232e+06,-7.25479e+06,-46795.1
10,2756,1.24406e+07,5.23811e+06,852841
10,2757,7.23918e+06,8.18291e+06,844455
10,2758,6.2215e+06,1.04256e+07,-1.13566e+06
10,2759,-6.2405e+06,-5.18304e+06,-521014
10,2760,8.67591e+06,1.45688e+06,392487
10,2761,3.95806e+06,-1.28498e+07,-1.00336e+06
10,2762,-6.60187e+06,-1.25511e+07,1.12988e+06
10,2763,-9.76829e+06,4.01222e+06,601589
10,2764,-7.6518e+06,-1.08896e+06,520735
10,2765,1.31324e+07,-3.65236e+06,540802
10,2766,8.58209e+06,1.17476e+06,-35659.4
10,2767,611597,1.10615e+07,-833098
10,2768,1.10453e+06,-1.15803e+07,1.15108e+06
10,2769,3.59495e+06,-1.25585e+07,304315
10,2770,-9.42418e+06,-1.14748e+07,1.07171e+06
10,2771,1.31952e+07,-6.1599e+06,-345433
10,2772,3.51222e+06,6.73943e+06,-671659
10,2773,3.05705e+06,7.21861e+06,-249212
10,2774,-2.63802e+06,-1.1018e+07,-655722
10,2775,-3.44913e+06,-1.18891e+07,145146
10,2776,1.08465e+07,9.16373e+06,-918199
10,2777,7.24547e+06,7.50034e+06,138278
10,2778,-2.25937e+06,9.91077e+06,-671874
10,2779,-7.49384e+06,-6.12993e+06,146752
10,2780,5.79792e+06,5.89977e+06,-785364
10,2781,5.20425e+06,-4.7856e+06,-644989
10,2782,8.92768e+06,-9.18416e+06,-1.03185e+06
10,2783,1.01905e+07,-2.39011e+06,700515
10,2784,925779,-1.0854e+07,727387
10,2785,7.66625e+06,-6.0792e+06,-57777.4
10,2786,1.11959e+07,44989,769923
10,2787,9.86536e+06,712151,249645
10,2788,-7.29036e+06,-1.02473e+07,1.18021e+06
10,2789,-1.31595e+07,4.32076e+06,-1.21403e+06
10,2790,-3.96356e+06,-1.00528e+07,232814
10,2791,-1.10919e+07,2.13474e+06,-466169
10,2792,-9.19717e+06,-85706.1,-625267
10,2793,-4.42179e+06,8.66051e+06,169469
10,2794,3.68525e+06,-6.56991e+06,93977.7
10,2795,-3.52923e+06,-1.18411e+07,-515572
10,2796,1.03621e+07,-2.85314e+06,573826
10,2797,-289369,-1.47226e+07,-956720
10,2798,-6.59848e+06,-3.59298e+06,-213703
10,2799,3.30415e+06,-8.58665e+06,-244794
10,2800,5.64848e+06,-7.65474e+06,659895
10,2801,4.92932e+06,-8.50096e+06,690516
10,2802,9.42322e+06,4.2563e+06,-1.03412e+06
10,2803,-6.25744e+06,9.20576e+06,1.11037e+06
10,2804,989385,-1.30874e+07,1.19829e+06
10,2805,-5.89864e+06,1.27742e+07,-941328
10,2806,-9.39781e+06,8.93439e+06,-69573.7
10,2807,1.01144e+07,-6.53447e+06,-194877
10,2808,-1.58404e+06,1.31612e+07,525138
10,2809,4.88691e+06,-4.98631e+06,-657646
10,2810,1.21382e+07,3.69509e+06,-593608
10,2811,-9.63126e+06,5.22401e+06,-676142
10,2812,-1.27944e+06,-9.57994e+06,327290
10,2813,-47440.1,-7.54417e+06,-676157
10,2814,-781676,1.13147e+07,198928
10,2815,9.05011e+06,-784735,-345844
10,2816,-1.65691e+06,8.75218e+06,707787
10,2817,-1.39585e+06,-1.19664e+07,1.00954e+06
10,2818,-932301,-1.42384e+07,-863386
10,2819,3.87527e+06,1.31726e+07,667557
10,2820,758952,-1.24615e+07,81613.5
10,2821,1.15739e+07,-3.42949e+06,-965112
10,2822,-7.1683e+06,-6.12709e+06,877707
10,2823,7.64499e+06,1.17006e+06,-688945
10,2824,6.24685e+06,-3.98935e+06,328189
10,2825,-1.22637e+07,-1.81406e+06,699814
10,2826,-6.46442e+06,5.11807e+06,-16482.7
10,2827,-6.92947e+06,3.74772e+06,-289236
10,2828,4.68905e+06,5.56164e+06,384483
10,2829,6.55355e+06,-2.78285e+06,-590232
10,2830,1.07608e+07,-7.88734e+06,1.18016e+06
10,2831,-3.3138e+06,1.35322e+07,-465257
10,2832,6.58967e+06,8.00046e+06,-993323
10,2833,-1.31309e+07,-4.70875e+06,303375
10,2834,-7.27372e+06,-1.24342e+07,550128
10,2835,9.85426e+06,8.9181e+06,-371798
10,2836,1.30384e+07,-6.79379e+06,1.13157e+06
10,2837,6.64759e+06,-8.22238e+06,-957589
10,2838,-7.05987e+06,4.14773e+06,-27196.5
10,2839,-5.693e+06,7.08309e+06,-613807
10,2840,3.03078e+06,-1.04779e+07,352120
10,2841,-7.83804e+06,534265,310698
10,2842,-8.77336e+06,7.01942e+06,274012
10,2843,1.21683e+07,8.32842e+06,-324405
10,2844,-9.02309e+06,-4.81635e+06,-712650
10,2845,-1.91999e+06,8.15527e+06,765970
10,2846,-6.71588e+06,-1.09518e+07,815476
10,2847,5.1454e+06,-6.15081e+06,152108
10,2848,3.95053e+06,-8.82067e+06,585553
10,2849,1.02114e+07,9.14092e+06,1.29031e+06
10,2850,-9.18463e+06,1.13771e+07,-1.27267e+06
10,2851,8.33044e+06,-299363,105054
10,2852,-2.40755e+06,9.54233e+06,-478671
10,2853,-1.07509e+07,5.89274e+06,1.14447e+06
10,2854,3.31346e+06,-1.20114e+07,-516780
10,2855,-7.61163e+06,503797,-282999
10,2856,8.25914e+06,-2.45452e+06,-96521.6
10,2857,2.58811e+06,7.98044e+06,-368174
10,2858,-1.74865e+06,1.48834e+07,-513304
10,2859,-3.40238e+06,1.1773e+07,-697295
10,2860,-3.23376e+06,7.58271e+06,-651045
10,2861,2.47743e+06,-6.68626e+06,-517267
10,2862,3.9446e+06,-1.26046e+07,100165
10,2863,5.74422e+06,7.52497e+06,448683
10,2864,-6.52603e+06,-9.77602e+06,-1.15875e+06
10,2865,1.31591e+07,5.88479e+06,-384087
10,2866,1.02205e+07,155743,-5950.32
10,2867,5.82332e+06,-1.1606e+07,987180
10,2868,-7.35588e+06,-7.99381e+06,-915699
10,2869,6.08241e+06,9.04587e+06,-284253
10,2870,-8.57549e+06,4.38917e+06,138028
10,2871,-1.1194e+07,8.66727e+06,1.36651e+06
10,2872,-1.30283e+07,-1.00236e+06,376493
10,2873,4.43909e+06,-6.434e+06,128759
10,2874,-9.68047e+06,-1.12681e+07,994140
10,2875,-7.60364e+06,1.10127e+07,-643898
10,2876,-1.02234e+07,2.06507e+06,-542653
10,2877,-1.35759e+07,-3.77886e+06,1.35257e+06
10,2878,-1.25917e+07,-4.66005e+06,1.20362e+06
10,2879,8.41591e+06,-7.13682e+06,-313141
10,2880,-8.7648e+06,4.87377e+06,93519.6
10,2881,-1.14177e+07,193404,-443283
10,2882,-1.22086e+07,-7.66467e+06,-266020
10,2883,1.43198e+06,-1.2073e+07,1.12344e+06
10,2884,8.3361e+06,7.17032e+06,-130267
10,2885,8.67945e+06,-6.47632e+06,-227878
10,2886,-1.45027e+07,1.30111e+06,1.38388e+06
10,2887,5.71269e+06,-4.11316e+06,608431
10,2888,1.46023e+07,1.25996e+06,-963723
10,2889,1.20177e+07,2.00363e+06,-1.06606e+06
10,2890,-8.73542e+06,-758556,80496.8
10,2891,3.41796e+06,6.4211e+06,-428.159
10,2892,6.94952e+06,9.47345e+06,-237734
10,2893,1.41676e+07,-39777,1.38492e+06
10,2894,-1.11141e+07,8.58483e+06,524275
10,2895,-6.09105e+06,-8.33727e+06,-393714
10,2896,-1.16552e+07,-1.81744e+06,-1.12523e+06
10,2897,1.32724e+07,1.05438e+06,-551103
10,2898,-5.05932e+06,4.86739e+06,-614894
10,2899,-1.23754e+07,7.18039e+06,-115905
10,2900,-6.75727e+06,-7.07432e+06,557058
10,2901,-73900.8,-1.21448e+07,988273
10,2902,-6.32471e+06,-1.23617e+07,-793347
10,2903,-1.20788e+07,-525067,525569
10,2904,-563787,-1.3619e+07,946278
10,2905,7.3384e+06,1.55918e+06,-362617
10,2906,6.39009e+06,-1.26763e+07,519021
10,2907,-1.77282e+06,-1.24309e+07,1.11443e+06
10,2908,-9.70747e+06,-9.59628e+06,452566
10,2909,-4.72738e+06,-7.31423e+06,-131199
10,2910,2.92547e+06,-7.68577e+06,16853.1
10,2911,-2.9862e+06,1.45153e+07,-57290.9
10,2912,7.63237e+06,7.33098e+06,-156390
10,2913,4.90187e+06,7.89342e+06,-405070
10,2914,-808422,-8.78993e+06,-830784
10,2915,862606,-1.19084e+07,-46030.5
10,2916,-3.71984e+06,-1.39472e+07,716325
10,2917,1.53414e+06,-8.41794e+06,569135
10,2918,2.18798e+06,9.64242e+06,-227348
10,2919,-1.12431e+07,6.32965e+06,611126
10,2920,2.79602e+06,-7.3875e+06,-390177
10,2921,-7.51255e+06,-4.87974e+06,-772076
10,2922,-580789,7.18679e+06,54892.6
10,2923,8.16959e+06,-1.16889e+07,-27248.2
10,2924,-7.09393e+06,-1.68085e+06,298754
10,2925,7.38995e+06,6.28909e+06,-430017
10,2926,-7.85914e+06,1.05394e+07,821387
10,2927,4.87762e+06,8.21673e+06,-122602
10,2928,1.05259e+07,1.13673e+06,-812448
10,2929,6.3572e+06,5.60488e+06,-268698
10,2930,-1.46841e+07,-909194,375405
10,2931,-4.4313e+06,8.74803e+06,-938060
10,2932,-1.09254e+07,1.06261e+06,-752355
10,2933,-1.30966e+07,542535,-422229
10,2934,-7.7052e+06,-2.70087e+06,413177
10,2935,1.73236e+06,9.09237e+06,40604.7
10,2936,-4.05646e+06,-7.17345e+06,173645
10,2937,7.47438e+06,1.82714e+06,185137
10,2938,7.95999e+06,4.88953e+06,485127
10,2939,-9.21242e+06,2.31651e+06,-500462
10,2940,-3.86395e+06,1.13249e+07,1.12333e+06
10,2941,8.19713e+06,9.59781e+06,-210310
10,2942,-9.81282e+06,-2.21553e+06,689011
10,2943,1.07759e+07,4.4583e+06,362595
10,2944,1.40267e+06,-6.92154e+06,235436
10,2945,-2.55995e+06,9.10026e+06,564596
10,2946,-7.99417e+06,1.05742e+07,-533311
10,2947,1.14193e+07,665694,-956954
10,2948,3.09043e+06,7.38913e+06,19250.6
10,2949,-8.50111e+06,-1.22131e+07,-1.30897e+06
10,2950,-1.1175e+07,169968,-796709
10,2951,-1.33345e+07,5.14326e+06,1.41826e+06
10,2952,-7.99889e+06,-6.5338e+06,-818109
10,2953,681096,1.0588e+07,713119
10,2954,6.0119e+06,-1.18167e+07,593317
10,2955,4.09708e+06,1.3032e+07,-131027
10,2956,-8.09226e+06,-9.55731e+06,542216
10,2957,7.09699e+06,5.14127e+06,732213
10,2958,6.45871e+06,9.46858e+06,673415
10,2959,6.86803e+06,1.2532e+07,908416
10,2960,1.33702e+07,-5.39115e+06,1.19684e+06
10,2961,-7.05468e+06,8.84807e+06,-1.11877e+06
10,2962,-6.78425e+06,3.16408e+06,-150737
10,2963,-6.74594e+06,5.10495e+06,-551236
10,2964,-4.16804e+06,1.31426e+07,271827
10,2965,1.03801e+07,3.57875e+06,973639
10,2966,-5.14282e+06,9.94e+06,-766405
10,2967,9.61483e+06,1.31712e+06,-264882
10,2968,7.8397e+06,-8.0602e+06,421558
10,2969,4.66585e+06,6.36487e+06,-113451
10,2970,8.40581e+06,1.56229e+06,522189
10,2971,3.53742e+06,-6.19994e+06,-508911
10,2972,-1.17084e+07,-9.02187e+06,695168
10,2973,5.15286e+06,-5.94293e+06,534396
10,2974,-1.22097e+07,-237349,541311
10,2975,-5.83175e+06,-3.92659e+06,489239
10,2976,7.6155e+06,6.25342e+06,-155944
10,2977,9.95695e+06,8.03515e+06,-753064
10,2978,2.44252e+06,-7.77456e+06,-714205
10,2979,-8.38222e+06,9.24111e+06,638818
10,2980,1.10203e+07,9.73598e+06,-546138
10,2981,-1.4236e+06,1.33836e+07,-767670
10,2982,1.35621e+07,-1.04343e+06,154745
10,2983,-7.44022e+06,5.41877e+06,-608111
10,2984,1.97902e+06,-1.29074e+07,981518
10,2985,-6.63041e+06,-2.80951e+06,-411956
10,2986,2.1839e+06,-9.45983e+06,-598729
10,2987,-6.75192e+06,-9.98896e+06,1.09799e+06
10,2988,4.42201e+06,-1.24384e+07,83432.8
10,2989,-7.61536e+06,3.76191e+06,84071
10,2990,-9.64716e+06,-7.82958e+06,-263492
10,2991,4.41657e+06,7.9743e+06,353572
10,2992,-4.60393e+06,-1.12539e+07,-310057
10,2993,627265,-9.06399e+06,497735
10,2994,-8.07403e+06,-6.93199e+06,-269241
10,2995,6.51944e+06,-1.079e+07,474817
10,2996,-1.07407e+07,2.78628e+06,315921
10,2997,-1.1575e+07,-4.54307e+06,310783
10,2998,7.4291e+06,-2.24054e+06,451743
10,2999,-9.15865e+06,-3.88999e+06,-903319
10,3000,-117852,7.32364e+06,278014
10,3001,-1.28509e+07,-5.07556e+06,88795.4
10,3002,5.31426e+06,8.69305e+06,-779195
10,3003,1.17774e+07,-5.70176e+06,-109174
10,3004,1.05413e+07,-6.20972e+06,-1.00518e+06
10,3005,-9.73179e+06,-8.86071e+06,259670
10,3006,-3.69661e+06,-8.56004e+06,550367
10,3007,-7.68699e+06,-1.7233e+06,-629534
10,3008,-1.39351e+07,-727962,860557
10,3009,6.94954e+06,7.05491e+06,-910631
10,3010,262951,9.24769e+06,111670
10,3011,-7.10142e+06,-1.00567e+06,-155263
10,3012,-3.35876e+06,-1.11165e+07,311507
10,3013,9.56294e+06,1.13946e+07,-209054
10,3014,-9.04699e+06,5.1155e+06,340589
10,3015,-1.08448e+07,-1.25948e+06,-147709
10,3016,1.34283e+07,-6.50876e+06,-574129
10,3017,4.26433e+06,-6.59528e+06,783481
10,3018,-5.88637e+06,7.20583e+06,823953
10,3019,-3.6476e+06,1.21517e+07,205669
10,3020,5.55822e+06,-1.34323e+07,703639
10,3021,5.56861e+06,1.16016e+07,836819
10,3022,8.36889e+06,-3.83468e+06,-249267
10,3023,-1.47004e+06,1.37831e+07,40272
10,3024,-4.12813e+06,-6.66206e+06,527565
10,3025,-1.25505e+07,-1.90943e+06,-1.15812e+06
10,3026,-3.93321e+06,-1.39045e+07,711118
10,3027,-129285,-1.33559e+07,-157302
10,3028,-9.03202e+06,-9.12165e+06,910395
10,3029,1.29494e+07,3.50635e+06,-325025
10,3030,5.7813e+06,4.41822e+06,147589
10,3031,1.01685e+07,9.60828e+06,-136855
10,3032,5.66976e+06,-1.31137e+07,56198.6
10,3033,-1.29997e+07,-1.92741e+06,-900050
10,3034,2.94693e+06,7.43139e+06,-238416
10,3035,4.49031e+06,-1.37272e+07,-194119
10,3036,-1.13685e+06,1.08762e+07,447181
10,3037,871221,1.33374e+07,-1.22821e+06
10,3038,-1.10515e+07,-4.6473e+06,-234693
10,3039,-1.15077e+07,-3.85449e+06,-605885
10,3040,-9.16414e+06,4.36924e+06,773562
10,3041,1.15158e+07,-9.09325e+06,643613
10,3042,-4.27355e+06,-1.08217e+07,1.02442e+06
10,3043,-8.75915e+06,-2.03989e+06,341202
10,3044,-240282,1.24298e+07,215670
10,3045,-1.31903e+07,2.02162e+06,783664
10,3046,9.18252e+06,-3.64324e+06,67034.2
10,3047,1.15021e+07,2.36157e+06,-775454
10,3048,-1.05969e+07,5.76477e+06,19696.5
10,3049,3.84748e+06,-6.42821e+06,426720
10,3050,-5.56859e+06,-6.3764e+06,539659
10,3051,-4.54871e+06,1.12351e+07,378561
10,3052,-3.67374e+06,7.85538e+06,-451213
10,3053,8.83299e+06,7.22646e+06,991492
10,3054,1.8037e+06,9.49838e+06,-6671.2
10,3055,-8.97512e+06,-2.07462e+06,-279177
10,3056,-880182,8.00773e+06,-99185.6
10,3057,1.01729e+06,-7.16841e+06,176431
10,3058,-1.12997e+07,-3.43053e+06,213321
10,3059,1.43939e+07,833550,-1.30753e+06
10,3060,4.16245e+06,7.42786e+06,-543619
10,3061,-1.19344e+07,3.04106e+06,1.21523e+06
10,3062,-3.34087e+06,8.11285e+06,852364
10,3063,-1.34193e+07,2.51689e+06,149090
10,3064,-1.36308e+07,1.57708e+06,-807693
10,3065,-1.31996e+07,-3.25406e+06,-944869
10,3066,-9.44987e+06,5.65631e+06,831620
10,3067,5.72483e+06,-5.60015e+06,19557.4
10,3068,5.31406e+06,8.73761e+06,410952
10,3069,-1.02438e+07,1.01137e+07,-744645
10,3070,3.31919e+06,-1.0888e+07,-1.13339e+06
10,3071,-9.85946e+06,-6.91566e+06,-438188
10,3072,134712,1.05927e+07,614862
10,3073,-1.18063e+07,-2.5259e+06,-259554
10,3074,4.18176e+06,-8.34111e+06,-90679.9
10,3075,-1.0908e+07,-1.5025e+06,-113708
10,3076,6.51147e+06,6.24129e+06,-725742
10,3077,2.09373e+06,1.28386e+07,-1.15902e+06
10,3078,7.53397e+06,1.10524e+07,334856
10,3079,6.7498e+06,6.97715e+06,-166051
10,3080,3.9226e+06,-5.94021e+06,19215.8
10,3081,586063,8.09168e+06,-84413.4
10,3082,-1.06705e+06,8.44363e+06,58528.3
10,3083,-1.11677e+07,7.8454e+06,592623
10,3084,2.88212e+06,1.36869e+07,860417
10,3085,-8.13765e+06,1.01337e+07,1.2765e+06
10,3086,-346961,9.08049e+06,495284
10,3087,-5.14193e+06,9.10391e+06,-672870
10,3088,3.02764e+06,-1.27674e+07,174692
10,3089,-6.13038e+06,1.32897e+07,-821557
10,3090,717096,-1.23802e+07,-682966
10,3091,2.88639e+06,-7.00718e+06,724377
10,3092,-2.16937e+06,1.19014e+07,1.20565e+06
10,3093,-1.40613e+07,-1.24357e+06,919751
10,3094,1.24021e+07,-5.32038e+06,921583
10,3095,-9.35483e+06,-7.75178e+06,-79316.6
10,3096,3.41288e+06,-1.14618e+07,1.12514e+06
10,3097,-9.57813e+06,-4.85354e+06,-118535
10,3098,-8.37229e+06,-8.99791e+06,-1.18889e+06
10,3099,9.5452e+06,6.00785e+06,-1.07153e+06
10,3100,-783777,1.32997e+07,-424724
10,3101,3.14297e+06,6.81201e+06,398872
10,3102,8.05574e+06,-7.41073e+06,-224984
10,3103,-5.32022e+06,7.43367e+06,389227
10,3104,9.4637e+06,-6.4233e+06,233743
10,3105,2.49279e+06,-1.06115e+07,978251
10,3106,-62328.7,9.84393e+06,228847
10,3107,1.09696e+07,-680129,-82734
10,3108,7.51118e+06,-994804,521448
10,3109,6.99611e+06,-4.68833e+06,-268453
10,3110,8.37185e+06,-5.49973e+06,60331.2
10,3111,-5.56204e+06,5.88038e+06,359758
10,3112,-7.03393e+06,-4.56808e+06,327710
10,3113,-3.2914e+06,-9.14798e+06,748513
10,3114,-8.02445e+06,7.17381e+06,-536119
10,3115,8.65715e+06,-8.05711e+06,-414889
10,3116,-8.50658e+06,5.57224e+06,123685
10,3117,3.93215e+06,-7.89489e+06,-360743
10,3118,-1.25922e+07,-1.11001e+06,217186
10,3119,-715918,-8.39006e+06,-525055
10,3120,-7.54055e+06,-2.35887e+06,330904
10,3121,6.66116e+06,3.19271e+06,447685
10,3122,337477,1.34645e+07,310447
10,3123,-7.01874e+06,-7.83322e+06,764658
10,3124,1.4144e+06,-7.50679e+06,-10649.4
10,3125,-6.45835e+06,-9.48129e+06,971961
10,3126,7.29593e+06,1.44875e+06,-479276
10,3127,-3.18511e+06,-1.4543e+07,341405
10,3128,5.39371e+06,-5.01057e+06,461072
10,3129,-6.57244e+06,1.03648e+07,-1.05683e+06
10,3130,-2.13263e+06,-1.14043e+07,-943584
10,3131,-2.79175e+06,1.17255e+07,637588
10,3132,7.74921e+06,8.24738e+06,60022.6
10,3133,4.23532e+06,9.21556e+06,693808
10,3134,-2.76055e+06,6.49208e+06,-689831
10,3135,-2.33155e+06,7.3776e+06,-691540
10,3136,1.00212e+07,6.16082e+06,474822
10,3137,6.87684e+06,2.7748e+06,-288852
10,3138,-8.87962e+06,-1.10195e+07,765313
10,3139,4.14771e+06,-6.94948e+06,-798670
10,3140,-6.43781e+06,-5.85454e+06,-217153
10,3141,1.45207e+07,2.86005e+06,1.48072e+06
10,3142,-1.11162e+07,-4.36509e+06,-1.05482e+06
10,3143,8.20582e+06,-4.1216e+06,-267752
10,3144,1.22794e+07,23777.4,-582303
10,3145,-3.76394e+06,-1.09539e+07,-778050
10,3146,-7.90115e+06,2.14553e+06,-187001
10,3147,1.14429e+07,5.4095e+06,1.1988e+06
10,3148,-5.67099e+06,-4.29473e+06,89108.6
10,3149,4.63924e+06,6.59578e+06,472544
10,3150,-2.96122e+06,1.3785e+07,-174942
10,3151,8.79895e+06,4.39176e+06,340789
10,3152,-4.63158e+06,1.27192e+07,1.33128e+06
10,3153,-3.93529e+06,-6.50933e+06,-78758.6
10,3154,-1.02063e+07,2.7121e+06,-510075
10,3155,-2.19766e+06,-1.25211e+07,-553597
10,3156,-5.62766e+06,1.24563e+07,615752
10,3157,3.82477e+06,6.98388e+06,-293469
10,3158,-7.12e+06,-9.34518e+06,-243563
10,3159,-5.39629e+06,5.37621e+06,287702
10,3160,6.52933e+06,1.04335e+07,-1.21556e+06
10,3161,1.01484e+07,8.09012e+06,-1.08661e+06
10,3162,-6.43501e+06,2.80968e+06,4583.28
10,3163,-3.51116e+06,1.15696e+07,509126
10,3164,4.18165e+06,-7.23189e+06,120045
10,3165,2.84558e+06,1.12753e+07,-992910
10,3166,-7.94127e+06,-7.14535e+06,-867078
10,3167,1.45002e+07,-1.73555e+06,132770
10,3168,6.18247e+06,1.31544e+07,-1.38373e+06
10,3169,-6.17027e+06,-3.87704e+06,-640485
10,3170,9.16029e+06,1.14421e+07,-572730
10,3171,2.58819e+06,1.3313e+07,-697791
10,3172,-2.03965e+06,1.19462e+07,-685577
10,3173,-8.9827e+06,455269,840851
10,3174,-3.00363e+06,1.33183e+07,-373157
10,3175,1.06082e+07,-1.34499e+06,-701624
10,3176,-1.19618e+06,-9.74433e+06,913551
10,3177,1.09043e+06,8.1605e+06,-452107
10,3178,-5.63416e+06,-4.42374e+06,244639
10,3179,1.05857e+07,5.16004e+06,-1.01708e+06
10,3180,-2.24346e+06,8.37354e+06,497328
10,3181,7.93661e+06,2.33616e+06,-175433
10,3182,-9.84305e+06,3.06457e+06,674963
10,3183,-2.14461e+06,-7.47856e+06,-252232
10,3184,8.6592e+06,-3.8287e+06,-476682
10,3185,-1.971e+06,1.19792e+07,17345.5
10,3186,9.80436e+06,-8.92742e+06,899584
10,3187,22334,1.16514e+07,375844
10,3188,1.26454e+07,912611,-154147
10,3189,-1.37107e+07,838917,-518443
10,3190,7.72843e+06,1.16139e+07,-819971
10,3191,-7.54342e+06,9.9518e+06,532332
10,3192,-193897,8.23991e+06,-566863
10,3193,-1.21411e+07,8.1368e+06,-475988
10,3194,3.98836e+06,5.88936e+06,-112190
10,3195,-7.52477e+06,-588639,-67904.5
10,3196,-7.00149e+06,-1.11153e+07,-142018
10,3197,-1.19996e+06,-8.70742e+06,365607
10,3198,7.08622e+06,-4.11667e+06,-715738
10,3199,2.76967e+06,6.87875e+06,608589
10,3200,2.69524e+06,-1.08126e+07,-607144
10,3201,-6.90773e+06,8.42952e+06,715569
10,3202,195160,7.16089e+06,-498531
10,3203,-1.35954e+07,2.75135e+06,-265742
10,3204,1.04175e+07,-1.78845e+06,741656
10,3205,-3.23561e+06,1.22009e+07,-846534
10,3206,-1.27396e+07,6.62099e+06,-635709
10,3207,9.39498e+06,-5.2547e+06,-243173
10,3208,3.81803e+06,-1.08476e+07,-167603
10,3209,8.82842e+06,-229992,808654
10,3210,-5.13199e+06,-1.27416e+07,-563868
10,3211,-2.34072e+06,1.40883e+07,860229
10,3212,-1.13889e+07,-8.68025e+06,868994
10,3213,4.60247e+06,1.2506e+07,447718
10,3214,-7.71642e+06,-459906,-522960
10,3215,5.18038e+06,-8.88141e+06,1.00495e+06
10,3216,-9.33751e+06,-1.97297e+06,21564.4
10,3217,-1.4499e+07,1.90495e+06,582634
10,3218,-1.00689e+07,1.01934e+07,1.15479e+06
10,3219,1.30109e+07,-5.99247e+06,-658108
10,3220,7.04989e+06,-7.36987e+06,-287346
10,3221,8.62387e+06,7.98892e+06,-1.04598e+06
10,3222,-9.02114e+06,-4.95755e+06,-220932
10,3223,-1.15555e+07,-1.16321e+06,431548
10,3224,-1.0868e+07,5.53184e+06,-182946
10,3225,-8.09017e+06,-751805,141675
10,3226,-5.0057e+06,9.57138e+06,479124
10,3227,6.53618e+06,-3.80381e+06,-727211
10,3228,-1.43007e+07,3.3881e+06,-256715
10,3229,9.01939e+06,644640,-407550
10,3230,-4.15824e+06,-6.68185e+06,-284889
10,3231,3.44341e+06,1.26346e+07,1.05048e+06
10,3232,8.36698e+06,7.41778e+06,-221768
10,3233,2.61948e+06,8.24815e+06,11024.5
10,3234,1.05483e+07,-6.47123e+06,5350.98
10,3235,1.37313e+07,-5.2128e+06,1.07427e+06
10,3236,6.90084e+06,8.54342e+06,-620261
10,3237,-1.07415e+07,5.68047e+06,-859761
10,3238,1.07478e+07,1.24895e+06,506515
10,3239,-5.15848e+06,-5.54804e+06,444434
10,3240,-7.9841e+06,-1.0172e+06,449669
10,3241,4.66177e+06,7.79224e+06,-296441
10,3242,-1.01244e+07,-5.25399e+06,-843598
10,3243,-1.28583e+06,1.05576e+07,728652
10,3244,5.08925e+06,-8.03088e+06,-135842
10,3245,-1.27793e+07,-870335,312500
10,3246,1.22834e+06,-1.00872e+07,-152049
10,3247,-1.0563e+07,-1.24585e+06,706897
10,3248,-7.20926e+06,9.92616e+06,418050
10,3249,1.10176e+07,-5.02911e+06,828265
10,3250,-6.66561e+06,1.0171e+07,680661
10,3251,1.15431e+07,-1.00664e+06,-585613
10,3252,6.87576e+06,3.31758e+06,213851
10,3253,1.44974e+07,233636,655144
10,3254,-1.29702e+06,-1.21826e+07,-354392
10,3255,1.29987e+07,3.81259e+06,692625
10,3256,-9.03145e+06,1.2503e+06,589132
10,3257,3.56213e+06,8.44429e+06,332478
10,3258,-1.12017e+07,-1.08225e+06,-547879
10,3259,-6.1766e+06,3.80885e+06,-572151
10,3260,1.37557e+07,3.70749e+06,-194759
10,3261,6.072e+06,4.25465e+06,235641
10,3262,1.18429e+07,2.55974e+06,-1.2129e+06
10,3263,701644,-7.59716e+06,129060
10,3264,-7.28364e+06,464271,309662
10,3265,1.27863e+07,-5.56106e+06,-481397
10,3266,585542,8.0531e+06,446415
10,3267,-1.44447e+07,3.03779e+06,-574910
10,3268,-3.58245e+06,9.78606e+06,-507928
10,3269,1.16726e+07,1.22225e+06,-564827
10,3270,1.1988e+07,2.5122e+06,-1.02338e+06
10,3271,6.76517e+06,-6.43099e+06,494942
10,3272,-7.16824e+06,-159124,-323296
10,3273,-2.09939e+06,-1.19745e+07,883811
10,3274,1.07492e+07,-308133,1.03548e+06
10,3275,-1.25012e+07,-6.42246e+06,-286729
10,3276,9.86837e+06,823196,-497172
10,3277,-1.00691e+07,-7.75002e+06,1.06068e+06
10,3278,4.07486e+06,6.16244e+06,427829
10,3279,7.18008e+06,6.69841e+06,978169
10,3280,-1.11804e+07,7.14828e+06,859368
10,3281,3.14711e+06,-1.20148e+07,784010
10,3282,-5.41544e+06,-5.3899e+06,-756099
10,3283,6.09605e+06,-4.10185e+06,40503.3
10,3284,6.82693e+06,-1.0869e+07,1.15721e+06
10,3285,-1.38767e+07,1.40132e+06,-457715
10,3286,-6.715e+06,4.76359e+06,-219876
10,3287,-5.72786e+06,-9.88446e+06,1.09622e+06
10,3288,-7.88871e+06,-1.01056e+07,-422976
10,3289,-1.80284e+06,7.03836e+06,390437
10,3290,-1.961e+06,-8.41565e+06,137884
10,3291,-686823,8.34667e+06,-6191.12
10,3292,1.91215e+06,-1.01572e+07,484890
10,3293,5.14453e+06,-1.0392e+07,145345
10,3294,2.95019e+06,1.44026e+07,629998
10,3295,-1.86736e+06,9.76224e+06,-636192
10,3296,2.39041e+06,1.11461e+07,-683981
10,3297,4.81537e+06,-1.41066e+07,740760
10,3298,1.31089e+07,-2.53145e+06,195676
10,3299,5.7279e+06,-6.61685e+06,425178
10,3300,-1.01821e+07,1.6373e+06,-183064
10,3301,-8.01936e+06,1.19333e+07,1.33657e+06
10,3302,-9.69887e+06,-1.04814e+07,227994
10,3303,9.85902e+06,1.21109e+06,-741126
10,3304,-1.28053e+07,2.25273e+06,-912037
10,3305,8.64679e+06,-2.86318e+06,-242093
10,3306,-4.85472e+06,1.34092e+07,123274
10,3307,-7.08193e+06,-1.06238e+06,196169
10,3308,-7.7664e+06,-4.28614e+06,261160
10,3309,2.12318e+06,-1.23044e+07,-471349
10,3310,1.1436e+07,-1.26449e+06,918109
10,3311,-1.10558e+07,9.53149e+06,838587
10,3312,1.03259e+07,5.98319e+06,774356
10,3313,3.84423e+06,1.17606e+07,-1.04242e+06
10,3314,1.19787e+07,6.54561e+06,-1.11812e+06
10,3315,6.82559e+06,7.82505e+06,861027
10,3316,-9.69819e+06,-4.57439e+06,920337
10,3317,-6.85144e+06,8.88804e+06,667726
10,3318,-4.45397e+06,9.5442e+06,470528
10,3319,3.51757e+06,-1.288e+07,1.27943e+06
10,3320,1.71608e+06,-1.31479e+07,949616
10,3321,-4.60252e+06,5.2657e+06,332568
10,3322,5.12401e+06,1.06169e+07,-462977
10,3323,-8.77844e+06,-4.06288e+06,642439
10,3324,66128.7,-1.44258e+07,991023
10,3325,-8.32232e+06,6.81764e+06,-230886
10,3326,8.42902e+06,8.43805e+06,189636
10,3327,-1.14009e+07,4.53712e+06,1.11516e+06
10,3328,2.16078e+06,1.16672e+07,-49322
10,3329,-5.57174e+06,1.10323e+07,-1.04152e+06
10,3330,1.10677e+07,-3.69267e+06,-34834
10,3331,7.28707e+06,-1.22033e+07,-1.00395e+06
10,3332,-1.16481e+07,4.93301e+06,-632374
10,3333,-512767,-1.24594e+07,-799416
10,3334,160844,-1.42609e+07,1.23924e+06
10,3335,8.87532e+06,-3.48034e+06,-250743
10,3336,684693,-7.39401e+06,302385
10,3337,-1.1712e+07,680602,-1.1009e+06
10,3338,-1.04266e+07,5.93197e+06,144458
10,3339,1.02101e+07,-2.14164e+06,217246
10,3340,1.199e+07,-5.00237e+06,238031
10,3341,6.90869e+06,1.59641e+06,287083
10,3342,-8.05877e+06,-4.47183e+06,-549416
10,3343,-9.11433e+06,-338439,870095
10,3344,1.09612e+07,-4.58069e+06,1.09454e+06
10,3345,-3.3144e+06,7.99229e+06,467647
10,3346,-1.37581e+07,-1.72945e+06,1.37229e+06
10,3347,-2.25215e+06,6.72329e+06,174678
10,3348,7.94717e+06,7.23999e+06,-284334
10,3349,-4.41723e+06,-5.66222e+06,565215
10,3350,-4.33321e+06,-1.33952e+07,-96382.7
10,3351,7.18345e+06,8.4499e+06,-352758
10,3352,3.73294e+06,-7.60595e+06,704399
10,3353,-1.50374e+06,-1.11622e+07,-854311
10,3354,-3.40784e+06,-1.1368e+07,-112109
10,3355,6.46295e+06,-6.1706e+06,434437
10,3356,5.94084e+06,-1.28211e+07,1.39031e+06
10,3357,7.25721e+06,4.48808e+06,-278255
10,3358,-7.93299e+06,-1.23941e+06,213664
10,3359,-736650,1.1564e+07,949551
10,3360,-4.20406e+06,5.79896e+06,313889
10,3361,-1.13304e+07,6.5236e+06,-1.26713e+06
10,3362,1.09594e+07,4.65648e+06,-935809
10,3363,-4.72455e+06,1.12441e+07,-370806
10,3364,1.07579e+07,-1.38964e+06,1.01267e+06
10,3365,-1.0716e+06,1.02663e+07,-407734
10,3366,-8.94617e+06,-1.91188e+06,195538
10,3367,-9.15836e+06,5.89589e+06,-629629
10,3368,-5.93821e+06,9.09233e+06,90343.1
10,3369,-8.25279e+06,-9.25639e+06,-93033.7
10,3370,-2.53936e+06,1.11101e+07,-1.08768e+06
10,3371,-256933,1.19906e+07,405412
10,3372,1.1191e+07,-6.45998e+06,1.18725e+06
10,3373,7.07107e+06,-345525,259234
10,3374,1.2055e+07,1.21912e+06,876893
10,3375,4.30365e+06,-6.89241e+06,-789714
10,3376,-1.11659e+07,4.77982e+06,-727754
10,3377,-7.31853e+06,2.8066e+06,-591614
10,3378,-7.62727e+06,-7.74233e+06,712624
10,3379,1.13674e+07,5.00395e+06,-478568
10,3380,8.02392e+06,-4.65949e+06,683721
10,3381,8.92396e+06,4.35585e+06,784325
10,3382,8.65324e+06,-1.10969e+07,972731
10,3383,4.714e+06,9.7635e+06,-48814
10,3384,-1.09385e+07,626426,84962.3
10,3385,-6.09878e+06,6.70056e+06,-119263
10,3386,-7.74069e+06,2.14913e+06,499450
10,3387,-1.16059e+07,7.13632e+06,51250.1
10,3388,-3.24998e+06,-6.50079e+06,-138672
10,3389,7.45502e+06,-7.48405e+06,-80632.6
10,3390,929333,7.10901e+06,-34955.6
10,3391,6.69676e+06,-7.95021e+06,87602.6
10,3392,-1.22961e+07,2.3366e+06,-151062
10,3393,-8.99287e+06,5.55456e+06,81565.2
10,3394,7.01743e+06,-5.63291e+06,-300500
10,3395,6.64472e+06,4.70447e+06,-794771
10,3396,3.88545e+06,9.57724e+06,-991797
10,3397,-4.67727e+06,-1.00906e+07,-923545
10,3398,-358577,-1.06309e+07,1.03675e+06
10,3399,337092,1.23214e+07,534174
10,3400,2.73212e+06,1.14325e+07,826767
10,3401,1.01292e+07,-2.39696e+06,464329
10,3402,-1.58591e+06,-1.20525e+07,-53251.9
10,3403,6.60657e+06,-8.83831e+06,399462
10,3404,1.09582e+07,-8.89454e+06,1.34908e+06
10,3405,-1.25713e+07,-243691,-840376
10,3406,-3.32199e+06,1.21865e+07,-548662
10,3407,6.33727e+06,-6.22357e+06,654829
10,3408,-1.18781e+07,1.97189e+06,414632
10,3409,-1.02634e+07,5.93212e+06,-285432
10,3410,-8.48448e+06,-5.40155e+06,297131
10,3411,1.03862e+07,-2.00118e+06,-882371
10,3412,-8.53375e+06,4.67587e+06,-943061
10,3413,-1.54123e+06,9.79921e+06,11975.3
10,3414,-1.37512e+06,-9.59323e+06,19251.2
10,3415,80545.9,-8.01192e+06,-643571
10,3416,1.24758e+07,-5.66981e+06,-486834
10,3417,3.88855e+06,-1.38212e+07,1.21593e+06
10,3418,1.04493e+06,1.22473e+07,971886
10,3419,1.87368e+06,8.25531e+06,-387858
10,3420,-9.37965e+06,-927503,402617
10,3421,1.21606e+07,7.61901e+06,1.30765e+06
10,3422,1.35267e+07,4.83548e+06,-401398
10,3423,-1.02654e+07,-8.74318e+06,753443
10,3424,-1.26971e+07,196200,-1.16845e+06
10,3425,1.1113e+07,3.56788e+06,242163
10,3426,-1.14495e+07,-6.84012e+06,1.33014e+06
10,3427,-11090.7,-1.0641e+07,355989
10,3428,-3.35699e+06,-1.45146e+07,-1.00254e+06
10,3429,-7.15538e+06,-1.27118e+07,-1.28894e+06
10,3430,9.14117e+06,-8.16852e+06,188905
10,3431,4.29345e+06,-8.82779e+06,555232
10,3432,6.35738e+06,9.38966e+06,-565191
10,3433,4.50785e+06,-1.20817e+07,-569652
10,3434,8.74336e+06,4.71749e+06,424390
10,3435,6.67289e+06,2.09545e+06,-695571
10,3436,-1.0583e+07,5.97384e+06,-492329
10,3437,4.97417e+06,1.3405e+07,-316415
10,3438,-1.30504e+07,6.36911e+06,158853
10,3439,1.985e+06,-7.37951e+06,-118056
10,3440,-379734,1.33971e+07,-207811
10,3441,1.30726e+07,-2.10404e+06,-1.1692e+06
10,3442,-4.28368e+06,1.28013e+07,137000
10,3443,-7.00121e+06,-6.14698e+06,-272487
10,3444,9.3552e+06,2.34593e+06,-682119
10,3445,1.43138e+07,-96923.3,803916
10,3446,-7.63496e+06,5.28181e+06,445031
10,3447,-1.41596e+07,4.00881e+06,971256
10,3448,1.03899e+07,-1.05097e+07,-807261
10,3449,-7.05905e+06,268765,44305.1
10,3450,-1.93141e+06,8.37819e+06,456364
10,3451,-4.47967e+06,9.78267e+06,263928
10,3452,1.54462e+06,-1.20951e+07,-838476
10,3453,-1.04127e+07,-7.58356e+06,-1.1428e+06
10,3454,-9.84472e+06,8.81122e+06,-448368
10,3455,-6.06619e+06,8.66708e+06,-342271
10,3456,9.46593e+06,9.49164e+06,1.26541e+06
10,3457,4.60767e+06,1.04365e+07,-842962
10,3458,-7.78948e+06,-8.71028e+06,-1.04738e+06
10,3459,2.58038e+06,-8.52586e+06,-804519
10,3460,-7.50046e+06,-1.16308e+07,-181519
10,3461,9.67087e+06,1.24615e+06,635102
10,3462,-3.04663e+06,7.54947e+06,112523
10,3463,-8.95038e+06,87483.3,554463
10,3464,1.02121e+07,-3.32029e+06,747505
10,3465,-7.85767e+06,5.62445e+06,-148190
10,3466,-2.80139e+06,1.16238e+07,1.12542e+06
10,3467,-9.60982e+06,6.95828e+06,344185
10,3468,4.26178e+06,-9.22551e+06,137890
10,3469,3.17651e+06,6.59072e+06,534997
10,3470,1.09276e+07,-3.45649e+06,-982490
10,3471,3.1842e+06,8.8034e+06,100807
10,3472,5.47623e+06,8.4368e+06,287239
10,3473,-1.81225e+06,1.11439e+07,-45677
10,3474,3.5344e+06,1.24633e+07,-536874
10,3475,-130180,-9.74454e+06,677250
10,3476,-2.94839e+06,9.53535e+06,778954
10,3477,-7.11032e+06,-1.31202e+07,1.46708e+06
10,3478,-1.21118e+06,-1.22168e+07,-273429
10,3479,6.39112e+06,8.25762e+06,674953
10,3480,-1.02708e+07,-1.01521e+07,-451735
10,3481,-857984,8.17743e+06,-402522
10,3482,1.11809e+07,-3.95475e+06,-1.07438e+06
10,3483,-5.61054e+06,-4.18873e+06,-302555
10,3484,-6.59829e+06,1.23838e+07,-590423
10,3485,5.5603e+06,7.2729e+06,149289
10,3486,-7.46144e+06,3.73818e+06,-65140.1
10,3487,7.1149e+06,836670,28958.7
10,3488,1.17446e+07,-4.40182e+06,-806021
10,3489,7.38449e+06,2.58983e+06,-100101
10,3490,6.50618e+06,-1.0056e+07,437703
10,3491,-8.40719e+06,1.98239e+06,710463
10,3492,-9.57355e+06,5543.52,880466
10,3493,-121408,-1.28613e+07,-637605
10,3494,8.93122e+06,5.16121e+06,219797
10,3495,4.08334e+06,-6.66266e+06,492234
10,3496,7.03638e+06,8.73709e+06,-1.06761e+06
10,3497,-1.07675e+07,-7.91187e+06,564008
10,3498,-9.39772e+06,-632237,465991
10,3499,-8.54734e+06,-6.40783e+06,619690
10,3500,7.95373e+06,3.57837e+06,55509.2
10,3501,857510,-7.44059e+06,328564
10,3502,-8.90917e+06,-1.08008e+07,-1.21497e+06
10,3503,3.27418e+06,-8.38894e+06,-600379
10,3504,2.43825e+06,-1.23421e+07,-427618
10,3505,-8.90479e+06,-3.46012e+06,691488
10,3506,8.22407e+06,-3.10175e+06,174258
10,3507,1.25655e+07,7.99879e+06,-1.11456e+06
10,3508,9.03095e+06,-1.01852e+07,-148491
10,3509,8.56885e+06,-9.31875e+06,-1.15998e+06
10,3510,7.06661e+06,-9.18548e+06,-236090
10,3511,2.73509e+06,-9.00794e+06,-309284
10,3512,6.8192e+06,-1.68481e+06,129425
10,3513,6.20706e+06,-1.19943e+07,-1.17408e+06
10,3514,-3.20301e+06,7.72373e+06,-299962
10,3515,-8.73367e+06,-8.61877e+06,-13276.8
10,3516,-6.45832e+06,5.81403e+06,75763.8
10,3517,7.43532e+06,7.74882e+06,321211
10,3518,-5.5197e+06,5.19186e+06,318480
10,3519,-6.44019e+06,-3.12037e+06,-236915
10,3520,2.49997e+06,6.58462e+06,622709
10,3521,1.11683e+07,-128873,55435.5
10,3522,-8.86414e+06,7.07799e+06,-431155
10,3523,-5.05208e+06,7.46287e+06,-72364.4
10,3524,1.26625e+06,8.43252e+06,-389866
10,3525,-6.00378e+06,-8.69604e+06,753956
10,3526,3.69329e+06,8.52904e+06,-225244
10,3527,1.41152e+07,934139,503438
10,3528,5.67564e+06,9.20061e+06,-387123
10,3529,6.38315e+06,-6.05704e+06,-31900.3
10,3530,-9.52854e+06,-6.43922e+06,321206
10,3531,1.08818e+07,1.29396e+06,-362363
10,3532,-3.51732e+06,-7.66968e+06,-750019
10,3533,2.7441e+06,1.11308e+07,1.03188e+06
10,3534,-4.45551e+06,8.55945e+06,819040
10,3535,1.00287e+07,-2.31333e+06,-982396
10,3536,-4.67333e+06,-8.18123e+06,738007
10,3537,8.23053e+06,-3.76231e+06,170368
10,3538,-1.07257e+07,8.00884e+06,-771388
10,3539,1.30708e+07,-5.77532e+06,-6930.14
10,3540,5.38621e+06,4.55071e+06,102988
10,3541,-5.77856e+06,4.26945e+06,-282673
10,3542,1.19261e+07,4.40826e+06,-28655.6
10,3543,-8.56939e+06,-7.86396e+06,-220642
10,3544,-3.80835e+06,-8.6073e+06,655314
10,3545,1.1439e+07,-5.13123e+06,545108
10,3546,6.41637e+06,1.14385e+07,-211068
10,3547,-496624,1.08689e+07,62103.9
10,3548,-3.50232e+06,-8.64359e+06,-55418.1
10,3549,1.06184e+07,-1.0276e+06,-229511
10,3550,-4.18626e+06,8.93554e+06,780645
10,3551,-8.8202e+06,-6.49142e+06,-700039
10,3552,-1.80987e+06,1.11698e+07,522317
10,3553,-2.93457e+06,-1.33265e+07,628810
10,3554,-2.55268e+06,-1.08009e+07,-171622
10,3555,-753372,1.21434e+07,-1.04951e+06
10,3556,-1.00162e+07,2.38234e+06,-501972
10,3557,1.14316e+07,5.76268e+06,-710595
10,3558,-1.20013e+07,4.9383e+06,533111
10,3559,1.10084e+07,-3.45454e+06,225693
10,3560,-4.34237e+06,5.61837e+06,-507744
10,3561,1.13923e+07,8.79699e+06,-323309
10,3562,5.08671e+06,-7.1838e+06,-337166
10,3563,1.44439e+07,3.63357e+06,-1.10932e+06
10,3564,3.3543e+06,-8.10529e+06,665314
10,3565,7.38927e+06,1.60981e+06,370172
10,3566,5.32811e+06,6.00778e+06,-769393
10,3567,-712938,7.33596e+06,-642812
10,3568,5.00257e+06,-8.59525e+06,-345581
10,3569,1.06149e+07,7.18187e+06,408650
10,3570,56359.4,-9.50862e+06,-692964
10,3571,602701,1.41641e+07,-416528
10,3572,-1.28299e+07,-6.96006e+06,-391936
10,3573,-6.98546e+06,1.27622e+07,-1.18142e+06
10,3574,-1.72775e+06,1.48376e+07,1.05113e+06
10,3575,-897376,-8.27575e+06,40703.2
10,3576,-1.39548e+07,-4.87047e+06,-1.40831e+06
10,3577,7.1692e+06,9.38497e+06,705980
10,3578,-1.37494e+07,1.49412e+06,784242
10,3579,-8.15244e+06,329147,-173082
10,3580,1.1397e+07,3.33683e+06,599313
10,3581,-4.14588e+06,-6.36685e+06,-733954
10,3582,6.16925e+06,1.2182e+07,42323.5
10,3583,-1.48209e+06,-8.96448e+06,-324775
10,3584,-2.83779e+06,1.24615e+07,645892
10,3585,-1.58503e+06,7.06937e+06,-1979.89
10,3586,2.79373e+06,6.77969e+06,638840
10,3587,-895333,-1.47694e+07,-733910
10,3588,-5.45789e+06,-7.22854e+06,-694058
10,3589,2.2305e+06,1.43413e+07,1.45515e+06
10,3590,1.53048e+06,-1.08037e+07,-1.08998e+06
10,3591,-1.82562e+06,1.39834e+07,473824
10,3592,6.85704e+06,1.15708e+07,-154654
10,3593,-4.22772e+06,1.01016e+07,-39956.5
10,3594,-6.16664e+06,7.27236e+06,323026
10,3595,1.27403e+06,1.1955e+07,957767
10,3596,-1.3875e+07,-851730,-185587
10,3597,-2.5882e+06,-9.66854e+06,343767
10,3598,-3.98821e+06,-7.57299e+06,-424117
10,3599,-2.16371e+06,-6.81005e+06,206969
10,3600,-1.0101e+07,-1.71388e+06,918714
10,3601,-6.35551e+06,-9.84345e+06,-1.02451e+06
10,3602,-2.69288e+06,7.88032e+06,65586.7
10,3603,-5.7708e+06,1.18798e+07,-379460
10,3604,-333950,9.00661e+06,811258
10,3605,6.67613e+06,1.00576e+07,536932
10,3606,-6.33142e+06,-1.10578e+07,-932535
10,3607,7.9813e+06,6.42073e+06,649507
10,3608,-1.22198e+07,-616325,-384274
10,3609,6.57198e+06,5.29033e+06,794073
10,3610,7.9341e+06,3.21464e+06,792653
10,3611,3.34041e+06,-1.08413e+07,-1.03799e+06
10,3612,-9.28039e+06,6.82281e+06,627134
10,3613,-5.99317e+06,4.15811e+06,436805
10,3614,-1.05785e+07,-3.50907e+06,-899879
10,3615,-3.49635e+06,-7.25522e+06,282058
10,3616,-3.45678e+06,-1.44244e+07,-20043.5
10,3617,1.09419e+07,8.50397e+06,-140534
10,3618,7.30449e+06,5.73036e+06,489709
10,3619,-1.03637e+07,-3.93218e+06,-196757
10,3620,7.91822e+06,7.16141e+06,369365
10,3621,4.31443e+06,-9.50714e+06,-634939
10,3622,-5.19112e+06,-6.88136e+06,597427
10,3623,-1.48121e+06,-1.06211e+07,1.07451e+06
10,3624,-473430,-1.48975e+07,714750
10,3625,4.56302e+06,-7.73355e+06,-170439
10,3626,1.27849e+07,7.24437e+06,-188571
10,3627,-9.4941e+06,6.36014e+06,-662204
10,3628,500428,-1.17283e+07,340142
10,3629,-948924,-8.8142e+06,-431352
10,3630,-2.98217e+06,-7.83347e+06,575521
10,3631,-1.06204e+07,-2.19034e+06,-428011
10,3632,7.32067e+06,8.09122e+06,997503
10,3633,-6.55349e+06,-1.1691e+07,102381
10,3634,-1.33213e+07,378813,-533416
10,3635,-4.89016e+06,-6.64756e+06,710485
10,3636,3.43315e+06,7.47781e+06,-109263
10,3637,-3.71947e+06,1.29139e+07,-661957
10,3638,-1.16022e+07,-2.70563e+06,-1.05056e+06
10,3639,-4.70257e+06,-6.03618e+06,-53371.2
10,3640,-6.32858e+06,-1.32646e+07,-1.4447e+06
10,3641,-9.32342e+06,5.47997e+06,-852391
10,3642,4.92127e+06,-1.34954e+07,-776196
10,3643,8.8432e+06,1.87794e+06,-367742
10,3644,-1.02476e+07,5.49005e+06,1.09427e+06
10,3645,-6.19287e+06,-4.10448e+06,533299
10,3646,1.08283e+07,268290,-557656
10,3647,9.35512e+06,-1.95726e+06,788882
10,3648,6.73525e+06,-1.29389e+07,-432925
10,3649,1.4153e+07,-1.57738e+06,-427140
10,3650,-8.65416e+06,-2.70381e+06,-568022
10,3651,6.8465e+06,-2.33812e+06,617478
10,3652,-6.97137e+06,4.47318e+06,549179
10,3653,-9.72615e+06,7.48583e+06,599829
10,3654,1.27e+07,-6.28977e+06,-343458
10,3655,7.17713e+06,-4.28834e+06,-682787
10,3656,8.06181e+06,9.90405e+06,-282558
10,3657,5.50506e+06,8.65297e+06,869032
10,3658,5.55027e+06,-4.26667e+06,538436
10,3659,-2.62996e+06,-9.15377e+06,-471225
10,3660,-1.20857e+07,-4.9492e+06,-522074
10,3661,-3.6858e+06,-9.47674e+06,827664
10,3662,-7.20778e+06,-3.5534e+06,-396113
10,3663,1.20917e+07,5.77828e+06,506691
10,3664,-6.84681e+06,-4.8329e+06,563490
10,3665,301917,-1.30371e+07,46542.3
10,3666,-1.19435e+07,-7.45031e+06,1.17819e+06
10,3667,-1.13441e+07,-490574,-631156
10,3668,7.13768e+06,8.7955e+06,839032
10,3669,1.23583e+07,-432072,-1.01105e+06
10,3670,6.44588e+06,-6.17079e+06,-186960
10,3671,6.92493e+06,-8.19668e+06,46833.5
10,3672,6.67282e+06,-5.28188e+06,-800476
10,3673,1.34299e+07,4.47364e+06,469701
10,3674,-1.9716e+06,-7.27829e+06,-704830
10,3675,-1.33944e+07,2.85007e+06,-1.11592e+06
10,3676,-1.26058e+07,787678,-781675
10,3677,-6.21923e+06,3.42709e+06,-589798
10,3678,-920630,7.69589e+06,202266
10,3679,1.01275e+07,4.75932e+06,1.05141e+06
10,3680,-872759,1.403e+07,-1.06378e+06
10,3681,-1.41118e+07,3.45622e+06,-548963
10,3682,1.61796e+06,-1.07781e+07,-723893
10,3683,14911.9,-1.31396e+07,103405
10,3684,9.3507e+06,1.03174e+07,265924
10,3685,-9.37681e+06,4.90406e+06,-524087
10,3686,7.70831e+06,6.31681e+06,-495506
10,3687,-1.60335e+06,-8.99662e+06,-827326
10,3688,2.11202e+06,1.19822e+07,-1.01985e+06
10,3689,1.43145e+06,9.2964e+06,97883.6
10,3690,9.60805e+06,-2.01318e+06,912698
10,3691,2.99975e+06,-1.00622e+07,-1.02534e+06
10,3692,-413280,-1.13568e+07,-644025
10,3693,4.10669e+06,6.26249e+06,-87097.8
10,3694,-8.142e+06,7.47092e+06,-132664
10,3695,1.37336e+06,-1.06401e+07,-848770
10,3696,-4.88478e+06,-1.21943e+07,635392
10,3697,-1.26466e+07,2.3015e+06,-742767
10,3698,1.09169e+07,-2.88333e+06,199931
10,3699,6.53269e+06,2.66141e+06,697546
10,3700,7.23447e+06,2.23667e+06,-222642
10,3701,-6.22172e+06,1.3376e+07,-265907
10,3702,1.18869e+07,1.8787e+06,959385
10,3703,-1.08989e+07,2.23911e+06,804110
10,3704,-1.2963e+07,6.70257e+06,-957393
10,3705,-1.1095e+07,7.646e+06,1.17671e+06
10,3706,1.08777e+07,9.64576e+06,1.3312e+06
10,3707,-5.95244e+06,-7.91461e+06,-924135
10,3708,-8.83601e+06,-1.09947e+07,405083
10,3709,-1.41924e+07,-803354,-254429
10,3710,-601643,-1.38599e+07,1.24907e+06
10,3711,-1.07676e+07,9.74132e+06,-153958
10,3712,-4.75325e+06,-7.69488e+06,-245084
10,3713,9.52804e+06,9.20716e+06,-1.0185e+06
10,3714,7.41238e+06,4.42589e+06,207283
10,3715,4.29837e+06,6.91291e+06,-793327
10,3716,5.10159e+06,-1.2203e+07,-895404
10,3717,-1.18152e+07,5.17477e+06,-672378
10,3718,5.13588e+06,1.07959e+07,614756
10,3719,7.13289e+06,-1.78942e+06,-631185
10,3720,9.49851e+06,-6.62416e+06,-1.13404e+06
10,3721,-6.5117e+06,8.84905e+06,176529
10,3722,8.04964e+06,3.55796e+06,221704
10,3723,-7.36222e+06,-7.22831e+06,-597958
10,3724,-8.96139e+06,-3.73416e+06,180809
10,3725,-1.93939e+06,9.77784e+06,-451462
10,3726,-3.89183e+06,7.42424e+06,-504473
10,3727,-1.09219e+07,-5.13115e+06,-283413
10,3728,676179,9.5826e+06,68124.8
10,3729,-5.58124e+06,-1.32029e+07,701245
10,3730,-8.16769e+06,1.09027e+07,-1.194e+06
10,3731,4.44379e+06,1.11246e+07,165428
10,3732,2.7672e+06,-1.26058e+07,-511753
10,3733,-7.98298e+06,-7.67908e+06,708719
10,3734,1.29951e+07,-922824,-1.28585e+06
10,3735,-465242,1.04593e+07,-797434
10,3736,1.42624e+07,-124541,-912364
10,3737,-1.22321e+06,7.18779e+06,489005
10,3738,8.69939e+06,3.32656e+06,-835801
10,3739,9.4974e+06,-4.26198e+06,-445970
10,3740,8.31189e+06,6.27949e+06,-13390.5
10,3741,-1.72585e+06,1.24429e+07,-511018
10,3742,1.36976e+07,952594,374857
10,3743,-3.10265e+06,9.66002e+06,319890
10,3744,-1.26896e+07,-4.94007e+06,-1.28079e+06
10,3745,-1.04149e+07,2.41336e+06,93648.9
10,3746,1.2269e+07,1.55949e+06,4978.24
10,3747,-6.52918e+06,9.70856e+06,394112
10,3748,-3.6771e+06,7.98137e+06,815611
10,3749,-5.63235e+06,7.99873e+06,187223
10,3750,1.46885e+07,-1.50996e+06,235263
10,3751,5.73466e+06,-4.02821e+06,98445.8
10,3752,4.79897e+06,-8.68881e+06,-198874
10,3753,3.21382e+06,-6.5234e+06,66696.4
10,3754,-124898,9.70266e+06,182049
10,3755,-3.94285e+06,7.71169e+06,236553
10,3756,-1.37228e+07,-2.93682e+06,727879
10,3757,-6.65562e+06,-1.12689e+07,-665838
10,3758,-1.28018e+07,5.35453e+06,-1.26845e+06
10,3759,943398,-8.87369e+06,-770868
10,3760,-2.72697e+06,-7.68422e+06,641524
10,3761,2.02015e+06,1.18508e+07,-1.0766e+06
10,3762,1.13745e+07,3.55787e+06,268726
10,3763,7.31284e+06,-4.90332e+06,-43858.4
10,3764,5.35952e+06,-6.95556e+06,-432292
10,3765,4.83293e+06,-8.11591e+06,-361392
10,3766,-5.95902e+06,8.34116e+06,-787992
10,3767,-1.08382e+06,-7.22731e+06,212183
10,3768,-2.67541e+06,8.82571e+06,822945
10,3769,-1.46768e+07,2.41506e+06,900833
10,3770,-3.82082e+06,1.22618e+07,-1.13684e+06
10,3771,4.34862e+06,-6.87134e+06,376287
10,3772,8.34413e+06,9.05033e+06,344591
10,3773,8.44424e+06,-1.00346e+07,-1.28081e+06
10,3774,1.23679e+07,1.55387e+06,516028
10,3775,7.14346e+06,9.72648e+06,642903
10,3776,3.55191e+06,-6.64902e+06,-359179
10,3777,1.11229e+07,-5.71328e+06,-400706
10,3778,-1.07184e+07,2.46131e+06,-754238
10,3779,-449398,-1.16731e+07,976217
10,3780,-1.3762e+07,-926736,604570
10,3781,-1.33578e+07,486764,-1.03011e+06
10,3782,5.82088e+06,-8.74065e+06,202997
10,3783,4.98374e+06,1.17253e+07,1.18658e+06
10,3784,-5.74044e+06,-8.41358e+06,-983103
10,3785,1.67198e+06,-7.80645e+06,749361
10,3786,9.28047e+06,2.28137e+06,-265994
10,3787,2.44881e+06,6.69702e+06,360342
10,3788,1.23319e+07,7.61918e+06,167869
10,3789,5.73228e+06,6.96016e+06,-507298
10,3790,1.06356e+07,4.68334e+06,-152897
10,3791,-1.22186e+06,7.97333e+06,-499514
10,3792,-3.60094e+06,-1.35555e+07,1.03545e+06
10,3793,-3.96865e+06,9.24938e+06,-240415
10,3794,-1.04969e+06,-7.06768e+06,-214732
10,3795,-7.71372e+06,-5.55514e+06,-121203
10,3796,-9.23407e+06,1.16208e+07,338165
10,3797,9.48003e+06,-489460,-104210
10,3798,8.38963e+06,8.6635e+06,562451
10,3799,-8.678e+06,2.82695e+06,700709
10,3800,-1.31337e+07,6.67225e+06,987888
10,3801,4.33752e+06,-6.02551e+06,192337
10,3802,8.42666e+06,-6.88807e+06,752890
10,3803,2.47791e+06,-9.01104e+06,-750177
10,3804,-6.05744e+06,-1.2105e+07,-1.11825e+06
10,3805,-1.0871e+07,-6.09376e+06,235690
10,3806,-1.03522e+06,9.25637e+06,489490
10,3807,-8.56071e+06,2.92822e+06,352644
10,3808,-6.28271e+06,-4.33961e+06,136498
10,3809,-8.57962e+06,9.05377e+06,-127280
10,3810,3.50182e+06,-8.95301e+06,-711499
10,3811,-9.66292e+06,-1.10242e+07,1.13664e+06
10,3812,-5.18765e+06,8.98661e+06,833390
10,3813,5.71765e+06,5.28306e+06,-312559
10,3814,-9.79658e+06,-1.09294e+07,159089
10,3815,-1.09968e+07,6.20371e+06,652260
10,3816,4.73937e+06,-8.95847e+06,-472017
10,3817,-9.11807e+06,-1.36392e+06,-127674
10,3818,-8.05287e+06,9.12104e+06,-656318
10,3819,-9.92831e+06,-4.07227e+06,-768347
10,3820,-4.88597e+06,1.03564e+07,-246343
10,3821,8.4145e+06,-3.78932e+06,338520
10,3822,-5.5046e+06,-7.21819e+06,633847
10,3823,4.96617e+06,-8.89642e+06,-705319
10,3824,-1.31141e+07,-3.45452e+06,-752134
10,3825,1.02165e+07,-703453,581371
10,3826,8.64991e+06,7.72781e+06,-190677
10,3827,8.18144e+06,3.99361e+06,76846.1
10,3828,-6.29974e+06,-1.26097e+07,-706276
10,3829,1.08709e+07,-3.98172e+06,516480
10,3830,1.22564e+07,-2.42203e+06,747673
10,3831,-4.70191e+06,6.544e+06,751759
10,3832,8.29683e+06,7.09576e+06,-90384.9
10,3833,1.25675e+07,-131682,-442815
10,3834,8.12721e+06,-7.57215e+06,-321624
10,3835,7.4966e+06,-2.40886e+06,-18202.8
10,3836,-7.8927e+06,-7.61593e+06,-1.09262e+06
10,3837,-9.35343e+06,1.10091e+07,-297824
10,3838,-6.09214e+06,5.75037e+06,509859
10,3839,1.23455e+07,-5.20391e+06,-259325
10,3840,-1.26303e+07,-636522,769897
10,3841,-8.61205e+06,9.32521e+06,-414781
10,3842,-7.92866e+06,-4.21791e+06,835505
10,3843,7.04265e+06,4.89316e+06,-654017
10,3844,-7.84074e+06,1.06744e+07,-730866
10,3845,-5.94843e+06,-7.81631e+06,91912.2
10,3846,-6.92588e+06,1.09401e+07,-124230
10,3847,6.97132e+06,3.53323e+06,-58997.4
10,3848,-7.06937e+06,-6.15522e+06,-859103
10,3849,5.33814e+06,-5.92287e+06,105748
10,3850,6.98677e+06,-1.06008e+07,-91833.2
10,3851,-1.29033e+07,-2.07069e+06,-725381
10,3852,-9.68097e+06,517039,-355200
10,3853,-5.10013e+06,8.20004e+06,-729790
10,3854,7.30643e+06,2.28016e+06,-596717
10,3855,-8.04733e+06,-5.4706e+06,-607684
10,3856,5.11301e+06,-1.31445e+07,57902.6
10,3857,-8.54942e+06,9.44379e+06,-1.18356e+06
10,3858,9.80562e+06,1.02398e+07,1.27353e+06
10,3859,-4.02001e+06,1.08546e+07,-10360.4
10,3860,1.0881e+07,1.67042e+06,-318316
10,3861,-1.28722e+07,-876692,-660560
10,3862,6.36611e+06,-7.29315e+06,49467.2
10,3863,1.09079e+07,-2.62622e+06,-402094
10,3864,4.15356e+06,-9.99299e+06,560871
10,3865,5.25008e+06,7.45614e+06,366233
10,3866,8.02451e+06,-4.15491e+06,-671261
10,3867,8.95481e+06,3.28592e+06,388055
10,3868,-9.20635e+06,-1.06479e+07,1.23551e+06
10,3869,6.78231e+06,4.26091e+06,542920
10,3870,6.78796e+06,-1.20374e+07,827279
10,3871,1.93368e+06,9.67003e+06,847786
10,3872,-7.63039e+06,5.57237e+06,377296
10,3873,3.98394e+06,-8.41712e+06,-802752
10,3874,-1.06547e+07,-8.00709e+06,194584
10,3875,-1.87015e+06,1.05015e+07,-76650.5
10,3876,-9.12323e+06,-5.37752e+06,-462917
10,3877,4.60062e+06,6.06785e+06,303482
10,3878,4.51257e+06,-5.57772e+06,279065
10,3879,6.79369e+06,-1.12092e+07,-990920
10,3880,-1.35316e+07,-454441,1.04601e+06
10,3881,1.39176e+07,2.18989e+06,-330116
10,3882,-4.81417e+06,-1.01136e+07,-479268
10,3883,-6.67153e+06,6.06629e+06,1692.82
10,3884,1.16756e+06,-1.4561e+07,-206503
10,3885,3.57166e+06,6.52056e+06,-65535.4
10,3886,-9.92946e+06,9.16143e+06,104021
10,3887,1.21218e+07,-7.22495e+06,-803033
10,3888,-2.58122e+06,6.87455e+06,287691
10,3889,1.28466e+07,6.81855e+06,-1.37562e+06
10,3890,-104667,-1.40047e+07,1.38325e+06
10,3891,-8.80709e+06,5.05063e+06,-666311
10,3892,-6.93692e+06,-3.82978e+06,-215121
10,3893,5.83636e+06,-4.91258e+06,-460762
10,3894,-2.6668e+06,1.2686e+07,812305
10,3895,379956,-7.91244e+06,-638048
10,3896,-991594,-1.05061e+07,-690660
10,3897,6.16608e+06,-6.90555e+06,714465
10,3898,3.54131e+06,6.42692e+06,-562462
10,3899,8.30329e+06,-1.49684e+06,87164
10,3900,1.06994e+07,-980214,122393
10,3901,-6.15939e+06,1.063e+07,-289706
10,3902,1.06032e+07,5.04281e+06,-573697
10,3903,8.52377e+06,929407,63279.2
10,3904,-8.60065e+06,7.59809e+06,-531194
10,3905,8.05131e+06,9.18787e+06,45481.4
10,3906,6.68027e+06,1.1301e+07,665508
10,3907,1.20908e+07,4.84594e+06,-1.25752e+06
10,3908,5.08735e+06,1.38564e+07,952318
10,3909,-1.10543e+06,1.14099e+07,-849895
10,3910,-9.19521e+06,5.97277e+06,436370
10,3911,4.89202e+06,-1.33508e+07,-641838
10,3912,7.04503e+06,-1.20749e+07,1.20279e+06
10,3913,1.30895e+06,-1.05869e+07,195571
10,3914,9.44009e+06,-259099,-874474
10,3915,6.49993e+06,-5.10693e+06,-728339
10,3916,-2.98525e+06,-1.37129e+07,-1.30417e+06
10,3917,361034,-1.04269e+07,173412
10,3918,9.79671e+06,-1.06612e+07,-484792
10,3919,7.23774e+06,-2.5596e+06,26540.8
10,3920,3.14955e+06,-6.88875e+06,559240
10,3921,-1.14767e+07,3.86194e+06,392884
10,3922,9.89865e+06,-7.79745e+06,1.15204e+06
10,3923,3.38286e+06,-1.05369e+07,1.03106e+06
10,3924,8.12463e+06,1.01382e+06,605261
10,3925,8.21986e+06,2.32533e+06,-581596
10,3926,1.86369e+06,9.89126e+06,-392225
10,3927,-4.12424e+06,-1.42023e+07,627995
10,3928,-791330,-7.70812e+06,371183
10,3929,1.59612e+06,1.21723e+07,-188982
10,3930,-6.55943e+06,-1.20906e+07,640818
10,3931,-1.11219e+07,3.57813e+06,605850
10,3932,-3.41378e+06,-6.68498e+06,748849
10,3933,-3.3935e+06,1.27858e+07,-588203
10,3934,9.82593e+06,-7.45885e+06,192335
10,3935,5.92758e+06,9.51323e+06,483295
10,3936,1.23501e+07,-2.53883e+06,-504111
10,3937,-1.1971e+07,5.1976e+06,152627
10,3938,2.30879e+06,1.33264e+07,-425175
10,3939,-1.18497e+07,-5.68467e+06,-1.0737e+06
10,3940,-8.8671e+06,-5.44701e+06,854222
10,3941,2.99242e+06,-7.93953e+06,-627928
10,3942,299219,8.90743e+06,674112
10,3943,2.05026e+06,-8.34371e+06,-65629.8
10,3944,7.99998e+06,-1.26596e+07,718481
10,3945,-9.23353e+06,-1.04339e+07,959113
10,3946,7.38532e+06,5.29371e+06,210717
10,3947,-9.40816e+06,4.61111e+06,56048.9
10,3948,-6.86686e+06,-7.05832e+06,-927251
10,3949,1.31144e+07,-6.64814e+06,1.28321e+06
10,3950,-9.66738e+06,-2.03462e+06,899739
10,3951,3.61297e+06,-1.37496e+07,-263509
10,3952,3.12637e+06,-1.10699e+07,-522553
10,3953,5.70052e+06,-1.0561e+07,498223
10,3954,-9.26186e+06,-5.52413e+06,1.05734e+06
10,3955,2.68187e+06,-1.14951e+07,535318
10,3956,-2.58463e+06,-1.23437e+07,-114993
10,3957,-1.05412e+07,2.0897e+06,-1.00606e+06
10,3958,4.96291e+06,7.39008e+06,689369
10,3959,5.86058e+06,7.05699e+06,-698916
10,3960,1.2588e+07,543294,-72311.2
10,3961,4.70318e+06,-6.36935e+06,727972
10,3962,-1.37201e+07,5.17588e+06,423946
10,3963,-6.988e+06,9.50447e+06,-131977
10,3964,2.20204e+06,-7.17419e+06,-389356
10,3965,-1.06123e+07,1.23093e+06,129726
10,3966,-4.77799e+06,-1.26645e+07,441591
10,3967,9.19773e+06,6.41146e+06,-219757
10,3968,1.46387e+07,-352203,675509
10,3969,7.02811e+06,5.3271e+06,-150346
10,3970,-2.37087e+06,-1.36068e+07,1.06253e+06
10,3971,8.07538e+06,8.72814e+06,-917884
10,3972,-6.69548e+06,-3.09045e+06,-379519
10,3973,-4.96062e+06,-1.18718e+07,-468259
10,3974,6.67879e+06,5.10267e+06,399209
10,3975,-4.77469e+06,9.4375e+06,755701
10,3976,-1.16526e+07,-1.38818e+06,571654
10,3977,-5.23209e+06,-1.24706e+07,-162274
10,3978,1.43036e+06,-9.93188e+06,35936.6
10,3979,9.76108e+06,-7.95394e+06,1.04974e+06
10,3980,3.43714e+06,8.54594e+06,-440089
10,3981,-8.93536e+06,9.41933e+06,-849292
10,3982,-3.69553e+06,6.83094e+06,-566161
10,3983,-3.24445e+06,-7.54498e+06,-791288
10,3984,4.49085e+06,-6.52562e+06,547295
10,3985,8.1557e+06,5.11293e+06,394814
10,3986,9.43853e+06,2.84487e+06,-675663
10,3987,-6.79811e+06,-4.35253e+06,644061
10,3988,-1.27597e+07,-3.90198e+06,-207751
10,3989,-1.12198e+07,4.06649e+06,-606525
10,3990,8.73594e+06,-8.84181e+06,-316098
10,3991,-1.24872e+07,5.70736e+06,-270957
10,3992,-2.35435e+06,-6.81792e+06,444133
10,3993,7.07579e+06,1.0024e+07,-975533
10,3994,-9.47152e+06,6.66533e+06,-164242
10,3995,-2.34791e+06,-1.45519e+07,-260077
10,3996,6.96664e+06,1.59975e+06,264297
10,3997,-3.54082e+06,-1.3234e+07,-257886
10,3998,7.0802e+06,-1.3875e+06,703947
10,3999,1.02614e+07,4.95365e+06,93373.2
10,4000,-5.96242e+06,-1.28049e+07,621867
10,4001,5.95705e+06,4.8131e+06,-571817
10,4002,-1.40143e+07,-2.35538e+06,829638
10,4003,7.13687e+06,-3.40154e+06,508467
10,4004,6.23465e+06,-6.19381e+06,-416083
10,4005,-844248,8.57224e+06,707808
10,4006,-6.86687e+06,1.25578e+07,588388
10,4007,4.3716e+06,-1.15992e+07,-504754
10,4008,-5.3977e+06,-9.62066e+06,-1.04833e+06
10,4009,-3.26986e+06,-9.45206e+06,-495285
10,4010,1.43278e+07,2.80664e+06,1.34137e+06
10,4011,8.2965e+06,2.70592e+06,-362395
10,4012,263798,-1.32651e+07,-773473
10,4013,-5.29874e+06,-6.74075e+06,-71879.2
10,4014,1.31729e+07,2.07369e+06,294515
10,4015,1.28285e+07,-472084,459201
10,4016,6.83725e+06,5.62113e+06,249516
10,4017,9.04328e+06,-6.56333e+06,506762
10,4018,-9.14256e+06,6.25219e+06,-211850
10,4019,8.74898e+06,1.03064e+06,131990
10,4020,2.17358e+06,8.39823e+06,-651154
10,4021,8.32715e+06,1.76249e+06,296707
10,4022,-9.42802e+06,-3.91189e+06,279659
10,4023,1.34153e+07,6.19796e+06,-242621
10,4024,-8.85043e+06,1.23022e+06,753179
10,4025,-6.66864e+06,-1.09151e+07,-150310
10,4026,1.20993e+07,2.55953e+06,213322
10,4027,-6.56346e+06,9.33306e+06,-681936
10,4028,1.263e+07,4.50878e+06,-1.15704e+06
10,4029,-236393,1.05089e+07,516420
10,4030,1.76529e+06,-1.19363e+07,-423256
10,4031,8.42381e+06,-9.79355e+06,-399871
10,4032,7.87062e+06,-5.63492e+06,-873930
10,4033,7.12103e+06,6.67166e+06,-921954
10,4034,-7.2043e+06,3.23544e+06,295419
10,4035,5.51713e+06,-7.50358e+06,-116207
10,4036,1.41333e+07,-4.1279e+06,805530
10,4037,-3.78305e+06,-1.39087e+07,1.14277e+06
10,4038,-5.07155e+06,7.28983e+06,449594
10,4039,5.46508e+06,-8.80936e+06,784462
10,4040,4.23885e+06,-8.36244e+06,-649299
10,4041,-9.58944e+06,-1.15811e+06,-528976
10,4042,-1.01924e+07,-5.56813e+06,-681587
10,4043,-8.9976e+06,-9.87082e+06,-487019
10,4044,6.4453e+06,-6.04652e+06,594300
10,4045,8.5852e+06,2.02909e+06,537947
10,4046,9.56853e+06,7.11222e+06,208320
10,4047,1.69511e+06,-1.04631e+07,-617396
10,4048,5.82258e+06,8.83467e+06,970895
10,4049,-1.04146e+06,-1.31793e+07,503157
10,4050,9.20104e+06,-4.73703e+06,-886100
10,4051,2.84931e+06,1.31118e+07,-472421
10,4052,2.33195e+06,-1.08829e+07,754712
10,4053,-9.56874e+06,6.59865e+06,1.04073e+06
10,4054,3.00638e+06,-8.45113e+06,201043
10,4055,1.00134e+07,155467,-106959
10,4056,7.23276e+06,5.65417e+06,-781914
10,4057,-7.28303e+06,-6.49464e+06,659703
10,4058,-7.56925e+06,3.79329e+06,-182973
10,4059,4.12305e+06,-1.03129e+07,119165
10,4060,-1.36698e+07,-1.66025e+06,286040
10,4061,4.69815e+06,-9.34709e+06,888876
10,4062,5.24799e+06,-1.0865e+07,-1.06697e+06
10,4063,5.27441e+06,1.32186e+07,-693583
10,4064,7.25086e+06,-1.5191e+06,522392
10,4065,8.25227e+06,-1.16852e+07,-58564.4
10,4066,1.41396e+07,-2.68688e+06,7389.06
10,4067,-4.48048e+06,-7.06633e+06,797978
10,4068,9.04242e+06,-1.05891e+07,1.21118e+06
10,4069,2.38164e+06,-1.39361e+07,617582
10,4070,-6.54357e+06,-6.34989e+06,39186
10,4071,-1.38412e+07,662391,-1.03358e+06
10,4072,-3.00748e+06,-6.36469e+06,70263.2
10,4073,4.64036e+06,8.45822e+06,-64222.1
10,4074,-4.0844e+06,6.64518e+06,-188458
10,4075,-1.04913e+07,2.1646e+06,-521006
10,4076,-8.53044e+06,1.08241e+07,-746060
10,4077,-3.75609e+06,7.48558e+06,-726139
10,4078,-5.68317e+06,-4.51965e+06,173053
10,4079,928129,-1.11505e+07,-1.0342e+06
10,4080,1.19394e+07,8.19096e+06,504136
10,4081,5.93014e+06,-5.46928e+06,17284.5
10,4082,-5.60862e+06,-5.16051e+06,-750637
10,4083,-7.6624e+06,-1.07316e+07,-758716
10,4084,9.97487e+06,559206,387185
10,4085,-8.56127e+06,-4.2123e+06,873975
10,4086,9.3789e+06,-504218,249380
10,4087,-8.25948e+06,3.38551e+06,429593
10,4088,9.558e+06,4.46298e+06,-700167
10,4089,-7.89609e+06,-1.07386e+07,186152
10,4090,4.41571e+06,-7.03455e+06,767488
10,4091,6.40626e+06,3.51136e+06,563195
10,4092,-9.89831e+06,-9.13722e+06,1.20198e+06
10,4093,2.51729e+06,1.18953e+07,556381
10,4094,1.21026e+07,-1.0237e+06,-695742
10,4095,2.28176e+06,-1.15538e+07,-379384
10,4096,7.69228e+06,-6.44535e+06,-192312
10,4097,9.23283e+06,-7.63019e+06,-695893
10,4098,-4.36227e+06,-1.42001e+07,-11522.4
10,4099,1.00225e+07,-2.88441e+06,-614513
10,4100,-3.43557e+06,8.84097e+06,-400483
10,4101,1.06954e+07,-661152,834903
10,4102,-8.54333e+06,4.41805e+06,326132
10,4103,3.11049e+06,-6.40093e+06,541586
10,4104,-9.84349e+06,9.75336e+06,-105317
10,4105,-5.77557e+06,4.12765e+06,-56182.8
10,4106,1.11957e+07,-8.7249e+06,1.32698e+06
10,4107,1.40534e+07,783368,398321
10,4108,-1.14661e+06,7.45738e+06,118169
10,4109,-7.02905e+06,-1.04013e+07,-1.13526e+06
10,4110,5.33463e+06,5.69425e+06,-639009
10,4111,-3.09893e+06,-7.81551e+06,557092
10,4112,-3.54265e+06,-9.62051e+06,-615815
10,4113,-8.71631e+06,1.19002e+07,1.02199e+06
10,4114,9.61815e+06,-1.08621e+07,-1.25937e+06
10,4115,8.80386e+06,8.36311e+06,-1.20445e+06
10,4116,6.42769e+06,-3.64564e+06,604986
10,4117,-8.36769e+06,-2.62637e+06,800318
10,4118,-8.65135e+06,6.75087e+06,-36763.9
10,4119,-1.31735e+07,1.83286e+06,754339
10,4120,-199569,1.04454e+07,-362716
10,4121,-7.60362e+06,45574,-535992
10,4122,-1.18594e+07,6.39446e+06,714761
10,4123,8.57536e+06,-1.17867e+07,1.31969e+06
10,4124,5.77788e+06,9.94288e+06,1.00391e+06
10,4125,9.22267e+06,-1.04499e+07,539021
10,4126,1.19273e+07,1.17026e+06,595045
10,4127,-552217,7.71216e+06,79622.3
10,4128,1.05327e+07,1.11511e+06,687253
10,4129,-5.77047e+06,-1.27883e+07,115238
10,4130,1.06569e+07,1.00806e+07,698516
10,4131,-5.96593e+06,5.36845e+06,137222
10,4132,1.28769e+07,361885,-617257
10,4133,-1.10475e+07,-2.38163e+06,311146
10,4134,-9.09088e+06,-2.44029e+06,-584723
10,4135,-7.4905e+06,-3.99478e+06,315034
10,4136,5.65349e+06,5.60717e+06,103996
10,4137,-7.1895e+06,5.67434e+06,-181827
10,4138,8.40619e+06,145084,594786
10,4139,-4.58492e+06,-1.18644e+07,118306
10,4140,1.16102e+07,-4.89741e+06,417674
10,4141,-8.20699e+06,-3.97775e+06,-105203
10,4142,-1.13447e+07,-1.32574e+06,820976
10,4143,4.50908e+06,1.13015e+07,-1.06613e+06
10,4144,1.03312e+07,1.08504e+06,-377666
10,4145,-7.07406e+06,6.92378e+06,951867
10,4146,-969660,9.35522e+06,-698419
10,4147,6.25255e+06,9.15341e+06,257869
10,4148,-7.25202e+06,-3.87797e+06,537372
10,4149,-6.46525e+06,3.47512e+06,-57177.9
10,4150,-1.30694e+07,2.60957e+06,180024
10,4151,-1.23739e+07,-4.94211e+06,-377709
10,4152,-886156,-7.61422e+06,570017
10,4153,1.32204e+07,-6.50574e+06,877485
10,4154,2.44718e+06,-1.18976e+07,-164999
10,4155,-6.88128e+06,9.52564e+06,-407431
10,4156,-1.2507e+07,3.66133e+06,-751040
10,4157,5.5114e+06,-6.615e+06,306224
10,4158,-9.27341e+06,6.57414e+06,-157291
10,4159,-7.17172e+06,2.00422e+06,440508
10,4160,-7.52993e+06,6.66593e+06,-977079
10,4161,1.0516e+07,1.75656e+06,150015
10,4162,5.97855e+06,-9.29631e+06,180794
10,4163,-9.52254e+06,-1.04581e+06,382822
10,4164,-5.54069e+06,-5.38276e+06,645136
10,4165,-6.50879e+06,-6.74548e+06,603221
10,4166,-2.15085e+06,-1.08759e+07,-419241
10,4167,-4.61085e+06,-8.23793e+06,388041
10,4168,2.22518e+06,1.4324e+07,-92142.8
10,4169,7.85084e+06,4.4055e+06,-174248
10,4170,-1.34727e+06,9.89312e+06,-405591
10,4171,9.84789e+06,-621791,559000
10,4172,5.32114e+06,-5.38224e+06,201819
10,4173,-7.74484e+06,1.18117e+07,-100231
10,4174,-2.05382e+06,1.39708e+07,1.17615e+06
10,4175,1.35252e+07,-1.60055e+06,-478901
10,4176,-4.3696e+06,7.69529e+06,806868
10,4177,-8.8346e+06,-3.91406e+06,-186164
10,4178,3.47746e+06,9.55647e+06,75415.7
10,4179,1.30758e+07,4.26396e+06,1.0728e+06
10,4180,-9.10977e+06,-8.29409e+06,310277
10,4181,-8.09141e+06,4.69203e+06,560529
10,4182,-9.25419e+06,1.69139e+06,-906576
10,4183,-1.12161e+07,6.30823e+06,65264.7
10,4184,7.90433e+06,-333727,-312698
10,4185,-1.04921e+07,-5.94707e+06,688396
10,4186,419826,-9.33871e+06,-219712
10,4187,-4.73411e+06,-9.11681e+06,584693
10,4188,1.00011e+07,-7.2005e+06,-529841
10,4189,9.61993e+06,1.04418e+07,453143
10,4190,-1.13685e+07,318167,-430295
10,4191,5.74766e+06,9.40954e+06,-288237
10,4192,-6.9516e+06,-3.45768e+06,-629034
10,4193,7.07561e+06,4.30137e+06,-196589
10,4194,1.14424e+07,-7.50743e+06,-1.17463e+06
10,4195,-4.78081e+06,-1.10895e+07,81562.2
10,4196,1.19968e+06,1.22774e+07,-25549.2
10,4197,8.52071e+06,5.46714e+06,254270
10,4198,-1.79208e+06,1.08141e+07,-57689.7
10,4199,4.26569e+06,-1.2488e+07,394758
10,4200,-9.51471e+06,-4.97996e+06,-247006
10,4201,-6.08155e+06,5.21654e+06,48605.6
10,4202,1.08527e+07,-4.56212e+06,653646
10,4203,3.68727e+06,7.31275e+06,-655738
10,4204,-3.43756e+06,-1.23759e+07,1.25336e+06
10,4205,5.21979e+06,-9.8809e+06,170852
10,4206,-2.47494e+06,-1.37663e+07,399809
10,4207,-1.88318e+06,-1.13645e+07,-185123
10,4208,7.50859e+06,2.0085e+06,-32606.5
10,4209,1.03363e+07,5.65816e+06,-502507
10,4210,-8.80431e+06,-3.74291e+06,-424112
10,4211,3.88242e+06,6.70593e+06,-505989
10,4212,-2.99541e+06,1.33981e+07,589854
10,4213,1.14201e+07,-1.59379e+06,-524261
10,4214,7.79368e+06,2.72376e+06,-428088
10,4215,1.06795e+07,6.41157e+06,-636561
10,4216,-1.19305e+07,-6.91816e+06,-1.1903e+06
10,4217,6.78641e+06,2.82965e+06,651453
10,4218,7.77283e+06,-1.13414e+07,1.16934e+06
10,4219,118098,1.10393e+07,-217846
10,4220,9.11692e+06,-8.91294e+06,-165524
10,4221,1.02578e+07,-4.61544e+06,-884799
10,4222,7.44842e+06,1.17339e+07,-44859.8
10,4223,-6.93489e+06,-5.33048e+06,102467
10,4224,6.60794e+06,-7.55218e+06,320845
10,4225,7.39107e+06,1.03673e+07,977610
10,4226,1.33962e+06,8.20466e+06,-619535
10,4227,8.04457e+06,-6.76351e+06,-520770
10,4228,5.72597e+06,-8.18284e+06,235369
10,4229,2.85632e+06,1.26831e+07,563252
10,4230,8.79785e+06,-628576,105644
10,4231,9.19195e+06,8.5439e+06,-626341
10,4232,-6.30349e+06,5.10338e+06,-350351
10,4233,9.92616e+06,8.15586e+06,648186
10,4234,2.106e+06,7.04509e+06,429834
10,4235,-1.27564e+07,1.84988e+06,-1.16326e+06
10,4236,-9.92522e+06,6.51266e+06,-435794
10,4237,-1.11617e+07,4.62781e+06,-987133
10,4238,2.59839e+06,-1.40327e+07,-1.26953e+06
10,4239,9.64334e+06,5.64694e+06,754979
10,4240,5.49175e+06,1.05e+07,-1.13927e+06
10,4241,-7.23274e+06,-416593,339822
10,4242,1.35217e+06,7.84635e+06,-275168
10,4243,-6.83056e+06,5.45906e+06,104256
10,4244,1.21264e+07,-2.74492e+06,1.074e+06
10,4245,-1.08048e+06,-1.14633e+07,1.04108e+06
10,4246,7.62593e+06,349460,-719981
10,4247,991032,-1.146e+07,-305868
10,4248,-1.12579e+07,-1.22728e+06,-919814
10,4249,9.46375e+06,1.23295e+06,-744549
10,4250,6.49824e+06,-1.17992e+07,814443
10,4251,3.50154e+06,-1.23191e+07,438122
10,4252,-6.0782e+06,-1.07606e+07,34709.6
10,4253,-1.15933e+06,-9.83064e+06,-398837
10,4254,-1.03792e+07,4.54801e+06,-506588
10,4255,-869686,1.47612e+07,-564257
10,4256,3.73845e+06,-7.40086e+06,143599
10,4257,5.16148e+06,-1.07206e+07,-373920
10,4258,2.6489e+06,8.11864e+06,397579
10,4259,3.15783e+06,1.14557e+07,-844941
10,4260,-5.4487e+06,-5.75581e+06,-795000
10,4261,-5.54189e+06,4.50406e+06,273415
10,4262,-1.13868e+07,5.27943e+06,479867
10,4263,1.10358e+07,-1.54446e+06,-753396
10,4264,-1.17688e+07,584496,-720927
10,4265,-2.13414e+06,1.28199e+07,-307521
10,4266,294565,9.99337e+06,-138563
10,4267,-324162,-1.07668e+07,571569
10,4268,-6.83909e+06,-4.60069e+06,654477
10,4269,-7.75978e+06,1.25408e+06,393888
10,4270,9.55519e+06,7.07505e+06,-245890
10,4271,1.10329e+07,-221991,-710284
10,4272,-1.06037e+07,1.03716e+07,-890072
10,4273,-7.72088e+06,-6.81138e+06,-590598
10,4274,5.72674e+06,-7.30874e+06,929732
10,4275,5.59887e+06,7.71067e+06,559351
10,4276,9.45598e+06,6.98581e+06,1.05329e+06
10,4277,-5.32192e+06,-5.45854e+06,-115976
10,4278,2.55859e+06,1.11552e+07,430777
10,4279,-1.41944e+07,3.73519e+06,67394.5
10,4280,6.95327e+06,-5.52158e+06,839164
10,4281,-1.27437e+07,-3.57232e+06,1.2125e+06
10,4282,-8.16551e+06,1.03305e+06,61902
10,4283,3.59756e+06,-1.03199e+07,372604
10,4284,-4.62558e+06,6.53839e+06,-257849
10,4285,-3.02211e+06,1.10868e+07,-881319
10,4286,7.27608e+06,-9.77278e+06,1.05434e+06
10,4287,2.91999e+06,-1.44502e+07,-1.06416e+06
10,4288,-1.12054e+07,8.07244e+06,635471
10,4289,5.39023e+06,-9.87337e+06,-167605
10,4290,-6.97817e+06,-2.68862e+06,-492312
10,4291,-1.45028e+07,-2.53881e+06,157717
10,4292,-1.00593e+07,-1.0089e+07,-562392
10,4293,-9.34216e+06,-164419,686299
10,4294,1.29597e+07,-3.02886e+06,-1.14233e+06
10,4295,7.96409e+06,4.47476e+06,459098
10,4296,6.53202e+06,4.83384e+06,100231
10,4297,-2.17184e+06,-1.00601e+07,-26726.6
10,4298,-9.28853e+06,4.61972e+06,772974
10,4299,-5.14132e+06,8.7591e+06,-328091
10,4300,5.53673e+06,-6.51703e+06,-605348
10,4301,-3.02579e+06,1.38978e+07,1.13865e+06
10,4302,-1.15607e+07,-6.61397e+06,451600
10,4303,-8.54125e+06,-4.37929e+06,-398742
10,4304,1.0072e+06,-1.0155e+07,-523069
10,4305,-9.79003e+06,9.5986e+06,88213.6
10,4306,-6.0301e+06,-1.32191e+07,423228
10,4307,1.10657e+07,-6.18476e+06,-638140
10,4308,-9.6406e+06,6.88939e+06,-1.1605e+06
10,4309,-3.70136e+06,7.09423e+06,104024
10,4310,3.64614e+06,-1.35697e+07,149883
10,4311,-1.77507e+06,7.37777e+06,-202328
10,4312,1.09657e+07,4.80818e+06,72304.6
10,4313,-3.86488e+06,-1.365e+07,843891
10,4314,3.28467e+06,1.19733e+07,-969169
10,4315,-4.52174e+06,-1.28628e+07,204697
10,4316,-6.70597e+06,-5.18537e+06,-796893
10,4317,-3.08618e+06,7.32679e+06,-89458.4
10,4318,5.74851e+06,5.50085e+06,359689
10,4319,-1.12847e+07,-2.49502e+06,-109947
10,4320,1.40467e+07,4.60455e+06,-945482
10,4321,7.9272e+06,9.2448e+06,217719
10,4322,1.13293e+07,-2.02138e+06,884137
10,4323,1.09415e+07,9.55291e+06,1.0714e+06
10,4324,-5.32707e+06,-6.00188e+06,353436
10,4325,-5.49201e+06,-6.16127e+06,-740718
10,4326,8.23884e+06,-4.36991e+06,-613151
10,4327,-7.06609e+06,2.52508e+06,527022
10,4328,-4.73402e+06,5.93156e+06,608049
10,4329,-3.02345e+06,7.33421e+06,442176
10,4330,5.65065e+06,-9.79898e+06,-880444
10,4331,1.31715e+07,-5.64533e+06,-989455
10,4332,7.26093e+06,-382476,-25808.2
10,4333,-8.5825e+06,-7.74012e+06,670291
10,4334,4.59461e+06,1.26698e+07,-710530
10,4335,5.98016e+06,-1.26704e+07,329646
10,4336,-1.33163e+06,-1.4874e+07,-849616
10,4337,-1.18225e+07,6.94983e+06,-1.27589e+06
10,4338,881231,-9.49006e+06,879695
10,4339,129186,9.20747e+06,117164
10,4340,-234742,-1.34905e+07,161805
10,4341,534771,1.20382e+07,-162504
10,4342,6.78929e+06,-5.93216e+06,-700006
10,4343,-865192,1.24077e+07,-60752.3
10,4344,-4.23212e+06,8.37608e+06,-450052
10,4345,-8.69219e+06,9.67886e+06,589333
10,4346,-1.01625e+07,-3.17904e+06,92187
10,4347,-9.9603e+06,1.09218e+07,-865155
10,4348,6.43603e+06,1.27277e+07,955351
10,4349,-4.37461e+06,-6.91401e+06,-572744
10,4350,-1.31705e+07,-5.7633e+06,-491069
10,4351,-5.65532e+06,5.82094e+06,332951
10,4352,178155,1.00768e+07,156042
10,4353,5.14809e+06,8.94176e+06,-715146
10,4354,1.24916e+07,-1.94236e+06,-675461
10,4355,1.12027e+07,6.94632e+06,-312257
10,4356,-1.36454e+06,1.09688e+07,65387.6
10,4357,1.31905e+07,-4.73924e+06,-1.1221e+06
10,4358,9.09566e+06,-1.12624e+06,-421112
10,4359,-334017,1.2532e+07,-360229
10,4360,5.32651e+06,-6.63086e+06,652156
10,4361,4.24452e+06,-8.35525e+06,-265763
10,4362,473726,-7.77633e+06,150289
10,4363,-244919,9.15024e+06,873334
10,4364,5.1412e+06,-1.28729e+07,-1.03315e+06
10,4365,2.80921e+06,1.26745e+07,1.24327e+06
10,4366,-4.50357e+06,5.89194e+06,-105830
10,4367,1.44202e+06,-1.35127e+07,-339824
10,4368,5.93158e+06,-9.8184e+06,-1.10877e+06
10,4369,1.26415e+07,-4.31836e+06,-1.25385e+06
10,4370,-4.17377e+06,6.03742e+06,-606465
10,4371,-1.37864e+06,-1.07452e+07,144953
10,4372,-4.76082e+06,-7.12072e+06,316811
10,4373,8.68026e+06,1.15509e+07,556078
10,4374,-1.42846e+07,-198487,-394962
10,4375,5.65756e+06,-6.16045e+06,-176927
10,4376,8.34335e+06,-1.17301e+07,-355215
10,4377,1.13988e+07,2.03082e+06,-548702
10,4378,-5.49207e+06,-1.14253e+07,-371862
10,4379,1.13743e+06,1.34204e+07,-104326
10,4380,-5.85511e+06,8.99853e+06,978915
10,4381,-1.21788e+07,-3.12561e+06,26441.9
10,4382,-5.79782e+06,5.89655e+06,285850
10,4383,5.88707e+06,-1.31253e+07,-574583
10,4384,9.01968e+06,5.25439e+06,-832288
10,4385,-1.05438e+07,-2.09458e+06,-507703
10,4386,-3.44283e+06,-1.16337e+07,-487700
10,4387,3.53939e+06,1.25784e+07,115647
10,4388,-1.30153e+07,-3.14383e+06,1.09491e+06
10,4389,-6.30433e+06,-4.00233e+06,92230.9
10,4390,6.19424e+06,-1.05921e+07,554628
10,4391,-3.27463e+06,1.29101e+07,-299730
10,4392,-1.12735e+07,-4.00315e+06,1.10638e+06
10,4393,-5.10797e+06,6.78627e+06,123598
10,4394,1.26106e+07,-5.93216e+06,-457167
10,4395,-6.67721e+06,3.49205e+06,-159243
10,4396,-1.35302e+07,6.19426e+06,-578481
10,4397,-7.93928e+06,5.91844e+06,637676
10,4398,-3.1627e+06,6.92708e+06,712223
10,4399,-305547,-8.21578e+06,-236186
10,4400,9.40305e+06,6.87036e+06,-451108
10,4401,1.19695e+06,1.09413e+07,92169.2
10,4402,-5.06635e+06,-7.10886e+06,707478
10,4403,1.51861e+06,7.5138e+06,528859
10,4404,1.05782e+07,5.77602e+06,-32902.4
10,4405,2.64704e+06,8.22917e+06,763775
10,4406,-4.27627e+06,-1.23554e+07,-683289
10,4407,5.50099e+06,-5.68373e+06,-784200
10,4408,-1.81218e+06,9.93995e+06,142219
10,4409,-3.43739e+06,8.29828e+06,629823
10,4410,7.14969e+06,9.40417e+06,535438
10,4411,-7.93055e+06,3.46877e+06,253869
10,4412,-6.88898e+06,6.04537e+06,429516
10,4413,-1.41801e+07,-2.694e+06,-1.41912e+06
10,4414,-7.84215e+06,5.71344e+06,-312190
10,4415,-6.98133e+06,-7.78936e+06,-794109
10,4416,-9.16047e+06,-513101,-338560
10,4417,-1.35511e+07,6.16585e+06,1.10311e+06
10,4418,7.31126e+06,-1.20726e+07,-1.28251e+06
10,4419,9.98043e+06,1.05445e+07,-1.35589e+06
10,4420,3.44501e+06,9.70087e+06,-651054
10,4421,21125.2,9.29621e+06,343726
10,4422,-8.12524e+06,-2.33498e+06,825030
10,4423,-6.48966e+06,-8.14343e+06,980377
10,4424,-7.08478e+06,3.88756e+06,566902
10,4425,-1.15668e+07,-8.61361e+06,-1.03024e+06
10,4426,6.44133e+06,1.26613e+07,-418110
10,4427,-9.46689e+06,3.18168e+06,580229
10,4428,-2.47219e+06,-1.31251e+07,-1.28037e+06
10,4429,-116726,-1.15175e+07,-127565
10,4430,6.56168e+06,-1.29908e+07,402239
10,4431,-4.23771e+06,-6.15656e+06,616591
10,4432,5.3327e+06,-8.49322e+06,-374911
10,4433,-6.8312e+06,-9.31764e+06,411461
10,4434,1.29658e+06,1.39846e+07,-667979
10,4435,5.52363e+06,1.13603e+07,-90267.8
10,4436,4.46337e+06,5.59311e+06,256048
10,4437,9.66408e+06,8.63593e+06,-706493
10,4438,-7.13097e+06,3.08454e+06,-582034
10,4439,-1.1102e+06,-1.04324e+07,384963
10,4440,-4.18066e+06,-8.20637e+06,789741
10,4441,-4.72528e+06,8.56183e+06,139729
10,4442,-5.12532e+06,-7.33013e+06,595223
10,4443,-4.51195e+06,-9.66869e+06,324206
10,4444,2.88591e+06,6.6909e+06,574662
10,4445,2.80528e+06,-1.41849e+07,1.2211e+06
10,4446,64423,9.44646e+06,-218629
10,4447,2.79618e+06,-6.85992e+06,719554
10,4448,-1.27584e+07,-4.65437e+06,-556355
10,4449,-5.69029e+06,6.41737e+06,286509
10,4450,9.68436e+06,-4.18513e+06,748641
10,4451,5.23645e+06,5.80036e+06,275540
10,4452,2.32629e+06,-8.53329e+06,161619
10,4453,-8.76755e+06,1.10664e+06,-166017
10,4454,1.36459e+07,2.8557e+06,1.10603e+06
10,4455,-888211,-1.21238e+07,-1.21328e+06
10,4456,-1.01808e+07,-6.40047e+06,89484.2
10,4457,-1.2424e+07,-4.61403e+06,948130
10,4458,3.11587e+06,-8.27572e+06,-567918
10,4459,1.25859e+07,-4.87658e+06,-443704
10,4460,-6.04483e+06,-9.42794e+06,-944143
10,4461,-7.04386e+06,8.34748e+06,815107
10,4462,-4.20708e+06,-1.33599e+07,436373
10,4463,-8.61447e+06,9.55798e+06,-245741
10,4464,1.0588e+07,-4.27436e+06,511869
10,4465,1.52313e+06,-1.1302e+07,-294537
10,4466,-1.08954e+07,6.77729e+06,-565805
10,4467,-4.52933e+06,-1.09799e+07,-96698.2
10,4468,-3.9007e+06,-1.08262e+07,616715
10,4469,-8.66038e+06,1.11356e+07,1.27725e+06
10,4470,2.89827e+06,-1.1736e+07,483236
10,4471,7.74761e+06,3.81455e+06,391083
10,4472,-3.21644e+06,-1.06116e+07,-51354.3
10,4473,-2.14023e+06,9.24326e+06,437747
10,4474,-1.9571e+06,-9.00149e+06,-213819
10,4475,8.15098e+06,1.03118e+07,-776459
10,4476,-1.15603e+07,-4.66334e+06,-739111
10,4477,-2.36536e+06,1.40228e+07,-224503
10,4478,-6.62009e+06,5.51814e+06,-14397.7
10,4479,1.19143e+06,-9.28376e+06,-198579
10,4480,3.36022e+06,1.23845e+07,-315641
10,4481,465568,-7.04691e+06,177835
10,4482,-1.30122e+07,3.66422e+06,811359
10,4483,1.21612e+07,339055,-599783
10,4484,-7.96908e+06,-7.45107e+06,-950242
10,4485,-1.21537e+07,-3.47422e+06,65172.4
10,4486,-7.65273e+06,-5.2752e+06,-880963
10,4487,-680379,-7.482e+06,-267720
10,4488,2.45901e+06,9.46084e+06,-106315
10,4489,-2.38422e+06,7.02216e+06,40227.6
10,4490,1.07223e+07,44802.6,-238577
10,4491,-1.00723e+07,-295849,-624926
10,4492,-1.2541e+07,-6.18641e+06,-862189
10,4493,1.29645e+07,2.90239e+06,1.2862e+06
10,4494,-1.21492e+07,-6.71035e+06,-1.08115e+06
10,4495,-1.67485e+06,8.54798e+06,-451537
10,4496,1.03425e+07,-3.68533e+06,-122594
10,4497,-4.55588e+06,-1.13806e+07,912681
10,4498,-6.03209e+06,4.03788e+06,413790
10,4499,1.21504e+07,-5.90171e+06,548158
10,4500,-8.91353e+06,-390854,-836905
10,4501,-1.14462e+07,-4.1305e+06,406180
10,4502,-5.48812e+06,-1.33476e+07,-518466
10,4503,5.2986e+06,-6.74064e+06,-524786
10,4504,2.15932e+06,8.00684e+06,14662.6
10,4505,7.39385e+06,-2.94509e+06,744288
10,4506,1.42747e+07,3.64043e+06,1.31813e+06
10,4507,1.40218e+07,-5.24485e+06,512007
10,4508,9.0006e+06,8.78113e+06,943074
10,4509,-3.14492e+06,6.74386e+06,733261
10,4510,6.96831e+06,7.62973e+06,972678
10,4511,5.66332e+06,1.37099e+07,1.08418e+06
10,4512,-7.47722e+06,6.80763e+06,-480270
10,4513,-907865,7.27199e+06,-655726
10,4514,-7.50945e+06,-1.22306e+07,1.11197e+06
10,4515,8.56579e+06,9.3614e+06,1.12099e+06
10,4516,-8.22932e+06,1.15187e+07,-1.10206e+06
10,4517,-1.6457e+06,-1.24855e+07,1.00158e+06
10,4518,4.60518e+06,5.81778e+06,145808
10,4519,1.16716e+07,2.56702e+06,-246375
10,4520,-821094,-1.16365e+07,-429123
10,4521,4.30184e+06,-9.93514e+06,985508
10,4522,-242192,8.80503e+06,776793
10,4523,-1.94064e+06,-9.97778e+06,228263
10,4524,-5.22599e+06,-7.66888e+06,288822
10,4525,9.42787e+06,6.89821e+06,1.1607e+06
10,4526,-6.51762e+06,-7.81093e+06,786414
10,4527,1.61588e+06,-1.02131e+07,978630
10,4528,-8.18602e+06,5.45856e+06,799831
10,4529,8.10274e+06,1.54924e+06,676106
10,4530,1.33298e+07,-2.25875e+06,-1.19761e+06
10,4531,6.45676e+06,5.12563e+06,302536
10,4532,-7.53387e+06,9.08412e+06,-1.04735e+06
10,4533,-1.09003e+07,-5.20911e+06,-937165
10,4534,4.439e+06,1.35456e+07,694757
10,4535,-1.23173e+07,-6.78533e+06,-712594
10,4536,7.17683e+06,-6.17284e+06,-382148
10,4537,1.28838e+07,-736055,1.29431e+06
10,4538,5.24627e+06,-9.91083e+06,1.10302e+06
10,4539,-220348,9.96523e+06,-770549
10,4540,4.98308e+06,-6.41872e+06,144201
10,4541,3.4875e+06,-1.35393e+07,486024
10,4542,1.12804e+07,3.60228e+06,883288
10,4543,-9.55234e+06,-3.84065e+06,-987336
10,4544,1.1899e+07,-8.26547e+06,125405
10,4545,-3.17474e+06,-1.1163e+07,-546569
10,4546,-3.95325e+06,-7.8037e+06,-693518
10,4547,-1.06214e+07,416055,-252309
10,4548,-5.26863e+06,6.64176e+06,-275514
10,4549,-4.92987e+06,-9.77296e+06,1.02805e+06
10,4550,5.74251e+06,-5.77726e+06,-351809
10,4551,-1.12094e+07,-3.45669e+06,133607
10,4552,-9.44886e+06,8.60288e+06,-462523
10,4553,2.51867e+06,1.35625e+07,-883361
10,4554,1.66694e+06,6.92711e+06,26405.1
10,4555,-378167,1.12604e+07,-966157
10,4556,706730,-1.28736e+07,1.28796e+06
10,4557,1.26987e+07,-6.29874e+06,846404
10,4558,8.19309e+06,8.65857e+06,291660
10,4559,5.64858e+06,-4.85395e+06,-27076.2
10,4560,1.18877e+07,4.11411e+06,86165.9
10,4561,-2.12024e+06,9.16581e+06,-207648
10,4562,-6.86878e+06,1.37544e+06,-18819.2
10,4563,-1.31978e+07,4.3617e+06,-379401
10,4564,-1.34606e+07,-6.52284e+06,-81929.3
10,4565,4.04458e+06,-1.01885e+07,-349411
10,4566,440772,-1.00668e+07,-862639
10,4567,-1.26272e+07,5.85726e+06,226330
10,4568,-1.37139e+06,1.29476e+07,1.01844e+06
10,4569,-1.47696e+07,474512,1.29463e+06
10,4570,5.56445e+06,-4.2537e+06,-264798
10,4571,1.23114e+06,9.4054e+06,-347293
10,4572,7.24698e+06,-4.77776e+06,694169
10,4573,4.7998e+06,6.14483e+06,565510
10,4574,4.89037e+06,8.94153e+06,21747
10,4575,1.9207e+06,1.0143e+07,456064
10,4576,9.69143e+06,7.08788e+06,1.02396e+06
10,4577,-79559.1,1.14477e+07,-673238
10,4578,-7.21351e+06,3.60942e+06,-588972
10,4579,6.07603e+06,8.34354e+06,323796
10,4580,-1.26174e+07,-4.12114e+06,478193
10,4581,-9.31344e+06,-1.11157e+07,-394081
10,4582,6.81418e+06,-8.07638e+06,-781840
10,4583,-8.457e+06,-4.54292e+06,338797
10,4584,-5.48859e+06,1.18674e+07,-927630
10,4585,1.29156e+07,6.78847e+06,-1.18208e+06
10,4586,4.67399e+06,-9.89465e+06,601376
10,4587,9.083e+06,1.12989e+07,-360391
10,4588,5.99481e+06,-7.05385e+06,-21560
10,4589,-1.80397e+06,-6.98381e+06,-160581
10,4590,8.86574e+06,-6.90244e+06,-547076
10,4591,-811575,8.88046e+06,-288825
10,4592,-2.48014e+06,-7.44308e+06,-459618
10,4593,3.02238e+06,1.4071e+07,-703913
10,4594,1.16074e+06,-9.30307e+06,-135746
10,4595,2.99204e+06,-1.31691e+07,1.16288e+06
10,4596,1.23169e+07,4.23035e+06,879819
10,4597,1.44547e+07,-515748,-1.08604e+06
10,4598,3.653e+06,1.13178e+07,-565301
10,4599,1.28433e+07,-1.75247e+06,245937
10,4600,1.37206e+07,825861,-1.27749e+06
10,4601,-9.03732e+06,7.49059e+06,916844
10,4602,-8.59995e+06,3.83365e+06,52556.1
10,4603,7.74668e+06,-4.93323e+06,-65144.5
10,4604,6.14669e+06,-8.37171e+06,-390731
10,4605,9.67552e+06,9.43249e+06,-858407
10,4606,8.06137e+06,-1.21764e+07,-327456
10,4607,1.13418e+07,-4.18006e+06,-697348
10,4608,-7.2283e+06,-1.81645e+06,-533626
10,4609,6.61554e+06,-5.26894e+06,-835888
10,4610,-1.34505e+07,-1.49801e+06,160499
10,4611,-1.12366e+07,5.09474e+06,-950347
10,4612,292524,-7.80495e+06,-436198
10,4613,7.1426e+06,-837553,693040
10,4614,9.87498e+06,1.66764e+06,455505
10,4615,9.58207e+06,9.6678e+06,-994169
10,4616,1.19836e+07,-6.33465e+06,789110
10,4617,-7.34776e+06,4.47698e+06,173551
10,4618,1.95338e+06,8.0407e+06,-359516
10,4619,-1.10241e+07,-815708,695762
10,4620,1.11639e+07,-6.65156e+06,866499
10,4621,-4.47868e+06,7.84227e+06,764.443
10,4622,5.87836e+06,-3.95447e+06,-647386
10,4623,-8.6587e+06,-4.098e+06,34181.5
10,4624,-1.20246e+07,-2.16393e+06,-662838
10,4625,7.22057e+06,-4.66983e+06,-406220
10,4626,-7.91559e+06,4.7352e+06,-666285
10,4627,-5.56103e+06,-9.53725e+06,632174
10,4628,7.56194e+06,1.01923e+07,-111513
10,4629,7.25304e+06,896235,-87506.6
10,4630,-3.59825e+06,-8.26537e+06,404548
10,4631,1.00427e+06,-1.40697e+07,-1.27791e+06
10,4632,-1.50608e+06,9.85601e+06,-227095
10,4633,6.72438e+06,4.83223e+06,34751.5
10,4634,-3.73907e+06,-1.22024e+07,-125217
10,4635,-1.11044e+07,-1.20932e+06,428172
10,4636,-1.76223e+06,-7.16903e+06,121372
10,4637,8.13216e+06,2.66789e+06,-671438
10,4638,656521,-1.11722e+07,-370213
10,4639,9.19887e+06,-3.9637e+06,-575539
10,4640,-4.39611e+06,6.46803e+06,384941
10,4641,-1.03538e+07,5.9802e+06,1.11459e+06
10,4642,1.18816e+07,4.9319e+06,629911
10,4643,-4.14205e+06,-5.86516e+06,-416202
10,4644,-4.65644e+06,1.16397e+07,936973
10,4645,-7.02541e+06,-6.66866e+06,-414963
10,4646,2.82794e+06,-1.40369e+07,-735764
10,4647,-9.13869e+06,1.13652e+07,443082
10,4648,1.27462e+07,1.90861e+06,1.18639e+06
10,4649,3.52956e+06,9.06893e+06,683691
10,4650,1.07305e+07,6.57795e+06,-965869
10,4651,1.12754e+07,5.79481e+06,1.06018e+06
10,4652,-6.66739e+06,1.10754e+07,-354456
10,4653,-7.13565e+06,8.41645e+06,626231
10,4654,-1.273e+07,-7.54315e+06,-159703
10,4655,-4.94309e+06,-7.25169e+06,325869
10,4656,1.22527e+07,2.16068e+06,995261
10,4657,-284741,-9.68759e+06,504039
10,4658,-9.67331e+06,7.43678e+06,264530
10,4659,625883,-7.27128e+06,-585670
10,4660,8.03258e+06,6.20635e+06,685346
10,4661,-4.07038e+06,-1.0643e+07,416277
10,4662,9.18931e+06,1.01959e+07,438626
10,4663,1.13503e+07,2.29727e+06,-692342
10,4664,8.17138e+06,4.08761e+06,-265544
10,4665,-6.77983e+06,-2.44036e+06,-416200
10,4666,7.90182e+06,-4.89671e+06,5236.97
10,4667,-7.40028e+06,-5.35721e+06,-545728
10,4668,7.48824e+06,1.06972e+06,684921
10,4669,3.99058e+06,-1.20965e+07,1.22894e+06
10,4670,-1.12861e+06,-1.4398e+07,560595
10,4671,7.65303e+06,5.94981e+06,142936
10,4672,1.11093e+07,-3.37028e+06,-133346
10,4673,-1.11106e+07,-5.72819e+06,-809237
10,4674,-1.13495e+07,-2.98912e+06,-14304.3
10,4675,5.65805e+06,9.55794e+06,-81131.3
10,4676,-1.18232e+07,720995,-26802.6
10,4677,2.69464e+06,7.12261e+06,-272771
10,4678,-8.54204e+06,-5.80432e+06,751794
10,4679,8.2282e+06,859080,-83990.8
10,4680,-9.86178e+06,-3.40674e+06,696359
10,4681,1.07777e+07,7.90909e+06,1.16327e+06
10,4682,-5.1674e+06,-5.94738e+06,271761
10,4683,-1.25921e+06,1.23679e+07,-421982
10,4684,3.46938e+06,1.07932e+07,-1.09099e+06
10,4685,-1.1233e+07,2.42389e+06,360328
10,4686,4.47305e+06,-6.81662e+06,-577824
10,4687,-1.34434e+07,4.35129e+06,140754
10,4688,-4.41883e+06,1.3436e+07,-901255
10,4689,306340,1.05614e+07,58838.4
10,4690,6.11615e+06,-6.87256e+06,197501
10,4691,2.46789e+06,-6.54833e+06,-237707
10,4692,-7.13984e+06,6.35504e+06,249071
10,4693,-7.21109e+06,-7.64624e+06,-743705
10,4694,-1.82725e+06,-1.46292e+07,-737143
10,4695,-1.13352e+07,-5.84679e+06,-998929
10,4696,8.10808e+06,2.23127e+06,520750
10,4697,-4.69405e+06,1.03688e+07,-852147
10,4698,-1.07162e+07,-1.78278e+06,439005
10,4699,-1.35638e+07,5.81281e+06,-277359
10,4700,4.67901e+06,-8.76526e+06,-684023
10,4701,-1.45043e+06,-9.59583e+06,-942945
10,4702,-5.80453e+06,-7.26196e+06,-584674
10,4703,-9.39037e+06,753655,-146924
10,4704,7.26379e+06,-2.88483e+06,-714276
10,4705,1.16842e+07,5.69387e+06,-85016
10,4706,5.23791e+06,6.54107e+06,-628128
10,4707,-1.05369e+07,-1.09613e+06,-778148
10,4708,-780507,1.48141e+07,-122117
10,4709,-8.71491e+06,258562,446803
10,4710,-2.54171e+06,1.08613e+07,-561776
10,4711,9.58272e+06,8.88367e+06,-339904
10,4712,-486884,8.17761e+06,-569942
10,4713,-1.5408e+06,-1.40087e+07,171738
10,4714,-8.77214e+06,-638651,36646
10,4715,1.08252e+07,4.36169e+06,1.10712e+06
10,4716,9.58473e+06,-4.69313e+06,-1.04961e+06
10,4717,7.07543e+06,5.50939e+06,484007
10,4718,5.19635e+06,-8.00049e+06,635103
10,4719,-6.17148e+06,-1.06772e+07,493951
10,4720,-9.42585e+06,8.02891e+06,452945
10,4721,-7.0537e+06,1.22356e+07,1.25997e+06
10,4722,-4.20059e+06,5.71101e+06,-522553
10,4723,3.26194e+06,-7.2883e+06,669663
10,4724,1.30673e+07,-1.87283e+06,-749734
10,4725,-8.02997e+06,-1.12821e+06,534370
10,4726,7.3162e+06,-122687,149643
10,4727,-9.85632e+06,1.10821e+07,-124512
10,4728,3.50488e+06,-1.2519e+07,-694786
10,4729,9.70971e+06,-1.05953e+07,-1.38911e+06
10,4730,-8.02745e+06,119365,-62690.8
10,4731,1.06699e+07,6.81722e+06,366925
10,4732,1.16248e+06,1.18738e+07,101158
10,4733,5.23584e+06,7.04395e+06,128382
10,4734,1.15797e+06,1.47683e+07,-428715
10,4735,-1.00695e+06,8.99476e+06,-173446
10,4736,1.21756e+07,3.09257e+06,1.15169e+06
10,4737,5.45002e+06,-4.92759e+06,580698
10,4738,7.24754e+06,8.53234e+06,145867
10,4739,7.58521e+06,-9.33532e+06,122441
10,4740,5.45083e+06,-8.66649e+06,987838
10,4741,8.60875e+06,-8.58591e+06,240122
10,4742,-4.68055e+06,-1.15991e+07,512568
10,4743,-8.47291e+06,-4.44146e+06,180125
10,4744,-5.6387e+06,7.65492e+06,499106
10,4745,6.83364e+06,9.417e+06,786881
10,4746,-1.37368e+07,2.90738e+06,-818369
10,4747,1.07949e+07,-9.77331e+06,-745096
10,4748,-7.25503e+06,2.75344e+06,273866
10,4749,-8.36665e+06,-772198,-125339
10,4750,-1.27884e+07,5.99567e+06,95412.9
10,4751,-4.54832e+06,1.39042e+07,-617743
10,4752,-2.36053e+06,1.31572e+07,888525
10,4753,5.87295e+06,5.0404e+06,622500
10,4754,-2.13784e+06,-1.11055e+07,-621981
10,4755,4.302e+06,-7.12952e+06,-235499
10,4756,1.04617e+07,1.92621e+06,-242826
10,4757,5.75e+06,-1.18297e+07,523119
10,4758,-1.25249e+07,-553328,96108.3
10,4759,158026,1.29214e+07,-694550
10,4760,1.43316e+07,2.57724e+06,-1.0518e+06
10,4761,-818510,-1.15333e+07,87622.3
10,4762,9.74778e+06,-1.28689e+06,401083
10,4763,1.31836e+07,3.46816e+06,-720656
10,4764,4.02822e+06,9.10574e+06,-852579
10,4765,-8.58253e+06,-1.91703e+06,344441
10,4766,1.26975e+07,3.57379e+06,-189995
10,4767,-7.27547e+06,3.27116e+06,-105336
10,4768,8.61302e+06,-6.78624e+06,669910
10,4769,9.12784e+06,-7.92185e+06,431575
10,4770,-1.24537e+07,-5.34088e+06,68344.8
10,4771,1.26781e+07,1.63835e+06,486969
10,4772,-3.1815e+06,-1.40586e+07,-1.33916e+06
10,4773,3.71429e+06,-9.26412e+06,918026
10,4774,5.44454e+06,-8.31027e+06,724149
10,4775,4.5827e+06,-6.53464e+06,-280648
10,4776,-1.13739e+07,-2.90745e+06,382970
10,4777,-1.20281e+07,4.61983e+06,1.00267e+06
10,4778,3.0327e+06,-1.31298e+07,-112531
10,4779,-7.27235e+06,272738,581129
10,4780,8.46454e+06,-853843,524177
10,4781,-5.54591e+06,-1.13992e+07,220660
10,4782,-1.12612e+07,5.94677e+06,880836
10,4783,1.73219e+06,-1.24292e+07,734931
10,4784,7.22802e+06,2.7192e+06,465416
10,4785,-7.86119e+06,-4.53307e+06,-102160
10,4786,6.91189e+06,1.87237e+06,469148
10,4787,-1.16726e+07,-1.82637e+06,1.05273e+06
10,4788,-494936,8.35926e+06,430342
10,4789,-1.09038e+07,7.34738e+06,1.18913e+06
10,4790,1.44263e+07,1.18498e+06,-949958
10,4791,-6.94797e+06,1.15951e+07,-1.09604e+06
10,4792,-1.27598e+07,3.68049e+06,-20156.7
10,4793,-4.44503e+06,-7.23401e+06,87012.9
10,4794,-4.71384e+06,7.25487e+06,167651
10,4795,1.26506e+07,-6.84986e+06,-610600
10,4796,2.1136e+06,-1.26855e+07,795321
10,4797,1.15207e+07,826460,605030
10,4798,5.77491e+06,5.3188e+06,165870
10,4799,639510,1.48481e+07,433524
10,4800,7.62478e+06,-5.54459e+06,176344
10,4801,-733755,8.62791e+06,-116933
10,4802,6.97832e+06,3.8527e+06,287172
10,4803,-1.45405e+06,-1.01223e+07,-799125
10,4804,-1.11118e+07,4.06657e+06,-1.04872e+06
10,4805,9.8018e+06,5.69081e+06,743931
10,4806,-1.1239e+07,-4.27146e+06,-882952
10,4807,-9.29001e+06,344032,247862
10,4808,8.44413e+06,546491,-262796
10,4809,4.28853e+06,9.98062e+06,-17020.9
10,4810,-9.33901e+06,2.63414e+06,-296120
10,4811,1.15514e+07,3.25679e+06,-791072
10,4812,-6.53104e+06,8.16995e+06,-226727
10,4813,1.01744e+07,-8.7404e+06,-674790
10,4814,-1.32363e+07,3.44459e+06,-619114
10,4815,6.75832e+06,-1.31792e+07,1.46885e+06
10,4816,5.10293e+06,6.60367e+06,5637.95
10,4817,5.69228e+06,1.06522e+07,872135
10,4818,-9.57198e+06,5.91817e+06,229726
10,4819,1.15707e+07,3.25308e+06,1.20568e+06
10,4820,9.13026e+06,3.79301e+06,697807
10,4821,6.08881e+06,-1.3607e+07,1.05084e+06
10,4822,1.05895e+07,-5.54998e+06,-1.11331e+06
10,4823,-6.19709e+06,-1.15194e+07,-1.18152e+06
10,4824,-1.12864e+07,-1.13667e+06,434738
10,4825,2.66176e+06,-7.11916e+06,-549064
10,4826,7.64703e+06,-6.97252e+06,125287
10,4827,9.55335e+06,3.05782e+06,345737
10,4828,1.26812e+07,-7.78146e+06,647003
10,4829,440666,7.81459e+06,-490824
10,4830,823625,9.7963e+06,-502901
10,4831,-5.04754e+06,1.08056e+07,422753
10,4832,-9.34673e+06,-1.117e+07,733673
10,4833,-6.34263e+06,1.12921e+07,-1.26034e+06
10,4834,-1.56641e+06,7.2682e+06,281972
10,4835,1.37314e+07,-3.57618e+06,-1.34962e+06
10,4836,-6.59954e+06,1.33427e+07,1.02262e+06
10,4837,7.75993e+06,3.31894e+06,-205366
10,4838,2.46453e+06,1.3617e+07,-959245
10,4839,1.31792e+07,-5.31519e+06,-1.3898e+06
10,4840,-4.71541e+06,1.19164e+07,-321208
10,4841,-9.66468e+06,4.71344e+06,32201.5
10,4842,-1.13919e+07,2.43583e+06,469868
10,4843,-1.18562e+07,4.59717e+06,-910848
10,4844,1.80461e+06,-1.19854e+07,334872
10,4845,1.44553e+06,1.16099e+07,339697
10,4846,8.49866e+06,-4.62222e+06,297513
10,4847,-9.08244e+06,1.48668e+06,638943
10,4848,-9.54262e+06,-1.60998e+06,347891
10,4849,5.94446e+06,1.16008e+07,169862
10,4850,1.40205e+07,-2.76536e+06,446424
10,4851,-1.33993e+07,-6.44408e+06,-170680
10,4852,8.48194e+06,7.63259e+06,-224320
10,4853,6.24175e+06,-8.63289e+06,551557
10,4854,-6.81706e+06,9.61726e+06,-738820
10,4855,-4.10763e+06,-8.86583e+06,-463414
10,4856,-7.92175e+06,6.73904e+06,552958
10,4857,-4.34296e+06,-1.33759e+07,-445663
10,4858,6.43206e+06,8.22631e+06,-694176
10,4859,5.60163e+06,6.12104e+06,-532429
10,4860,6.52765e+06,5.62692e+06,241812
10,4861,1.08206e+07,-1.01874e+07,-1.35434e+06
10,4862,6.61959e+06,-7.96518e+06,-758052
10,4863,-1.14334e+07,-7.60184e+06,1.18728e+06
10,4864,-6.14383e+06,-1.25814e+07,442089
10,4865,6.41517e+06,5.88276e+06,-147293
10,4866,6.74333e+06,5.15172e+06,-335654
10,4867,1.37851e+07,1.55033e+06,-575631
10,4868,-1.03438e+07,-756232,-661376
10,4869,-1.29162e+07,-7.04718e+06,65065.2
10,4870,-7.03303e+06,550014,477113
10,4871,-5.23658e+06,6.96876e+06,-838373
10,4872,1.34689e+07,6.0577e+06,1.17871e+06
10,4873,-8.05899e+06,-5.02605e+06,340758
10,4874,-7.64621e+06,2.73821e+06,-283605
10,4875,3.77486e+06,-6.3904e+06,-676986
10,4876,-4.83908e+06,1.12024e+07,-752325
10,4877,-1.09724e+07,-5.62071e+06,-455716
10,4878,195915,1.10726e+07,806949
10,4879,218041,9.49601e+06,478801
10,4880,-887758,7.08315e+06,-177925
10,4881,1.33872e+07,-4.24717e+06,608450
10,4882,-6.88814e+06,-8.49751e+06,-188158
10,4883,8.93863e+06,-2.78642e+06,-721613
10,4884,7.90562e+06,-5.72599e+06,435915
10,4885,7.1445e+06,1.12682e+06,23884.9
10,4886,-1.01991e+07,3.74685e+06,-429744
10,4887,-2.1073e+06,1.47433e+07,-29666.2
10,4888,4.84969e+06,8.99726e+06,-608614
10,4889,9.0534e+06,-1.10956e+07,-863000
10,4890,3.49437e+06,1.35577e+07,354423
10,4891,5.62041e+06,-5.14472e+06,-685273
10,4892,2.18073e+06,-1.11956e+07,-875777
10,4893,9.85764e+06,2.73127e+06,374034
10,4894,-8.74925e+06,-3.50235e+06,817652
10,4895,8.98206e+06,2.90797e+06,331749
10,4896,1.28172e+07,-3.41211e+06,-909170
10,4897,5.69904e+06,-8.36038e+06,621755
10,4898,-1.51811e+06,1.18907e+07,-518077
10,4899,7.06908e+06,-3.69163e+06,-522393
10,4900,-9.95784e+06,-5.9092e+06,-302036
10,4901,-4.74461e+06,-8.59513e+06,-219363
10,4902,-7.31441e+06,5.2848e+06,555942
10,4903,-9.61757e+06,-1.11283e+07,830727
10,4904,-7.88841e+06,-7.96334e+06,1.09766e+06
10,4905,9.54228e+06,4.29301e+06,959032
10,4906,-1.0698e+07,7.87253e+06,1.28546e+06
10,4907,-6.82713e+06,6.97754e+06,214267
10,4908,-2.84393e+06,-8.72065e+06,-637862
10,4909,-7.65828e+06,-1.78589e+06,87277
10,4910,7.67146e+06,-1.67612e+06,115098
10,4911,-3.15603e+06,7.5613e+06,492566
10,4912,4.16431e+06,1.03438e+07,-887547
10,4913,-5.50855e+06,8.8698e+06,325690
10,4914,146998,1.43649e+07,1.02235e+06
10,4915,1.17113e+07,-8.21464e+06,1.29692e+06
10,4916,-1.13996e+07,-7.66086e+06,-247671
10,4917,7.65583e+06,-7.7937e+06,-434161
10,4918,5.17074e+06,6.43679e+06,540710
10,4919,-1.3078e+07,132798,-589267
10,4920,1.20443e+07,3.03056e+06,169483
10,4921,1.00983e+07,-1.34445e+06,15403.5
10,4922,-2.61186e+06,-1.11154e+07,-35307.8
10,4923,-8.50514e+06,-2.10548e+06,780553
10,4924,-4.3156e+06,-9.27777e+06,981254
10,4925,-7.3198e+06,-1.14908e+07,643525
10,4926,1.39836e+07,-3.55402e+06,1.35724e+06
10,4927,-9.00848e+06,7.88647e+06,-880008
10,4928,9.43891e+06,-3.46199e+06,785360
10,4929,-1.08649e+07,-2.64035e+06,-427498
10,4930,-2.28998e+06,-1.03846e+07,-207534
10,4931,-8.19334e+06,-2.22879e+06,-466888
10,4932,-1.14172e+07,9.33019e+06,1.21078e+06
10,4933,3.21209e+06,8.19504e+06,205824
10,4934,-1.20451e+07,-5.43782e+06,-714878
10,4935,-5.30729e+06,-4.98793e+06,-538399
10,4936,-4.30436e+06,-8.70824e+06,-782623
10,4937,7.35752e+06,3.08629e+06,794175
10,4938,8.41021e+06,-5.57107e+06,-416690
10,4939,2.45602e+06,1.2792e+07,-4364.3
10,4940,5.5493e+06,-1.23872e+07,799794
10,4941,3.19987e+06,1.32077e+07,-48335.2
10,4942,8.43945e+06,-6.85077e+06,-441793
10,4943,-1.37763e+07,4.33953e+06,490653
10,4944,-7.76742e+06,4.82309e+06,383857
10,4945,1.00826e+07,-4.61716e+06,526305
10,4946,8.7545e+06,-7.47089e+06,381209
10,4947,214664,1.2174e+07,-256076
10,4948,9.7268e+06,-7.78397e+06,-459783
10,4949,-7.1866e+06,-4.88781e+06,-754177
10,4950,-3.6298e+06,-1.21817e+07,-368804
10,4951,-1.41332e+07,-252105,412203
10,4952,-7.54945e+06,4.23029e+06,628341
10,4953,-6.76872e+06,5.46223e+06,-316594
10,4954,-2.09867e+06,7.92399e+06,-438502
10,4955,-747762,-1.43596e+07,-529090
10,4956,1.29714e+07,1.87742e+06,69529.3
10,4957,6.70998e+06,5.96225e+06,690272
10,4958,3.84247e+06,-7.68655e+06,-149153
10,4959,-697196,-7.0788e+06,137090
10,4960,-1.98249e+06,9.5136e+06,-830563
10,4961,-1.44732e+07,489612,-1.20319e+06
10,4962,-2.56674e+06,1.36863e+07,-826424
10,4963,-8.43724e+06,-3.70278e+06,-786808
10,4964,8.6311e+06,-6.54656e+06,-676470
10,4965,-7.70772e+06,5.80318e+06,166385
10,4966,-1.131e+07,8.75196e+06,-1.23534e+06
10,4967,3.52967e+06,9.11991e+06,296928
10,4968,-1.96253e+06,6.96254e+06,65353.2
10,4969,-8.7005e+06,-2.96345e+06,-709646
10,4970,-3.7392e+06,1.39997e+07,1.22882e+06
10,4971,1.97603e+06,-9.38864e+06,-487438
10,4972,-5.5773e+06,1.1028e+07,22637.7
10,4973,-1.04736e+07,-6.61762e+06,189022
10,4974,-36408.5,7.52462e+06,108115
10,4975,-111032,7.13524e+06,-386865
10,4976,-8.75686e+06,-2.06771e+06,147499
10,4977,-1.07654e+07,9.29068e+06,1.21614e+06
10,4978,1.04314e+07,-6.3043e+06,814101
10,4979,-7.76856e+06,9.7723e+06,-646962
10,4980,8.37215e+06,-2.51681e+06,804022
10,4981,9.54349e+06,-8.4605e+06,1.07125e+06
10,4982,-7.59201e+06,-8.08528e+06,-180232
10,4983,1.00303e+07,2.54039e+06,-136955
10,4984,-1.0928e+07,5.76098e+06,921813
10,4985,6.42839e+06,7.18608e+06,601559
10,4986,574315,1.2378e+07,90335.9
10,4987,9.49369e+06,-3.76361e+06,219254
10,4988,-8.24329e+06,-187670,598911
10,4989,6.83304e+06,-1.02954e+07,-617347
10,4990,555171,-1.40811e+07,645618
10,4991,7.4798e+06,-6.28321e+06,269635
10,4992,-8.89359e+06,1.05259e+07,-978216
10,4993,-9.29882e+06,2.61127e+06,64532.3
10,4994,-1.05817e+07,-3.21928e+06,757061
10,4995,-3.43029e+06,7.59707e+06,649138
10,4996,-9.91044e+06,-5.80134e+06,-50383.6
10,4997,3.58887e+06,1.08112e+07,106776
10,4998,-1.36263e+07,-6.06542e+06,-1.36284e+06
10,4999,-1.06518e+07,8.0299e+06,-925424
20,0,5.31778e+06,1.22467e+07,747609
20,1,-1.11041e+07,3.8026e+06,-940990
20,2,-5.45573e+06,9.14274e+06,-761707
20,3,1.13949e+07,4.34488e+06,541790
20,4,1.44371e+07,180714,1.4259e+06
20,5,-8.99723e+06,-7.76078e+06,-1.17515e+06
20,6,-7.07036e+06,-1.26789e+06,-143848
20,7,7.28675e+06,-1.05607e+06,-393803
20,8,-5.57977e+06,-5.33925e+06,-181543
20,9,-1.45274e+07,2.96755e+06,1.06921e+06
20,10,-1.18253e+07,3.67645e+06,-1.20927e+06
20,11,-1.33568e+07,-5.7295e+06,-333116
20,12,696376,7.08411e+06,-368930
20,13,-9.50805e+06,-8.01951e+06,830078
20,14,-6.57521e+06,5.17923e+06,-532578
20,15,-1.16594e+07,5.79617e+06,-761395
20,16,1.12677e+07,2.37178e+06,789443
20,17,-8.42797e+06,6.36181e+06,903188
20,18,-6.03262e+06,1.13085e+07,180580
20,19,1.08399e+07,-2.56901e+06,768804
20,20,-1.25459e+07,-3.31548e+06,225161
20,21,-1.14365e+07,-9.24722e+06,-659312
20,22,4.61549e+06,8.10415e+06,-906204
20,23,-8.27496e+06,6.26387e+06,-428862
20,24,2.0954e+06,6.79042e+06,300480
20,25,-1.03672e+07,-8.28828e+06,1.13437e+06
20,26,1.05418e+07,-6.09857e+06,853960
20,27,8.67184e+06,6.0821e+06,-273702
20,28,-6.12097e+06,-1.07249e+07,225496
20,29,-8.47002e+06,-3.57945e+06,-215320
20,30,8.68199e+06,-1.19355e+07,654921
20,31,-477852,8.83752e+06,-815667
20,32,9.65213e+06,8.22984e+06,-153897
20,33,6.91748e+06,-5.13268e+06,-42425.2
20,34,-3.73578e+06,-1.08513e+07,-829220
20,35,-1.14155e+07,-3.04463e+06,-702426
20,36,-1.17528e+07,-8.54672e+06,566386
20,37,-9.88323e+06,-9.96091e+06,-573836
20,38,-7.58034e+06,1.9678e+06,-441398
20,39,7.75791e+06,-6.81438e+06,-362874
20,40,-5.0396e+06,6.14907e+06,648207
20,41,-5.36253e+06,-7.39088e+06,-915128
20,42,-3.43208e+06,9.17779e+06,-658101
20,43,-1.12245e+07,947684,433723
20,44,198607,9.13305e+06,-606867
20,45,-8.12035e+06,-3.2553e+06,-168257
20,46,-337528,7.50199e+06,-380417
20,47,-2.82975e+06,-1.22159e+07,-883972
20,48,-1.67726e+06,1.48193e+07,1.42592e+06
20,49,1.00347e+07,2.2479e+06,-318715
20,50,-4.98299e+06,-1.09985e+07,74701.8
20,51,-9.95876e+06,-3.57349e+06,196163
20,52,-5.32532e+06,5.47364e+06,-394083
20,53,-1.31512e+07,2.36655e+06,1.29594e+06
20,54,4.24353e+06,-9.24512e+06,607654
20,55,-8.17979e+06,-568298,321227
20,56,-6.45959e+06,1.22459e+07,-775447
20,57,4.74145e+06,-1.17638e+07,-383987
20,58,7.28528e+06,-2.69522e+06,-159122
20,59,5.93727e+06,-9.42023e+06,391404
20,60,3.16307e+06,1.24869e+07,106779
20,61,1.56765e+06,1.24414e+07,-816311
20,62,-1.47476e+07,-1.65652e+06,-710400
20,63,1.46401e+07,-3.12099e+06,174523
20,64,5.17332e+06,1.30601e+07,-621641
20,65,7.27069e+06,-1.0255e+07,897344
20,66,7.85997e+06,-6.51794e+06,717780
20,67,3.29562e+06,-1.40967e+07,489455
20,68,-8.14941e+06,8.25575e+06,1.02374e+06
20,69,-3.23236e+06,1.44203e+07,-575547
20,70,-1.03077e+07,3.32834e+06,1.0746e+06
20,71,8.33567e+06,1.09631e+06,-10266.1
20,72,-5.73329e+06,6.16732e+06,411479
20,73,-4.66432e+06,1.18846e+07,108621
20,74,-7.14659e+06,-8.43673e+06,-552240
20,75,1.16316e+07,-1.42814e+06,-31072
20,76,-1.30935e+07,5.6041e+06,-427164
20,77,-5.80947e+06,-1.06468e+07,884892
20,78,-8.8401e+06,-96192.8,127305
20,79,1.25644e+07,3.65118e+06,1.29835e+06
20,80,-2.10658e+06,1.05191e+07,824381
20,81,1.24477e+07,-3.65891e+06,-439331
20,82,-1.01616e+07,-5.09974e+06,1.09553e+06
20,83,-2.744e+06,7.07482e+06,-469598
20,84,-9.11755e+06,706480,-232876
20,85,5.75554e+06,-8.324e+06,872436
20,86,1.78176e+06,7.34598e+06,258782
20,87,-391327,9.85318e+06,-403915
20,88,5.66127e+06,-7.69749e+06,-695584
20,89,-1.19311e+07,-4.23631e+06,-515532
20,90,-533898,1.03419e+07,230981
20,91,7.63983e+06,400601,195691
20,92,7.65392e+06,3.81595e+06,-176550
20,93,5.67946e+06,-4.70191e+06,-698524
20,94,-1.0812e+07,4.26842e+06,400064
20,95,5.27071e+06,8.00049e+06,926043
20,96,8.84269e+06,-1.04567e+07,-684577
20,97,-2.54716e+06,6.85246e+06,54207.4
20,98,4.63221e+06,-8.41217e+06,-439047
20,99,-1.41899e+07,3.7911e+06,1.00624e+06
20,100,-7.33101e+06,4.39653e+06,341231
20,101,5.31283e+06,6.076e+06,760053
20,102,1.22627e+07,3.35795e+06,-257306
20,103,-261741,-1.04519e+07,-521353
20,104,7.33206e+06,4.2482e+06,-121481
20,105,1.1598e+07,4.56732e+06,1.03746e+06
20,106,544635,1.049e+07,-855017
20,107,7.81223e+06,-3.24598e+06,233973
20,108,-6.02956e+06,-9.35847e+06,-143225
20,109,1.22314e+07,3.90353e+06,169576
20,110,5.91829e+06,5.76937e+06,-261423
20,111,6.33011e+06,4.43471e+06,-291599
20,112,6.57949e+06,1.32202e+07,-1.43043e+06
20,113,4.69385e+06,-1.2231e+07,-402817
20,114,-6.18215e+06,-8.70106e+06,-967341
20,115,1.11066e+07,-9.44028e+06,-697579
20,116,6.57083e+06,-2.74853e+06,1480.96
20,117,-4.4457e+06,-1.04018e+07,262133
20,118,1.36681e+07,-4.87652e+06,1.06764e+06
20,119,3.91679e+06,-1.14313e+07,428327
20,120,7.90611e+06,8.4399e+06,720676
20,121,-9.43433e+06,-9.70834e+06,868701
20,122,3.16365e+06,1.17821e+07,-551858
20,123,-6.32215e+06,5.94714e+06,-802505
20,124,-6.28165e+06,1.01544e+07,371975
20,125,-4.07798e+06,-9.21618e+06,-321321
20,126,-9.07843e+06,86945.1,350377
20,127,9.03441e+06,-3.65357e+06,-900612
20,128,1.01549e+07,-1.9645e+06,99231.1
20,129,-9.38377e+06,-4.45271e+06,157720
20,130,8.83809e+06,9.31023e+06,-642324
20,131,7.90608e+06,-8.54779e+06,144068
20,132,-3.66917e+06,-8.1069e+06,427244
20,133,-6.50117e+06,6.08661e+06,61135.6
20,134,-8.51111e+06,6.91088e+06,-443940
20,135,7.28183e+06,2.70261e+06,714185
20,136,-8.49146e+06,1.07762e+07,1.25689e+06
20,137,-1.23519e+07,1.2423e+06,-17315.4
20,138,6.34346e+06,4.30218e+06,157028
20,139,2.52095e+06,1.11015e+07,1.01856e+06
20,140,9.91043e+06,8.72098e+06,1.14054e+06
20,141,1.47333e+07,-267696,-1.31233e+06
20,142,-1.23191e+07,-3.77782e+06,530722
20,143,-5.48502e+06,-1.36553e+07,993212
20,144,7.44844e+06,-1.17755e+07,-205968
20,145,-7.05673e+06,5.17977e+06,687429
20,146,-8.11911e+06,-828575,-435783
20,147,7.67253e+06,-8.72249e+06,885371
20,148,7.51407e+06,-4.75468e+06,163414
20,149,-2.41637e+06,-9.49921e+06,-35935.8
20,150,-2.66054e+06,-9.65129e+06,-503499
20,151,-8.87827e+06,3.73099e+06,-474764
20,152,-9.15783e+06,-4.55875e+06,493363
20,153,5.89789e+06,-1.17218e+07,641390
20,154,857480,1.24163e+07,-248384
20,155,9.32269e+06,5.49492e+06,61398.3
20,156,3.48066e+06,-9.84571e+06,1.0011e+06
20,157,-5.13837e+06,1.01767e+07,-1.04392e+06
20,158,1.26157e+07,-6.9006e+06,-710938
20,159,1.1099e+07,5.82639e+06,-838028
20,160,-2.53436e+06,8.31393e+06,864638
20,161,-9.4588e+06,8.26542e+06,596079
20,162,1.38165e+07,-3.55319e+06,-1.26477e+06
20,163,7.86908e+06,6.41209e+06,-333726
20,164,-4.9277e+06,-6.74764e+06,-186716
20,165,-1.02317e+06,8.7723e+06,-246713
20,166,-8.69188e+06,2.48438e+06,-847944
20,167,-7.90784e+06,4.77217e+06,189868
20,168,6.01518e+06,6.87476e+06,-776036
20,169,-1.26301e+07,7.16789e+06,235749
20,170,1.23661e+07,7.20659e+06,1.08022e+06
20,171,5.71177e+06,9.87852e+06,-202542
20,172,-1.30723e+07,1.50436e+06,1.28112e+06
20,173,105960,-1.00111e+07,-214285
20,174,-1.22738e+07,-5.81449e+06,-1.18861e+06
20,175,4.72361e+06,5.51343e+06,-708240
20,176,-2.57995e+06,-7.15163e+06,52215.7
20,177,1.11703e+07,-6.64505e+06,221357
20,178,686550,-1.27868e+07,-312878
20,179,2.35047e+06,8.60237e+06,-443623
20,180,2.30172e+06,8.87809e+06,695026
20,181,1.24458e+07,3.89847e+06,-603804
20,182,-7.1771e+06,-73746.9,-34141.6
20,183,-4.94373e+06,1.2695e+07,863190
20,184,1.24477e+07,7.85455e+06,859989
20,185,-1.16409e+07,1.34374e+06,-186241
20,186,-8.3998e+06,-1.02507e+07,809505
20,187,-1.0412e+07,-9.59607e+06,1.36479e+06
20,188,-7.66092e+06,-9.05899e+06,130065
20,189,-992473,-7.66374e+06,73318.8
20,190,9.03352e+06,-5.54322e+06,-428474
20,191,-3.48963e+06,-1.06101e+07,663005
20,192,5.93636e+06,-8.85336e+06,573811
20,193,7.17249e+06,2.2853e+06,181877
20,194,2.3535e+06,9.49065e+06,155764
20,195,-9.43462e+06,-2.38838e+06,-77620.2
20,196,-9.52478e+06,6.74128e+06,461533
20,197,-2.64703e+06,-8.0134e+06,-149097
20,198,-1.3857e+07,-1.4432e+06,1.32218e+06
20,199,1.80827e+06,1.16516e+07,759859
20,200,-5.70303e+06,7.86855e+06,-912562
20,201,-1.10924e+07,-2.56449e+06,-327979
20,202,9.68318e+06,1.03118e+07,-480839
20,203,7.93274e+06,5.35789e+06,-36094.2
20,204,-1.24302e+07,-1.03095e+06,-857003
20,205,9.9868e+06,295323,737221
20,206,-6.16868e+06,-4.50735e+06,745201
20,207,1.00736e+07,-5.06894e+06,-595681
20,208,-1.27925e+07,-2.6641e+06,576646
20,209,4.35783e+06,6.07777e+06,-549629
20,210,7.07748e+06,-1.02812e+07,623621
20,211,4.9778e+06,-5.25836e+06,-211229
20,212,7.95661e+06,6.32752e+06,483009
20,213,-7.70877e+06,-3.43317e+06,575838
20,214,-7.47898e+06,-1.84306e+06,-411304
20,215,-9.63035e+06,1.45313e+06,-282291
20,216,-1.21035e+07,1.44025e+06,205269
20,217,-1.20115e+07,-4.68456e+06,223148
20,218,-8.41392e+06,7.85348e+06,-374295
20,219,-1.09924e+07,-8.95548e+06,-725555
20,220,-5.404e+06,9.51755e+06,951652
20,221,933349,6.99581e+06,-190055
20,222,6.53355e+06,-8.6817e+06,-897534
20,223,1.25639e+07,4.70335e+06,919863
20,224,7.33961e+06,999968,291883
20,225,1.19911e+07,-8.9724e+06,227647
20,226,1.42625e+07,585908,1.36033e+06
20,227,-1.72277e+06,-1.07666e+07,700620
20,228,-1.24137e+07,-2.89813e+06,-59606.7
20,229,3.69259e+06,1.31397e+07,1.2812e+06
20,230,3.84165e+06,1.20772e+07,599235
20,231,-2.85895e+06,-1.08524e+07,601577
20,232,-7.65676e+06,-445007,664208
20,233,-7.86979e+06,-5.43107e+06,-250113
20,234,-1.01023e+07,-3.31948e+06,104040
20,235,-3.29916e+06,-7.9254e+06,-709111
20,236,8.08183e+06,284901,-621059
20,237,-8.38193e+06,-6.75758e+06,634393
20,238,4.75942e+06,-6.23529e+06,386134
20,239,9.37768e+06,-4.05977e+06,1.00649e+06
20,240,-6.3441e+06,5.81908e+06,735917
20,241,1.21393e+07,3.90711e+06,718735
20,242,156473,-1.35982e+07,815635
20,243,5.17894e+06,1.25559e+07,-718616
20,244,1.01622e+07,-6.49773e+06,-443583
20,245,-4.67273e+06,-1.07329e+07,-112495
20,246,1.03329e+07,-7.39477e+06,315427
20,247,-1.05352e+07,4.13314e+06,175385
20,248,-7.72557e+06,6.09878e+06,62708.1
20,249,838225,7.48597e+06,64542.9
20,250,-5.30326e+06,8.99406e+06,481744
20,251,6.14974e+06,1.08984e+07,949391
20,252,-461396,-1.09525e+07,160380
20,253,334308,-1.4965e+07,619985
20,254,8.12536e+06,1.04098e+07,-781208
20,255,-1.26909e+07,362469,647105
20,256,-7.58108e+06,-1.92273e+06,-189552
20,257,-8.38384e+06,-6.57741e+06,4876.58
20,258,-1.12855e+07,844675,-206082
20,259,1.31245e+07,1.12413e+06,259371
20,260,-2.30918e+06,-1.12881e+07,228217
20,261,1.31887e+07,-3.35064e+06,-428702
20,262,-7.87922e+06,3.94339e+06,-373884
20,263,1.01747e+07,-6.14936e+06,-859529
20,264,-444572,7.78577e+06,352814
20,265,9.29725e+06,7.10714e+06,982336
20,266,1.31585e+07,2.03292e+06,403187
20,267,-9.32666e+06,9.2291e+06,-1.13401e+06
20,268,5.93421e+06,4.74976e+06,518234
20,269,1.01474e+07,1.00268e+07,-754170
20,270,3.10072e+06,7.70475e+06,561358
20,271,-3.75561e+06,8.88146e+06,-526208
20,272,-8.68537e+06,8.06003e+06,579255
20,273,2.17125e+06,-8.36566e+06,179291
20,274,-6.85661e+06,3.91039e+06,574783
20,275,-1.40741e+07,2.96783e+06,-55125.3
20,276,-1.21423e+07,-7.52517e+06,-1.33852e+06
20,277,48493.9,1.43002e+07,222043
20,278,8.09856e+06,1.89912e+06,-313744
20,279,-2.39399e+06,1.30047e+07,-740991
20,280,-8.60816e+06,-965962,826227
20,281,-9.91571e+06,-3.87011e+06,769006
20,282,4.39668e+06,1.03787e+07,-451987
20,283,-7.65442e+06,5.59037e+06,-138782
20,284,-7.92598e+06,1.08021e+07,-85124.1
20,285,-8.69337e+06,8.23226e+06,807094
20,286,-3.31141e+06,1.12101e+07,500703
20,287,-1.09316e+07,-2.53245e+06,-42440.5
20,288,1.17996e+06,-1.08777e+07,-870572
20,289,8.53306e+06,4.53338e+06,489772
20,290,7.41967e+06,-5.40281e+06,48784.1
20,291,1.32727e+07,-1.65183e+06,910309
20,292,-1.17314e+07,7.52096e+06,144154
20,293,2.86775e+06,8.56375e+06,9947.33
20,294,-6.3586e+06,9.89187e+06,163323
20,295,-1.31614e+07,-5.01901e+06,622458
20,296,1.34136e+07,-836893,277417
20,297,1.30605e+07,-3.00506e+06,1.19427e+06
20,298,-6.83911e+06,4.38416e+06,-286041
20,299,-5.03362e+06,-5.80958e+06,362875
20,300,9.77565e+06,9.66381e+06,1.03684e+06
20,301,-3.33789e+06,-1.16331e+07,996107
20,302,-6.25414e+06,1.02095e+07,779546
20,303,9.62589e+06,2.23903e+06,654458
20,304,1.5884e+06,-9.62776e+06,-267881
20,305,2.52197e+06,1.35941e+07,1.31613e+06
20,306,9.89482e+06,8.79258e+06,174140
20,307,-1.46274e+07,2.57846e+06,-945575
20,308,-1.08216e+07,-976287,525586
20,309,-1.03545e+07,7.12802e+06,-709655
20,310,-1.07457e+07,5.62215e+06,-893489
20,311,-5.02018e+06,-1.32777e+07,520278
20,312,-1.32975e+07,-2.62312e+06,855135
20,313,9.96646e+06,4.61425e+06,-208139
20,314,-1.9129e+06,-1.07773e+07,-862985
20,315,-843002,8.06744e+06,-379016
20,316,-175925,1.28517e+07,342207
20,317,-9.73364e+06,-4.97026e+06,740126
20,318,1.47057e+06,-1.01276e+07,-159574
20,319,9.51528e+06,-2.39243e+06,-620121
20,320,1.16094e+06,-7.60591e+06,-665906
20,321,-1.26434e+07,5.14292e+06,1.13688e+06
20,322,-9.70544e+06,-8.22327e+06,1.14614e+06
20,323,9.76346e+06,-2.76028e+06,-741922
20,324,-1.4824e+06,1.07682e+07,86612
20,325,4.62305e+06,-6.8647e+06,574224
20,326,8.16167e+06,1.21508e+07,361118
20,327,-6.13522e+06,8.87499e+06,-320424
20,328,-2.7527e+06,-9.92577e+06,202487
20,329,9.39172e+06,4.99934e+06,-900545
20,330,6.87128e+06,-1.25244e+06,-693196
20,331,-3.22069e+06,7.11504e+06,480726
20,332,3.75933e+06,-1.41968e+07,559974
20,333,9.4477e+06,5.87153e+06,1.0221e+06
20,334,-8.29514e+06,-1.00739e+07,676643
20,335,-8.19691e+06,-9.74477e+06,1.22765e+06
20,336,-8.5065e+06,-1.13905e+07,549505
20,337,-3.42403e+06,-6.53996e+06,-674725
20,338,1.17052e+07,74990.7,130646
20,339,-4.25532e+06,9.87701e+06,-817744
20,340,4.411e+06,1.20268e+07,-987572
20,341,3.03687e+06,-9.90666e+06,508223
20,342,-7.18678e+06,1.9209e+06,33371.5
20,343,-7.03469e+06,-9.90874e+06,-328903
20,344,-1.13845e+07,1.2365e+06,883451
20,345,-1.0522e+07,3.95309e+06,-214732
20,346,3.96814e+06,-1.08779e+07,88927.7
20,347,-817842,-1.22659e+07,49583.9
20,348,7.53017e+06,-7.19238e+06,-171807
20,349,1.06296e+07,-517445,-1.06719e+06
20,350,-6.39848e+06,5.52248e+06,732984
20,351,7.5061e+06,600626,-675331
20,352,7.4575e+06,1.9505e+06,-31164.7
20,353,-1.70333e+06,1.15184e+07,-236881
20,354,-4.12222e+06,6.54337e+06,34824.4
20,355,1.28521e+07,387211,-84060.9
20,356,5.74821e+06,-7.39632e+06,404040
20,357,-2.11068e+06,1.14811e+07,960121
20,358,5.58664e+06,4.79027e+06,-159492
20,359,7.72274e+06,-2.01536e+06,476155
20,360,-7.59328e+06,-4.88655e+06,873672
20,361,-1.12407e+07,-8.39196e+06,1.1351e+06
20,362,-511847,-1.48483e+07,-1.29584e+06
20,363,5.45743e+06,-8.61469e+06,-550011
20,364,9.80805e+06,9.40575e+06,-1.23467e+06
20,365,9.73365e+06,2.42292e+06,919833
20,366,4.37449e+06,-1.28826e+07,353195
20,367,-8.65422e+06,-1.14013e+06,169820
20,368,-844628,1.11683e+07,34154
20,369,1.08943e+07,-124015,867785
20,370,-7.56914e+06,-7.55435e+06,530541
20,371,5.82842e+06,-4.32887e+06,523700
20,372,-8.33501e+06,6.6271e+06,-483826
20,373,1.03342e+07,3.09115e+06,761003
20,374,-3.59359e+06,6.30403e+06,627770
20,375,-2.63564e+06,1.25931e+07,-636975
20,376,-2.19615e+06,-6.65932e+06,-634358
20,377,1.09389e+07,-2.52512e+06,-878595
20,378,1.40868e+07,-643647,-1.23979e+06
20,379,-1.39336e+07,-1.52486e+06,1.14209e+06
20,380,-5.96414e+06,-9.9145e+06,101302
20,381,-1.29259e+06,-1.38557e+07,59169.4
20,382,299822,1.39093e+07,-954919
20,383,-4.29154e+06,7.07163e+06,-432636
20,384,1.12865e+07,8.99002e+06,574546
20,385,6.33567e+06,-5.63289e+06,784286
20,386,7.82394e+06,-7.25694e+06,-1.05954e+06
20,387,1.69666e+06,1.34074e+07,1.10709e+06
20,388,-6.51178e+06,-2.56791e+06,359505
20,389,3.03034e+06,8.51506e+06,-753451
20,390,-8.8631e+06,-3.64451e+06,-737665
20,391,9.96862e+06,701567,637738
20,392,-1.80623e+06,7.78364e+06,-771853
20,393,5.71807e+06,-8.75339e+06,-225541
20,394,339987,-8.41511e+06,486935
20,395,1.23516e+06,-8.26476e+06,749461
20,396,1.23813e+06,-8.23124e+06,347372
20,397,9.99946e+06,3.94529e+06,-916522
20,398,1.37908e+07,-741743,486468
20,399,-6.23638e+06,-8.52902e+06,199483
20,400,9.1522e+06,4.14755e+06,646957
20,401,4.29309e+06,-8.99003e+06,-493485
20,402,3.66046e+06,5.97626e+06,-44085.6
20,403,1.15604e+07,8.78226e+06,1.03017e+06
20,404,5.25649e+06,-9.89791e+06,-452145
20,405,2.06976e+06,-1.35424e+07,-740326
20,406,5.52366e+06,-5.8094e+06,744688
20,407,-693632,-7.19284e+06,593051
20,408,1.35221e+07,-2.94988e+06,720575
20,409,-4.11595e+06,9.69406e+06,-377709
20,410,-216869,-1.27706e+07,-766314
20,411,-2.93861e+06,-1.36307e+07,175000
20,412,-1.03182e+07,-3.00647e+06,-733521
20,413,7.15651e+06,4.78527e+06,-597204
20,414,-1.03632e+07,-2.13178e+06,-1.02332e+06
20,415,-3.76185e+06,1.27872e+07,1.10033e+06
20,416,5.7143e+06,1.35869e+07,-111734
20,417,-5.61966e+06,-4.18761e+06,150392
20,418,-8.31845e+06,-3.3478e+06,-492643
20,419,-4.68426e+06,-6.82959e+06,-288397
20,420,-1.07052e+07,4.63917e+06,1.13369e+06
20,421,-8.02059e+06,1.66393e+06,295719
20,422,1.00463e+07,-1.47743e+06,450885
20,423,660817,-1.21878e+07,1.10796e+06
20,424,-2.18191e+06,-1.40768e+07,710421
20,425,6.43235e+06,5.03175e+06,115799
20,426,-7.10688e+06,633315,-413696
20,427,1.70294e+06,-9.57999e+06,860818
20,428,-7.34899e+06,-1.76187e+06,579193
20,429,3.58987e+06,-6.76337e+06,-217780
20,430,9.48218e+06,-1.21471e+06,-572564
20,431,5.52768e+06,-1.12033e+07,-1.14956e+06
20,432,1.17966e+07,-3.58134e+06,-928244
20,433,-1.16647e+07,-8.03795e+06,330412
20,434,-3.69755e+06,1.12673e+07,1.03473e+06
20,435,-1.01944e+07,-1.03891e+07,825928
20,436,-1.18461e+07,1.04285e+06,382605
20,437,-9.26066e+06,-6.658e+06,648117
20,438,1.04369e+07,2.86411e+06,-728339
20,439,-1.52714e+06,-1.03955e+07,196025
20,440,-1.21109e+07,1.46469e+06,282427
20,441,-9.47658e+06,1.659e+06,470355
20,442,-1.27698e+07,5.5319e+06,-1.27363e+06
20,443,8.19814e+06,1.2276e+06,254137
20,444,-9.28008e+06,-2.67726e+06,-12985.9
20,445,-6.3572e+06,4.23802e+06,-427363
20,446,2.84347e+06,9.92393e+06,703948
20,447,8.17298e+06,-1.90658e+06,-141140
20,448,-9.41122e+06,-1.0031e+07,647893
20,449,-1.31312e+07,-515559,113804
20,450,-9.34557e+06,-5.92e+06,-1.04426e+06
20,451,-7.90095e+06,-6.39107e+06,198626
20,452,-7.3681e+06,-1.10474e+07,1.31121e+06
20,453,-5.97562e+06,7.08483e+06,-215325
20,454,5.61972e+06,-9.11902e+06,-566503
20,455,-1.10005e+07,7.30535e+06,269033
20,456,-8.49797e+06,8.55779e+06,30427.2
20,457,9.29091e+06,4.45427e+06,-129479
20,458,-6.51677e+06,4.24583e+06,144531
20,459,-5.94683e+06,-9.95648e+06,-940774
20,460,-4.76002e+06,1.12489e+07,-246643
20,461,1.38326e+07,898481,245128
20,462,-9.45091e+06,7.02098e+06,-619756
20,463,6.70389e+06,-5.81862e+06,-102920
20,464,-9.18838e+06,2.92142e+06,326733
20,465,-7.80079e+06,2.41091e+06,143504
20,466,-341350,1.45789e+07,-410603
20,467,-7.82289e+06,-6.27847e+06,-287472
20,468,2.3562e+06,-1.10093e+07,462704
20,469,7.04774e+06,-7.87782e+06,122908
20,470,1.09796e+07,2.523e+06,1.1e+06
20,471,793045,7.91213e+06,-714753
20,472,1.79554e+06,1.19612e+07,-775090
20,473,6.04744e+06,4.77835e+06,130506
20,474,-1.00656e+07,7.42112e+06,-50277.8
20,475,1.23921e+07,1.47798e+06,-441629
20,476,-1.28824e+07,-7.21847e+06,-726436
20,477,-6.24796e+06,9.26354e+06,72055.2
20,478,5.25584e+06,6.01224e+06,-570179
20,479,-1.44402e+06,-1.44133e+07,-979574
20,480,-876930,-8.44132e+06,-584448
20,481,8.66288e+06,-1.88655e+06,-434179
20,482,1.2194e+07,-1.52646e+06,-309009
20,483,105091,7.12381e+06,472048
20,484,1.72246e+06,-1.37679e+07,-1.07575e+06
20,485,1.17105e+07,-6.43368e+06,268883
20,486,6.83771e+06,-1.2808e+07,485016
20,487,-6.82823e+06,9.3657e+06,-790990
20,488,-5.01102e+06,1.06919e+07,866879
20,489,335650,-1.48928e+07,-1.22279e+06
20,490,7.11516e+06,5.99695e+06,280166
20,491,1.17673e+07,-5.80341e+06,-162245
20,492,1.02996e+07,-9.77757e+06,-519436
20,493,-9.97713e+06,9.73512e+06,-566610
20,494,-5.86843e+06,1.06827e+07,317466
20,495,-1.08965e+07,-4.72099e+06,-284049
20,496,-9.28693e+06,-6.59009e+06,104049
20,497,1.04963e+07,1.09964e+06,183771
20,498,-5.09509e+06,-6.59815e+06,432722
20,499,-1.05389e+07,-3.00441e+06,992163
20,500,1.18593e+07,-6.95895e+06,863978
20,501,4.54571e+06,6.42604e+06,41905.6
20,502,-8.89e+06,1.16961e+06,-189442
20,503,-99287.8,-1.13843e+07,490937
20,504,5.01927e+06,-9.97747e+06,-154438
20,505,1.26744e+07,6.21268e+06,1.28703e+06
20,506,-8.98993e+06,8.26986e+06,-740731
20,507,3.56978e+06,1.02029e+07,-722373
20,508,-1.17885e+07,-1.84459e+06,406051
20,509,-1.41168e+07,-3.01393e+06,233664
20,510,-1.41006e+06,-7.58559e+06,-154448
20,511,6.67083e+06,-1.32267e+07,66604
20,512,5.17243e+06,-6.06555e+06,478432
20,513,-2.51293e+06,8.08042e+06,497070
20,514,7.44351e+06,-4.0645e+06,-128007
20,515,3.22661e+06,-6.98465e+06,-194645
20,516,8.41071e+06,7.33005e+06,-1.1135e+06
20,517,-1.20348e+07,-1.27204e+06,226412
20,518,-7.96669e+06,-1.06771e+07,-867709
20,519,8.26931e+06,-5.39178e+06,533439
20,520,-529604,1.14319e+07,-453260
20,521,7.7222e+06,-1.02685e+07,440652
20,522,1.51784e+06,-1.33572e+07,-943330
20,523,5.83391e+06,8.58186e+06,-549965
20,524,-1.37704e+07,2.25451e+06,98674.1
20,525,-3.3423e+06,7.72318e+06,-454390
20,526,-5.48232e+06,-6.67698e+06,-420346
20,527,1.11793e+07,4.43048e+06,-862982
20,528,-7.45435e+06,-5.376e+06,323317
20,529,-9.96855e+06,3.39604e+06,473167
20,530,-3.98301e+06,5.89227e+06,453845
20,531,-6.24514e+06,9.99648e+06,958028
20,532,-1.34623e+06,1.31065e+07,382945
20,533,-9.63747e+06,6.74245e+06,-313026
20,534,-7.13317e+06,-6.64373e+06,-112271
20,535,-6.48422e+06,-1.19598e+07,-1.17302e+06
20,536,-1.72487e+06,1.19959e+07,224978
20,537,1.37683e+06,1.23642e+07,-107339
20,538,8.01605e+06,2.88718e+06,-207091
20,539,9.90192e+06,-147985,-106249
20,540,-8.364e+06,-4.78482e+06,-794235
20,541,-9.62473e+06,-1.10769e+07,748539
20,542,-7.12329e+06,4.38138e+06,-129299
20,543,1.35619e+07,219179,-540501
20,544,-1.46781e+07,2.22534e+06,-348853
20,545,7.84056e+06,-1.13346e+06,-762687
20,546,1.61775e+06,-1.27785e+07,-660919
20,547,1.02443e+07,6.91172e+06,-600922
20,548,8.86188e+06,-9.91766e+06,288611
20,549,5.83488e+06,9.33975e+06,-964652
20,550,977953,7.8768e+06,-251375
20,551,-5.81674e+06,8.17554e+06,-524075
20,552,5.15387e+06,-9.79377e+06,-487892
20,553,1.02277e+07,-1.02866e+07,-982752
20,554,-1.18038e+07,-6.10477e+06,176949
20,555,-1.01242e+07,-205084,-208250
20,556,-7.75827e+06,-8.23094e+06,394447
20,557,-1.88275e+06,-1.1072e+07,-807091
20,558,3.76622e+06,-7.83194e+06,-308550
20,559,3.94668e+06,5.98875e+06,-396772
20,560,-1.30438e+07,-6.56733e+06,1.26703e+06
20,561,-1.15112e+07,1.37753e+06,-432077
20,562,7.48208e+06,9.14196e+06,942912
20,563,-5.6936e+06,1.23275e+07,1.23302e+06
20,564,-6.70934e+06,-1.1787e+07,-1.02791e+06
20,565,-1.07968e+07,-542045,-578759
20,566,1.42242e+06,-7.48401e+06,-576851
20,567,1.0846e+07,-4.44396e+06,883294
20,568,5.57123e+06,-7.2912e+06,-919957
20,569,-5.61189e+06,-4.41267e+06,-193041
20,570,-9.20535e+06,-4.08877e+06,-621642
20,571,-8.65483e+06,697135,441851
20,572,-3.62054e+06,1.13934e+07,-166564
20,573,7.38387e+06,3.90315e+06,472649
20,574,3.87176e+06,8.25343e+06,349506
20,575,-7.89816e+06,-8.93699e+06,-647290
20,576,1.47439e+06,8.71858e+06,-577707
20,577,7.16419e+06,-9.91629e+06,549180
20,578,-1.10801e+07,7.41163e+06,410895
20,579,-9.68564e+06,-1.70098e+06,-36116.9
20,580,-6.45021e+06,5.3481e+06,779393
20,581,5.88913e+06,6.78921e+06,-146347
20,582,-1.15224e+07,-6.67061e+06,482092
20,583,-6.14505e+06,-5.89048e+06,-300566
20,584,-9.30495e+06,-9.98654e+06,-823069
20,585,7.20455e+06,2.13599e+06,-193263
20,586,-5.43352e+06,-7.33324e+06,-1215.86
20,587,5.27323e+06,7.4199e+06,-679890
20,588,457590,1.39034e+07,422202
20,589,-1.00653e+07,-8.92245e+06,968914
20,590,9.76672e+06,-2.61954e+06,-743193
20,591,-4.09945e+06,-6.62014e+06,691314
20,592,1.18831e+07,6.31739e+06,-594217
20,593,-387375,1.44145e+07,811713
20,594,-1.35948e+07,274852,-309118
20,595,1.39682e+06,1.04762e+07,824694
20,596,7.90368e+06,-7.02138e+06,-835396
20,597,-1.39498e+07,5.07802e+06,-1.34615e+06
20,598,-18845.7,-7.30054e+06,232236
20,599,1.04662e+07,8.3023e+06,-1.24442e+06
20,600,-8.50198e+06,7.08694e+06,-84233.1
20,601,1.46433e+07,-2.61155e+06,1.31924e+06
20,602,-8.21274e+06,1.04216e+07,-233197
20,603,5.6118e+06,-9.87089e+06,-981796
20,604,8.95985e+06,5.26916e+06,30469
20,605,2.98112e+06,-1.38531e+07,-772045
20,606,-7.21883e+06,-1.28479e+07,-1.44756e+06
20,607,-745050,8.97897e+06,-778022
20,608,-1.45108e+07,1.88452e+06,1.16076e+06
20,609,6.66586e+06,6.87732e+06,-49155.4
20,610,-7.86506e+06,543240,664154
20,611,-8.20197e+06,-7.53819e+06,-766156
20,612,5.53787e+06,4.83042e+06,144799
20,613,-5.62582e+06,5.34455e+06,77728.4
20,614,5.0991e+06,8.71708e+06,-457166
20,615,-6.37121e+06,-1.29435e+07,-11402.9
20,616,7.09532e+06,-180895,243420
20,617,7.00558e+06,-6.45246e+06,-460466
20,618,-7.34394e+06,-8.63352e+06,-632940
20,619,-59553.3,-1.48261e+07,171433
20,620,7.91167e+06,2.93737e+06,-303802
20,621,-1.69342e+06,1.29146e+07,103043
20,622,9.90481e+06,8.13104e+06,475109
20,623,7.58143e+06,-1.53373e+06,-17950.9
20,624,-4.62097e+06,6.7791e+06,-142062
20,625,-423662,-1.30554e+07,292476
20,626,4.41206e+06,6.45846e+06,-636783
20,627,8.40899e+06,-8.01434e+06,-153800
20,628,-7.67368e+06,-3.08545e+06,516274
20,629,9.57785e+06,-8.67272e+06,-574298
20,630,6.32145e+06,-5.75309e+06,269399
20,631,-319063,-9.46327e+06,597478
20,632,-4.42099e+06,-1.10657e+07,-297331
20,633,-1.11329e+07,-1.82916e+06,786573
20,634,6.87655e+06,-1.17962e+07,-1.33952e+06
20,635,823797,-1.2962e+07,463539
20,636,7.22529e+06,-1.08672e+07,-77464.6
20,637,7.71206e+06,7.86271e+06,-252511
20,638,2.42038e+06,-1.18835e+07,-686609
20,639,-4.06266e+06,-6.96408e+06,-805751
20,640,8.24101e+06,1.66914e+06,-560937
20,641,-6.52326e+06,5.36961e+06,-165045
20,642,-1.39444e+07,-999259,625043
20,643,1.05482e+06,7.75531e+06,317793
20,644,-7.4061e+06,470716,147472
20,645,1.16692e+07,1.8164e+06,-420326
20,646,7.06589e+06,9.80129e+06,472448
20,647,1.28753e+07,-1.34774e+06,-752068
20,648,-1.34714e+07,-1.84195e+06,-344160
20,649,-576719,-7.94705e+06,-421254
20,650,9.14299e+06,3.93372e+06,600594
20,651,-1.23334e+06,-1.30641e+07,-526609
20,652,-5.33445e+06,-6.47305e+06,-6430.24
20,653,-3.15279e+06,-7.77021e+06,826202
20,654,-696501,-1.29064e+07,1.16719e+06
20,655,-7.80786e+06,-3.56663e+06,825870
20,656,-2.42018e+06,-7.96146e+06,142801
20,657,-3.64516e+06,-1.10637e+07,1.00331e+06
20,658,1.23731e+07,4.67732e+06,934672
20,659,-6.39777e+06,6.04824e+06,-67374.5
20,660,-9.97168e+06,4.16308e+06,947544
20,661,-8.46853e+06,-9.32562e+06,-1.13715e+06
20,662,1.20273e+07,-7.56563e+06,797119
20,663,6.53703e+06,2.62845e+06,-387490
20,664,-6.542e+06,4.64292e+06,679571
20,665,1.07167e+07,1.03277e+06,-468069
20,666,7.12272e+06,1.8114e+06,-329815
20,667,2.25246e+06,-8.88233e+06,872754
20,668,-9.02615e+06,4.17751e+06,686884
20,669,4.94592e+06,7.66522e+06,645202
20,670,-5.27646e+06,-5.14764e+06,91380.9
20,671,-4.00671e+06,8.89195e+06,530757
20,672,486483,7.66774e+06,357377
20,673,7.78594e+06,8.26305e+06,869346
20,674,4.877e+06,-8.87968e+06,583549
20,675,-1.19367e+07,292961,1.14866e+06
20,676,-1.12098e+06,-8.06672e+06,-503562
20,677,-3.61038e+06,8.96792e+06,866561
20,678,5.89439e+06,1.34355e+07,-1.40675e+06
20,679,-1.11231e+07,6.16431e+06,-1.04806e+06
20,680,-1.18836e+07,-3.58472e+06,1.19652e+06
20,681,-7.34122e+06,4.88687e+06,75034.6
20,682,-1.26724e+07,-4.13595e+06,301037
20,683,5.1537e+06,-7.14326e+06,-125722
20,684,-4.0394e+06,-7.03781e+06,-461185
20,685,5.14748e+06,-5.83411e+06,-61979.8
20,686,-3.38501e+06,1.25235e+07,745356
20,687,-4.97149e+06,6.08737e+06,753628
20,688,-1.33446e+07,115349,-427767
20,689,-1.33763e+07,-3.98905e+06,722062
20,690,1.29004e+07,1.57767e+06,-973253
20,691,6.36282e+06,1.04824e+07,-600097
20,692,-1.34856e+07,-5.47539e+06,730455
20,693,-1.0769e+07,-3.81898e+06,-929443
20,694,-2.10373e+06,9.51729e+06,-213028
20,695,-9.3635e+06,9.56629e+06,-129318
20,696,8.40167e+06,5.74555e+06,-119954
20,697,3.17277e+06,7.92522e+06,-694550
20,698,595946,-9.82551e+06,-440375
20,699,-5.81311e+06,-7.49015e+06,-577416
20,700,-1.40465e+07,-1.90382e+06,-148546
20,701,5.66188e+06,9.96326e+06,260102
20,702,7.97116e+06,-5.84269e+06,-655451
20,703,-8.90855e+06,-6.46693e+06,-1.03026e+06
20,704,-944351,-9.84406e+06,634470
20,705,2.9742e+06,-8.98428e+06,887849
20,706,1.01512e+07,9.40607e+06,664017
20,707,9.54094e+06,-559689,-27983.1
20,708,-1.09148e+06,-7.89949e+06,-282350
20,709,1.48621e+07,-1.78894e+06,467584
20,710,-2.95887e+06,-7.44569e+06,-653466
20,711,3.33529e+06,-6.40663e+06,-419654
20,712,9.90891e+06,-1.5338e+06,-327285
20,713,8.20309e+06,-4.47346e+06,-728796
20,714,1.30061e+07,-860848,1.04836e+06
20,715,-4.88866e+06,1.11762e+07,-599841
20,716,9.94767e+06,-9.20607e+06,68946.6
20,717,6.67779e+06,5.92029e+06,-738413
20,718,-1.11991e+07,6.01196e+06,1.03271e+06
20,719,4.54976e+06,1.2086e+07,293904
20,720,-9.20155e+06,-4.99985e+06,498961
20,721,7.55705e+06,-1.11061e+07,-661497
20,722,-330246,-7.21901e+06,-570002
20,723,9.50616e+06,363959,345766
20,724,-4.53039e+06,-6.95077e+06,818498
20,725,6.63394e+06,3.66204e+06,-241940
20,726,2.88273e+06,1.3624e+07,-388955
20,727,775036,-7.50695e+06,-138387
20,728,1.07988e+07,-7.33674e+06,-698412
20,729,1.24602e+07,4.97412e+06,1.07246e+06
20,730,8.63101e+06,-8.54475e+06,-1.21807e+06
20,731,-6.51761e+06,5.21996e+06,-201246
20,732,-6.56276e+06,5.84703e+06,-653573
20,733,3.45144e+06,-9.70668e+06,-43121
20,734,-6.33607e+06,3.23068e+06,-674411
20,735,1.01663e+07,1.06416e+07,611656
20,736,6.88809e+06,-1.3066e+07,589093
20,737,1.36346e+07,-1.45216e+06,332821
20,738,-7.85635e+06,-8.36143e+06,74976.5
20,739,-1.15044e+07,3.62374e+06,-679890
20,740,7.168e+06,3.44559e+06,-376692
20,741,-6.65143e+06,-3.15598e+06,-318427
20,742,1.2074e+07,6.20692e+06,-743724
20,743,-1.03375e+07,-7.53686e+06,-1.1171e+06
20,744,1.0124e+07,-9.68409e+06,-475360
20,745,9.70544e+06,-535354,245320
20,746,6.01815e+06,-9.49336e+06,-482943
20,747,-1.28989e+06,1.03359e+07,603009
20,748,-6.16902e+06,-9.79125e+06,-573727
20,749,-8.73783e+06,497374,416092
20,750,1.09111e+07,2.39795e+06,824900
20,751,7.23767e+06,-1.90315e+06,-712735
20,752,1.08219e+07,6.28242e+06,1.03006e+06
20,753,6.85652e+06,8.22762e+06,-341066
20,754,3.83665e+06,7.34343e+06,744421
20,755,2.67361e+06,-1.02138e+07,294843
20,756,8.2996e+06,9.20464e+06,-659490
20,757,1.30762e+07,-2.31228e+06,-630739
20,758,-9.02006e+06,1.41061e+06,886129
20,759,-7.68458e+06,4.91823e+06,715729
20,760,6.76305e+06,1.88912e+06,146141
20,761,886737,1.42312e+07,-86572.8
20,762,-1.04691e+07,1.66458e+06,259789
20,763,-1.02179e+07,3.36552e+06,-55316.8
20,764,-1.13539e+07,-2.81452e+06,829849
20,765,3.82134e+06,-6.31195e+06,508225
20,766,-9.05785e+06,2.01196e+06,-114049
20,767,-7.02824e+06,5.14783e+06,-795944
20,768,3.87421e+06,-8.36e+06,-397213
20,769,-1.32183e+07,-2.77567e+06,1.02807e+06
20,770,1.13669e+07,2.26907e+06,406808
20,771,-7.02705e+06,2.09182e+06,631106
20,772,-6.4927e+06,5.19126e+06,382372
20,773,-6.59307e+06,-1.23976e+07,-679638
20,774,-3.69803e+06,1.18201e+07,541371
20,775,-2.50108e+06,-1.43779e+07,1.06099e+06
20,776,-1.2614e+06,-6.88712e+06,462085
20,777,5.17206e+06,-5.17415e+06,-356201
20,778,3.94524e+06,-1.16668e+07,400793
20,779,-6.27664e+06,-4.52548e+06,76723.3
20,780,-1.17635e+07,7.94196e+06,-508098
20,781,-1.11463e+07,6.67728e+06,379747
20,782,9.35757e+06,-7.77989e+06,240222
20,783,6.96457e+06,8.49467e+06,-845815
20,784,3.75207e+06,7.32664e+06,227009
20,785,-1.26492e+07,-2.53097e+06,850052
20,786,6.45119e+06,-1.34519e+07,581761
20,787,-1.06854e+07,3.42556e+06,-934811
20,788,8.66574e+06,-5.33374e+06,627608
20,789,-8.54836e+06,1.67523e+06,552459
20,790,-5.8134e+06,4.77099e+06,529970
20,791,8.97607e+06,4.90923e+06,87027.5
20,792,-1.16393e+07,-7.54922e+06,-760209
20,793,-9.62201e+06,2.97928e+06,159685
20,794,1.05317e+07,7.68103e+06,1.01786e+06
20,795,-4.95278e+06,5.04093e+06,-669764
20,796,-9.98859e+06,-1.76774e+06,23696.8
20,797,-4.93484e+06,-6.66196e+06,-756790
20,798,1.23976e+07,-4.19654e+06,-419566
20,799,-8.1137e+06,7.55105e+06,-1.097e+06
20,800,2.74079e+06,-9.70561e+06,193620
20,801,4.59841e+06,-6.31274e+06,48547
20,802,-1.19699e+07,-6.73142e+06,163940
20,803,3.74345e+06,6.85124e+06,739104
20,804,8.75813e+06,-1.10662e+06,56337.1
20,805,6.46445e+06,4.83519e+06,-470503
20,806,-1.24134e+07,7.30228e+06,-301226
20,807,5.6192e+06,7.66696e+06,-23094.2
20,808,4.23874e+06,-6.82924e+06,-208355
20,809,-9.88549e+06,1.49466e+06,-111715
20,810,-1.42754e+07,-4.29743e+06,-1.23058e+06
20,811,6.74261e+06,9.68743e+06,-1.11046e+06
20,812,2.27375e+06,-1.4521e+07,1.41564e+06
20,813,-1.05518e+07,-2.29852e+06,-717346
20,814,4.85623e+06,-7.54365e+06,-258089
20,815,-3.35023e+06,-1.31666e+07,-878393
20,816,-4.75225e+06,-9.96934e+06,-585764
20,817,-1.30465e+07,-3.89319e+06,-912876
20,818,1.1635e+07,101837,-814548
20,819,3.47121e+06,1.3059e+07,763940
20,820,-4.12514e+06,1.21898e+07,-448454
20,821,-1.29639e+07,3.08512e+06,615590
20,822,5.02818e+06,-6.44788e+06,345016
20,823,9.5186e+06,1.06088e+07,265171
20,824,-7.23411e+06,9.31304e+06,-97954.7
20,825,-34847.9,-7.30349e+06,72032.2
20,826,-3.00516e+06,-6.82994e+06,-49563.6
20,827,7.14259e+06,-1.22248e+06,652500
20,828,9.15261e+06,6.2604e+06,565144
20,829,-3.6585e+06,1.03053e+07,-18768
20,830,-1.02734e+07,-4.40719e+06,-131408
20,831,1.03902e+07,-5.68046e+06,-326258
20,832,1.01628e+07,-7.79054e+06,-112738
20,833,-8.37073e+06,-6.41462e+06,192801
20,834,-1.32571e+07,1.85767e+06,1.33261e+06
20,835,7.46681e+06,301999,209549
20,836,429891,9.37103e+06,-353040
20,837,8.81233e+06,1.86844e+06,851961
20,838,-735928,-8.72295e+06,460113
20,839,1.41083e+07,2.85424e+06,1.07301e+06
20,840,-7.45122e+06,-8.3794e+06,324064
20,841,-6.87563e+06,1.16686e+07,631709
20,842,3.1295e+06,-1.07275e+07,1.0998e+06
20,843,8.5751e+06,-145437,-705066
20,844,6.70172e+06,2.07335e+06,-222001
20,845,1.08416e+07,5.15417e+06,-1.19066e+06
20,846,6.41752e+06,-1.2968e+07,895833
20,847,-4.22664e+06,-1.33797e+07,-1.11244e+06
20,848,-1.58021e+06,-1.00597e+07,-447622
20,849,1.23235e+07,2.03206e+06,-484485
20,850,-7.59635e+06,-8.48922e+06,175529
20,851,1.25278e+07,597787,-1.00309e+06
20,852,-5.6816e+06,-1.26965e+07,-1.07893e+06
20,853,557241,1.37252e+07,-59724.9
20,854,-1.88063e+06,-7.93734e+06,272266
20,855,5.78609e+06,-6.47995e+06,-171475
20,856,5.26022e+06,7.70573e+06,-436600
20,857,-6.12235e+06,-3.71151e+06,490690
20,858,2.05411e+06,1.11548e+07,-1.06087e+06
20,859,-7.5945e+06,4.25516e+06,452347
20,860,-1.45847e+06,-8.35356e+06,623343
20,861,4.72832e+06,-9.52159e+06,116208
20,862,-1.19115e+07,-2.10701e+06,-89092.9
20,863,-3.04209e+06,8.33144e+06,-372742
20,864,8.27586e+06,7.93652e+06,957984
20,865,-1.04385e+07,7.29599e+06,-870837
20,866,6.37858e+06,-1.25098e+07,623078
20,867,-7.55776e+06,5.14624e+06,-727903
20,868,1.89199e+06,-8.29138e+06,365933
20,869,9.38819e+06,-7.05955e+06,195622
20,870,-5.8587e+06,8.94655e+06,944422
20,871,6.99821e+06,-3.07862e+06,500190
20,872,-7.29883e+06,-3.31874e+06,588745
20,873,9.69146e+06,-6.24468e+06,1.02406e+06
20,874,-7.50681e+06,7.11025e+06,904505
20,875,9.13089e+06,8.31446e+06,-1.13358e+06
20,876,1.04534e+07,-4.76882e+06,792275
20,877,7.86011e+06,9.57998e+06,-609567
20,878,5.63023e+06,1.28075e+07,-620329
20,879,-3.4517e+06,-7.22283e+06,712587
20,880,-9.05978e+06,1.27096e+06,245832
20,881,1.17935e+07,9.26209e+06,-4286.28
20,882,6.80351e+06,-7.43885e+06,-48449.5
20,883,-5.1175e+06,-5.9873e+06,426892
20,884,4.55381e+06,-5.32851e+06,-440619
20,885,-9.90827e+06,5.64919e+06,501348
20,886,6.90274e+06,-7.17835e+06,459376
20,887,3.60009e+06,-1.16212e+07,618592
20,888,-5.82361e+06,4.33605e+06,626990
20,889,-497652,-7.95428e+06,758633
20,890,-2.92458e+06,-6.81662e+06,-47233.9
20,891,9.89556e+06,6.02389e+06,-1.06174e+06
20,892,5.58085e+06,-1.09782e+07,695328
20,893,9.1082e+06,6.75958e+06,426753
20,894,7.63228e+06,-4.60659e+06,603956
20,895,1.20099e+07,-3.87465e+06,-1.18606e+06
20,896,-6.30832e+06,1.11917e+07,1.04561e+06
20,897,-1.29566e+06,-9.01478e+06,689109
20,898,-5.95189e+06,4.26673e+06,384458
20,899,-1.27696e+06,1.05457e+07,-595864
20,900,5.13405e+06,-6.20201e+06,121331
20,901,-5.73115e+06,5.0043e+06,-201276
20,902,-7.82067e+06,3.19784e+06,-283791
20,903,-535498,-9.70481e+06,-538451
20,904,-1.09056e+07,-5.31952e+06,165246
20,905,-1.16698e+07,-3.7863e+06,932339
20,906,-1.18076e+07,-3.71335e+06,817490
20,907,-3.14161e+06,1.14041e+07,-693705
20,908,6.71194e+06,-4.73049e+06,345251
20,909,-1.14842e+07,-8.85044e+06,-77129.8
20,910,-3.39833e+06,-6.65987e+06,122917
20,911,907312,1.48938e+07,91727.6
20,912,-7.41138e+06,-9.69931e+06,149640
20,913,3.57385e+06,1.27091e+07,596128
20,914,9.54818e+06,-7.15091e+06,829634
20,915,-1.68914e+06,9.32534e+06,915675
20,916,9.38201e+06,-6.10386e+06,-753512
20,917,4.55391e+06,-1.12039e+07,1.085e+06
20,918,-1.3852e+06,-9.59904e+06,75279.6
20,919,-2.61042e+06,-7.00939e+06,284450
20,920,-1.44232e+07,133252,-778898
20,921,-6.41895e+06,3.58213e+06,-291303
20,922,-8.03395e+06,1.02661e+07,1.17393e+06
20,923,-1.05424e+07,-1.01647e+07,1.25855e+06
20,924,-1.2464e+07,-3.9007e+06,-836150
20,925,-9.82306e+06,-4.09015e+06,775866
20,926,8.75472e+06,-6.39919e+06,378259
20,927,8.09522e+06,-107937,44087.9
20,928,-5.35011e+06,-8.57121e+06,-791891
20,929,-1.20902e+07,13435.9,-225681
20,930,-1.4439e+07,-2.1694e+06,-821080
20,931,9.37388e+06,-5.05365e+06,-690792
20,932,8.62882e+06,850517,-845004
20,933,-1.41486e+06,-1.35558e+07,-395238
20,934,-9.98633e+06,7.57611e+06,1.13847e+06
20,935,-1.15567e+07,9.08394e+06,1.04309e+06
20,936,-4.95382e+06,1.21983e+07,-706232
20,937,2.20422e+06,-1.03895e+07,980166
20,938,8.13723e+06,-1.02737e+07,270177
20,939,3.04601e+06,-1.33357e+07,-336603
20,940,3.95108e+06,-1.06603e+07,-1.03495e+06
20,941,5.79116e+06,1.21556e+07,39540.5
20,942,-437061,1.34417e+07,-684283
20,943,8.10274e+06,-6.14806e+06,-1.01953e+06
20,944,7.94517e+06,1.17002e+07,1.39066e+06
20,945,-1.46338e+07,380143,37240.7
20,946,-7.03398e+06,-8.21651e+06,-887280
20,947,6.73184e+06,2.71996e+06,-80772.7
20,948,-6.4997e+06,-6.45418e+06,904964
20,949,-8.96281e+06,-4.63247e+06,-170299
20,950,1.12922e+07,-7.82602e+06,1.03883e+06
20,951,1.45216e+07,2.64688e+06,1.00471e+06
20,952,1.6145e+06,1.28591e+07,1.18603e+06
20,953,-3.36786e+06,-7.44695e+06,-450082
20,954,-1.88492e+06,-1.02788e+07,132348
20,955,-4.91227e+06,9.16225e+06,707255
20,956,-7.41431e+06,3.32081e+06,657350
20,957,-1.12353e+07,7.9227e+06,724074
20,958,1.04792e+07,-8.64478e+06,120919
20,959,-430322,8.6178e+06,-352719
20,960,1.14717e+07,2.52392e+06,319655
20,961,-2.90017e+06,9.45138e+06,751742
20,962,8.73964e+06,6.09885e+06,697388
20,963,-919971,-7.3125e+06,404061
20,964,4.56576e+06,-8.69496e+06,30754.9
20,965,1.02278e+07,3.13311e+06,-449441
20,966,-1.13058e+07,8.99493e+06,134941
20,967,-9.38324e+06,-6.13876e+06,-986223
20,968,-1.52866e+06,-9.76073e+06,-592330
20,969,8.60045e+06,689020,-107872
20,970,1.32592e+07,4.60196e+06,-868111
20,971,-950447,-9.42919e+06,266603
20,972,718225,-1.03001e+07,226409
20,973,5.96719e+06,-1.28314e+07,-700138
20,974,6.36845e+06,6.59325e+06,-298970
20,975,-1.24835e+07,8.26745e+06,-837873
20,976,-1.25742e+07,-3.55753e+06,-917249
20,977,-8.6854e+06,5.02169e+06,509709
20,978,-1.00955e+06,7.09393e+06,25211
20,979,-6.22864e+06,-6.70377e+06,-33181.6
20,980,9.43186e+06,-2.97615e+06,261456
20,981,-7.40577e+06,-3.09615e+06,451081
20,982,5.8258e+06,1.11852e+07,1.19509e+06
20,983,5.60888e+06,8.95779e+06,-676869
20,984,2.70309e+06,-7.27796e+06,-587900
20,985,4.83863e+06,-6.36734e+06,-248584
20,986,6.79606e+06,2.46239e+06,-518072
20,987,-4.29211e+06,-7.55233e+06,-596199
20,988,881775,-7.89734e+06,271914
20,989,-9.93623e+06,-3.31687e+06,-394057
20,990,-1.08417e+07,-582140,-244884
20,991,1.41459e+07,1.54409e+06,803883
20,992,2.49383e+06,-7.59398e+06,185298
20,993,1.11796e+07,7.99687e+06,162143
20,994,-2.87013e+06,-1.06277e+07,75493.6
20,995,-1.02809e+07,4.73192e+06,-432893
20,996,7.86455e+06,7.41935e+06,1.00074e+06
20,997,1.21684e+07,-3.62321e+06,-694574
20,998,5.1682e+06,-1.3039e+07,497138
20,999,-4.97348e+06,1.08947e+07,758857
20,1000,9.87563e+06,4.85487e+06,-412033
20,1001,8.6114e+06,-1.15603e+07,1.39363e+06
20,1002,66774.3,1.19965e+07,-810205
20,1003,8.40868e+06,1.19625e+06,-185698
20,1004,-7.29773e+06,4.3566e+06,741188
20,1005,7.6102e+06,-7.14989e+06,220353
20,1006,-5.63041e+06,6.952e+06,-746087
20,1007,-4.11392e+06,-8.70967e+06,-826254
20,1008,-6.42029e+06,5.7266e+06,831893
20,1009,-1.25676e+06,-1.318e+07,-1.01827e+06
20,1010,3.02346e+06,-1.28956e+07,267853
20,1011,-6.86606e+06,1.31841e+07,1.31527e+06
20,1012,1.42715e+07,1.14236e+06,-142838
20,1013,1.17474e+07,9.02872e+06,141598
20,1014,-1.38748e+07,-5.15989e+06,-919497
20,1015,3.17366e+06,1.12171e+07,45937.8
20,1016,-5.89019e+06,-4.79059e+06,25490
20,1017,-8.71754e+06,-9.53669e+06,128188
20,1018,7.64322e+06,9.91116e+06,238722
20,1019,7.51273e+06,-3.63463e+06,-722202
20,1020,-3.3655e+06,-9.88548e+06,-87667.3
20,1021,-7.25183e+06,-2.6873e+06,219086
20,1022,-8.91606e+06,8.94451e+06,160798
20,1023,-4.8741e+06,-9.41748e+06,177212
20,1024,-91919.4,1.11502e+07,-1.11417e+06
20,1025,6.12454e+06,5.73763e+06,-85449.2
20,1026,2.60604e+06,1.15622e+07,1.04339e+06
20,1027,1.14087e+06,-6.95843e+06,176565
20,1028,9.44478e+06,3.24053e+06,254629
20,1029,9.33744e+06,-3.80935e+06,84685.3
20,1030,2.56595e+06,1.42736e+07,655142
20,1031,-671483,-1.18997e+07,-680855
20,1032,-1.23054e+07,32064.1,598057
20,1033,7.47157e+06,-6.0011e+06,-798506
20,1034,8.73354e+06,-1.02031e+07,853283
20,1035,-1.02765e+07,4.05398e+06,1.10001e+06
20,1036,-8.4061e+06,-2.69742e+06,301433
20,1037,3.47631e+06,1.2112e+07,388201
20,1038,1.28042e+07,4.28176e+06,1.11368e+06
20,1039,-4.57045e+06,5.56624e+06,-699469
20,1040,6.53767e+06,-3.90285e+06,-221037
20,1041,2.11879e+06,1.01781e+07,201896
20,1042,-8.24992e+06,8.36935e+06,-392556
20,1043,-1.05348e+07,9.34109e+06,-18300.3
20,1044,2.25522e+06,-8.98586e+06,-190025
20,1045,-358942,1.10503e+07,1.08169e+06
20,1046,1.34861e+06,-9.23306e+06,-135303
20,1047,2.79221e+06,-8.18167e+06,-287761
20,1048,1.20199e+07,-6.95195e+06,1.00097e+06
20,1049,1.84434e+06,-7.04146e+06,-129056
20,1050,-8.94937e+06,-1.07123e+07,932798
20,1051,-1.06749e+07,-2.51747e+06,-781316
20,1052,-1.16611e+07,6.33748e+06,212.67
20,1053,-1.07141e+07,-7.80758e+06,-793427
20,1054,-9.86904e+06,6.32453e+06,-71439.3
20,1055,1.64269e+06,7.03028e+06,-316294
20,1056,1.26595e+07,1.03366e+06,-231751
20,1057,1.09084e+07,9.38834e+06,47275.3
20,1058,1.24601e+07,-4.58254e+06,655750
20,1059,6.00453e+06,-1.12632e+07,-137335
20,1060,1.33754e+07,784362,1.14038e+06
20,1061,-9.90363e+06,-3.58879e+06,-516781
20,1062,1.13826e+07,6.07937e+06,963470
20,1063,2.76693e+06,1.33144e+07,842339
20,1064,-8.8743e+06,-9.88845e+06,-336157
20,1065,909181,9.1208e+06,-332634
20,1066,1.24891e+07,6.75261e+06,935165
20,1067,-9.66528e+06,-1.45504e+06,576284
20,1068,-7.98738e+06,1.15886e+07,-107406
20,1069,1.02602e+07,987214,-420867
20,1070,-9.10951e+06,5.54232e+06,473565
20,1071,-1.0063e+07,540345,-141871
20,1072,8.51121e+06,-9.72672e+06,82429.6
20,1073,-3.9679e+06,1.27101e+07,110166
20,1074,-8.43645e+06,4.89029e+06,453553
20,1075,1.00723e+07,9.79296e+06,378368
20,1076,8.47889e+06,7.97168e+06,-671291
20,1077,4.60569e+06,8.28099e+06,-486039
20,1078,-4.79903e+06,7.76639e+06,455687
20,1079,1.15404e+07,-876065,-197371
20,1080,9.08536e+06,-9.32976e+06,466334
20,1081,362704,-1.02705e+07,-609741
20,1082,-9.16849e+06,-2.9105e+06,145075
20,1083,6.80072e+06,-2.27662e+06,282107
20,1084,1.00621e+07,-4.35688e+06,-133559
20,1085,-1.47465e+07,-1.24966e+06,-1.1439e+06
20,1086,-5.55457e+06,-1.18629e+07,715848
20,1087,2.52819e+06,-1.43875e+07,325324
20,1088,-6.32621e+06,-1.23277e+07,-254644
20,1089,2.36154e+06,1.38724e+07,604439
20,1090,-1.53346e+06,-1.39576e+07,554282
20,1091,-1.26978e+07,2.71461e+06,973477
20,1092,5.89966e+06,6.28424e+06,-369943
20,1093,-1.11958e+07,-869325,720978
20,1094,-1.01509e+07,870075,-994637
20,1095,-6.02283e+06,-8.26881e+06,-994278
20,1096,2.271e+06,8.92391e+06,-845784
20,1097,4.38506e+06,9.89303e+06,526471
20,1098,-1.31283e+07,-3.98424e+06,1.32582e+06
20,1099,-1.05044e+07,-1.0136e+06,1.03579e+06
20,1100,8.296e+06,-2.98144e+06,-808171
20,1101,9.49928e+06,4.61279e+06,484448
20,1102,-3.07529e+06,-1.1458e+07,-297869
20,1103,9.51252e+06,2.92279e+06,-298715
20,1104,-1.05267e+07,9.82983e+06,955886
20,1105,-9.68391e+06,9.73859e+06,362614
20,1106,6.05578e+06,4.80654e+06,-699675
20,1107,-1.04679e+07,5.10784e+06,111890
20,1108,-6.67311e+06,8.9471e+06,396318
20,1109,1.29794e+07,1.3128e+06,-764687
20,1110,-9.68728e+06,8.21136e+06,412811
20,1111,-7.62848e+06,6.07675e+06,-666753
20,1112,-7.06196e+06,-5.68371e+06,-121169
20,1113,8.01953e+06,-1.0477e+07,109895
20,1114,-4.6806e+06,1.2197e+07,-222181
20,1115,-9.66699e+06,8.23686e+06,224821
20,1116,-6.76671e+06,-5.0792e+06,612725
20,1117,-2.12528e+06,-1.37692e+07,685311
20,1118,-9.78933e+06,-5.90556e+06,-839125
20,1119,-1.00466e+07,3.07475e+06,966086
20,1120,-9.91003e+06,-3.31097e+06,69481.1
20,1121,-13526,-1.20758e+07,-664707
20,1122,5.26653e+06,-9.91796e+06,-82837.2
20,1123,-5.0752e+06,-7.68352e+06,597042
20,1124,1.40539e+06,-7.35664e+06,482373
20,1125,1.06286e+07,-990060,612730
20,1126,-63238,-1.3157e+07,-920863
20,1127,-8.53641e+06,1.81953e+06,-412214
20,1128,7.95628e+06,-6.54164e+06,669015
20,1129,7.64615e+06,-9.27577e+06,682942
20,1130,3.0332e+06,9.98117e+06,29626.5
20,1131,-1.19132e+07,4.90289e+06,429836
20,1132,53529.4,-7.73935e+06,484592
20,1133,1.23851e+07,-2.46363e+06,826115
20,1134,1.30247e+07,-5.65405e+06,856776
20,1135,1.2381e+07,564215,-84707.2
20,1136,-3.96603e+06,1.08602e+07,-420765
20,1137,1.1459e+07,-9.13329e+06,1.02498e+06
20,1138,1.01621e+07,1.00828e+06,-859307
20,1139,9.39276e+06,1.06884e+06,-915666
20,1140,-3.78892e+06,-1.38121e+07,-547491
20,1141,-7.98825e+06,-733113,-796069
20,1142,-1.25319e+07,7.30303e+06,-283346
20,1143,9.11941e+06,4.38968e+06,280037
20,1144,-5.63915e+06,-1.15248e+07,-929388
20,1145,-1.04586e+07,-5.0158e+06,856156
20,1146,-7.02917e+06,7.15518e+06,237795
20,1147,-1.18624e+07,2.19515e+06,-137383
20,1148,7.13351e+06,-8.31136e+06,-85062.9
20,1149,-1.44532e+07,-473729,1.30264e+06
20,1150,-8.93125e+06,1.02916e+07,992753
20,1151,7.08677e+06,-3.44066e+06,207424
20,1152,-4.44185e+06,-5.92086e+06,704018
20,1153,-7.05508e+06,-2.68631e+06,374360
20,1154,-1.15919e+07,6.83799e+06,-797197
20,1155,-6.36109e+06,-3.65923e+06,-69099
20,1156,1.34944e+07,5.52047e+06,540843
20,1157,3.273e+06,6.41251e+06,-66827.8
20,1158,-4.04969e+06,-9.79942e+06,871810
20,1159,1.16001e+07,-3.36044e+06,923505
20,1160,5.9705e+06,-1.00286e+07,332885
20,1161,-298890,-7.59764e+06,-617253
20,1162,-3.31582e+06,-1.12292e+07,-1.01756e+06
20,1163,7.70163e+06,-4.34758e+06,205748
20,1164,-3.13517e+06,-8.40283e+06,173592
20,1165,1.09004e+07,-1.51545e+06,403945
20,1166,3.21229e+06,-9.44256e+06,768615
20,1167,2.30078e+06,7.65047e+06,-453819
20,1168,-9.91955e+06,-7.64902e+06,298145
20,1169,2.4565e+06,-1.42762e+07,-1.0799e+06
20,1170,-9.03546e+06,3.73757e+06,-203467
20,1171,9.67955e+06,-7.66227e+06,-479085
20,1172,2.91751e+06,-1.10343e+07,-191255
20,1173,-8.23078e+06,1.15928e+06,-741243
20,1174,1.29107e+07,6.68339e+06,-178947
20,1175,1.11771e+07,-909430,-750117
20,1176,7.87539e+06,580467,-544738
20,1177,-5.7896e+06,-6.41953e+06,-485049
20,1178,3.45407e+06,-6.27366e+06,-192512
20,1179,-3.29461e+06,9.21392e+06,933054
20,1180,6.78459e+06,-4.8643e+06,462564
20,1181,7.58868e+06,-481759,-347878
20,1182,3.85088e+06,-6.76251e+06,321797
20,1183,6.54787e+06,9.98165e+06,-51338.9
20,1184,-4.48395e+06,1.24524e+07,-498677
20,1185,3.06863e+06,6.29758e+06,526832
20,1186,1.04921e+07,-912922,-219690
20,1187,-2.64841e+06,1.2438e+07,-346452
20,1188,-5e+06,6.90535e+06,80535.5
20,1189,-7.55934e+06,-1.28484e+07,-897739
20,1190,5.04786e+06,5.35508e+06,92055.7
20,1191,1.21972e+07,-4.66773e+06,-1.26857e+06
20,1192,-1.10121e+07,1.91103e+06,348926
20,1193,-4.30595e+06,-1.06321e+07,362771
20,1194,2.57329e+06,-7.48358e+06,-597347
20,1195,-1.094e+07,6.22737e+06,34869.8
20,1196,1.10035e+07,-8.97205e+06,903754
20,1197,-831326,-1.105e+07,28581.2
20,1198,-1.14462e+07,7.87791e+06,1.31063e+06
20,1199,-651645,-1.44298e+07,-637642
20,1200,5.0291e+06,-6.26687e+06,-538591
20,1201,-1.38145e+07,689579,-258517
20,1202,-1.12339e+07,-8.72461e+06,217960
20,1203,-7.98934e+06,8.20403e+06,654880
20,1204,8.39091e+06,-3.23924e+06,710121
20,1205,-1.11439e+06,-9.63461e+06,142033
20,1206,9.64121e+06,-561584,-919685
20,1207,-8.93084e+06,-1.27315e+06,39603.7
20,1208,245798,-1.17053e+07,289177
20,1209,1.10971e+07,4.00787e+06,-291400
20,1210,-994032,8.80001e+06,96233.9
20,1211,-2.47769e+06,8.21888e+06,-451738
20,1212,1.37489e+07,-4.8658e+06,320732
20,1213,3.31923e+06,-1.40059e+07,258960
20,1214,1.14952e+06,-6.95138e+06,285422
20,1215,901431,-1.18879e+07,30810.1
20,1216,1.16418e+07,-4.89444e+06,-313737
20,1217,-1.25273e+07,1.80947e+06,441646
20,1218,1.25339e+07,3.80083e+06,384116
20,1219,-4.1202e+06,-7.79148e+06,-55819.9
20,1220,9.3347e+06,9.31062e+06,333151
20,1221,5.65198e+06,-7.2515e+06,789554
20,1222,4.366e+06,-1.43003e+07,759395
20,1223,-4.60935e+06,7.40672e+06,-59869.1
20,1224,1.13857e+07,-6.60261e+06,-819310
20,1225,-4.71206e+06,-1.35812e+07,318518
20,1226,8.03003e+06,3.07308e+06,117723
20,1227,2.86224e+06,1.18712e+07,137881
20,1228,7.12711e+06,-1.18188e+07,1.18246e+06
20,1229,-4.23197e+06,8.96623e+06,494967
20,1230,8.83062e+06,5.56727e+06,-453722
20,1231,-2.85572e+06,9.94082e+06,-347198
20,1232,8.99448e+06,2.54182e+06,256314
20,1233,-6.60561e+06,-9.72477e+06,-724321
20,1234,-6.74682e+06,-6.49262e+06,186576
20,1235,-6.59782e+06,8.8179e+06,911537
20,1236,-9.37301e+06,2.54372e+06,346083
20,1237,-6.58831e+06,9.23384e+06,-145999
20,1238,-2.45509e+06,1.30935e+07,-954748
20,1239,5.65546e+06,-7.5999e+06,-780400
20,1240,-1.43449e+07,-3.89184e+06,1.44579e+06
20,1241,-1.38854e+07,4.12668e+06,-874544
20,1242,377311,8.30323e+06,349468
20,1243,-5.1054e+06,7.63318e+06,-94067.2
20,1244,5.18791e+06,1.32569e+07,-1.41385e+06
20,1245,6.26344e+06,-4.08457e+06,220631
20,1246,3.92849e+06,8.29319e+06,-377757
20,1247,7.43038e+06,-2.69979e+06,449772
20,1248,7.16038e+06,-7.93183e+06,-535855
20,1249,7.96675e+06,-9.9312e+06,-364802
20,1250,-3.75755e+06,1.24965e+07,-525212
20,1251,-7.35184e+06,2.74686e+06,360755
20,1252,-1.14439e+07,-8.87747e+06,1.05372e+06
20,1253,6.18974e+06,1.20872e+07,-38518.4
20,1254,-3.13195e+06,-7.25631e+06,712943
20,1255,-671521,-8.06604e+06,214080
20,1256,-9.07052e+06,7.33307e+06,-338024
20,1257,1.31579e+06,7.2084e+06,-712585
20,1258,9.06616e+06,7.2667e+06,868383
20,1259,-3.35721e+06,-1.06676e+07,-199393
20,1260,1.07529e+07,-3.9187e+06,-957265
20,1261,1.82308e+06,-8.81596e+06,-723941
20,1262,-5.00327e+06,5.69429e+06,-619531
20,1263,1.60792e+06,1.15326e+07,923387
20,1264,-4.01273e+06,-1.26429e+07,310283
20,1265,2.22534e+06,1.36894e+07,1.03682e+06
20,1266,-38972.3,-1.33149e+07,163126
20,1267,-8.00486e+06,4.01326e+06,526299
20,1268,1.60124e+06,-7.06534e+06,-376865
20,1269,5.96722e+06,5.50421e+06,-769738
20,1270,2.08299e+06,1.09386e+07,1.09341e+06
20,1271,7.40974e+06,8.90845e+06,437632
20,1272,-316648,-1.41276e+07,-1.19991e+06
20,1273,3.95893e+06,-1.35683e+07,-967385
20,1274,-6.86668e+06,-2.74988e+06,-509543
20,1275,-8.66562e+06,1.05208e+07,1.12808e+06
20,1276,4.60638e+06,1.05323e+07,-829996
20,1277,987483,-1.15513e+07,653376
20,1278,2.46526e+06,8.8253e+06,-888274
20,1279,1.09654e+07,5.85805e+06,-197028
20,1280,1.09418e+07,-4.43159e+06,-444526
20,1281,-4.97971e+06,-7.49163e+06,214542
20,1282,8.72558e+06,-4.08382e+06,665469
20,1283,458172,8.77994e+06,21625.9
20,1284,1.26454e+07,3.7113e+06,509817
20,1285,1.29452e+06,1.21089e+07,441872
20,1286,1.38572e+07,4.31002e+06,-523655
20,1287,8.51e+06,-6.08308e+06,969797
20,1288,130942,-1.05519e+07,66818
20,1289,-2.10459e+06,1.10862e+07,-639428
20,1290,-8.64019e+06,-3.33887e+06,-874767
20,1291,7.81384e+06,1.18995e+07,-797755
20,1292,-2.63331e+06,-1.07932e+07,-900182
20,1293,9.37241e+06,-1.73051e+06,-453309
20,1294,5.01099e+06,-8.03092e+06,-853753
20,1295,-7.87672e+06,7.25642e+06,-393010
20,1296,7.71596e+06,5.15451e+06,-343776
20,1297,1.57105e+06,-7.17294e+06,-149450
20,1298,8.35496e+06,-6.43528e+06,333456
20,1299,6.66336e+06,-2.31729e+06,-371128
20,1300,1.04185e+06,-7.79164e+06,750.298
20,1301,-96879.8,1.04693e+07,99398.1
20,1302,7.55955e+06,-5.2086e+06,-523404
20,1303,-1.30363e+07,-5.2252e+06,923991
20,1304,-4.06153e+06,-1.20277e+07,-446149
20,1305,2.016e+06,8.61589e+06,633127
20,1306,-1.26358e+07,4.82802e+06,-996238
20,1307,-7.26931e+06,-6.95077e+06,-91714
20,1308,1.3216e+07,-82185.3,-817426
20,1309,-9.73478e+06,4.36616e+06,-417360
20,1310,7.78181e+06,3.56395e+06,663914
20,1311,-1.03226e+07,71092.1,862737
20,1312,8.92728e+06,9.73587e+06,172833
20,1313,3.2005e+06,-1.00292e+07,472401
20,1314,-6.83343e+06,1.04668e+07,763321
20,1315,3.85739e+06,6.33291e+06,-243813
20,1316,563907,7.57699e+06,502324
20,1317,-5.00434e+06,1.36835e+07,-686683
20,1318,-1.72978e+06,9.03534e+06,-856200
20,1319,3.1515e+06,1.40647e+07,-230617
20,1320,4.55783e+06,-5.40475e+06,327009
20,1321,2.98166e+06,-1.42555e+07,-542870
20,1322,-2.76439e+06,-8.54363e+06,-244076
20,1323,1.14711e+07,574808,-1.00892e+06
20,1324,-1.02606e+07,-4.65881e+06,567154
20,1325,-7.99961e+06,-812358,-491904
20,1326,-6.61699e+06,3.99235e+06,-521042
20,1327,-3.73782e+06,7.92711e+06,-422022
20,1328,6.4098e+06,4.24192e+06,-472058
20,1329,-5.07191e+06,-5.38554e+06,-314787
20,1330,-4.66885e+06,7.9657e+06,300696
20,1331,908059,-1.39211e+07,635254
20,1332,-3.64076e+06,-1.0247e+07,114750
20,1333,2.10672e+06,8.4646e+06,-355357
20,1334,-1.36092e+07,-4.2948e+06,668071
20,1335,-8.225e+06,5.22655e+06,-731080
20,1336,4.03708e+06,-7.33115e+06,141999
20,1337,3.28523e+06,-9.11381e+06,-491509
20,1338,-8.395e+06,1.21892e+07,-481731
20,1339,6.71916e+06,6.6686e+06,-737657
20,1340,8.69229e+06,-8.50967e+06,707558
20,1341,-7.73075e+06,-2.42997e+06,-640454
20,1342,-3.95558e+06,-6.20936e+06,51749.5
20,1343,7.40224e+06,1.80687e+06,748595
20,1344,-6.85654e+06,2.32572e+06,6687.03
20,1345,3.73291e+06,7.00191e+06,-235208
20,1346,-1.30698e+07,-697973,361062
20,1347,1.78777e+06,-1.47723e+07,-195348
20,1348,-7.66959e+06,-7.26728e+06,349544
20,1349,-6.62219e+06,-8.72789e+06,-1.04712e+06
20,1350,-2.00955e+06,1.02125e+07,-773294
20,1351,-6.12238e+06,-4.82696e+06,36793.1
20,1352,-8.903e+06,1.50144e+06,-14024.8
20,1353,-4.8145e+06,-7.06154e+06,480621
20,1354,-1.05933e+07,-8.09414e+06,31031.3
20,1355,-1.90592e+06,7.21592e+06,-608328
20,1356,9.61687e+06,1.10847e+07,-1.02366e+06
20,1357,1.32689e+07,-4.7594e+06,750145
20,1358,7.03787e+06,217504,-171655
20,1359,8.07447e+06,1.08483e+06,-58541.3
20,1360,-6.60153e+06,1.29516e+07,468648
20,1361,-202816,1.22107e+07,367503
20,1362,6.16097e+06,6.13088e+06,350214
20,1363,7.89176e+06,-4162.9,-500203
20,1364,-1.00138e+07,6.09024e+06,-877364
20,1365,-5.05989e+06,-5.13524e+06,442750
20,1366,-1.3646e+07,1.37422e+06,761817
20,1367,-1.87668e+06,-1.22398e+07,-18328.2
20,1368,4.23751e+06,-1.12962e+07,-246423
20,1369,-1.11742e+07,-7.4281e+06,-897882
20,1370,-4.80051e+06,5.36241e+06,67203.1
20,1371,9.44902e+06,9.91151e+06,823158
20,1372,8.01237e+06,1.13213e+07,976883
20,1373,-2.05436e+06,-1.47652e+07,849934
20,1374,-1.17136e+07,-9.28035e+06,-574468
20,1375,-1.02296e+07,-9.11061e+06,222462
20,1376,497371,-8.9838e+06,-754465
20,1377,-6.68088e+06,1.2705e+07,-1.07056e+06
20,1378,1.01242e+07,2.9015e+06,389036
20,1379,7.48681e+06,-1.2045e+07,-1.05887e+06
20,1380,3.23359e+06,-7.29706e+06,678744
20,1381,-1.06782e+07,-59226.6,-388275
20,1382,-8.58593e+06,-1.12367e+07,-599226
20,1383,7.33151e+06,-5.79615e+06,-911889
20,1384,-8.95983e+06,-3.32863e+06,-673523
20,1385,3.21305e+06,-7.01169e+06,609542
20,1386,1.0999e+07,-7.9786e+06,144339
20,1387,-1.01412e+07,8.89676e+06,448761
20,1388,2.15726e+06,1.47502e+07,-328299
20,1389,6.89137e+06,8.31869e+06,-907218
20,1390,1.35067e+07,-1.86867e+06,-259843
20,1391,6.96854e+06,3.22282e+06,601998
20,1392,-4.67752e+06,9.63505e+06,-50418.8
20,1393,-9.5076e+06,520007,685839
20,1394,-3.88355e+06,-1.10729e+07,-317655
20,1395,-6.33753e+06,-1.12023e+07,-981157
20,1396,-612706,1.15435e+07,703883
20,1397,1.03707e+07,-216487,-847209
20,1398,-5.99697e+06,-1.17859e+07,708122
20,1399,-9.43771e+06,335076,560624
20,1400,1.18974e+06,8.77968e+06,90453.2
20,1401,-2.37334e+06,1.09246e+07,-451697
20,1402,1.37888e+06,-9.11485e+06,280116
20,1403,1.35142e+07,-1.98449e+06,-70577.1
20,1404,7.13936e+06,2.38546e+06,-307728
20,1405,-1.42755e+07,-2.20844e+06,-659762
20,1406,-8.21836e+06,-6.02214e+06,311740
20,1407,8.16525e+06,-1.03895e+06,73695.2
20,1408,6.41348e+06,-4.87564e+06,-686915
20,1409,1.42491e+07,-196481,571537
20,1410,-6.93564e+06,1.11279e+07,1.16099e+06
20,1411,-1.11216e+06,-1.1142e+07,952001
20,1412,7.47882e+06,-1.27597e+07,-582959
20,1413,-1.00943e+07,-1.06556e+07,1.26728e+06
20,1414,-4.4769e+06,1.15686e+07,-322519
20,1415,2.95524e+06,-1.10064e+07,-415022
20,1416,-6.6671e+06,9.51055e+06,734448
20,1417,9.42943e+06,5.07825e+06,-716325
20,1418,-7.46475e+06,-120503,-588889
20,1419,7.40869e+06,-2.71713e+06,589127
20,1420,1.05324e+07,-812680,-1.05943e+06
20,1421,-8.78225e+06,-8.04701e+06,-101380
20,1422,-9.81253e+06,2.68844e+06,-173043
20,1423,8.36857e+06,9.71247e+06,-776197
20,1424,-804694,8.40567e+06,42651
20,1425,5.43902e+06,-5.70639e+06,-319608
20,1426,-3.59296e+06,-7.44316e+06,-765602
20,1427,-3.70301e+06,-1.13516e+07,-681503
20,1428,-4.90467e+06,5.42329e+06,-588162
20,1429,-360933,7.91703e+06,-324318
20,1430,-4.77443e+06,-1.01732e+07,208520
20,1431,3.70875e+06,7.27237e+06,619500
20,1432,7.93357e+06,-8.27408e+06,-294542
20,1433,-1.17575e+07,-1.88393e+06,-430921
20,1434,-1.0736e+07,-295869,-643473
20,1435,2.57174e+06,-9.13202e+06,790679
20,1436,-3.5793e+06,9.18745e+06,-601765
20,1437,-5.58972e+06,1.10338e+07,1.21037e+06
20,1438,-7.63891e+06,5.82012e+06,198482
20,1439,-1.3188e+07,2.4405e+06,-207475
20,1440,1.48785e+07,1.09103e+06,1.18118e+06
20,1441,1.97569e+06,-7.94907e+06,193198
20,1442,6.89736e+06,-6.80418e+06,-946763
20,1443,-7.9843e+06,-3.72312e+06,-261617
20,1444,1.16934e+07,1.90813e+06,-910586
20,1445,2.84668e+06,7.49412e+06,-65194.8
20,1446,1.08312e+07,-7.16719e+06,872423
20,1447,-8.03178e+06,2.95949e+06,-515136
20,1448,-9.07544e+06,-341183,-786338
20,1449,8.08916e+06,-3.32338e+06,-59257.4
20,1450,1.04929e+07,1.09263e+06,-533383
20,1451,7.02129e+06,1.20292e+07,-236449
20,1452,-7.03621e+06,805107,-680353
20,1453,6.23472e+06,-1.20129e+07,779720
20,1454,4.94575e+06,-7.83644e+06,79682.6
20,1455,-6.92159e+06,-7.13832e+06,-972762
20,1456,-246859,-8.12935e+06,-416447
20,1457,-8.90238e+06,7.67559e+06,835467
20,1458,1.094e+07,-9.6743e+06,-670423
20,1459,-8.42404e+06,1.2197e+06,-841308
20,1460,-6.75336e+06,-2.51509e+06,29466.9
20,1461,4.34813e+06,1.42924e+07,-723291
20,1462,6.93254e+06,-3.78017e+06,439104
20,1463,1.11871e+07,-7.69586e+06,67619.4
20,1464,-5.2455e+06,9.2202e+06,189282
20,1465,-1.01447e+07,3.05148e+06,928031
20,1466,4.3806e+06,-1.4192e+07,763359
20,1467,6.13496e+06,1.07716e+07,-1.09587e+06
20,1468,-1.54032e+06,-1.2379e+07,-1.13331e+06
20,1469,1.2052e+07,7.90147e+06,-617446
20,1470,5.84414e+06,1.08573e+07,-1.09921e+06
20,1471,1.10075e+06,-9.58478e+06,-166562
20,1472,-1.06189e+07,-5.9414e+06,-1.16623e+06
20,1473,1.43148e+07,3.92501e+06,1.39276e+06
20,1474,1.10898e+07,-2.48633e+06,-877360
20,1475,5.15949e+06,9.57803e+06,-979583
20,1476,3.01247e+06,1.15521e+07,209404
20,1477,-4.0144e+06,6.78828e+06,444608
20,1478,-7.19619e+06,-7.63509e+06,309489
20,1479,-6.33263e+06,1.21941e+07,514927
20,1480,-1.71064e+06,-1.4593e+07,-29765.7
20,1481,-659532,-1.20247e+07,270453
20,1482,2.27306e+06,6.74715e+06,442553
20,1483,-923356,-9.13169e+06,-234767
20,1484,1.00981e+07,4.73344e+06,-711940
20,1485,1.13661e+07,-9.24428e+06,446316
20,1486,-4.68549e+06,-9.59086e+06,253243
20,1487,1.07101e+07,4.30891e+06,306679
20,1488,1.30833e+07,-371052,-1.2839e+06
20,1489,-1.15046e+07,-5.70247e+06,-169361
20,1490,-6.82325e+06,4.20942e+06,-233524
20,1491,-992669,-9.36262e+06,378133
20,1492,1.08937e+07,-4.287e+06,-351635
20,1493,-4.86281e+06,-7.49491e+06,-538759
20,1494,1.37284e+06,9.38494e+06,-819245
20,1495,-502051,1.36106e+07,-73470.2
20,1496,-2.15047e+06,-7.0204e+06,-248857
20,1497,-1.10843e+07,6.66514e+06,-787957
20,1498,7.48349e+06,8.20431e+06,-132056
20,1499,8.15516e+06,-4.87612e+06,-836455
20,1500,5.03581e+06,1.14887e+07,-454156
20,1501,8.70644e+06,-5.52303e+06,-531255
20,1502,-3.36004e+06,6.93532e+06,-610461
20,1503,-7.08478e+06,-3.71111e+06,-704064
20,1504,-1.45419e+06,-7.09731e+06,-200471
20,1505,-329703,7.99304e+06,227356
20,1506,-9.17629e+06,177747,-695666
20,1507,-4.83151e+06,1.06569e+07,297179
20,1508,-1.02046e+07,-8.77089e+06,-549968
20,1509,-4.34213e+06,7.91255e+06,-606242
20,1510,2.27547e+06,-8.13494e+06,-194743
20,1511,-8.63529e+06,-5.94934e+06,188033
20,1512,3.8204e+06,-6.48121e+06,-486095
20,1513,1.92928e+06,-1.26262e+07,549289
20,1514,1.15665e+07,1.18814e+06,-324758
20,1515,-9.05482e+06,7.57805e+06,859826
20,1516,-2.68644e+06,9.07064e+06,-443014
20,1517,-8.98434e+06,-3.53292e+06,399895
20,1518,4.46225e+06,-1.14233e+07,948405
20,1519,1.3404e+07,1.71795e+06,638071
20,1520,5.70731e+06,6.51846e+06,240000
20,1521,8.87705e+06,3.47481e+06,-692030
20,1522,5.8145e+06,-3.85417e+06,-665077
20,1523,-7.56973e+06,4.23144e+06,-248801
20,1524,1.38101e+07,3.6871e+06,34917.9
20,1525,1.13611e+07,-5.06811e+06,299534
20,1526,1.15533e+07,6.84057e+06,-306330
20,1527,7.61596e+06,-6.43002e+06,-696048
20,1528,-4.00505e+06,7.1354e+06,-730942
20,1529,8.28762e+06,-1.69339e+06,-121487
20,1530,-1.6827e+06,-1.19339e+07,-320734
20,1531,2.06036e+06,7.90819e+06,-305297
20,1532,-9.72681e+06,7.07854e+06,-1.19039e+06
20,1533,9.89384e+06,-5.175e+06,697764
20,1534,3.90618e+06,-1.30199e+07,-479397
20,1535,8.06654e+06,1.0341e+07,413812
20,1536,1.19366e+07,2.05634e+06,698343
20,1537,-1.66097e+06,1.41008e+07,888209
20,1538,-6.10718e+06,-4.62245e+06,-21982.7
20,1539,1.01942e+07,-4.95832e+06,843353
20,1540,-2.07724e+06,1.30717e+07,1.09257e+06
20,1541,4.81977e+06,-6.10154e+06,-267285
20,1542,-3.46538e+06,-6.56053e+06,-399054
20,1543,-3.20599e+06,8.31813e+06,-779798
20,1544,8.40628e+06,416141,-91883.1
20,1545,-3.0083e+06,-7.04824e+06,-405504
20,1546,1.01126e+07,-1.04413e+07,-612470
20,1547,4.44366e+06,-1.24327e+07,1.28884e+06
20,1548,1.01893e+07,5.90696e+06,345961
20,1549,-7.64581e+06,-9.23712e+06,-462707
20,1550,1.34365e+07,-3.38114e+06,-783045
20,1551,2.48338e+06,7.27741e+06,493556
20,1552,-8.05581e+06,-9.44095e+06,-243785
20,1553,-4.24852e+06,1.08182e+07,-52996
20,1554,1.32154e+07,-1.44928e+06,1.15279e+06
20,1555,-1.18879e+07,8.25095e+06,-90324.8
20,1556,1.11901e+07,-5.81908e+06,-904592
20,1557,5.94087e+06,7.3254e+06,211297
20,1558,-4.45355e+06,8.29584e+06,-809928
20,1559,6.45558e+06,-7.35262e+06,-522795
20,1560,-8.51112e+06,-9.19349e+06,912340
20,1561,7.99691e+06,-984357,133142
20,1562,1.27473e+07,-7.79289e+06,-832980
20,1563,-417331,7.43756e+06,41057.4
20,1564,4.02366e+06,7.34238e+06,-62629.6
20,1565,5.12773e+06,5.14679e+06,-122240
20,1566,-6.0717e+06,4.41132e+06,-39008.9
20,1567,7.31658e+06,-7.6837e+06,63788.5
20,1568,-9.14598e+06,5.59614e+06,681994
20,1569,8.63833e+06,-1.12097e+07,491386
20,1570,-1.50024e+06,7.92486e+06,-734152
20,1571,-7.57661e+06,-1.22798e+07,711513
20,1572,5.47331e+06,-7.74239e+06,-456176
20,1573,-5.11216e+06,4.80015e+06,99224.8
20,1574,7.08614e+06,-8.14491e+06,-853720
20,1575,-1.1371e+07,-1.0538e+06,-499574
20,1576,356501,-1.35584e+07,632095
20,1577,-2.27009e+06,-1.3804e+07,-750973
20,1578,-4.58867e+06,1.17645e+07,-651699
20,1579,-132051,-7.5762e+06,319891
20,1580,106212,-8.84444e+06,740799
20,1581,706439,7.82262e+06,393390
20,1582,-6.39521e+06,-6.56336e+06,-769344
20,1583,-598250,-1.05934e+07,395947
20,1584,9.77121e+06,-9.31584e+06,738327
20,1585,1.21033e+07,2.56647e+06,86521.9
20,1586,2.74798e+06,-6.75976e+06,-261687
20,1587,-2.23343e+06,1.12618e+07,649337
20,1588,-1.13659e+07,8.26791e+06,1.02193e+06
20,1589,-8.86689e+06,-2.10421e+06,654938
20,1590,9.22062e+06,-2.59801e+06,-725764
20,1591,5.95418e+06,-3.9036e+06,-615599
20,1592,1.42388e+07,-4.37495e+06,-1.08325e+06
20,1593,4.37808e+06,1.04169e+07,-162364
20,1594,1.07006e+06,7.41183e+06,-204789
20,1595,1.04021e+07,-1.35005e+06,646628
20,1596,-1.24951e+07,-3.08171e+06,876435
20,1597,-2.33858e+06,-9.38018e+06,957735
20,1598,-4.24141e+06,-8.49449e+06,654790
20,1599,-2.75578e+06,-1.40453e+07,-619815
20,1600,9.49718e+06,1.38215e+06,501162
20,1601,4.94444e+06,-5.39858e+06,-559291
20,1602,-8.29482e+06,1.08588e+06,398243
20,1603,-7.59659e+06,2.8455e+06,-27817.7
20,1604,6.39454e+06,5.86763e+06,584741
20,1605,1.09425e+07,1.11828e+06,667304
20,1606,-1.16103e+07,-9.2529e+06,11010.9
20,1607,1.34228e+07,-4.01072e+06,713764
20,1608,-8.7609e+06,-5.88706e+06,424377
20,1609,-8.11579e+06,2.64409e+06,563786
20,1610,-1.04395e+07,6.37356e+06,399750
20,1611,-6.54602e+06,4.47989e+06,465482
20,1612,3.28731e+06,8.08585e+06,789033
20,1613,-734228,8.60974e+06,813874
20,1614,-3.88929e+06,-1.22427e+07,908184
20,1615,-2.02207e+06,-7.6644e+06,5846.62
20,1616,-1.36052e+07,-810289,327813
20,1617,-1.07215e+07,1.35198e+06,579675
20,1618,-7.96201e+06,-9.01545e+06,-119598
20,1619,-177016,-1.12236e+07,732731
20,1620,1.11996e+07,-5.65582e+06,804870
20,1621,-5.31953e+06,-1.01429e+07,978834
20,1622,5.51777e+06,-1.0594e+07,451254
20,1623,461133,1.1405e+07,-168939
20,1624,-7.98086e+06,-1.23934e+07,189852
20,1625,-1.23215e+07,-7.57456e+06,75447.3
20,1626,-2.92034e+06,-1.27189e+07,-801822
20,1627,-1.06284e+07,1.72421e+06,-262272
20,1628,-9.56659e+06,5.66532e+06,-669315
20,1629,9.19598e+06,4.63447e+06,156085
20,1630,-2.02644e+06,-1.36745e+07,-386066
20,1631,2.13445e+06,7.39442e+06,70010.1
20,1632,-8.27621e+06,-2.49477e+06,-464397
20,1633,-1.10702e+07,8.19527e+06,-701517
20,1634,-7.50761e+06,1.11692e+07,-1.04778e+06
20,1635,-1.00074e+07,-5.77189e+06,496338
20,1636,-8.41038e+06,2.95187e+06,-388164
20,1637,5.56161e+06,-5.2377e+06,349875
20,1638,-7.54168e+06,-5.60253e+06,-561932
20,1639,1.04723e+07,9.37028e+06,-1.39901e+06
20,1640,-9.48249e+06,-5.60415e+06,173959
20,1641,-3.05304e+06,6.78053e+06,-1191.1
20,1642,6.16242e+06,-6.14538e+06,-720215
20,1643,-3.79871e+06,-1.02025e+07,-519108
20,1644,5.8325e+06,-1.0454e+07,-742304
20,1645,-1.34857e+07,-4.83493e+06,-575542
20,1646,-4.09476e+06,9.59946e+06,470148
20,1647,6.72419e+06,-1.14835e+07,1.2969e+06
20,1648,-1.06417e+07,-8.01676e+06,-428558
20,1649,1.09352e+07,3.01472e+06,555830
20,1650,1.04271e+07,1.44879e+06,-923409
20,1651,-8.67687e+06,-5.16838e+06,-72299.6
20,1652,-1.18703e+07,1.35508e+06,386503
20,1653,6.54924e+06,5.80475e+06,168786
20,1654,1.06978e+07,1.95224e+06,-259970
20,1655,-7.66486e+06,-1.68258e+06,-163568
20,1656,4.1858e+06,-1.11349e+07,-476846
20,1657,-1.43013e+07,-3.3688e+06,347658
20,1658,-6.11507e+06,-1.08394e+07,27305.8
20,1659,9.75157e+06,3.5643e+06,-995349
20,1660,-5.0632e+06,8.46216e+06,-221510
20,1661,-453660,-8.07363e+06,578196
20,1662,-1.44862e+07,585522,582728
20,1663,-1.21058e+07,6.69617e+06,-527569
20,1664,-1.44123e+07,-1.53486e+06,-7960.11
20,1665,6.44819e+06,5.39535e+06,576079
20,1666,-5.56063e+06,1.05101e+07,-733972
20,1667,-9.80975e+06,-5.85533e+06,-670211
20,1668,1.1858e+07,7.06973e+06,-397439
20,1669,-1.99195e+06,1.22556e+07,814838
20,1670,3.23986e+06,-1.24674e+07,-983158
20,1671,-1.98856e+06,7.87727e+06,29368.5
20,1672,6.81036e+06,-1.1042e+07,530455
20,1673,-908757,-1.43893e+07,-558908
20,1674,-2.88813e+06,-8.63322e+06,-559830
20,1675,-7.53624e+06,-1.70082e+06,497579
20,1676,2.17283e+06,-7.48703e+06,486340
20,1677,1.00948e+07,3.93671e+06,-706128
20,1678,-2.88697e+06,-1.22846e+07,1.00748e+06
20,1679,8.18152e+06,8.26291e+06,-882083
20,1680,5.04998e+06,1.17199e+07,-438167
20,1681,1.07321e+07,1.8121e+06,-547193
20,1682,-2.02351e+06,1.0034e+07,-745679
20,1683,5.0577e+06,-1.17682e+07,-621754
20,1684,-1.00039e+07,8.6046e+06,17643.6
20,1685,108641,-1.38218e+07,844501
20,1686,7.24409e+06,3.55594e+06,636146
20,1687,-2.50744e+06,9.77608e+06,453817
20,1688,8.97098e+06,-1.03306e+07,-503718
20,1689,1.32799e+07,3.60952e+06,-1.24281e+06
20,1690,1.10039e+07,4.73845e+06,-420416
20,1691,-6.54228e+06,1.04826e+07,-792864
20,1692,-8.95934e+06,2.30356e+06,-45535.1
20,1693,127887,-1.32629e+07,-114548
20,1694,1.0282e+07,9.12758e+06,-673238
20,1695,-9.84606e+06,9.32471e+06,1.30904e+06
20,1696,2.91749e+06,-1.03237e+07,-209622
20,1697,-7.78801e+06,6.87696e+06,455481
20,1698,1.07066e+07,-3.81526e+06,-566714
20,1699,-6.20467e+06,4.73077e+06,182128
20,1700,-7.98006e+06,1.13564e+07,427028
20,1701,-7.14908e+06,-6.66294e+06,753534
20,1702,-7.34e+06,4.86861e+06,871643
20,1703,-1.27689e+07,-5.61354e+06,46384.3
20,1704,-9.18445e+06,-1.13546e+06,645413
20,1705,-3.21661e+06,1.20368e+07,-744755
20,1706,4.27006e+06,8.0268e+06,-736801
20,1707,7.73609e+06,6.84685e+06,-678805
20,1708,5.68756e+06,9.80523e+06,-991173
20,1709,1.63509e+06,9.39793e+06,29196.7
20,1710,236610,-7.78963e+06,634453
20,1711,-1.26157e+07,-2.75868e+06,933102
20,1712,1.25206e+07,949828,-266001
20,1713,-7.8815e+06,1.12646e+07,-1.28163e+06
20,1714,4.26591e+06,-1.22162e+07,-879672
20,1715,3.90933e+06,1.05893e+07,495226
20,1716,-3.82436e+06,8.31314e+06,632272
20,1717,-5.10966e+06,-9.52451e+06,-211053
20,1718,-6.50208e+06,-6.73539e+06,-647187
20,1719,2.41091e+06,9.68069e+06,390831
20,1720,1.45499e+07,-300552,-144725
20,1721,-8.47226e+06,3.03227e+06,625916
20,1722,8.29632e+06,-2.4261e+06,-273429
20,1723,7.94346e+06,-1.25565e+07,918096
20,1724,9.51768e+06,661341,-224924
20,1725,9.12304e+06,2.3245e+06,10101.2
20,1726,-6.68213e+06,-7.73459e+06,247764
20,1727,7.88736e+06,-999467,-498371
20,1728,-1.0521e+07,657596,660847
20,1729,-7.08508e+06,3.24136e+06,200248
20,1730,-5.94602e+06,-6.33729e+06,738000
20,1731,1.4627e+07,3.13504e+06,-791796
20,1732,-7.71048e+06,5.49797e+06,-488543
20,1733,8.28869e+06,-2.28455e+06,721256
20,1734,-4.0351e+06,6.17285e+06,-139886
20,1735,-6.04178e+06,-6.54684e+06,250155
20,1736,-678793,-1.37869e+07,117532
20,1737,-1.95434e+06,1.20694e+07,227568
20,1738,7.19774e+06,8.1847e+06,-561681
20,1739,8.34771e+06,-4.14473e+06,-502994
20,1740,-6.44469e+06,6.71741e+06,304932
20,1741,7.63637e+06,-2.11838e+06,580345
20,1742,-5.20236e+06,-1.03272e+07,-1.12125e+06
20,1743,2.86708e+06,-9.24247e+06,-819608
20,1744,-7.87974e+06,-4.84018e+06,-450825
20,1745,9.73775e+06,1.0671e+07,860237
20,1746,149020,-1.10547e+07,-418708
20,1747,7.01175e+06,-8.62521e+06,-73631
20,1748,-9.584e+06,-2.35236e+06,429239
20,1749,9.81955e+06,-3.82899e+06,-432451
20,1750,597176,-1.07795e+07,408517
20,1751,1.39067e+07,-166407,-203454
20,1752,7.70794e+06,1.64328e+06,357792
20,1753,2.44406e+06,1.37439e+07,-955034
20,1754,3.44149e+06,-6.65522e+06,-282715
20,1755,-1.01855e+07,-307226,692819
20,1756,-9.05401e+06,-8.14876e+06,-791201
20,1757,-2.26293e+06,-1.08218e+07,1.04953e+06
20,1758,8.5551e+06,656726,-730462
20,1759,4.39019e+06,-8.93834e+06,-984709
20,1760,-5.17948e+06,9.26129e+06,-952220
20,1761,-444823,1.05879e+07,-313992
20,1762,-1.24775e+07,-1.81895e+06,-948330
20,1763,-9.55596e+06,-1.11315e+07,780803
20,1764,7.22316e+06,2.35883e+06,-732412
20,1765,-7.35394e+06,4.21876e+06,740767
20,1766,-2.79065e+06,1.02838e+07,131990
20,1767,-6.00281e+06,-5.12779e+06,108039
20,1768,1.3282e+07,-998348,-664169
20,1769,9.36282e+06,-5.88601e+06,631443
20,1770,1.02654e+07,-3.53384e+06,-963834
20,1771,1.36911e+07,4.61292e+06,136686
20,1772,-1.23882e+06,1.40689e+07,-78387.1
20,1773,9.18418e+06,-2.70622e+06,620560
20,1774,-1.07151e+07,-6.7162e+06,811919
20,1775,-9.6243e+06,3.15247e+06,466156
20,1776,8.99192e+06,3.96268e+06,-838499
20,1777,5.51981e+06,-5.68359e+06,-44001.8
20,1778,-9.99559e+06,7.81544e+06,-612759
20,1779,2.80744e+06,-9.36266e+06,244814
20,1780,-6.09829e+06,-1.31549e+07,203530
20,1781,1.11352e+07,-4.08787e+06,684442
20,1782,-6.98765e+06,-1.6823e+06,270793
20,1783,2.86001e+06,1.2635e+07,953003
20,1784,1.10837e+06,1.45618e+07,1.11969e+06
20,1785,7.23143e+06,2.79986e+06,-575988
20,1786,4.30448e+06,-6.0598e+06,-657082
20,1787,7.20118e+06,5.67035e+06,-375186
20,1788,-3.66374e+06,-6.77683e+06,-565861
20,1789,5.73648e+06,-1.24957e+07,-1.34157e+06
20,1790,1.38928e+07,2.66806e+06,-737271
20,1791,-3.86093e+06,6.14725e+06,20127.3
20,1792,-7.11332e+06,1.13111e+07,549436
20,1793,175709,-8.48643e+06,-448538
20,1794,3.07495e+06,7.52818e+06,-517703
20,1795,6.31084e+06,-9.08731e+06,-932364
20,1796,-7.0391e+06,-1.04752e+07,941985
20,1797,-8.52824e+06,2.6172e+06,761492
20,1798,-9.45202e+06,7.78711e+06,-904387
20,1799,-7.86425e+06,-4.56122e+06,396890
20,1800,-6.39203e+06,-4.80234e+06,80500.9
20,1801,-3.95596e+06,-1.03566e+07,749309
20,1802,7.41583e+06,-6.03617e+06,-649931
20,1803,-1.02322e+06,8.29714e+06,-637279
20,1804,6.83604e+06,5.58005e+06,568561
20,1805,10030,-8.07868e+06,-732328
20,1806,-3.40109e+06,-1.41132e+07,-1.43662e+06
20,1807,-1.30285e+07,-1.27201e+06,732135
20,1808,-6.96163e+06,-8.72462e+06,639848
20,1809,1.02113e+07,304798,716110
20,1810,-9.99785e+06,116334,-987427
20,1811,1.08967e+07,-800150,-484816
20,1812,-3.77817e+06,-9.41334e+06,639398
20,1813,-3.89262e+06,9.53565e+06,904123
20,1814,8.9887e+06,8.49981e+06,-1.06917e+06
20,1815,1.90297e+06,1.06872e+07,-534508
20,1816,1.17881e+07,7.56834e+06,603742
20,1817,732114,-9.13082e+06,407685
20,1818,-7.01846e+06,-561346,-508656
20,1819,9.71586e+06,-9.97952e+06,-227468
20,1820,-3.58646e+06,9.91669e+06,457087
20,1821,-1.23345e+06,9.79104e+06,-133751
20,1822,-13459.6,-7.69526e+06,-752382
20,1823,4.85987e+06,1.11232e+07,-650232
20,1824,1.20593e+07,-414312,670869
20,1825,3.81021e+06,7.91368e+06,644406
20,1826,6.76003e+06,8.06816e+06,763795
20,1827,1.34255e+07,-1.24765e+06,1.10739e+06
20,1828,1.29896e+07,4.57335e+06,-1.09177e+06
20,1829,-1.13014e+07,-2.39072e+06,-97114.2
20,1830,-9.29211e+06,4.14177e+06,140996
20,1831,-629546,6.98835e+06,25646.1
20,1832,5.7565e+06,1.1407e+07,119800
20,1833,-1.194e+07,4.20518e+06,-1.20086e+06
20,1834,-3.15981e+06,1.0071e+07,909170
20,1835,-4.45883e+06,-6.60001e+06,-714301
20,1836,-9.91552e+06,-3.6349e+06,-426951
20,1837,5.38488e+06,9.16803e+06,-416713
20,1838,-3.92949e+06,1.1265e+07,955827
20,1839,-1.11422e+07,4.39083e+06,-1.10787e+06
20,1840,1.14416e+06,-1.09246e+07,-515383
20,1841,-266700,1.34234e+07,870510
20,1842,5.23478e+06,-5.62259e+06,-1249.73
20,1843,-1.02481e+06,9.31528e+06,-127427
20,1844,2.66378e+06,1.47059e+07,-1.18847e+06
20,1845,-1.16581e+07,717727,56520.7
20,1846,-1.44035e+06,1.22093e+07,1.01197e+06
20,1847,7.11863e+06,7.68187e+06,507883
20,1848,-4.98382e+06,1.10712e+07,295122
20,1849,-8.2589e+06,2.8322e+06,698852
20,1850,-6.19148e+06,5.14738e+06,517774
20,1851,-1.41727e+07,4.10757e+06,20656.6
20,1852,1.05703e+07,-4.64957e+06,828665
20,1853,-7.76786e+06,3.10287e+06,-60216.8
20,1854,-1.05516e+07,-8.10713e+06,410541
20,1855,1.3284e+07,6.88588e+06,-829728
20,1856,-5.99569e+06,8.27189e+06,-980313
20,1857,-3.10438e+06,-7.05965e+06,586087
20,1858,-1.07343e+07,-2.8277e+06,-544118
20,1859,263803,-1.31383e+07,232258
20,1860,7.02474e+06,5.07872e+06,-757284
20,1861,5.42792e+06,-1.03777e+07,840709
20,1862,2.40408e+06,-1.03918e+07,955787
20,1863,-7.42857e+06,5.37154e+06,792968
20,1864,8.34923e+06,-4.86062e+06,932264
20,1865,5.11909e+06,-1.11613e+07,613325
20,1866,-4.50349e+06,1.17108e+07,-1.11429e+06
20,1867,-4.72572e+06,-8.48666e+06,-773738
20,1868,4.40695e+06,5.5525e+06,305977
20,1869,1.47099e+07,-1.46152e+06,-17800
20,1870,-1.04186e+06,-1.39159e+07,2903.19
20,1871,7.41425e+06,8.8402e+06,1.01246e+06
20,1872,-9.29707e+06,3.12965e+06,336888
20,1873,-393432,9.65993e+06,253429
20,1874,-1.16298e+06,-7.10538e+06,20188.7
20,1875,-7.91629e+06,-8.81234e+06,64083.9
20,1876,-4.5936e+06,-1.07011e+07,590004
20,1877,8.82141e+06,-9.26784e+06,-795700
20,1878,9.70434e+06,-3.16378e+06,-211114
20,1879,-7.84799e+06,-1.41566e+06,-623996
20,1880,8.62243e+06,51691.3,71322.4
20,1881,9.2307e+06,-165399,863885
20,1882,-814857,1.04702e+07,711798
20,1883,-4.78707e+06,-1.17478e+07,999401
20,1884,-2.75156e+06,1.21995e+07,485110
20,1885,684028,-9.41904e+06,226196
20,1886,-7.57713e+06,-764774,-238703
20,1887,-7.62211e+06,-5.87337e+06,-342047
20,1888,1.18731e+07,5.78711e+06,423823
20,1889,-6.17858e+06,-1.19734e+07,-7466.27
20,1890,-4.59045e+06,1.37911e+07,-1.40206e+06
20,1891,1.01622e+07,2.2711e+06,947892
20,1892,2.23637e+06,-8.3728e+06,476321
20,1893,-6.20174e+06,-6.11036e+06,-788949
20,1894,1.07718e+07,1.12186e+06,914307
20,1895,2.45422e+06,1.45783e+07,-864000
20,1896,-391893,1.29832e+07,1.02844e+06
20,1897,-6.94273e+06,9.25022e+06,770669
20,1898,9.33491e+06,-5.64152e+06,935912
20,1899,8.2802e+06,266217,804213
20,1900,1.33251e+07,4.95767e+06,948359
20,1901,-726485,1.06071e+07,806844
20,1902,8.13904e+06,-2.64664e+06,-504403
20,1903,1.88441e+06,1.1759e+07,108771
20,1904,4.46388e+06,1.16455e+07,52094.3
20,1905,9.62359e+06,4.74712e+06,684011
20,1906,-8.57964e+06,-4.4942e+06,28635.7
20,1907,8.59959e+06,7.02595e+06,-169946
20,1908,-958870,-1.05509e+07,721521
20,1909,9.634e+06,5.98967e+06,-597560
20,1910,5.79146e+06,5.96857e+06,-223070
20,1911,1.60258e+06,8.65304e+06,-785735
20,1912,5.59564e+06,4.41251e+06,-467748
20,1913,-1.03888e+07,-817699,-750308
20,1914,-5.76503e+06,8.62881e+06,-657880
20,1915,-6.92986e+06,1.29572e+06,261822
20,1916,5.83509e+06,6.56571e+06,681222
20,1917,1.37803e+06,9.07274e+06,656444
20,1918,-1.2866e+07,4.20849e+06,-29133.4
20,1919,7.63639e+06,4.25352e+06,128367
20,1920,-7.4117e+06,2.28741e+06,685001
20,1921,869663,1.45923e+07,362927
20,1922,7.74564e+06,-7.49953e+06,-493167
20,1923,3.53327e+06,6.07355e+06,-211477
20,1924,2.57733e+06,-9.16408e+06,343888
20,1925,-9.07253e+06,2.3253e+06,-759157
20,1926,1.30171e+07,-5.47064e+06,1.35909e+06
20,1927,6.28718e+06,1.23868e+07,-1.26419e+06
20,1928,9.96895e+06,-5.95585e+06,-750357
20,1929,2.55005e+06,-6.55246e+06,-596400
20,1930,-4.33048e+06,-9.34036e+06,-542413
20,1931,1.11219e+06,-7.5881e+06,199673
20,1932,-8.38371e+06,1.22579e+07,-1.30494e+06
20,1933,-1.27176e+07,-1.86547e+06,-738055
20,1934,3.68229e+06,1.27163e+07,-634165
20,1935,-6.33277e+06,4.44888e+06,-125473
20,1936,-2.70347e+06,-1.0745e+07,901836
20,1937,7.54819e+06,2.83895e+06,-778832
20,1938,-4.32644e+06,-6.89575e+06,370556
20,1939,410010,1.32757e+07,-515863
20,1940,9.96778e+06,4.31692e+06,241477
20,1941,-9.60733e+06,1.13247e+07,751623
20,1942,7.54727e+06,8.00079e+06,180907
20,1943,9.14666e+06,2.14855e+06,253584
20,1944,-7.87139e+06,1.14178e+07,-304318
20,1945,5.59493e+06,-1.29589e+07,607173
20,1946,7.65312e+06,-4.67676e+06,-620820
20,1947,1.17908e+07,2.28026e+06,345270
20,1948,-8.79804e+06,2.73312e+06,-285168
20,1949,-5.91947e+06,-5.90005e+06,639634
20,1950,5.09227e+06,1.37459e+07,637670
20,1951,-6.8854e+06,1.01413e+07,-1.18255e+06
20,1952,1.18266e+07,-4.09053e+06,330732
20,1953,-1.03119e+07,-1.77459e+06,-629294
20,1954,-175530,-1.29705e+07,-921156
20,1955,-1.79005e+06,1.38434e+07,1.35048e+06
20,1956,4.28426e+06,9.10084e+06,-298366
20,1957,9.4831e+06,4.55469e+06,164576
20,1958,-693216,-1.17084e+07,-1.10768e+06
20,1959,1.06597e+07,3.81191e+06,455640
20,1960,6.40412e+06,-3.78658e+06,300791
20,1961,-1.0337e+07,3.84506e+06,-816094
20,1962,6.42014e+06,-6.72505e+06,753646
20,1963,-5.72047e+06,-4.03322e+06,307110
20,1964,1.03339e+07,5.96317e+06,-674245
20,1965,4.54341e+06,-7.77194e+06,-66252.9
20,1966,1.00418e+07,-4.21505e+06,298643
20,1967,-1.36589e+07,3.71265e+06,-994010
20,1968,-1.39558e+07,3.59037e+06,-918769
20,1969,8.89942e+06,3.08517e+06,-59710
20,1970,1.26365e+07,-5.47931e+06,1.19462e+06
20,1971,-5.97612e+06,5.26766e+06,-753765
20,1972,-8.82325e+06,1.06584e+07,362914
20,1973,-1.15444e+07,5.31619e+06,-492236
20,1974,1.43445e+07,-3.14269e+06,-618761
20,1975,1.06482e+07,-1.70547e+06,-1.07132e+06
20,1976,8.23885e+06,6.18394e+06,18866.6
20,1977,-6.07621e+06,3.83685e+06,-401747
20,1978,1.1245e+07,-158183,676749
20,1979,-8.9625e+06,-1.03713e+07,-1.26029e+06
20,1980,7.77359e+06,-3.79696e+06,-231684
20,1981,-2.16108e+06,-7.51844e+06,-313874
20,1982,9.12742e+06,22604.1,654824
20,1983,1.01955e+07,-1.13911e+06,308067
20,1984,1.26237e+07,2.6516e+06,-978024
20,1985,9.78497e+06,-7.05142e+06,298541
20,1986,5.91614e+06,5.46375e+06,555140
20,1987,-7.99456e+06,-1.17016e+06,-750021
20,1988,-3.44677e+06,-6.81827e+06,289149
20,1989,1.95095e+06,9.5147e+06,610134
20,1990,-8.35896e+06,-2.40701e+06,816834
20,1991,7.66137e+06,-2.82738e+06,-518539
20,1992,-8.31199e+06,7.93251e+06,1.07141e+06
20,1993,-7.46805e+06,5.27919e+06,885862
20,1994,-1.12743e+07,-311112,-546776
20,1995,1.24974e+07,1.25024e+06,-1.13463e+06
20,1996,-6.5001e+06,9.78407e+06,1.06784e+06
20,1997,-3.10107e+06,-1.38539e+07,904521
20,1998,8.59543e+06,8.82795e+06,654952
20,1999,-3.9845e+06,7.69331e+06,553841
20,2000,7.27858e+06,-8.60915e+06,-647699
20,2001,1.019e+07,6.06313e+06,339341
20,2002,-1.12072e+07,-6.75588e+06,-612240
20,2003,5.19379e+06,5.05644e+06,177301
20,2004,3.79377e+06,1.39528e+07,680148
20,2005,-1.37888e+07,-1.93294e+06,471524
20,2006,-1.01916e+06,1.34705e+07,-549029
20,2007,6.82852e+06,-1.44969e+06,584160
20,2008,1.14744e+07,6.3533e+06,-137709
20,2009,7.75763e+06,929312,181549
20,2010,1.20884e+07,-8.3207e+06,577769
20,2011,-1.32331e+06,7.65462e+06,-279634
20,2012,4.33381e+06,-1.23642e+07,-301104
20,2013,9.89567e+06,2.97751e+06,-436033
20,2014,7.78364e+06,7.20999e+06,-99160.7
20,2015,-1.19613e+07,-6.83495e+06,-1.16288e+06
20,2016,-8.44294e+06,1.21665e+06,-236334
20,2017,-9.67678e+06,-1.93556e+06,166572
20,2018,-7.31774e+06,1.11657e+07,816579
20,2019,9.07863e+06,3.43958e+06,105209
20,2020,1.07647e+07,-4.56156e+06,528921
20,2021,1.20864e+07,-7.71548e+06,299934
20,2022,-1.04063e+07,-4.06157e+06,1.07187e+06
20,2023,1.02659e+07,8.24171e+06,733829
20,2024,-7.94349e+06,2.57473e+06,-484021
20,2025,9.05242e+06,-8.62821e+06,-524618
20,2026,-2.43956e+06,7.25229e+06,263822
20,2027,-1.82164e+06,9.43674e+06,-607323
20,2028,-1.90512e+06,1.08017e+07,507092
20,2029,-3.77862e+06,-6.59705e+06,-399331
20,2030,-2.57482e+06,1.05951e+07,486078
20,2031,1.26828e+07,-7.15221e+06,242960
20,2032,4.56581e+06,-9.67002e+06,392236
20,2033,3.77904e+06,-7.57767e+06,-120428
20,2034,-1.82807e+06,8.30391e+06,-395560
20,2035,965498,1.10801e+07,-838878
20,2036,-6.83769e+06,-4.1157e+06,374924
20,2037,9.29017e+06,2.19399e+06,-712931
20,2038,-1.43092e+07,469901,-132939
20,2039,-823563,-7.25778e+06,40995
20,2040,6.54293e+06,5.60332e+06,-200917
20,2041,9.1598e+06,-1.01801e+07,281714
20,2042,9.52894e+06,8.57372e+06,225940
20,2043,3.63465e+06,1.17508e+07,936952
20,2044,-3.4549e+06,7.82913e+06,206345
20,2045,-3.65967e+06,-1.15022e+07,-938473
20,2046,-1.34792e+07,-2.9374e+06,-79124.3
20,2047,-785894,-1.47846e+07,-1.1333e+06
20,2048,1.06699e+07,7.41615e+06,-1.23164e+06
20,2049,1.02036e+07,-280741,-664602
20,2050,5.62016e+06,1.10181e+07,556412
20,2051,-4.58084e+06,-1.00265e+07,-655797
20,2052,1.29557e+07,-240231,429438
20,2053,9.70971e+06,-4.94544e+06,-1.05835e+06
20,2054,9.86532e+06,-8.14018e+06,-1.12408e+06
20,2055,2.85132e+06,1.02089e+07,141011
20,2056,-4.07278e+06,1.14958e+07,-97609.9
20,2057,-6.38147e+06,6.64552e+06,-628258
20,2058,1.40081e+07,994169,1.07612e+06
20,2059,-5.78229e+06,1.00122e+07,516108
20,2060,-1.10283e+07,-64292.1,-861596
20,2061,433352,1.00594e+07,-978246
20,2062,8.26661e+06,5.39105e+06,-480312
20,2063,6.13316e+06,4.69875e+06,-465573
20,2064,1.49898e+07,313989,415921
20,2065,7.18538e+06,-3.74592e+06,-659919
20,2066,-1.10998e+07,-9.43477e+06,-1.45788e+06
20,2067,-1.39892e+07,-2.03282e+06,-671470
20,2068,1.1819e+07,-5.73795e+06,-42853.1
20,2069,2.43748e+06,-9.20078e+06,346171
20,2070,-4.87526e+06,-1.32213e+07,-723425
20,2071,1.13493e+07,8.92416e+06,-670538
20,2072,-1.01238e+07,-4.57413e+06,-1.08022e+06
20,2073,-8.63126e+06,1.00429e+07,-247866
20,2074,-9.81934e+06,9.14718e+06,-1.21852e+06
20,2075,8.09928e+06,-2.15301e+06,-721718
20,2076,-9.83394e+06,-330143,-13221.4
20,2077,-7.02674e+06,-209434,-163401
20,2078,7.88815e+06,1.24876e+07,-430950
20,2079,-8.08561e+06,6.46139e+06,343375
20,2080,1.43554e+06,8.59595e+06,399742
20,2081,-9.51855e+06,5.46993e+06,-727330
20,2082,8.44256e+06,704658,-693726
20,2083,8.98059e+06,-7.09384e+06,-487419
20,2084,7.10106e+06,6.4894e+06,-214280
20,2085,6.413e+06,-3.47394e+06,252561
20,2086,1.11325e+07,-9.94213e+06,-80626
20,2087,3.95254e+06,1.04336e+07,-84703.1
20,2088,1.34333e+07,4.5616e+06,1.03332e+06
20,2089,7.90036e+06,-5.61046e+06,856550
20,2090,-6.23081e+06,-1.0682e+07,-116850
20,2091,1.32947e+07,-3.15356e+06,752457
20,2092,-9.28053e+06,-7.52234e+06,836293
20,2093,3.87858e+06,-1.06451e+07,20132.2
20,2094,-5.6931e+06,4.8812e+06,-83315.4
20,2095,6.41446e+06,4.99971e+06,57677.4
20,2096,-2.64788e+06,7.20061e+06,375538
20,2097,-2.82909e+06,-1.43682e+07,1.44746e+06
20,2098,-3.53148e+06,1.20734e+07,433011
20,2099,-8.78058e+06,8.9789e+06,-1.21509e+06
20,2100,1.24876e+07,1.83235e+06,331214
20,2101,-7.55361e+06,-3.46154e+06,6501.66
20,2102,-4.74607e+06,5.28967e+06,143670
20,2103,1.06214e+07,-8.79296e+06,-44536.6
20,2104,-5.30595e+06,1.16716e+07,-404784
20,2105,-7.85486e+06,-3.37664e+06,-317192
20,2106,-2.90575e+06,-7.09656e+06,318749
20,2107,8.69046e+06,4.69774e+06,-145617
20,2108,-5.03747e+06,-9.24864e+06,-388937
20,2109,8.68815e+06,-8.90845e+06,-653898
20,2110,-1.12679e+07,9.61911e+06,-690107
20,2111,8.50307e+06,5.88873e+06,-775659
20,2112,933252,-1.024e+07,824937
20,2113,9.6436e+06,7.65301e+06,423704
20,2114,4.25195e+06,-1.12833e+07,785432
20,2115,-1.20126e+07,7.06215e+06,551707
20,2116,9.12623e+06,100570,-593397
20,2117,4.07067e+06,5.78081e+06,390395
20,2118,-1.00038e+07,3.28878e+06,960911
20,2119,-5.47855e+06,1.32444e+07,-834920
20,2120,1.15152e+07,-7.58245e+06,114701
20,2121,-642463,1.19965e+07,723584
20,2122,-1.20042e+07,-385818,-1.05933e+06
20,2123,-1.06263e+07,-9.57004e+06,-880013
20,2124,-5.10652e+06,-1.06943e+07,61078
20,2125,-1.10093e+07,-6.31876e+06,1.13978e+06
20,2126,5.72587e+06,4.70951e+06,-484453
20,2127,-7.51966e+06,-9.96384e+06,980775
20,2128,-1.27766e+07,-788434,1.2632e+06
20,2129,4.67663e+06,-7.8389e+06,-133645
20,2130,-1.61556e+06,-1.2078e+07,326035
20,2131,-7.65755e+06,2.71171e+06,99807.7
20,2132,-1.29301e+07,4.65944e+06,1.15372e+06
20,2133,-9.97527e+06,-3.29238e+06,623153
20,2134,1.1326e+07,-2.76479e+06,373965
20,2135,1.10382e+07,1.77508e+06,-192901
20,2136,25169.2,-9.37802e+06,-547721
20,2137,3.06367e+06,8.05463e+06,-646380
20,2138,7.23123e+06,-6.12058e+06,521393
20,2139,3.88272e+06,-1.22686e+07,-593838
20,2140,9.08015e+06,1.07766e+07,-461394
20,2141,9.24937e+06,7.13511e+06,538010
20,2142,2.29467e+06,-9.83382e+06,-14345.4
20,2143,-662826,-8.4106e+06,-418498
20,2144,9.65761e+06,5.10422e+06,257533
20,2145,-8.96057e+06,8.391e+06,1.11873e+06
20,2146,-3.54343e+06,-1.35241e+07,597742
20,2147,-4.85815e+06,-7.57955e+06,-543996
20,2148,8.14877e+06,119590,199472
20,2149,-2.60669e+06,1.01152e+07,217119
20,2150,6.01166e+06,4.25405e+06,-689921
20,2151,-8.75992e+06,-6.57234e+06,-960676
20,2152,1.45145e+06,1.26782e+07,472870
20,2153,-5.25513e+06,-1.3848e+07,1.13734e+06
20,2154,-1.45319e+07,1.10236e+06,590029
20,2155,-8.65608e+06,1.07477e+07,-659024
20,2156,-2.04966e+06,-1.44048e+07,-816553
20,2157,3.17094e+06,-1.01065e+07,99696
20,2158,408715,-1.21892e+07,297650
20,2159,97199.7,-1.13085e+07,515024
20,2160,-7.75313e+06,9.20735e+06,-226761
20,2161,1.115e+07,9.65259e+06,-683274
20,2162,5.76573e+06,-9.26731e+06,-735223
20,2163,8.37569e+06,3.82527e+06,379509
20,2164,-6.90364e+06,5.62509e+06,-100261
20,2165,-1.20221e+07,7.35783e+06,-1.00176e+06
20,2166,1.09184e+07,-2.45929e+06,241065
20,2167,8.10987e+06,-1.2384e+07,-1.37775e+06
20,2168,-2.92494e+06,1.19125e+07,146256
20,2169,-5.46727e+06,7.40145e+06,780557
20,2170,6.1581e+06,-6.02474e+06,-811305
20,2171,4.84035e+06,-6.01981e+06,201702
20,2172,3.16061e+06,1.25868e+07,96248.4
20,2173,-8.90229e+06,-9.33256e+06,-73001.2
20,2174,-6.44865e+06,-1.31315e+07,1.19566e+06
20,2175,-1.05025e+06,-1.27497e+07,-1.07705e+06
20,2176,6.31096e+06,-7.57785e+06,-527848
20,2177,-3.77234e+06,6.9545e+06,-442747
20,2178,9.80534e+06,-1.0549e+07,-912.429
20,2179,-1.50393e+06,-7.33597e+06,184834
20,2180,-1.37159e+07,-5.44346e+06,-483012
20,2181,1.10648e+07,-1.32325e+06,437835
20,2182,604318,1.23464e+07,602691
20,2183,-5.44067e+06,1.18091e+07,-42349.4
20,2184,-646024,9.29242e+06,-885802
20,2185,-8.663e+06,-3.2016e+06,-923569
20,2186,6.90186e+06,-6.17975e+06,173517
20,2187,-9.80543e+06,6.6639e+06,418586
20,2188,3.68608e+06,-7.65306e+06,-652393
20,2189,-6.72957e+06,1.02157e+07,606033
20,2190,-1.09034e+07,3.23537e+06,-753001
20,2191,1.19361e+07,-1.7861e+06,787013
20,2192,-5.41709e+06,5.11892e+06,635782
20,2193,-5.65558e+06,-9.41944e+06,908639
20,2194,-1.39866e+07,-272079,-174460
20,2195,-1.74583e+06,-9.55051e+06,-413830
20,2196,-5.66879e+06,6.9651e+06,-580485
20,2197,-9.27771e+06,-8.46762e+06,-43010.5
20,2198,8.54755e+06,-5.33867e+06,-951814
20,2199,1.07987e+07,-7.50778e+06,-141110
20,2200,1.07423e+07,-3.77629e+06,-655926
20,2201,-1.10269e+07,1.63921e+06,-539077
20,2202,1.09906e+07,-7.88629e+06,763536
20,2203,7.2452e+06,4.5605e+06,180544
20,2204,-3.33915e+06,-6.66726e+06,45363.8
20,2205,-1.03142e+07,-6.70281e+06,-190171
20,2206,-3.08504e+06,8.03508e+06,42169.7
20,2207,2.36446e+06,-1.19662e+07,652355
20,2208,-3.39478e+06,1.43306e+07,-1.26634e+06
20,2209,-277198,-9.76062e+06,-120857
20,2210,-1.28143e+07,-4.22336e+06,1.1626e+06
20,2211,1.31748e+07,6.25052e+06,-127119
20,2212,-559630,1.18623e+07,-220716
20,2213,1.6912e+06,1.23032e+07,253323
20,2214,1.05361e+07,6.87289e+06,-6215.77
20,2215,-1.31882e+06,-8.99094e+06,-564871
20,2216,-1.28508e+07,5.83168e+06,-853376
20,2217,-8.89291e+06,5.58859e+06,-149314
20,2218,-1.1536e+07,-1.66759e+06,-817723
20,2219,-818685,-7.4795e+06,89850.6
20,2220,3.6626e+06,-9.16482e+06,-220980
20,2221,-4.67867e+06,1.24702e+07,-1.14059e+06
20,2222,-1.14495e+07,8.79311e+06,846026
20,2223,-5.47036e+06,-7.40628e+06,688654
20,2224,3.69266e+06,-6.33479e+06,104593
20,2225,-1.16833e+07,-1.83513e+06,887363
20,2226,-661471,7.29689e+06,551545
20,2227,1.29254e+07,1.55583e+06,44278.4
20,2228,-9.19198e+06,6.44685e+06,-455170
20,2229,3.14367e+06,1.20275e+07,744133
20,2230,-1.16129e+07,6.70933e+06,-580942
20,2231,-9.21913e+06,891492,406971
20,2232,-7.51614e+06,-6.39456e+06,-231956
20,2233,9.25331e+06,1.59537e+06,-934603
20,2234,-7.39576e+06,4.7615e+06,618875
20,2235,-1.55311e+06,1.32799e+07,-683691
20,2236,-4.80848e+06,7.39234e+06,-3176.56
20,2237,1.94855e+06,1.0298e+07,-775980
20,2238,3.89543e+06,5.92964e+06,291481
20,2239,-8.80051e+06,1.61613e+06,163385
20,2240,1.08537e+07,-8.96546e+06,692410
20,2241,-6.40353e+06,-3.44074e+06,417019
20,2242,-6.72615e+06,-2.33561e+06,510213
20,2243,1.07337e+07,404649,-1.05376e+06
20,2244,5.69614e+06,8.61465e+06,339770
20,2245,5.42417e+06,1.14084e+07,983543
20,2246,6.45859e+06,8.30479e+06,556493
20,2247,-8.4259e+06,-1.02731e+07,940800
20,2248,9.60194e+06,-8.61151e+06,-170544
20,2249,1.29673e+07,96124.3,583737
20,2250,-7.84147e+06,-1.05658e+06,138214
20,2251,8.18166e+06,-1.79423e+06,-544157
20,2252,7.32456e+06,-4.15361e+06,-58588.6
20,2253,-6.03092e+06,-4.46525e+06,152811
20,2254,7.42879e+06,-1.14022e+06,66172
20,2255,-1.13678e+07,-1.5692e+06,254169
20,2256,-2.24815e+06,8.83281e+06,20667.5
20,2257,1.27602e+07,4.25418e+06,278200
20,2258,7.29733e+06,1.1228e+07,-1.30291e+06
20,2259,-7.98793e+06,-5.09947e+06,-686719
20,2260,-9.80695e+06,-3.48268e+06,205826
20,2261,-7.50907e+06,5.28266e+06,511563
20,2262,9.47609e+06,-1.10128e+07,186794
20,2263,-5.21867e+06,8.82605e+06,-770483
20,2264,-2.82339e+06,-7.31763e+06,-377028
20,2265,9.01968e+06,37173.1,-563631
20,2266,6.57388e+06,4.87378e+06,130608
20,2267,-8.0538e+06,8.92637e+06,85149.5
20,2268,5.60333e+06,-1.20085e+07,1.21696e+06
20,2269,-1.24104e+07,-5.47963e+06,-870333
20,2270,7.28937e+06,2.75849e+06,259623
20,2271,-1.33803e+07,-845238,-1.19711e+06
20,2272,1.04232e+07,-4.31664e+06,220262
20,2273,4.26928e+06,-1.27282e+07,1.16314e+06
20,2274,-74329.9,-1.3143e+07,-699584
20,2275,-7.39436e+06,-975256,-561161
20,2276,-3.74516e+06,1.41746e+07,1.0366e+06
20,2277,-4.58423e+06,8.95796e+06,877926
20,2278,-7.70491e+06,6.178e+06,-779583
20,2279,-3.10242e+06,1.19662e+07,211655
20,2280,-2.1331e+06,-1.15209e+07,575116
20,2281,-5.51275e+06,9.62317e+06,749580
20,2282,-9.45918e+06,-582949,-187173
20,2283,-1.26366e+07,5.63746e+06,-315255
20,2284,-9.91129e+06,-7.58401e+06,-982290
20,2285,-877773,-1.09768e+07,1.08717e+06
20,2286,-8.32859e+06,8.66018e+06,-658692
20,2287,5.61314e+06,-1.27849e+07,-743718
20,2288,-1.72889e+06,-8.42363e+06,-318355
20,2289,5.3266e+06,7.79451e+06,-445933
20,2290,-991610,-1.03672e+07,-341050
20,2291,-2.227e+06,9.36771e+06,-41816.5
20,2292,-8.41553e+06,617011,344713
20,2293,7.18744e+06,598310,-614204
20,2294,6.951e+06,-8.82028e+06,-1.11561e+06
20,2295,1.12851e+07,9.03999e+06,990493
20,2296,-5.75006e+06,-9.2162e+06,23208
20,2297,5.60231e+06,-9.23596e+06,553275
20,2298,8.19454e+06,7.08869e+06,-835021
20,2299,-1.31627e+07,-2.57519e+06,-49384.6
20,2300,7.95161e+06,-9.56745e+06,320704
20,2301,1.36998e+06,-1.30255e+07,-376609
20,2302,3.03456e+06,-8.67447e+06,-225764
20,2303,1.27867e+07,6.10936e+06,-1.25535e+06
20,2304,-8.49493e+06,-1.16421e+07,-347097
20,2305,-6.01167e+06,-1.15719e+07,81371.7
20,2306,3.09739e+06,-7.12616e+06,569726
20,2307,5.04794e+06,-6.65578e+06,632379
20,2308,-6.22984e+06,-9.53801e+06,-268351
20,2309,-1.48059e+06,-9.11064e+06,669127
20,2310,-1.21625e+07,-1.00751e+06,-833764
20,2311,-7.02106e+06,2.33008e+06,-668414
20,2312,-8.62848e+06,7.66209e+06,594053
20,2313,-7.80235e+06,-5.32267e+06,71177.8
20,2314,6.2457e+06,3.23027e+06,-294908
20,2315,8.37785e+06,1.12732e+07,592752
20,2316,3.82889e+06,-1.42624e+07,-759855
20,2317,1.18326e+07,7.97045e+06,-90900.1
20,2318,-8.81302e+06,-1.10042e+07,-243509
20,2319,-6.70651e+06,6.50428e+06,16706
20,2320,9.3616e+06,-1.71055e+06,826268
20,2321,-1.2358e+07,6.48278e+06,534173
20,2322,8.47916e+06,-1.14161e+07,-243680
20,2323,6.95361e+06,3.74555e+06,121722
20,2324,7.21754e+06,-9.7498e+06,-503648
20,2325,-6.14022e+06,5.63833e+06,-244160
20,2326,-3.6501e+06,-7.1859e+06,14008.7
20,2327,-7.76778e+06,1.01248e+07,-445013
20,2328,7.79318e+06,-7.38302e+06,-989747
20,2329,-9.19748e+06,9.75181e+06,952289
20,2330,-7.88894e+06,1.0841e+07,520124
20,2331,6.66701e+06,-4.90273e+06,-158074
20,2332,-2.7913e+06,-1.02499e+07,682553
20,2333,-4.57904e+06,-7.61851e+06,-192006
20,2334,-3.53637e+06,-9.29729e+06,-224459
20,2335,5.11829e+06,-8.28428e+06,-778121
20,2336,-20129.3,1.2349e+07,-1.20032e+06
20,2337,-6.4347e+06,-5.28504e+06,348426
20,2338,6.92182e+06,1.77321e+06,576367
20,2339,6.05444e+06,-4.55293e+06,-412169
20,2340,-4.83223e+06,1.19466e+07,926194
20,2341,-1.03113e+07,7.16878e+06,-1.0667e+06
20,2342,-9.42038e+06,-8.66305e+06,-1.27651e+06
20,2343,2.69806e+06,-6.53197e+06,-340255
20,2344,-1.15953e+07,3.30516e+06,877891
20,2345,1.43003e+07,-176116,-992113
20,2346,-1.50885e+06,1.38193e+07,252514
20,2347,1.09197e+07,1.36641e+06,954841
20,2348,-2.74098e+06,-7.10385e+06,434410
20,2349,8.7184e+06,1.01253e+07,-140110
20,2350,-4.53841e+06,1.28577e+07,-87948.6
20,2351,-8.94616e+06,1.94331e+06,711462
20,2352,-9.94432e+06,-3.78156e+06,-204331
20,2353,1.06095e+07,1.14348e+06,-461784
20,2354,-6.90092e+06,-7.90335e+06,-104808
20,2355,-7.47804e+06,6.16191e+06,-499814
20,2356,-1.41789e+07,-2.06075e+06,-1.39874e+06
20,2357,7.0665e+06,-1.05318e+06,-398338
20,2358,1.24677e+07,4.90316e+06,1.13112e+06
20,2359,-1.25125e+07,-6.11752e+06,-1.3721e+06
20,2360,-7.62911e+06,4.89091e+06,-72374.8
20,2361,9.15056e+06,2.06172e+06,169078
20,2362,-2.41697e+06,1.08803e+07,-1.03278e+06
20,2363,-1.48535e+07,1.57929e+06,765445
20,2364,1.01877e+07,2.96674e+06,-404225
20,2365,5.15151e+06,-8.049e+06,294840
20,2366,9.03613e+06,-1.71601e+06,-328381
20,2367,1.49552e+07,-252220,-924885
20,2368,-9.47131e+06,696113,311768
20,2369,1.10303e+07,-2.0168e+06,502630
20,2370,6.77525e+06,5.44208e+06,327562
20,2371,2.07903e+06,-7.99591e+06,-312335
20,2372,9.5752e+06,786176,386410
20,2373,1.28007e+06,-7.8019e+06,-12856.7
20,2374,-1.13727e+07,-6.75584e+06,-1.10725e+06
20,2375,1.18334e+07,5.678e+06,-55906.7
20,2376,267317,-8.34621e+06,688851
20,2377,-1.12297e+07,-2.06008e+06,603265
20,2378,6.18676e+06,-3.33383e+06,-425668
20,2379,-1.1727e+06,-1.48042e+07,815355
20,2380,-1.20754e+07,2.05127e+06,175468
20,2381,-5.13497e+06,-5.28522e+06,185841
20,2382,-1.40658e+07,-611716,-1.1935e+06
20,2383,-5.15969e+06,-7.90128e+06,-492506
20,2384,4.08424e+06,-8.29164e+06,155870
20,2385,-4.72432e+06,9.99629e+06,510979
20,2386,-615359,-9.24699e+06,-798693
20,2387,-1.39151e+07,-74482.6,-171139
20,2388,-8.33995e+06,-8.4268e+06,-874054
20,2389,-2.2241e+06,1.28156e+07,1.05574e+06
20,2390,-7.77992e+06,1.10538e+07,832976
20,2391,7.82143e+06,5.91989e+06,908650
20,2392,-1.17885e+07,3.2121e+06,-249830
20,2393,9.52193e+06,-978757,-700423
20,2394,-9.49031e+06,730713,-41877.8
20,2395,4.71594e+06,9.65348e+06,-764188
20,2396,7.813e+06,-4.48975e+06,-698679
20,2397,733822,-1.30137e+07,808535
20,2398,-1.26257e+06,1.40148e+07,-775937
20,2399,-1.14147e+06,1.06513e+07,502332
20,2400,8.60163e+06,-8.43241e+06,-1.00751e+06
20,2401,-3.95903e+06,1.37625e+07,-26651.9
20,2402,809316,-1.04764e+07,-167423
20,2403,1.19345e+07,-8.24956e+06,1.08184e+06
20,2404,4.72444e+06,-5.89959e+06,426092
20,2405,5.9978e+06,4.99176e+06,-623655
20,2406,-6.68294e+06,-2.27328e+06,670176
20,2407,-1.00888e+07,-2.77528e+06,982117
20,2408,5.80341e+06,-6.9327e+06,83876.8
20,2409,-6.4872e+06,9.56208e+06,142320
20,2410,847708,-7.53062e+06,-326471
20,2411,-9.57089e+06,1.03063e+07,-1.00641e+06
20,2412,6.31562e+06,1.08461e+07,637303
20,2413,2.81705e+06,-1.44048e+07,-1.40611e+06
20,2414,-3.84459e+06,-1.11288e+07,767441
20,2415,-7.40739e+06,775851,52677.5
20,2416,-3.80194e+06,7.43699e+06,-99848.9
20,2417,1.23875e+07,-5.75998e+06,350947
20,2418,-387565,1.0105e+07,978061
20,2419,1.32705e+07,-6.64203e+06,848763
20,2420,4.04804e+06,-8.70996e+06,-175205
20,2421,-173853,-9.5787e+06,-807229
20,2422,-7.04462e+06,2.22664e+06,-80311.3
20,2423,9.83561e+06,1.01379e+07,-1.06621e+06
20,2424,7.97935e+06,1.65762e+06,-699651
20,2425,-1.11957e+07,5.00117e+06,647025
20,2426,-7.95796e+06,-1.25737e+07,-1.34147e+06
20,2427,5.84703e+06,-5.21749e+06,43086.7
20,2428,8.50114e+06,-1.05502e+07,1.16171e+06
20,2429,-1.36966e+07,-5.03073e+06,-464087
20,2430,-1.39621e+07,-4.40071e+06,-1.279e+06
20,2431,-1.02497e+07,-6.43862e+06,960112
20,2432,-7.19309e+06,9.81974e+06,1.13826e+06
20,2433,-9.06429e+06,-9.87108e+06,-555319
20,2434,-4.6793e+06,-8.78307e+06,-853923
20,2435,-1.8999e+06,-8.85183e+06,-36176.1
20,2436,5.82303e+06,8.39703e+06,-118839
20,2437,-1.26706e+06,1.30398e+07,-1.30017e+06
20,2438,1.2183e+07,-1.99518e+06,263788
20,2439,-3.54642e+06,7.10168e+06,584615
20,2440,-6.81788e+06,-5.65659e+06,-172446
20,2441,3.48753e+06,-7.91862e+06,420498
20,2442,931439,1.22176e+07,-987577
20,2443,-1.08927e+07,-3.95008e+06,-723018
20,2444,6.40491e+06,3.73406e+06,732890
20,2445,1.17383e+07,-6.13316e+06,-808713
20,2446,9.08458e+06,1.15372e+07,26671.8
20,2447,-8.09308e+06,1.09747e+07,-205017
20,2448,5.64264e+06,5.70378e+06,191869
20,2449,2.23685e+06,-1.22001e+07,140611
20,2450,1.20838e+07,1.1494e+06,-821348
20,2451,1.31564e+07,6.92968e+06,531922
20,2452,-1.60242e+06,-8.24736e+06,346274
20,2453,-1.23095e+06,8.78356e+06,274598
20,2454,3.32744e+06,9.5466e+06,468746
20,2455,5.18675e+06,-6.39401e+06,24151.7
20,2456,-2.55957e+06,-7.41635e+06,30063.8
20,2457,-8.35117e+06,4.26424e+06,-378357
20,2458,4.58149e+06,7.86352e+06,-249820
20,2459,-3.52807e+06,-8.28168e+06,331156
20,2460,2.04383e+06,-1.07974e+07,751321
20,2461,-8.44492e+06,-7.99218e+06,-505175
20,2462,1.39718e+07,2.25424e+06,-428648
20,2463,1.11114e+07,6.25056e+06,-808890
20,2464,-1.08338e+07,-4.42063e+06,559533
20,2465,9.20343e+06,9.79214e+06,-1.2984e+06
20,2466,-4.0829e+06,1.18283e+07,315344
20,2467,-8.07669e+06,1.44208e+06,7259.34
20,2468,-1.16299e+07,-1.08766e+06,-10066.4
20,2469,8.6231e+06,4.28569e+06,-792237
20,2470,-6.5599e+06,8.16045e+06,33784.5
20,2471,-3.45348e+06,-8.75742e+06,686378
20,2472,3.15457e+06,8.8159e+06,-720102
20,2473,-1.1215e+07,3.9996e+06,-743877
20,2474,7.18257e+06,9.89175e+06,132758
20,2475,-980780,-1.11297e+07,-996708
20,2476,-3.99164e+06,-1.35026e+07,-800240
20,2477,-7.74198e+06,3.38647e+06,537345
20,2478,-1.35798e+07,-1.86911e+06,990876
20,2479,6.81266e+06,1.69256e+06,579343
20,2480,-1.2593e+07,3.90889e+06,669354
20,2481,2.12981e+06,-1.44548e+07,1.002e+06
20,2482,6.31668e+06,1.1426e+07,872274
20,2483,6.7733e+06,-5.23516e+06,-70788.3
20,2484,-1.23746e+07,95548.9,-1.00703e+06
20,2485,9.2508e+06,-810880,858001
20,2486,9.54072e+06,-86429.9,660374
20,2487,1.14439e+07,3.07341e+06,953381
20,2488,7.83748e+06,-8.32507e+06,765860
20,2489,-4.25984e+06,-1.29706e+07,-569839
20,2490,-3.58941e+06,8.95192e+06,-928569
20,2491,-3.55858e+06,-1.10737e+07,824522
20,2492,-7.73107e+06,-2.35609e+06,-797711
20,2493,7.25585e+06,2.73141e+06,349794
20,2494,-1.44971e+06,-7.50014e+06,-382766
20,2495,5.49914e+06,-1.28345e+07,1.28208e+06
20,2496,1.28655e+07,-5.60614e+06,1.00861e+06
20,2497,5.91633e+06,1.10498e+07,-572656
20,2498,-6.83592e+06,-5.38449e+06,6299.19
20,2499,1.33551e+07,-3.97522e+06,-265162
20,2500,1.08852e+07,-1.841e+06,-494352
20,2501,1.952e+06,1.31867e+07,483981
20,2502,6.81679e+06,-5.91958e+06,111001
20,2503,1.21872e+06,8.39957e+06,-10439.5
20,2504,1.91721e+06,-1.45672e+07,-34351.9
20,2505,-9.18735e+06,-3.07985e+06,481665
20,2506,-6.09261e+06,1.17757e+07,586807
20,2507,1.18457e+07,-2.9882e+06,1.05588e+06
20,2508,-2.09984e+06,-1.31347e+07,-601503
20,2509,-1.24005e+07,5.94857e+06,-626909
20,2510,5.27869e+06,-8.55027e+06,-707243
20,2511,-1.05968e+07,380613,-985431
20,2512,4.08989e+06,-7.50527e+06,566180
20,2513,6.68627e+06,-6.50078e+06,507352
20,2514,27233.4,-1.02993e+07,952915
20,2515,644228,1.06106e+07,941700
20,2516,9.25908e+06,7.36128e+06,171952
20,2517,6.87597e+06,-8.59182e+06,67553.3
20,2518,-3.94719e+06,-8.13449e+06,76982.6
20,2519,-7.85241e+06,-4.07345e+06,569580
20,2520,-4.8025e+06,-5.39834e+06,-217376
20,2521,-7.37483e+06,5.72599e+06,-295066
20,2522,-2.22913e+06,1.34598e+07,636625
20,2523,7.43551e+06,-2.18615e+06,189598
20,2524,-3.87347e+06,1.20443e+07,-222441
20,2525,8.06941e+06,-3.48614e+06,-20910.3
20,2526,-1.06756e+06,-1.19922e+07,-310420
20,2527,-5.6123e+06,-1.14484e+07,524707
20,2528,-8.1645e+06,7.21706e+06,-606279
20,2529,-1.04934e+07,-8.64552e+06,-151321
20,2530,1.38325e+07,4.40276e+06,1.01828e+06
20,2531,1.14057e+07,-9.66785e+06,929488
20,2532,1.03763e+06,9.9294e+06,469228
20,2533,4.09974e+06,8.48236e+06,540416
20,2534,8.21026e+06,-4.73613e+06,646662
20,2535,1.96844e+06,-1.35995e+07,1.04875e+06
20,2536,-1.0674e+07,-8.15842e+06,-548901
20,2537,7.697e+06,-1.18204e+07,-76508.4
20,2538,-4.57404e+06,-5.66774e+06,-656239
20,2539,1.39925e+07,-3.32646e+06,-894304
20,2540,1.03066e+07,6.89102e+06,569487
20,2541,-3.98155e+06,-8.92757e+06,-248561
20,2542,-6.84481e+06,4.40571e+06,-631739
20,2543,1.12006e+07,3.07452e+06,63460.3
20,2544,7.46388e+06,-1.19031e+07,1.07767e+06
20,2545,1.12865e+07,8.8408e+06,-1.06644e+06
20,2546,9.0421e+06,-6.95017e+06,1.08514e+06
20,2547,-4.65857e+06,5.69547e+06,-422878
20,2548,-8.19086e+06,-1.0108e+07,-990927
20,2549,-4.16484e+06,-1.00202e+07,606102
20,2550,5.62836e+06,-4.42544e+06,99191
20,2551,4.90221e+06,-1.25456e+07,-836539
20,2552,-1.26367e+06,-7.76064e+06,-541047
20,2553,-1.94032e+06,-1.36299e+07,942639
20,2554,-3.93879e+06,8.52027e+06,321531
20,2555,-910365,-7.17781e+06,486518
20,2556,1.09131e+06,-1.02415e+07,-671163
20,2557,9.42972e+06,-1.39851e+06,930061
20,2558,1.02173e+07,-4.3398e+06,50462.6
20,2559,-1.12181e+06,9.23043e+06,800622
20,2560,-7.2814e+06,-4.14617e+06,93040.1
20,2561,-1.29035e+07,-55272.6,-588050
20,2562,-5.95464e+06,-5.84964e+06,365772
20,2563,-719838,-1.1504e+07,-827774
20,2564,-1.21276e+07,-7.03559e+06,-1.04829e+06
20,2565,6.08688e+06,-8.75332e+06,849464
20,2566,-2.05503e+06,-8.8527e+06,-728544
20,2567,-6.68703e+06,-2.8344e+06,283082
20,2568,-7.23891e+06,1.1159e+07,-1.317e+06
20,2569,1.07332e+07,1.20069e+06,-883225
20,2570,-8.91666e+06,3.56847e+06,-423837
20,2571,1.08871e+07,4.07727e+06,-827738
20,2572,7.78088e+06,9.856e+06,351113
20,2573,-6.28358e+06,3.95019e+06,-479422
20,2574,-7.10003e+06,-3.34441e+06,673867
20,2575,-6.61867e+06,3.38044e+06,308591
20,2576,3.83177e+06,-9.9685e+06,-685139
20,2577,-1.10856e+07,9.60737e+06,-464959
20,2578,-1.28407e+07,-5.5702e+06,46032.3
20,2579,-1.11547e+07,-6.25078e+06,-864337
20,2580,8.18065e+06,9.27925e+06,757628
20,2581,-1.07803e+07,1.03103e+07,-164818
20,2582,7.30314e+06,786729,620431
20,2583,-7.60071e+06,2.53751e+06,505978
20,2584,-1.39947e+07,-1.82659e+06,183570
20,2585,1.20211e+07,-2.85257e+06,253719
20,2586,1.1376e+07,1.16604e+06,-960609
20,2587,1.07162e+07,-4.4049e+06,851189
20,2588,-1.45904e+07,-2.68844e+06,855272
20,2589,-8.10772e+06,-1.10633e+07,-442483
20,2590,6.84309e+06,-8.2921e+06,-433372
20,2591,1.70896e+06,1.42701e+07,717787
20,2592,90493.7,-1.20432e+07,-150912
20,2593,-9.64386e+06,-1.07585e+07,-612096
20,2594,-2.89061e+06,1.17469e+07,-499560
20,2595,6.22334e+06,-8.07746e+06,607.43
20,2596,-9.73907e+06,7.70331e+06,-587489
20,2597,-1.15346e+07,-8.92131e+06,1.26873e+06
20,2598,5.07856e+06,6.94718e+06,613360
20,2599,4.71502e+06,1.15055e+07,-573943
20,2600,-1.28709e+07,3.71928e+06,457125
20,2601,-7.06734e+06,6.34983e+06,935355
20,2602,-8.94556e+06,-503101,618051
20,2603,-7.74693e+06,4.40448e+06,205137
20,2604,-1.05275e+07,2.60662e+06,-298283
20,2605,-8.21016e+06,-8.3184e+06,358413
20,2606,-5.00736e+06,-5.62646e+06,684491
20,2607,-2.33064e+06,-1.10848e+07,128521
20,2608,1.25284e+07,-5.81083e+06,-873340
20,2609,-8.26459e+06,6.46532e+06,-198925
20,2610,3.23742e+06,-7.28263e+06,-741975
20,2611,-5.78593e+06,-9.59749e+06,-656365
20,2612,7.61783e+06,-1.20388e+07,-82390
20,2613,736118,1.0252e+07,473086
20,2614,-3.27599e+06,-7.33698e+06,551107
20,2615,5.97568e+06,-6.44554e+06,-822647
20,2616,1.04463e+07,9.75999e+06,416867
20,2617,4.77609e+06,-7.62898e+06,22139.7
20,2618,-7.22516e+06,-3.61851e+06,-148865
20,2619,9.13907e+06,-8.21653e+06,-222728
20,2620,9.26581e+06,985310,139466
20,2621,-7.2873e+06,7.13361e+06,-647481
20,2622,1.0394e+07,-888931,-422161
20,2623,2.07218e+06,-1.15994e+07,587621
20,2624,-7.27919e+06,-6.26455e+06,714346
20,2625,-6.60092e+06,2.64958e+06,-392542
20,2626,-8.7882e+06,4.97121e+06,498480
20,2627,-7.71244e+06,-762132,99488.7
20,2628,-1.11854e+06,-1.08931e+07,-254534
20,2629,-1.44754e+07,1.55165e+06,207359
20,2630,-2.25253e+06,1.33667e+07,-1.15438e+06
20,2631,-1.25627e+07,1.22756e+06,1.00304e+06
20,2632,-1.20365e+07,8.71337e+06,-251321
20,2633,-4.74304e+06,9.08372e+06,577880
20,2634,-1.29158e+07,1.62649e+06,-1.18875e+06
20,2635,-2.61562e+06,9.08933e+06,589164
20,2636,2.77914e+06,-7.17697e+06,260466
20,2637,-1.17509e+07,5.20288e+06,462120
20,2638,1.53314e+06,-1.17722e+07,-126383
20,2639,-6.56354e+06,-8.51308e+06,-844268
20,2640,1.03053e+07,-1.70374e+06,-968758
20,2641,-3.85833e+06,8.70822e+06,254275
20,2642,-5.29646e+06,-5.75429e+06,-634691
20,2643,-910414,-7.70128e+06,-272824
20,2644,1.43865e+07,3.55183e+06,-162690
20,2645,-4.79748e+06,6.23357e+06,786262
20,2646,1.34304e+07,4.32497e+06,178507
20,2647,2.94006e+06,1.17909e+07,-863940
20,2648,1.39164e+07,-2.64882e+06,1.39813e+06
20,2649,-6.7852e+06,-1.14527e+07,-410836
20,2650,7.28587e+06,4.10966e+06,323499
20,2651,6.21661e+06,-1.16812e+07,1.09748e+06
20,2652,1.40208e+07,89100.4,-718304
20,2653,-1.11466e+07,-6.86606e+06,-625585
20,2654,1.19337e+07,-8.77774e+06,-1.10265e+06
20,2655,-2.5783e+06,-6.73086e+06,150097
20,2656,1.33876e+06,1.43743e+07,-1.20274e+06
20,2657,8.95333e+06,1.21e+06,-840933
20,2658,-8.64971e+06,1.14082e+07,-255402
20,2659,-1.07259e+06,7.0527e+06,435204
20,2660,404565,-1.19164e+07,-125875
20,2661,-9.43046e+06,885560,-335278
20,2662,-4.1521e+06,1.30607e+07,438040
20,2663,-2.98083e+06,-7.49746e+06,668336
20,2664,-1.0947e+07,-4.45357e+06,1.09297e+06
20,2665,-840861,1.19794e+07,-498890
20,2666,-1.03687e+06,-1.25901e+07,-496709
20,2667,9.72313e+06,-412564,-776317
20,2668,9.38886e+06,4.02718e+06,656883
20,2669,-3.40779e+06,-6.91424e+06,-685431
20,2670,6.931e+06,-1.02584e+07,-250547
20,2671,-9.17054e+06,6.37407e+06,-445843
20,2672,-1.96163e+06,1.32686e+07,598433
20,2673,-134609,8.64396e+06,-282821
20,2674,-1.12567e+07,3.18704e+06,574029
20,2675,8.66506e+06,724303,481376
20,2676,1.25912e+07,5.05994e+06,301039
20,2677,2.84972e+06,-9.58286e+06,749986
20,2678,2.45732e+06,-1.35727e+07,-637540
20,2679,-1.31206e+07,-2.91808e+06,-1.20547e+06
20,2680,9.97454e+06,-3.65617e+06,825682
20,2681,-138024,-7.80235e+06,477763
20,2682,-9.04112e+06,1.48949e+06,386842
20,2683,7.88939e+06,6.93399e+06,432707
20,2684,-8.11646e+06,-1.1739e+07,782279
20,2685,3.89701e+06,9.06038e+06,281684
20,2686,6.22288e+06,-7.30318e+06,-725470
20,2687,-8.38598e+06,6.19761e+06,915845
20,2688,8.18781e+06,653683,-430592
20,2689,3.31387e+06,1.31324e+07,-702515
20,2690,-1.58109e+06,-7.85183e+06,-691730
20,2691,-2.08861e+06,9.42037e+06,106443
20,2692,-1.24991e+07,-2.73882e+06,1.10575e+06
20,2693,-9.4861e+06,1.10839e+07,811029
20,2694,1.01709e+07,-7.95067e+06,-134406
20,2695,-9.74446e+06,5.55421e+06,787222
20,2696,430055,8.82433e+06,-225122
20,2697,-8.1254e+06,-3.4287e+06,-645768
20,2698,8.25004e+06,-4.83008e+06,-173562
20,2699,9.73438e+06,8.57005e+06,-655315
20,2700,1.21109e+06,-1.34007e+07,-306403
20,2701,1.23936e+07,-7.66567e+06,1.35121e+06
20,2702,3.25375e+06,9.89898e+06,263993
20,2703,8.69991e+06,8.91666e+06,714536
20,2704,-7.11376e+06,617265,-241359
20,2705,-5.06163e+06,1.18599e+07,843994
20,2706,3.30438e+06,-1.12272e+07,1.149e+06
20,2707,1.23335e+07,-1.05031e+06,-1.16984e+06
20,2708,7.46707e+06,6.18226e+06,-461156
20,2709,1.34059e+07,2.87631e+06,55344.1
20,2710,-1.06489e+07,-4.43868e+06,-56996.3
20,2711,8.81083e+06,9.98329e+06,-504667
20,2712,-4.20967e+06,-1.11558e+07,-228596
20,2713,-1.21291e+07,6.99252e+06,-272259
20,2714,-6.85999e+06,-2.44711e+06,304088
20,2715,-2.83686e+06,7.37635e+06,444948
20,2716,390325,9.91383e+06,341803
20,2717,6.8616e+06,-5.09684e+06,-675535
20,2718,-1.26175e+07,-82088,935207
20,2719,-3.37174e+06,-7.26445e+06,115402
20,2720,-1.08204e+07,457241,481088
20,2721,1.20666e+07,7.92256e+06,-1.39145e+06
20,2722,1.03362e+07,8.49948e+06,1.30668e+06
20,2723,-6.86263e+06,-9.76239e+06,-719467
20,2724,-4.67672e+06,-7.56353e+06,730253
20,2725,4.65031e+06,1.40708e+07,-1.08633e+06
20,2726,5.1501e+06,-5.3763e+06,-305777
20,2727,991714,6.94052e+06,-223753
20,2728,-1.47228e+07,-2.30347e+06,-881065
20,2729,-4.77503e+06,8.36736e+06,-928157
20,2730,-2.581e+06,-7.63372e+06,-613098
20,2731,-5.33864e+06,7.03858e+06,455721
20,2732,-4.24557e+06,-1.08576e+07,156249
20,2733,1.24178e+07,340529,1.07318e+06
20,2734,-6.63026e+06,4.25072e+06,427273
20,2735,9.94413e+06,-3.31353e+06,-67940.1
20,2736,5.30089e+06,-1.28872e+07,1.3446e+06
20,2737,1.16124e+07,-8.5102e+06,667337
20,2738,7.71923e+06,6.24482e+06,374754
20,2739,-2.0563e+06,-1.4631e+07,1.26996e+06
20,2740,6.86841e+06,1.15263e+07,-673555
20,2741,4.66469e+06,8.54313e+06,158952
20,2742,1.17344e+06,-1.47553e+07,-226816
20,2743,-2.86926e+06,6.4244e+06,37646.6
20,2744,7.26425e+06,6.26613e+06,-109810
20,2745,7.6479e+06,-4.73962e+06,-718073
20,2746,7.37806e+06,400712,-254121
20,2747,-1.38894e+06,-1.22038e+07,-114811
20,2748,-8.03312e+06,9.53472e+06,418567
20,2749,-5.75324e+06,4.51357e+06,425750
20,2750,-2.71682e+06,-1.31223e+07,-793573
20,2751,8.94911e+06,-80007.5,-711317
20,2752,5.67078e+06,6.25154e+06,-291003
20,2753,-8.68135e+06,-16180.5,-41629.3
20,2754,1.38413e+07,3.18408e+06,-511850
20,2755,-9.23636e+06,-7.30054e+06,-46793.3
20,2756,1.24195e+07,5.28811e+06,852820
20,2757,7.19391e+06,8.22276e+06,844415
20,2758,6.17235e+06,1.04548e+07,-1.13562e+06
20,2759,-6.19555e+06,-5.23674e+06,-520954
20,2760,8.66454e+06,1.52319e+06,392452
20,2761,4.01e+06,-1.28337e+07,-1.00333e+06
20,2762,-6.55499e+06,-1.25756e+07,1.12986e+06
20,2763,-9.79147e+06,3.95538e+06,601557
20,2764,-7.6414e+06,-1.15993e+06,520665
20,2765,1.31468e+07,-3.60026e+06,540789
20,2766,8.57265e+06,1.24193e+06,-35656.1
20,2767,551783,1.10646e+07,-833061
20,2768,1.16265e+06,-1.15746e+07,1.15103e+06
20,2769,3.64802e+06,-1.25432e+07,304306
20,2770,-9.38414e+06,-1.15076e+07,1.07169e+06
20,2771,1.32172e+07,-6.11246e+06,-345426
20,2772,3.44798e+06,6.77257e+06,-671566
20,2773,2.99129e+06,7.24614e+06,-249180
20,2774,-2.58035e+06,-1.10316e+07,-655695
20,2775,-3.3946e+06,-1.19048e+07,145141
20,2776,1.08123e+07,9.2041e+06,-918179
20,2777,7.2009e+06,7.54317e+06,138270
20,2778,-2.32032e+06,9.8967e+06,-671835
20,2779,-7.45307e+06,-6.17947e+06,146742
20,2780,5.74834e+06,5.94813e+06,-785279
20,2781,5.25471e+06,-4.73021e+06,-644878
20,2782,8.96754e+06,-9.14526e+06,-1.03182e+06
20,2783,1.02044e+07,-2.33006e+06,700478
20,2784,985970,-1.08487e+07,727353
20,2785,7.70576e+06,-6.02907e+06,-57773.6
20,2786,1.11956e+07,104584,769890
20,2787,9.86061e+06,775443,249629
20,2788,-7.24452e+06,-1.02798e+07,1.18017e+06
20,2789,-1.31761e+07,4.26986e+06,-1.214e+06
20,2790,-3.90701e+06,-1.0075e+07,232802
20,2791,-1.1103e+07,2.07641e+06,-466149
20,2792,-9.19635e+06,-151455,-625217
20,2793,-4.47872e+06,8.63123e+06,169458
20,2794,3.74853e+06,-6.53405e+06,93964.2
20,2795,-3.47479e+06,-1.18572e+07,-515555
20,2796,1.03781e+07,-2.79442e+06,573798
20,2797,-237406,-1.47235e+07,-956702
20,2798,-6.56338e+06,-3.65678e+06,-213672
20,2799,3.36549e+06,-8.56282e+06,-244775
20,2800,5.70039e+06,-7.6162e+06,659848
20,2801,4.98426e+06,-8.46889e+06,690472
20,2802,9.39758e+06,4.31267e+06,-1.03406e+06
20,2803,-6.30673e+06,9.17209e+06,1.11032e+06
20,2804,1.04421e+06,-1.30831e+07,1.19825e+06
20,2805,-5.94687e+06,1.27519e+07,-941307
20,2806,-9.43593e+06,8.89413e+06,-69571.8
20,2807,1.01455e+07,-6.48609e+06,-194870
20,2808,-1.63845e+06,1.31545e+07,525124
20,2809,4.9405e+06,-4.93329e+06,-657528
20,2810,1.21218e+07,3.74865e+06,-593590
20,2811,-9.65986e+06,5.17097e+06,-676110
20,2812,-1.21578e+06,-9.58825e+06,327268
20,2813,25100.1,-7.54432e+06,-676061
20,2814,-840803,1.13105e+07,198919
20,2815,9.05562e+06,-718749,-345816
20,2816,-1.7225e+06,8.73954e+06,707726
20,2817,-1.33881e+06,-1.19729e+07,1.0095e+06
20,2818,-879604,-1.42418e+07,-863368
20,2819,3.82358e+06,1.31877e+07,667541
20,2820,815343,-1.24579e+07,81610.9
20,2821,1.15901e+07,-3.37445e+06,-965078
20,2822,-7.126e+06,-6.17628e+06,877643
20,2823,7.63386e+06,1.24084e+06,-688854
20,2824,6.28603e+06,-3.92741e+06,328139
20,2825,-1.22553e+07,-1.87009e+06,699791
20,2826,-6.50737e+06,5.0634e+06,-16480.9
20,2827,-6.96304e+06,3.68504e+06,-289199
20,2828,4.63228e+06,5.60906e+06,384422
20,2829,6.58243e+06,-2.71396e+06,-590132
20,2830,1.07929e+07,-7.84328e+06,1.18013e+06
20,2831,-3.36571e+06,1.35194e+07,-465246
20,2832,6.54181e+06,8.03967e+06,-993268
20,2833,-1.31128e+07,-4.75903e+06,303368
20,2834,-7.22829e+06,-1.24607e+07,550116
20,2835,9.81745e+06,8.95863e+06,-371788
20,2836,1.30623e+07,-6.74765e+06,1.13155e+06
20,2837,6.69514e+06,-8.18373e+06,-957540
20,2838,-7.09498e+06,4.08744e+06,-27193.4
20,2839,-5.74443e+06,7.04148e+06,-613757
20,2840,3.08879e+06,-1.04609e+07,352104
20,2841,-7.8426e+06,463210,310658
20,2842,-8.81045e+06,6.97283e+06,274000
20,2843,1.21389e+07,8.37128e+06,-324398
20,2844,-8.99358e+06,-4.87128e+06,-712610
20,2845,-1.98693e+06,8.13926e+06,765890
20,2846,-6.66839e+06,-1.09808e+07,815453
20,2847,5.19929e+06,-6.10536e+06,152089
20,2848,4.00901e+06,-8.79427e+06,585513
20,2849,1.01754e+07,9.18095e+06,1.29028e+06
20,2850,-9.22513e+06,1.13443e+07,-1.27264e+06
20,2851,8.33266e+06,-230253,105043
20,2852,-2.46917e+06,9.5266e+06,-478640
20,2853,-1.07781e+07,5.8428e+06,1.14444e+06
20,2854,3.36793e+06,-1.19963e+07,-516763
20,2855,-7.61609e+06,431675,-282960
20,2856,8.27829e+06,-2.38926e+06,-96512.3
20,2857,2.5225e+06,8.00146e+06,-368135
20,2858,-1.79985e+06,1.48773e+07,-513294
20,2859,-3.45709e+06,1.17571e+07,-697272
20,2860,-3.29752e+06,7.55523e+06,-650973
20,2861,2.54733e+06,-6.65999e+06,-517179
20,2862,3.997e+06,-1.25881e+07,100162
20,2863,5.69255e+06,7.56416e+06,448650
20,2864,-6.47764e+06,-9.80817e+06,-1.15871e+06
20,2865,1.31376e+07,5.93275e+06,-384079
20,2866,1.02194e+07,218178,-5949.97
20,2867,5.87273e+06,-1.15811e+07,987152
20,2868,-7.31129e+06,-8.03465e+06,-915655
20,2869,6.03216e+06,9.07948e+06,-284240
20,2870,-8.60463e+06,4.33182e+06,138018
20,2871,-1.12263e+07,8.62536e+06,1.36648e+06
20,2872,-1.3024e+07,-1.05741e+06,376483
20,2873,4.4977e+06,-6.39321e+06,128742
20,2874,-9.64117e+06,-1.13017e+07,994121
20,2875,-7.64847e+06,1.09816e+07,-643882
20,2876,-1.02355e+07,2.00449e+06,-542624
20,2877,-1.35616e+07,-3.82995e+06,1.35254e+06
20,2878,-1.25727e+07,-4.71101e+06,1.20359e+06
20,2879,8.45467e+06,-7.0909e+06,-313126
20,2880,-8.79528e+06,4.81859e+06,93513.9
20,2881,-1.14186e+07,134352,-443265
20,2882,-1.21806e+07,-7.70916e+06,-266014
20,2883,1.4887e+06,-1.20662e+07,1.1234e+06
20,2884,8.29673e+06,7.21587e+06,-130261
20,2885,8.71561e+06,-6.42761e+06,-227867
20,2886,-1.45073e+07,1.24911e+06,1.38385e+06
20,2887,5.75629e+06,-4.052e+06,608325
20,2888,1.45977e+07,1.31185e+06,-963704
20,2889,1.20082e+07,2.05992e+06,-1.06602e+06
20,2890,-8.72935e+06,-825703,80489.4
20,2891,3.35246e+06,6.45558e+06,-428.09
20,2892,6.90249e+06,9.5078e+06,-237725
20,2893,1.41677e+07,13138.1,1.38489e+06
20,2894,-1.11466e+07,8.54263e+06,524263
20,2895,-6.0408e+06,-8.37377e+06,-393692
20,2896,-1.16462e+07,-1.87472e+06,-1.12519e+06
20,2897,1.3268e+07,1.10889e+06,-551088
20,2898,-5.11121e+06,4.81295e+06,-614786
20,2899,-1.24018e+07,7.13469e+06,-115903
20,2900,-6.71102e+06,-7.11824e+06,557022
20,2901,-16707.9,-1.21451e+07,988239
20,2902,-6.27701e+06,-1.2386e+07,-793329
20,2903,-1.20762e+07,-582398,525551
20,2904,-509819,-1.36211e+07,946255
20,2905,7.32295e+06,1.63037e+06,-362564
20,2906,6.43735e+06,-1.26524e+07,519010
20,2907,-1.71713e+06,-1.24388e+07,1.11439e+06
20,2908,-9.66942e+06,-9.63463e+06,452555
20,2909,-4.67044e+06,-7.35075e+06,-131186
20,2910,2.99044e+06,-7.66075e+06,16851.3
20,2911,-3.03698e+06,1.45048e+07,-57289.9
20,2912,7.58974e+06,7.37512e+06,-156382
20,2913,4.84615e+06,7.92778e+06,-405039
20,2914,-741635,-8.79585e+06,-830710
20,2915,920224,-1.19041e+07,-46028.9
20,2916,-3.66908e+06,-1.39607e+07,716311
20,2917,1.60116e+06,-8.40548e+06,569079
20,2918,2.12603e+06,9.65628e+06,-227333
20,2919,-1.12703e+07,6.28119e+06,611108
20,2920,2.86232e+06,-7.36211e+06,-390128
20,2921,-7.4761e+06,-4.93546e+06,-772010
20,2922,-654868,7.18045e+06,54883.5
20,2923,8.21287e+06,-1.16586e+07,-27247.7
20,2924,-7.07656e+06,-1.75269e+06,298707
20,2925,7.34829e+06,6.33775e+06,-429988
20,2926,-7.90318e+06,1.05065e+07,821365
20,2927,4.82198e+06,8.24953e+06,-122594
20,2928,1.05192e+07,1.19763e+06,-812406
20,2929,6.31167e+06,5.65614e+06,-268671
20,2930,-1.46808e+07,-961131,375397
20,2931,-4.48796e+06,8.71913e+06,-937999
20,2932,-1.09311e+07,1.00269e+06,-752320
20,2933,-1.30988e+07,487449,-422217
20,2934,-7.68186e+06,-2.76668e+06,413130
20,2935,1.66786e+06,9.10445e+06,40601.6
20,2936,-3.9958e+06,-7.20745e+06,173625
20,2937,7.457e+06,1.89697e+06,185112
20,2938,7.92565e+06,4.94504e+06,485090
20,2939,-9.22801e+06,2.25368e+06,-500426
20,2940,-3.91842e+06,1.13062e+07,1.12329e+06
20,2941,8.15433e+06,9.63422e+06,-210303
20,2942,-9.7988e+06,-2.27682e+06,688969
20,2943,1.07534e+07,4.51226e+06,362581
20,2944,1.47621e+06,-6.90628e+06,235395
20,2945,-2.62235e+06,9.0825e+06,564555
20,2946,-8.03783e+06,1.05411e+07,-533297
20,2947,1.14157e+07,724513,-956914
20,2948,3.02524e+06,7.41609e+06,19248.3
20,2949,-8.45866e+06,-1.22426e+07,-1.30894e+06
20,2950,-1.11758e+07,110329,-796674
20,2951,-1.33533e+07,5.09407e+06,1.41823e+06
20,2952,-7.95952e+06,-6.58173e+06,-818064
20,2953,619989,1.05918e+07,713082
20,2954,6.0607e+06,-1.17918e+07,593301
20,2955,4.04553e+06,1.30481e+07,-131024
20,2956,-8.04916e+06,-9.59366e+06,542199
20,2957,7.05731e+06,5.19566e+06,732146
20,2958,6.40996e+06,9.50167e+06,673387
20,2959,6.82172e+06,1.25573e+07,908397
20,2960,1.33898e+07,-5.34244e+06,1.19682e+06
20,2961,-7.10089e+06,8.81105e+06,-1.11872e+06
20,2962,-6.8148e+06,3.09782e+06,-150715
20,2963,-6.78712e+06,5.05012e+06,-551180
20,2964,-4.21925e+06,1.31262e+07,271821
20,2965,1.03603e+07,3.63555e+06,973594
20,2966,-5.1957e+06,9.91248e+06,-766371
20,2967,9.60594e+06,1.38058e+06,-264864
20,2968,7.88226e+06,-8.0186e+06,421540
20,2969,4.60837e+06,6.40665e+06,-113436
20,2970,8.39311e+06,1.62931e+06,522137
20,2971,3.60207e+06,-6.16265e+06,-508825
20,2972,-1.16767e+07,-9.06293e+06,695155
20,2973,5.2064e+06,-5.89613e+06,534328
20,2974,-1.22084e+07,-294438,541292
20,2975,-5.78946e+06,-3.98877e+06,489153
20,2976,7.575e+06,6.30245e+06,-155934
20,2977,9.92185e+06,8.07848e+06,-753042
20,2978,2.50903e+06,-7.75339e+06,-714124
20,2979,-8.42398e+06,9.20307e+06,638798
20,2980,1.09857e+07,9.77493e+06,-546128
20,2981,-1.47766e+06,1.33778e+07,-767650
20,2982,1.35661e+07,-989455,154741
20,2983,-7.47875e+06,5.36552e+06,-608063
20,2984,2.03354e+06,-1.2899e+07,981491
20,2985,-6.60109e+06,-2.87782e+06,-411889
20,2986,2.24623e+06,-9.44525e+06,-598688
20,2987,-6.70431e+06,-1.0021e+07,1.09796e+06
20,2988,4.47375e+06,-1.24199e+07,83430.5
20,2989,-7.64548e+06,3.70038e+06,84062.5
20,2990,-9.61139e+06,-7.87348e+06,-263484
20,2991,4.35864e+06,8.00614e+06,353544
20,2992,-4.5509e+06,-1.12755e+07,-310047
20,2993,693276,-9.0592e+06,497694
20,2994,-8.03405e+06,-6.97832e+06,-269227
20,2995,6.56749e+06,-1.07609e+07,474802
20,2996,-1.07556e+07,2.72824e+06,315906
20,2997,-1.15542e+07,-4.59572e+06,310773
20,2998,7.44949e+06,-2.1719e+06,451684
20,2999,-9.1338e+06,-3.94806e+06,-903263
20,3000,-191578,7.32212e+06,277970
20,3001,-1.28311e+07,-5.12548e+06,88793.4
20,3002,5.26089e+06,8.72548e+06,-779150
20,3003,1.18014e+07,-5.65204e+06,-109171
20,3004,1.05701e+07,-6.16056e+06,-1.00515e+06
20,3005,-9.69467e+06,-8.90133e+06,259663
20,3006,-3.63655e+06,-8.58575e+06,550326
20,3007,-7.67118e+06,-1.79254e+06,-629455
20,3008,-1.39322e+07,-781279,860538
20,3009,6.90432e+06,7.09921e+06,-910574
20,3010,197336,9.24935e+06,111662
20,3011,-7.09062e+06,-1.07943e+06,-155237
20,3012,-3.30265e+06,-1.11333e+07,311495
20,3013,9.52324e+06,1.14278e+07,-209050
20,3014,-9.07732e+06,5.06152e+06,340570
20,3015,-1.08376e+07,-1.31948e+06,-147702
20,3016,1.34508e+07,-6.46224e+06,-574118
20,3017,4.32385e+06,-6.55646e+06,783382
20,3018,-5.93684e+06,7.16435e+06,823891
20,3019,-3.70124e+06,1.21355e+07,205663
20,3020,5.60655e+06,-1.34122e+07,703625
20,3021,5.51844e+06,1.16255e+07,836795
20,3022,8.3961e+06,-3.77479e+06,-249248
20,3023,-1.52335e+06,1.37773e+07,40271.1
20,3024,-4.06743e+06,-6.69934e+06,527497
20,3025,-1.25419e+07,-1.9647e+06,-1.15809e+06
20,3026,-3.88268e+06,-1.39187e+07,711103
20,3027,-74660.4,-1.33563e+07,-157298
20,3028,-8.9924e+06,-9.16074e+06,910369
20,3029,1.29351e+07,3.55893e+06,-325016
20,3030,5.7361e+06,4.47682e+06,147566
20,3031,1.01318e+07,9.64702e+06,-136851
20,3032,5.71821e+06,-1.30927e+07,56197.4
20,3033,-1.29915e+07,-1.98181e+06,-900026
20,3034,2.8812e+06,7.45715e+06,-238387
20,3035,4.54021e+06,-1.37108e+07,-194115
20,3036,-1.19685e+06,1.08698e+07,447160
20,3037,816836,1.33409e+07,-1.22818e+06
20,3038,-1.1029e+07,-4.70039e+06,-234685
20,3039,-1.14894e+07,-3.90876e+06,-605865
20,3040,-9.19091e+06,4.31269e+06,773517
20,3041,1.1548e+07,-9.05231e+06,643601
20,3042,-4.21917e+06,-1.0843e+07,1.02438e+06
20,3043,-8.74384e+06,-2.10465e+06,341173
20,3044,-296887,1.24286e+07,215663
20,3045,-1.31985e+07,1.96763e+06,783644
20,3046,9.20577e+06,-3.58413e+06,67029.9
20,3047,1.14903e+07,2.41856e+06,-775425
20,3048,-1.06243e+07,5.71421e+06,19695.8
20,3049,3.90986e+06,-6.39051e+06,426658
20,3050,-5.5168e+06,-6.42131e+06,539604
20,3051,-4.6018e+06,1.12134e+07,378547
20,3052,-3.73501e+06,7.82647e+06,-451170
20,3053,8.79554e+06,7.27203e+06,991451
20,3054,1.74058e+06,9.51017e+06,-6670.74
20,3055,-8.96011e+06,-2.13864e+06,-279155
20,3056,-950067,7.99977e+06,-99173.9
20,3057,1.09069e+06,-7.15765e+06,176403
20,3058,-1.12827e+07,-3.48608e+06,213313
20,3059,1.43908e+07,885928,-1.3075e+06
20,3060,4.10271e+06,7.46106e+06,-543565
20,3061,-1.19483e+07,2.98604e+06,1.21519e+06
20,3062,-3.40296e+06,8.08704e+06,852287
20,3063,-1.34291e+07,2.46377e+06,149086
20,3064,-1.36368e+07,1.52357e+06,-807674
20,3065,-1.31865e+07,-3.30654e+06,-944846
20,3066,-9.4806e+06,5.60469e+06,831582
20,3067,5.77396e+06,-5.54952e+06,19555
20,3068,5.26065e+06,8.76989e+06,410928
20,3069,-1.02807e+07,1.00762e+07,-744630
20,3070,3.37561e+06,-1.08706e+07,-1.13335e+06
20,3071,-9.82634e+06,-6.96268e+06,-438173
20,3072,73426.9,1.05933e+07,614830
20,3073,-1.17942e+07,-2.58206e+06,-259544
20,3074,4.24009e+06,-8.31163e+06,-90673
20,3075,-1.08997e+07,-1.56208e+06,-113703
20,3076,6.46539e+06,6.28905e+06,-725681
20,3077,2.03919e+06,1.28474e+07,-1.15899e+06
20,3078,7.48881e+06,1.10831e+07,334848
20,3079,6.70362e+06,7.02156e+06,-166040
20,3080,3.98485e+06,-5.89868e+06,19212.5
20,3081,516136,8.09647e+06,-84403.6
20,3082,-1.13491e+06,8.4348e+06,58522.4
20,3083,-1.11987e+07,7.80114e+06,592609
20,3084,2.82991e+06,1.36978e+07,860398
20,3085,-8.18066e+06,1.00991e+07,1.27646e+06
20,3086,-413084,9.07775e+06,495243
20,3087,-5.19556e+06,9.07343e+06,-672834
20,3088,3.08124e+06,-1.27546e+07,174688
20,3089,-6.17769e+06,1.32678e+07,-821541
20,3090,773645,-1.23768e+07,-682944
20,3091,2.95318e+06,-6.97935e+06,724276
20,3092,-2.22568e+06,1.1891e+07,1.20561e+06
20,3093,-1.40566e+07,-1.29644e+06,919731
20,3094,1.24234e+07,-5.27046e+06,921560
20,3095,-9.31819e+06,-7.7958e+06,-79313.8
20,3096,3.46806e+06,-1.14452e+07,1.1251e+06
20,3097,-9.55045e+06,-4.90781e+06,-118529
20,3098,-8.33062e+06,-9.03653e+06,-1.18885e+06
20,3099,9.51349e+06,6.05797e+06,-1.07148e+06
20,3100,-838359,1.32964e+07,-424713
20,3101,3.0767e+06,6.84224e+06,398814
20,3102,8.09648e+06,-7.36622e+06,-224974
20,3103,-5.37377e+06,7.39509e+06,389196
20,3104,9.49674e+06,-6.37438e+06,233734
20,3105,2.55151e+06,-1.05975e+07,978205
20,3106,-125949,9.84335e+06,228832
20,3107,1.09732e+07,-620016,-82730.2
20,3108,7.52038e+06,-922947,521374
20,3109,7.03418e+06,-4.63106e+06,-268425
20,3110,8.40634e+06,-5.44691e+06,60327.5
20,3111,-5.61281e+06,5.83199e+06,359716
20,3112,-6.99619e+06,-4.62573e+06,327676
20,3113,-3.23118e+06,-9.16945e+06,748463
20,3114,-8.06486e+06,7.12837e+06,-536093
20,3115,8.6966e+06,-8.01454e+06,-414873
20,3116,-8.54074e+06,5.51977e+06,123678
20,3117,3.9922e+06,-7.86473e+06,-360710
20,3118,-1.25872e+07,-1.16593e+06,217179
20,3119,-647412,-8.39565e+06,-525001
20,3120,-7.51908e+06,-2.42654e+06,330863
20,3121,6.62915e+06,3.25875e+06,447616
20,3122,283099,1.34657e+07,310439
20,3123,-6.97284e+06,-7.87413e+06,764618
20,3124,1.48533e+06,-7.49312e+06,-10647.9
20,3125,-6.40965e+06,-9.5143e+06,971922
20,3126,7.28137e+06,1.52041e+06,-479204
20,3127,-3.13455e+06,-1.4554e+07,341399
20,3128,5.44351e+06,-4.95649e+06,461001
20,3129,-6.62042e+06,1.03343e+07,-1.05679e+06
20,3130,-2.07509e+06,-1.1415e+07,-943547
20,3131,-2.84762e+06,1.17121e+07,637566
20,3132,7.70586e+06,8.28792e+06,60020
20,3133,4.17835e+06,9.24155e+06,693768
20,3134,-2.82943e+06,6.46241e+06,-689712
20,3135,-2.39976e+06,7.35573e+06,-691449
20,3136,9.99058e+06,6.21032e+06,474804
20,3137,6.84911e+06,2.84264e+06,-288808
20,3138,-8.83827e+06,-1.10527e+07,765296
20,3139,4.20769e+06,-6.91338e+06,-798578
20,3140,-6.39211e+06,-5.90444e+06,-217132
20,3141,1.45106e+07,2.91083e+06,1.48069e+06
20,3142,-1.1095e+07,-4.41871e+06,-1.05479e+06
20,3143,8.23519e+06,-4.06264e+06,-267731
20,3144,1.22792e+07,80718.4,-582283
20,3145,-3.70849e+06,-1.09728e+07,-778019
20,3146,-7.91918e+06,2.07813e+06,-186980
20,3147,1.14188e+07,5.46008e+06,1.19877e+06
20,3148,-5.62551e+06,-4.35418e+06,89093.3
20,3149,4.58163e+06,6.63597e+06,472489
20,3150,-3.01318e+06,1.37737e+07,-174938
20,3151,8.77037e+06,4.44862e+06,340766
20,3152,-4.68242e+06,1.27006e+07,1.33125e+06
20,3153,-3.87319e+06,-6.54652e+06,-78747.6
20,3154,-1.02219e+07,2.65272e+06,-510048
20,3155,-2.14251e+06,-1.25306e+07,-553580
20,3156,-5.67681e+06,1.2434e+07,615737
20,3157,3.7626e+06,7.01761e+06,-293433
20,3158,-7.0736e+06,-9.38037e+06,-243554
20,3159,-5.44711e+06,5.32477e+06,287661
20,3160,6.48115e+06,1.04635e+07,-1.21552e+06
20,3161,1.01138e+07,8.13332e+06,-1.08658e+06
20,3162,-6.46482e+06,2.74049e+06,4582.46
20,3163,-3.56605e+06,1.15528e+07,509109
20,3164,4.24132e+06,-7.19709e+06,120032
20,3165,2.78888e+06,1.12895e+07,-992872
20,3166,-7.90036e+06,-7.19058e+06,-867034
20,3167,1.45063e+07,-1.68367e+06,132767
20,3168,6.13515e+06,1.31766e+07,-1.38371e+06
20,3169,-6.13072e+06,-3.93937e+06,-640384
20,3170,9.11954e+06,1.14746e+07,-572719
20,3171,2.53499e+06,1.33232e+07,-697774
20,3172,-2.09611e+06,1.19365e+07,-685554
20,3173,-8.98585e+06,388919,840781
20,3174,-3.05631e+06,1.33063e+07,-373148
20,3175,1.06157e+07,-1.28447e+06,-701589
20,3176,-1.13305e+06,-9.7519e+06,913492
20,3177,1.02148e+06,8.16945e+06,-452057
20,3178,-5.58783e+06,-4.48218e+06,244598
20,3179,1.05602e+07,5.21218e+06,-1.01705e+06
20,3180,-2.30885e+06,8.35578e+06,497281
20,3181,7.91676e+06,2.40266e+06,-175414
20,3182,-9.86136e+06,3.00521e+06,674925
20,3183,-2.07574e+06,-7.49801e+06,-252199
20,3184,8.68524e+06,-3.76932e+06,-476648
20,3185,-2.02752e+06,1.19698e+07,17344.9
20,3186,9.84116e+06,-8.88686e+06,899560
20,3187,-36139.6,1.16514e+07,375829
20,3188,1.26413e+07,968526,-154143
20,3189,-1.37139e+07,785164,-518431
20,3190,7.68392e+06,1.16434e+07,-819953
20,3191,-7.58835e+06,9.9176e+06,532315
20,3192,-263330,8.23802e+06,-566800
20,3193,-1.21701e+07,8.09339e+06,-475979
20,3194,3.92618e+06,5.93104e+06,-112171
20,3195,-7.51879e+06,-661060,-67894.8
20,3196,-6.95483e+06,-1.11445e+07,-142014
20,3197,-1.13325e+06,-8.71638e+06,365574
20,3198,7.12096e+06,-4.05635e+06,-715659
20,3199,2.70166e+06,6.90579e+06,608498
20,3200,2.75319e+06,-1.0798e+07,-607117
20,3201,-6.95436e+06,8.39111e+06,715535
20,3202,120677,7.16258e+06,-498447
20,3203,-1.36059e+07,2.6988e+06,-265736
20,3204,1.04277e+07,-1.72798e+06,741618
20,3205,-3.28984e+06,1.21864e+07,-846508
20,3206,-1.27638e+07,6.57422e+06,-635695
20,3207,9.42454e+06,-5.20152e+06,-243161
20,3208,3.87352e+06,-1.08279e+07,-167596
20,3209,8.82995e+06,-162969,808583
20,3210,-5.08201e+06,-1.27616e+07,-563854
20,3211,-2.39278e+06,1.40796e+07,860211
20,3212,-1.13569e+07,-8.72212e+06,868976
20,3213,4.55113e+06,1.25248e+07,447706
20,3214,-7.71186e+06,-531486,-522890
20,3215,5.23395e+06,-8.84998e+06,1.0049e+06
20,3216,-9.32396e+06,-2.03616e+06,21562.8
20,3217,-1.45057e+07,1.8532e+06,582623
20,3218,-1.01063e+07,1.01563e+07,1.15477e+06
20,3219,1.30329e+07,-5.94454e+06,-658094
20,3220,7.09493e+06,-7.32654e+06,-287329
20,3221,8.58429e+06,8.03147e+06,-1.04594e+06
20,3222,-8.99103e+06,-5.012e+06,-220919
20,3223,-1.15495e+07,-1.22146e+06,431531
20,3224,-1.08939e+07,5.48083e+06,-182940
20,3225,-8.08342e+06,-821514,141658
20,3226,-5.05943e+06,9.54311e+06,479100
20,3227,6.57235e+06,-3.74106e+06,-727108
20,3228,-1.43126e+07,3.33741e+06,-256710
20,3229,9.01444e+06,710814,-407516
20,3230,-4.09769e+06,-6.7192e+06,-284853
20,3231,3.39024e+06,1.26489e+07,1.05045e+06
20,3232,8.32727e+06,7.46235e+06,-221759
20,3233,2.55472e+06,8.26846e+06,11023.4
20,3234,1.05779e+07,-6.42279e+06,5350.8
20,3235,1.37497e+07,-5.16414e+06,1.07425e+06
20,3236,6.85392e+06,8.58113e+06,-620232
20,3237,-1.07681e+07,5.62985e+06,-859732
20,3238,1.07406e+07,1.30919e+06,506491
20,3239,-5.10519e+06,-5.59717e+06,444371
20,3240,-7.97494e+06,-1.08692e+06,449616
20,3241,4.60481e+06,7.82606e+06,-296416
20,3242,-1.00971e+07,-5.30633e+06,-843563
20,3243,-1.34651e+06,1.05501e+07,728614
20,3244,5.14383e+06,-7.99606e+06,-135832
20,3245,-1.27754e+07,-925974,312490
20,3246,1.29049e+06,-1.00795e+07,-152040
20,3247,-1.05557e+07,-1.30656e+06,706861
20,3248,-7.25529e+06,9.89257e+06,418036
20,3249,1.10413e+07,-4.97694e+06,828236
20,3250,-6.71339e+06,1.01395e+07,680638
20,3251,1.1548e+07,-948233,-585590
20,3252,6.84409e+06,3.38251e+06,213821
20,3253,1.44965e+07,286032,655131
20,3254,-1.2403e+06,-1.21885e+07,-354380
20,3255,1.29833e+07,3.86458e+06,692607
20,3256,-9.0403e+06,1.18485e+06,589084
20,3257,3.50131e+06,8.46972e+06,332451
20,3258,-1.11958e+07,-1.14144e+06,-547855
20,3259,-6.21515e+06,3.74569e+06,-572059
20,3260,1.37419e+07,3.75853e+06,-194755
20,3261,6.02967e+06,4.31449e+06,235605
20,3262,1.18307e+07,2.61564e+06,-1.21286e+06
20,3263,773582,-7.59021e+06,129042
20,3264,-7.288e+06,390533,309613
20,3265,1.28076e+07,-5.51201e+06,-481386
20,3266,515502,8.05792e+06,446363
20,3267,-1.44553e+07,2.98694e+06,-574899
20,3268,-3.64044e+06,9.76465e+06,-507900
20,3269,1.16664e+07,1.28017e+06,-564806
20,3270,1.19762e+07,2.56791e+06,-1.02335e+06
20,3271,6.81001e+06,-6.38352e+06,494905
20,3272,-7.16624e+06,-233618,-323242
20,3273,-2.04304e+06,-1.19842e+07,883781
20,3274,1.07508e+07,-247413,1.03543e+06
20,3275,-1.24767e+07,-6.46978e+06,-286723
20,3276,9.86291e+06,886365,-497140
20,3277,-1.00349e+07,-7.79426e+06,1.06065e+06
20,3278,4.01347e+06,6.20265e+06,427764
20,3279,7.1366e+06,6.74475e+06,978106
20,3280,-1.12098e+07,7.1021e+06,859345
20,3281,3.20183e+06,-1.20003e+07,783984
20,3282,-5.3644e+06,-5.44076e+06,-755996
20,3283,6.13689e+06,-4.04056e+06,40497
20,3284,6.87397e+06,-1.08393e+07,1.15718e+06
20,3285,-1.3882e+07,1.34814e+06,-457705
20,3286,-6.75503e+06,4.7067e+06,-219851
20,3287,-5.67681e+06,-9.9139e+06,1.09618e+06
20,3288,-7.8447e+06,-1.01399e+07,-422963
20,3289,-1.87445e+06,7.01967e+06,390375
20,3290,-1.89481e+06,-8.43083e+06,137871
20,3291,-755557,8.34076e+06,-6190.47
20,3292,1.97312e+06,-1.01456e+07,484863
20,3293,5.19701e+06,-1.03659e+07,145339
20,3294,2.89919e+06,1.44129e+07,629986
20,3295,-1.92947e+06,9.75018e+06,-636152
20,3296,2.33261e+06,1.11584e+07,-683952
20,3297,4.86425e+06,-1.40899e+07,740746
20,3298,1.31191e+07,-2.47779e+06,195671
20,3299,5.77874e+06,-6.57253e+06,425139
20,3300,-1.01918e+07,1.57589e+06,-183053
20,3301,-8.06292e+06,1.19039e+07,1.33655e+06
20,3302,-9.66004e+06,-1.05173e+07,227989
20,3303,9.85113e+06,1.27386e+06,-741079
20,3304,-1.28148e+07,2.19825e+06,-912011
20,3305,8.66737e+06,-2.80032e+06,-242074
20,3306,-4.9044e+06,1.33911e+07,123271
20,3307,-7.07052e+06,-1.1361e+06,196136
20,3308,-7.73382e+06,-4.34471e+06,261137
20,3309,2.17882e+06,-1.22947e+07,-471334
20,3310,1.14423e+07,-1.20607e+06,918072
20,3311,-1.10898e+07,9.49189e+06,838571
20,3312,1.02969e+07,6.03308e+06,774328
20,3313,3.79034e+06,1.17781e+07,-1.04239e+06
20,3314,1.19528e+07,6.5929e+06,-1.1181e+06
20,3315,6.77888e+06,7.86559e+06,860980
20,3316,-9.67209e+06,-4.62936e+06,920292
20,3317,-6.89851e+06,8.85158e+06,667697
20,3318,-4.50962e+06,9.51806e+06,470503
20,3319,3.57013e+06,-1.28655e+07,1.2794e+06
20,3320,1.77037e+06,-1.31407e+07,949591
20,3321,-4.65909e+06,5.21577e+06,332508
20,3322,5.0716e+06,1.0642e+07,-462959
20,3323,-8.75133e+06,-4.121e+06,642395
20,3324,118630,-1.44255e+07,991003
20,3325,-8.36076e+06,6.77047e+06,-230874
20,3326,8.38803e+06,8.47881e+06,189629
20,3327,-1.14218e+07,4.48423e+06,1.11512e+06
20,3328,2.10377e+06,1.16776e+07,-49320.1
20,3329,-5.62229e+06,1.10066e+07,-1.04149e+06
20,3330,1.10861e+07,-3.63719e+06,-34832.6
20,3331,7.33244e+06,-1.21761e+07,-1.00393e+06
20,3332,-1.16698e+07,4.88131e+06,-632355
20,3333,-456332,-1.24616e+07,-799391
20,3334,213606,-1.42602e+07,1.23921e+06
20,3335,8.89874e+06,-3.42008e+06,-250725
20,3336,757584,-7.38694e+06,302339
20,3337,-1.17153e+07,622532,-1.10086e+06
20,3338,-1.0455e+07,5.88181e+06,144453
20,3339,1.02227e+07,-2.08112e+06,217235
20,3340,1.20113e+07,-4.95122e+06,238024
20,3341,6.89147e+06,1.66935e+06,287033
20,3342,-8.0267e+06,-4.52918e+06,-549373
20,3343,-9.11167e+06,-404343,870025
20,3344,1.09834e+07,-4.52731e+06,1.0945e+06
20,3345,-3.37695e+06,7.96609e+06,467603
20,3346,-1.37514e+07,-1.7825e+06,1.37226e+06
20,3347,-2.32312e+06,6.69914e+06,174648
20,3348,7.90606e+06,7.28489e+06,-284320
20,3349,-4.35837e+06,-5.70771e+06,565122
20,3350,-4.28255e+06,-1.34115e+07,-96380.6
20,3351,7.1377e+06,8.48861e+06,-352742
20,3352,3.7943e+06,-7.57557e+06,704329
20,3353,-1.44485e+06,-1.117e+07,-854274
20,3354,-3.35229e+06,-1.13845e+07,-112105
20,3355,6.50888e+06,-6.12217e+06,434400
20,3356,5.98887e+06,-1.27988e+07,1.39028e+06
20,3357,7.22107e+06,4.54606e+06,-278227
20,3358,-7.92184e+06,-1.30896e+06,213639
20,3359,-795075,1.15602e+07,949513
20,3360,-4.26422e+06,5.75492e+06,313836
20,3361,-1.13577e+07,6.47582e+06,-1.2671e+06
20,3362,1.09367e+07,4.7096e+06,-935775
20,3363,-4.7772e+06,1.12219e+07,-370793
20,3364,1.07655e+07,-1.32963e+06,1.01262e+06
20,3365,-1.13337e+06,1.02597e+07,-407711
20,3366,-8.93217e+06,-1.97638e+06,195523
20,3367,-9.19096e+06,5.84499e+06,-629599
20,3368,-5.98885e+06,9.05908e+06,90338.8
20,3369,-8.2104e+06,-9.29403e+06,-93030.7
20,3370,-2.59685e+06,1.10969e+07,-1.08764e+06
20,3371,-314550,1.19892e+07,405397
20,3372,1.12186e+07,-6.41193e+06,1.18722e+06
20,3373,7.07438e+06,-270589,259189
20,3374,1.20491e+07,1.2761e+06,876862
20,3375,4.36278e+06,-6.85518e+06,-789624
20,3376,-1.11883e+07,4.72716e+06,-727729
20,3377,-7.34376e+06,2.74001e+06,-591538
20,3378,-7.58407e+06,-7.78468e+06,712590
20,3379,1.13444e+07,5.05574e+06,-478553
20,3380,8.05662e+06,-4.60279e+06,683668
20,3381,8.89605e+06,4.41262e+06,784276
20,3382,8.6951e+06,-1.10641e+07,972709
20,3383,4.65934e+06,9.78972e+06,-48811.7
20,3384,-1.09418e+07,566202,84958.3
20,3385,-6.14769e+06,6.65575e+06,-119254
20,3386,-7.75925e+06,2.08125e+06,499391
20,3387,-1.16342e+07,7.0902e+06,51248.9
20,3388,-3.1836e+06,-6.5336e+06,-138649
20,3389,7.49842e+06,-7.44058e+06,-80628.3
20,3390,855357,7.11833e+06,-34949.7
20,3391,6.74401e+06,-7.91019e+06,87597.7
20,3392,-1.23066e+07,2.28114e+06,-151057
20,3393,-9.025e+06,5.50223e+06,81560.9
20,3394,7.05891e+06,-5.58089e+06,-300474
20,3395,6.60418e+06,4.76129e+06,-794681
20,3396,3.82798e+06,9.60038e+06,-991743
20,3397,-4.62299e+06,-1.01156e+07,-923504
20,3398,-297537,-1.06328e+07,1.03669e+06
20,3399,280271,1.23228e+07,534156
20,3400,2.67553e+06,1.14459e+07,826736
20,3401,1.01432e+07,-2.33673e+06,464303
20,3402,-1.52912e+06,-1.20599e+07,-53250.1
20,3403,6.6546e+06,-8.80222e+06,399444
20,3404,1.09915e+07,-8.85332e+06,1.34905e+06
20,3405,-1.25701e+07,-299919,-840350
20,3406,-3.37613e+06,1.21716e+07,-548646
20,3407,6.38399e+06,-6.17569e+06,654771
20,3408,-1.18874e+07,1.91513e+06,414617
20,3409,-1.02923e+07,5.88186e+06,-285422
20,3410,-8.45053e+06,-5.45454e+06,297113
20,3411,1.03976e+07,-1.94097e+06,-882325
20,3412,-8.56427e+06,4.61979e+06,-942998
20,3413,-1.60382e+06,9.78918e+06,11974.5
20,3414,-1.31161e+06,-9.60214e+06,19249.9
20,3415,150957,-8.01094e+06,-643494
20,3416,1.24981e+07,-5.62068e+06,-486822
20,3417,3.93915e+06,-1.38068e+07,1.21591e+06
20,3418,988271,1.2252e+07,971854
20,3419,1.80674e+06,8.27025e+06,-387819
20,3420,-9.37306e+06,-992168,402588
20,3421,1.21326e+07,7.66353e+06,1.30762e+06
20,3422,1.35089e+07,4.88504e+06,-401390
20,3423,-1.02301e+07,-8.78448e+06,753424
20,3424,-1.26979e+07,140298,-1.16841e+06
20,3425,1.1095e+07,3.62347e+06,242154
20,3426,-1.14215e+07,-6.88689e+06,1.33011e+06
20,3427,50094.8,-1.06409e+07,355971
20,3428,-3.30663e+06,-1.45262e+07,-1.00252e+06
20,3429,-7.10987e+06,-1.27373e+07,-1.28892e+06
20,3430,9.17907e+06,-8.12593e+06,188899
20,3431,4.35062e+06,-8.79977e+06,555196
20,3432,6.30824e+06,9.42276e+06,-565167
20,3433,4.55987e+06,-1.20622e+07,-569636
20,3434,8.71314e+06,4.77312e+06,424363
20,3435,6.64999e+06,2.16719e+06,-695447
20,3436,-1.0611e+07,5.92393e+06,-492312
20,3437,4.92464e+06,1.34233e+07,-316408
20,3438,-1.30733e+07,6.322e+06,158850
20,3439,2.05466e+06,-7.36046e+06,-118039
20,3440,-434241,1.33955e+07,-207805
20,3441,1.30812e+07,-2.04996e+06,-1.16917e+06
20,3442,-4.33518e+06,1.27839e+07,136996
20,3443,-6.95791e+06,-6.19599e+06,-272466
20,3444,9.3394e+06,2.40816e+06,-682072
20,3445,1.4314e+07,-44196.4,803899
20,3446,-7.67205e+06,5.22784e+06,444996
20,3447,-1.41736e+07,3.95877e+06,971238
20,3448,1.04268e+07,-1.04732e+07,-807245
20,3449,-7.06154e+06,193692,44297.4
20,3450,-1.99766e+06,8.36267e+06,456320
20,3451,-4.53494e+06,9.7572e+06,263915
20,3452,1.60125e+06,-1.20877e+07,-838448
20,3453,-1.03799e+07,-7.62838e+06,-1.14277e+06
20,3454,-9.88127e+06,8.77024e+06,-448356
20,3455,-6.11638e+06,8.63177e+06,-342253
20,3456,9.42734e+06,9.52999e+06,1.26538e+06
20,3457,4.55361e+06,1.04602e+07,-842927
20,3458,-7.74595e+06,-8.74904e+06,-1.04734e+06
20,3459,2.64421e+06,-8.50631e+06,-804450
20,3460,-7.45531e+06,-1.16598e+07,-181515
20,3461,9.66252e+06,1.30947e+06,635060
20,3462,-3.11141e+06,7.52303e+06,112510
20,3463,-8.95081e+06,20817.3,554415
20,3464,1.02308e+07,-3.26237e+06,747468
20,3465,-7.89489e+06,5.57212e+06,-148179
20,3466,-2.85736e+06,1.16102e+07,1.12538e+06
20,3467,-9.6437e+06,6.91127e+06,344173
20,3468,4.31856e+06,-9.19909e+06,137882
20,3469,3.10997e+06,6.62243e+06,534913
20,3470,1.09452e+07,-3.40032e+06,-982450
20,3471,3.12277e+06,8.8254e+06,100799
20,3472,5.42334e+06,8.47092e+06,287221
20,3473,-1.87088e+06,1.11342e+07,-45675.1
20,3474,3.48103e+06,1.24784e+07,-536859
20,3475,-66307,-9.74521e+06,677205
20,3476,-3.00862e+06,9.51654e+06,778906
20,3477,-7.06495e+06,-1.31447e+07,1.46706e+06
20,3478,-1.15447e+06,-1.22223e+07,-273420
20,3479,6.34221e+06,8.29527e+06,674916
20,3480,-1.02338e+07,-1.01894e+07,-451725
20,3481,-927159,8.16991e+06,-402478
20,3482,1.12e+07,-3.90017e+06,-1.07434e+06
20,3483,-5.56514e+06,-4.24894e+06,-302501
20,3484,-6.64527e+06,1.23587e+07,-590409
20,3485,5.50776e+06,7.31281e+06,149277
20,3486,-7.49217e+06,3.67628e+06,-65133.1
20,3487,7.10584e+06,910708,28953.8
20,3488,1.17643e+07,-4.34905e+06,-805996
20,3489,7.36059e+06,2.65708e+06,-100088
20,3490,6.55453e+06,-1.00246e+07,437688
20,3491,-8.42252e+06,1.91634e+06,710395
20,3492,-9.5734e+06,-58845,880404
20,3493,-65775.4,-1.28617e+07,-637586
20,3494,8.89997e+06,5.21494e+06,219785
20,3495,4.14402e+06,-6.62513e+06,492171
20,3496,6.98997e+06,8.77428e+06,-1.06757e+06
20,3497,-1.07351e+07,-7.9558e+06,563994
20,3498,-9.39315e+06,-697088,465957
20,3499,-8.51061e+06,-6.45657e+06,619659
20,3500,7.92578e+06,3.63993e+06,55504.1
20,3501,929908,-7.43193e+06,328515
20,3502,-8.86803e+06,-1.08346e+07,-1.21494e+06
20,3503,3.33601e+06,-8.36458e+06,-600328
20,3504,2.49344e+06,-1.2331e+07,-427605
20,3505,-8.88125e+06,-3.52017e+06,691440
20,3506,8.24762e+06,-3.03867e+06,174243
20,3507,1.25377e+07,8.04232e+06,-1.11454e+06
20,3508,9.07137e+06,-1.01492e+07,-148488
20,3509,8.60999e+06,-9.28077e+06,-1.15994e+06
20,3510,7.113e+06,-9.14962e+06,-236080
20,3511,2.79728e+06,-8.98885e+06,-309261
20,3512,6.83691e+06,-1.6116e+06,129402
20,3513,6.25518e+06,-1.19693e+07,-1.17405e+06
20,3514,-3.26667e+06,7.69705e+06,-299930
20,3515,-8.69355e+06,-8.65925e+06,-13276.4
20,3516,-6.50345e+06,5.76353e+06,75756.7
20,3517,7.39127e+06,7.79088e+06,321195
20,3518,-5.56914e+06,5.13885e+06,318435
20,3519,-6.40735e+06,-3.18736e+06,-236875
20,3520,2.42965e+06,6.61094e+06,622600
20,3521,1.11689e+07,-69137.3,55433
20,3522,-8.901e+06,7.0316e+06,-431136
20,3523,-5.10703e+06,7.42541e+06,-72358.3
20,3524,1.19864e+06,8.44242e+06,-389828
20,3525,-5.95321e+06,-8.73076e+06,753917
20,3526,3.63312e+06,8.55487e+06,-225227
20,3527,1.41117e+07,987082,503427
20,3528,5.6239e+06,9.23235e+06,-387104
20,3529,6.42931e+06,-6.00806e+06,-31897.4
20,3530,-9.49547e+06,-6.48791e+06,321193
20,3531,1.08745e+07,1.35382e+06,-362346
20,3532,-3.45487e+06,-7.69806e+06,-749943
20,3533,2.68694e+06,1.11448e+07,1.03184e+06
20,3534,-4.51233e+06,8.52967e+06,818984
20,3535,1.00425e+07,-2.2528e+06,-982341
20,3536,-4.61684e+06,-8.21327e+06,737953
20,3537,8.25791e+06,-3.70186e+06,170354
20,3538,-1.07582e+07,7.9651e+06,-771368
20,3539,1.30921e+07,-5.72698e+06,-6929.99
20,3540,5.33741e+06,4.6079e+06,102970
20,3541,-5.82252e+06,4.20936e+06,-282626
20,3542,1.19066e+07,4.46074e+06,-28654.7
20,3543,-8.52972e+06,-7.907e+06,-220634
20,3544,-3.74883e+06,-8.63342e+06,655265
20,3545,1.14619e+07,-5.07976e+06,545091
20,3546,6.36825e+06,1.14654e+07,-211062
20,3547,-557079,1.0866e+07,62100.9
20,3548,-3.44166e+06,-8.66795e+06,-55413.9
20,3549,1.06241e+07,-966751,-229499
20,3550,-4.24365e+06,8.90846e+06,780595
20,3551,-8.78435e+06,-6.53987e+06,-700006
20,3552,-1.8684e+06,1.11602e+07,522294
20,3553,-2.88179e+06,-1.3338e+07,628795
20,3554,-2.49433e+06,-1.08146e+07,-171615
20,3555,-810386,1.21397e+07,-1.04947e+06
20,3556,-1.00304e+07,2.32181e+06,-501944
20,3557,1.14064e+07,5.81242e+06,-710574
20,3558,-1.20223e+07,4.88703e+06,533096
20,3559,1.10259e+07,-3.39843e+06,225684
20,3560,-4.40136e+06,5.57234e+06,-507657
20,3561,1.13601e+07,8.83858e+06,-323303
20,3562,5.14147e+06,-7.14474e+06,-337136
20,3563,1.44312e+07,3.68365e+06,-1.1093e+06
20,3564,3.41641e+06,-8.07934e+06,665254
20,3565,7.37352e+06,1.68064e+06,370119
20,3566,5.27534e+06,6.05422e+06,-769302
20,3567,-785961,7.32854e+06,-642714
20,3568,5.05718e+06,-8.56326e+06,-345560
20,3569,1.05835e+07,7.22798e+06,408638
20,3570,121015,-9.50804e+06,-692914
20,3571,549733,1.41663e+07,-416519
20,3572,-1.28049e+07,-7.00594e+06,-391928
20,3573,-7.03126e+06,1.27371e+07,-1.18139e+06
20,3574,-1.77899e+06,1.48316e+07,1.05111e+06
20,3575,-828556,-8.28295e+06,40698.9
20,3576,-1.39377e+07,-4.91936e+06,-1.40829e+06
20,3577,7.123e+06,9.4201e+06,705954
20,3578,-1.37551e+07,1.44078e+06,784223
20,3579,-8.15499e+06,259308,-173062
20,3580,1.13806e+07,3.39236e+06,599291
20,3581,-4.08516e+06,-6.40603e+06,-733852
20,3582,6.12101e+06,1.22063e+07,42322.5
20,3583,-1.41673e+06,-8.97506e+06,-324748
20,3584,-2.89219e+06,1.2449e+07,645873
20,3585,-1.65733e+06,7.05281e+06,-1979.57
20,3586,2.72557e+06,6.80743e+06,638741
20,3587,-843554,-1.47724e+07,-733896
20,3588,-5.4049e+06,-7.26828e+06,-694001
20,3589,2.17883e+06,1.43493e+07,1.45512e+06
20,3590,1.59016e+06,-1.07951e+07,-1.08992e+06
20,3591,-1.87831e+06,1.39764e+07,473813
20,3592,6.81016e+06,1.15984e+07,-154650
20,3593,-4.28332e+06,1.00782e+07,-39954.6
20,3594,-6.21581e+06,7.23041e+06,323003
20,3595,1.21685e+06,1.19609e+07,957733
20,3596,-1.38716e+07,-905168,-185582
20,3597,-2.52721e+06,-9.68468e+06,343746
20,3598,-3.92775e+06,-7.60456e+06,-424076
20,3599,-2.09244e+06,-6.83232e+06,206934
20,3600,-1.00904e+07,-1.77523e+06,918662
20,3601,-6.30653e+06,-9.87492e+06,-1.02447e+06
20,3602,-2.75826e+06,7.85771e+06,65579.7
20,3603,-5.82015e+06,1.18557e+07,-379450
20,3604,-400263,9.00393e+06,811190
20,3605,6.62821e+06,1.00893e+07,536913
20,3606,-6.2829e+06,-1.10854e+07,-932507
20,3607,7.9421e+06,6.46918e+06,649470
20,3608,-1.22168e+07,-673308,-384261
20,3609,6.52879e+06,5.3436e+06,793992
20,3610,7.90832e+06,3.27765e+06,792575
20,3611,3.3969e+06,-1.08237e+07,-1.03795e+06
20,3612,-9.3151e+06,6.77537e+06,627109
20,3613,-6.03499e+06,4.09725e+06,436736
20,3614,-1.05596e+07,-3.5657e+06,-899839
20,3615,-3.43288e+06,-7.28551e+06,282025
20,3616,-3.40635e+06,-1.44364e+07,-20043.1
20,3617,1.09089e+07,8.54626e+06,-140531
20,3618,7.26391e+06,5.78174e+06,489671
20,3619,-1.03423e+07,-3.98819e+06,-196749
20,3620,7.87713e+06,7.2066e+06,369347
20,3621,4.37057e+06,-9.48149e+06,-634905
20,3622,-5.13675e+06,-6.92207e+06,597370
20,3623,-1.42096e+06,-1.06294e+07,1.07445e+06
20,3624,-421770,-1.4899e+07,714736
20,3625,4.62028e+06,-7.6995e+06,-170425
20,3626,1.27592e+07,7.28964e+06,-188567
20,3627,-9.52683e+06,6.31104e+06,-662177
20,3628,558627,-1.17257e+07,340129
20,3629,-882272,-8.82115e+06,-431313
20,3630,-2.91771e+06,-7.85774e+06,575461
20,3631,-1.0608e+07,-2.24967e+06,-427990
20,3632,7.27584e+06,8.13158e+06,997456
20,3633,-6.50588e+06,-1.17176e+07,102378
20,3634,-1.33228e+07,324165,-533403
20,3635,-4.83413e+06,-6.68846e+06,710407
20,3636,3.36979e+06,7.50661e+06,-109251
20,3637,-3.77174e+06,1.28988e+07,-661940
20,3638,-1.1589e+07,-2.76182e+06,-1.05052e+06
20,3639,-4.64545e+06,-6.08029e+06,-53363.9
20,3640,-6.28166e+06,-1.32869e+07,-1.44468e+06
20,3641,-9.354e+06,5.42764e+06,-852350
20,3642,4.9707e+06,-1.34773e+07,-776180
20,3643,8.8292e+06,1.94282e+06,-367711
20,3644,-1.02751e+07,5.43849e+06,1.09423e+06
20,3645,-6.1522e+06,-4.16528e+06,533219
20,3646,1.08266e+07,328889,-557629
20,3647,9.36813e+06,-1.89412e+06,788826
20,3648,6.78156e+06,-1.29147e+07,-432917
20,3649,1.41588e+07,-1.5248e+06,-427131
20,3650,-8.6342e+06,-2.76697e+06,-567976
20,3651,6.87013e+06,-2.2679e+06,617378
20,3652,-7.00858e+06,4.41472e+06,549120
20,3653,-9.76079e+06,7.44062e+06,599809
20,3654,1.27235e+07,-6.24221e+06,-343451
20,3655,7.21227e+06,-4.22904e+06,-682715
20,3656,8.01842e+06,9.93923e+06,-282549
20,3657,5.45247e+06,8.68624e+06,868982
20,3658,5.59591e+06,-4.20672e+06,538340
20,3659,-2.56777e+06,-9.17143e+06,-471191
20,3660,-1.20646e+07,-5.00026e+06,-522060
20,3661,-3.62749e+06,-9.49924e+06,827615
20,3662,-7.17641e+06,-3.6164e+06,-396066
20,3663,1.20681e+07,5.82743e+06,506678
20,3664,-6.80688e+06,-4.88903e+06,563431
20,3665,357185,-1.30357e+07,46541
20,3666,-1.19153e+07,-7.49534e+06,1.17816e+06
20,3667,-1.13414e+07,-549715,-631130
20,3668,7.0916e+06,8.83272e+06,838997
20,3669,1.23602e+07,-375423,-1.01101e+06
20,3670,6.49193e+06,-6.12236e+06,-186944
20,3671,6.97139e+06,-8.15723e+06,46831.2
20,3672,6.71501e+06,-5.22819e+06,-800397
20,3673,1.3413e+07,4.52394e+06,469691
20,3674,-1.9015e+06,-7.29696e+06,-704730
20,3675,-1.34055e+07,2.79737e+06,-1.11589e+06
20,3676,-1.26092e+07,731657,-781651
20,3677,-6.25503e+06,3.36141e+06,-589698
20,3678,-991786,7.68707e+06,202239
20,3679,1.0102e+07,4.81316e+06,1.05136e+06
20,3680,-925824,1.40267e+07,-1.06376e+06
20,3681,-1.41242e+07,3.40534e+06,-548952
20,3682,1.67767e+06,-1.0769e+07,-723859
20,3683,69988,-1.31394e+07,103402
20,3684,9.311e+06,1.03532e+07,265918
20,3685,-9.40509e+06,4.84964e+06,-524060
20,3686,7.66811e+06,6.36558e+06,-495475
20,3687,-1.53843e+06,-9.00798e+06,-827260
20,3688,2.05573e+06,1.1992e+07,-1.01982e+06
20,3689,1.36708e+06,9.30611e+06,97876.4
20,3690,9.62091e+06,-1.95091e+06,912640
20,3691,3.05861e+06,-1.00445e+07,-1.02528e+06
20,3692,-354139,-1.13588e+07,-643998
20,3693,4.04551e+06,6.30223e+06,-87085
20,3694,-8.18249e+06,7.42657e+06,-132658
20,3695,1.4337e+06,-1.06322e+07,-848728
20,3696,-4.83364e+06,-1.22146e+07,635375
20,3697,-1.26565e+07,2.24674e+06,-742746
20,3698,1.0932e+07,-2.82585e+06,199923
20,3699,6.50408e+06,2.73072e+06,697425
20,3700,7.21275e+06,2.30588e+06,-222610
20,3701,-6.26881e+06,1.3354e+07,-265902
20,3702,1.18778e+07,1.93544e+06,959351
20,3703,-1.09108e+07,2.18053e+06,804074
20,3704,-1.29869e+07,6.65616e+06,-957374
20,3705,-1.11257e+07,7.60125e+06,1.17668e+06
20,3706,1.08429e+07,9.6848e+06,1.33118e+06
20,3707,-5.90174e+06,-7.95251e+06,-924077
20,3708,-8.79453e+06,-1.10279e+07,405074
20,3709,-1.41893e+07,-856213,-254423
20,3710,-548196,-1.38621e+07,1.24904e+06
20,3711,-1.08027e+07,9.70241e+06,-153955
20,3712,-4.69666e+06,-7.72958e+06,-245064
20,3713,9.48991e+06,9.24647e+06,-1.01847e+06
20,3714,7.37735e+06,4.48409e+06,207263
20,3715,4.23894e+06,6.94955e+06,-793237
20,3716,5.15214e+06,-1.21817e+07,-895380
20,3717,-1.18374e+07,5.12384e+06,-672359
20,3718,5.08372e+06,1.08206e+07,614734
20,3719,7.15046e+06,-1.71806e+06,-631088
20,3720,9.53189e+06,-6.57608e+06,-1.13399e+06
20,3721,-6.56012e+06,8.81324e+06,176521
20,3722,8.02222e+06,3.61941e+06,221684
20,3723,-7.3186e+06,-7.27251e+06,-597924
20,3724,-8.93657e+06,-3.79323e+06,180797
20,3725,-2.00135e+06,9.76537e+06,-451434
20,3726,-3.95273e+06,7.39203e+06,-504420
20,3727,-1.08974e+07,-5.18311e+06,-283403
20,3728,611912,9.58694e+06,68120
20,3729,-5.53266e+06,-1.32233e+07,701231
20,3730,-8.21084e+06,1.08703e+07,-1.19398e+06
20,3731,4.39018e+06,1.11459e+07,165422
20,3732,2.82144e+06,-1.25938e+07,-511739
20,3733,-7.94133e+06,-7.72217e+06,708687
20,3734,1.29989e+07,-867777,-1.28582e+06
20,3735,-526787,1.04564e+07,-797391
20,3736,1.42628e+07,-71732.4,-912345
20,3737,-1.29596e+06,7.17507e+06,488928
20,3738,8.67588e+06,3.38746e+06,-835737
20,3739,9.52257e+06,-4.20548e+06,-445946
20,3740,8.27448e+06,6.32875e+06,-13389.8
20,3741,-1.7816e+06,1.2435e+07,-511002
20,3742,1.36938e+07,1.00633e+06,374848
20,3743,-3.16226e+06,9.64069e+06,319871
20,3744,-1.26699e+07,-4.99034e+06,-1.28076e+06
20,3745,-1.04285e+07,2.35384e+06,93644.2
20,3746,1.22617e+07,1.61579e+06,4978.08
20,3747,-6.57753e+06,9.67589e+06,394097
20,3748,-3.73805e+06,7.95305e+06,815537
20,3749,-5.68443e+06,7.96183e+06,187210
20,3750,1.46938e+07,-1.45827e+06,235259
20,3751,5.77771e+06,-3.96629e+06,98428.1
20,3752,4.85434e+06,-8.65802e+06,-198862
20,3753,3.28008e+06,-6.49037e+06,66685.7
20,3754,-188975,9.70165e+06,182036
20,3755,-4.00314e+06,7.6806e+06,236531
20,3756,-1.37115e+07,-2.98888e+06,727863
20,3757,-6.60808e+06,-1.12968e+07,-665820
20,3758,-1.28223e+07,5.30515e+06,-1.26842e+06
20,3759,1.00971e+06,-8.86642e+06,-770801
20,3760,-2.6611e+06,-7.70732e+06,641452
20,3761,1.96348e+06,1.18603e+07,-1.07656e+06
20,3762,1.13572e+07,3.61302e+06,268716
20,3763,7.35012e+06,-4.84731e+06,-43854.5
20,3764,5.41271e+06,-6.91428e+06,-432252
20,3765,4.88862e+06,-8.08251e+06,-361366
20,3766,-6.00959e+06,8.30483e+06,-787947
20,3767,-1.01075e+06,-7.23793e+06,212149
20,3768,-2.73814e+06,8.80648e+06,822881
20,3769,-1.46851e+07,2.36402e+06,900817
20,3770,-3.87387e+06,1.22451e+07,-1.13681e+06
20,3771,4.4076e+06,-6.8337e+06,376244
20,3772,8.30222e+06,9.0888e+06,344580
20,3773,8.48625e+06,-9.99914e+06,-1.28078e+06
20,3774,1.23607e+07,1.60993e+06,516011
20,3775,7.0971e+06,9.76038e+06,642881
20,3776,3.61586e+06,-6.6145e+06,-359128
20,3777,1.11486e+07,-5.66302e+06,-400693
20,3778,-1.07317e+07,2.40267e+06,-754204
20,3779,-391125,-1.16753e+07,976180
20,3780,-1.37583e+07,-980339,604556
20,3781,-1.33597e+07,432270,-1.03008e+06
20,3782,5.87206e+06,-8.70637e+06,202986
20,3783,4.93233e+06,1.17471e+07,1.18655e+06
20,3784,-5.68879e+06,-8.44862e+06,-983046
20,3785,1.74086e+06,-7.79142e+06,749271
20,3786,9.26487e+06,2.34403e+06,-265976
20,3787,2.37852e+06,6.72235e+06,360281
20,3788,1.23042e+07,7.66374e+06,167866
20,3789,5.68087e+06,7.00223e+06,-507256
20,3790,1.06119e+07,4.73688e+06,-152891
20,3791,-1.29124e+06,7.96242e+06,-499456
20,3792,-3.54947e+06,-1.35691e+07,1.03543e+06
20,3793,-4.0264e+06,9.22441e+06,-240400
20,3794,-975778,-7.0783e+06,-214695
20,3795,-7.67571e+06,-5.60757e+06,-121194
20,3796,-9.27458e+06,1.15885e+07,338159
20,3797,9.48318e+06,-424740,-104202
20,3798,8.34827e+06,8.70338e+06,562431
20,3799,-8.69824e+06,2.76414e+06,700653
20,3800,-1.31571e+07,6.62589e+06,987869
20,3801,4.39678e+06,-5.98245e+06,192308
20,3802,8.4648e+06,-6.84117e+06,752854
20,3803,2.54073e+06,-8.99356e+06,-750120
20,3804,-6.00895e+06,-1.21292e+07,-1.11822e+06
20,3805,-1.08432e+07,-6.14303e+06,235682
20,3806,-1.10016e+06,9.24891e+06,489453
20,3807,-8.58198e+06,2.86537e+06,352615
20,3808,-6.2414e+06,-4.39888e+06,136479
20,3809,-8.62057e+06,9.0148e+06,-127276
20,3810,3.56164e+06,-8.92941e+06,-711450
20,3811,-9.62371e+06,-1.10585e+07,1.13662e+06
20,3812,-5.24116e+06,8.95553e+06,833345
20,3813,5.6689e+06,5.3354e+06,-312518
20,3814,-9.75772e+06,-1.09641e+07,159086
20,3815,-1.10243e+07,6.15475e+06,652240
20,3816,4.79469e+06,-8.92901e+06,-471989
20,3817,-9.10813e+06,-1.42891e+06,-127664
20,3818,-8.09566e+06,9.0831e+06,-656296
20,3819,-9.90507e+06,-4.12852e+06,-768309
20,3820,-4.93926e+06,1.03311e+07,-246333
20,3821,8.44128e+06,-3.72933e+06,338494
20,3822,-5.45185e+06,-7.25815e+06,633795
20,3823,5.02063e+06,-8.86583e+06,-705278
20,3824,-1.31002e+07,-3.50688e+06,-752116
20,3825,1.02206e+07,-641252,581337
20,3826,8.61076e+06,7.77143e+06,-190670
20,3827,8.15222e+06,4.05298e+06,76839.8
20,3828,-6.25216e+06,-1.26334e+07,-706260
20,3829,1.0891e+07,-3.9266e+06,516459
20,3830,1.22673e+07,-2.36665e+06,747650
20,3831,-4.75875e+06,6.50283e+06,751671
20,3832,8.25744e+06,7.14158e+06,-90380.6
20,3833,1.25679e+07,-75386.6,-442801
20,3834,8.16792e+06,-7.52823e+06,-321610
20,3835,7.51809e+06,-2.34103e+06,-18200.5
20,3836,-7.85084e+06,-7.6591e+06,-1.09256e+06
20,3837,-9.3934e+06,1.0975e+07,-297818
20,3838,-6.13925e+06,5.70009e+06,509806
20,3839,1.23666e+07,-5.15361e+06,-259319
20,3840,-1.26274e+07,-692534,769874
20,3841,-8.65313e+06,9.28712e+06,-414769
20,3842,-7.89725e+06,-4.2765e+06,835435
20,3843,7.00361e+06,4.94894e+06,-653953
20,3844,-7.88486e+06,1.06419e+07,-730847
20,3845,-5.89763e+06,-7.85474e+06,91906.2
20,3846,-6.9727e+06,1.09104e+07,-124227
20,3847,6.93877e+06,3.5968e+06,-58989.8
20,3848,-7.02649e+06,-6.20417e+06,-859040
20,3849,5.39046e+06,-5.87533e+06,105735
20,3850,7.03349e+06,-1.05699e+07,-91830.4
20,3851,-1.28944e+07,-2.12516e+06,-725361
20,3852,-9.6842e+06,453022,-355176
20,3853,-5.15451e+06,8.166e+06,-729740
20,3854,7.28468e+06,2.34885e+06,-596636
20,3855,-8.01123e+06,-5.52337e+06,-607643
20,3856,5.16252e+06,-1.31252e+07,57901.3
20,3857,-8.59073e+06,9.40625e+06,-1.18352e+06
20,3858,9.76734e+06,1.02764e+07,1.27351e+06
20,3859,-4.075e+06,1.08341e+07,-10360
20,3860,1.08717e+07,1.72986e+06,-318301
20,3861,-1.28683e+07,-932102,-660541
20,3862,6.41432e+06,-7.25081e+06,49463.9
20,3863,1.09217e+07,-2.56825e+06,-402077
20,3864,4.20951e+06,-9.96957e+06,560844
20,3865,5.19593e+06,7.49401e+06,366203
20,3866,8.05482e+06,-4.09592e+06,-671205
20,3867,8.93237e+06,3.34651e+06,388027
20,3868,-9.16612e+06,-1.06825e+07,1.23548e+06
20,3869,6.74459e+06,4.32043e+06,542855
20,3870,6.83465e+06,-1.20109e+07,827260
20,3871,1.87142e+06,9.6823e+06,847732
20,3872,-7.66851e+06,5.51982e+06,377268
20,3873,4.04288e+06,-8.389e+06,-802692
20,3874,-1.06218e+07,-8.05075e+06,194579
20,3875,-1.93031e+06,1.04907e+07,-76646.6
20,3876,-9.09195e+06,-5.43026e+06,-462893
20,3877,4.5428e+06,6.1113e+06,303439
20,3878,4.57027e+06,-5.53059e+06,279019
20,3879,6.84073e+06,-1.11806e+07,-990894
20,3880,-1.35297e+07,-508584,1.04598e+06
20,3881,1.39092e+07,2.24241e+06,-330109
20,3882,-4.76027e+06,-1.01391e+07,-479247
20,3883,-6.7161e+06,6.01696e+06,1692.67
20,3884,1.21962e+06,-1.45567e+07,-206499
20,3885,3.50729e+06,6.55545e+06,-65525.6
20,3886,-9.96622e+06,9.12144e+06,104018
20,3887,1.21489e+07,-7.17928e+06,-803016
20,3888,-2.65005e+06,6.84835e+06,287647
20,3889,1.2822e+07,6.86465e+06,-1.37559e+06
20,3890,-51449.2,-1.4005e+07,1.38322e+06
20,3891,-8.83808e+06,4.99625e+06,-666272
20,3892,-6.9024e+06,-3.89172e+06,-215094
20,3893,5.88263e+06,-4.85714e+06,-460698
20,3894,-2.72099e+06,1.26745e+07,812282
20,3895,450680,-7.90876e+06,-637970
20,3896,-930459,-1.05117e+07,-690624
20,3897,6.21481e+06,-6.86176e+06,714410
20,3898,3.4767e+06,6.46215e+06,-562375
20,3899,8.31523e+06,-1.42915e+06,87155
20,3900,1.07048e+07,-919548,122387
20,3901,-6.20861e+06,1.06013e+07,-289697
20,3902,1.05781e+07,5.09534e+06,-573675
20,3903,8.51614e+06,997158,63273
20,3904,-8.63955e+06,7.55385e+06,-531173
20,3905,8.00827e+06,9.22543e+06,45479.8
20,3906,6.63281e+06,1.13289e+07,665489
20,3907,1.20702e+07,4.89713e+06,-1.25748e+06
20,3908,5.03859e+06,1.38742e+07,952300
20,3909,-1.16403e+06,1.14041e+07,-849860
20,3910,-9.22792e+06,5.92215e+06,436349
20,3911,4.94168e+06,-1.33325e+07,-641824
20,3912,7.09102e+06,-1.2048e+07,1.20277e+06
20,3913,1.36959e+06,-1.05792e+07,195561
20,3914,9.44167e+06,-194290,-874411
20,3915,6.54255e+06,-5.05227e+06,-728261
20,3916,-2.93327e+06,-1.37242e+07,-1.30414e+06
20,3917,422796,-1.04246e+07,173402
20,3918,9.83527e+06,-1.06257e+07,-484782
20,3919,7.26148e+06,-2.49156e+06,26537.2
20,3920,3.21531e+06,-6.85835e+06,559161
20,3921,-1.14949e+07,3.80754e+06,392871
20,3922,9.9333e+06,-7.75329e+06,1.152e+06
20,3923,3.43983e+06,-1.05185e+07,1.03102e+06
20,3924,8.11574e+06,1.08293e+06,605193
20,3925,8.20106e+06,2.39091e+06,-581538
20,3926,1.80184e+06,9.90273e+06,-392202
20,3927,-4.07438e+06,-1.42167e+07,627983
20,3928,-719995,-7.71515e+06,371134
20,3929,1.53962e+06,1.21796e+07,-188976
20,3930,-6.5121e+06,-1.21162e+07,640803
20,3931,-1.11397e+07,3.52252e+06,605827
20,3932,-3.3489e+06,-6.71776e+06,748741
20,3933,-3.4465e+06,1.27716e+07,-588187
20,3934,9.8602e+06,-7.41351e+06,192329
20,3935,5.87692e+06,9.54463e+06,483273
20,3936,1.23613e+07,-2.48375e+06,-504095
20,3937,-1.19929e+07,5.14687e+06,152623
20,3938,2.2553e+06,1.33356e+07,-425164
20,3939,-1.18258e+07,-5.73419e+06,-1.07367e+06
20,3940,-8.83462e+06,-5.49957e+06,854175
20,3941,3.05638e+06,-7.91516e+06,-627865
20,3942,232470,8.90945e+06,674053
20,3943,2.11634e+06,-8.32722e+06,-65623.4
20,3944,8.04352e+06,-1.2632e+07,718468
20,3945,-9.19347e+06,-1.04692e+07,959091
20,3946,7.34656e+06,5.3474e+06,210699
20,3947,-9.43516e+06,4.55565e+06,56045.9
20,3948,-6.82124e+06,-7.10246e+06,-927192
20,3949,1.31378e+07,-6.60175e+06,1.28319e+06
20,3950,-9.65415e+06,-2.09661e+06,899682
20,3951,3.66415e+06,-1.3736e+07,-263503
20,3952,3.18296e+06,-1.10537e+07,-522532
20,3953,5.75115e+06,-1.05335e+07,498206
20,3954,-9.23066e+06,-5.57614e+06,1.05729e+06
20,3955,2.7384e+06,-1.14818e+07,535297
20,3956,-2.52958e+06,-1.23551e+07,-114990
20,3957,-1.05528e+07,2.03006e+06,-1.00601e+06
20,3958,4.90732e+06,7.42714e+06,689309
20,3959,5.80981e+06,7.09888e+06,-698861
20,3960,1.25855e+07,599481,-72309
20,3961,4.75997e+06,-6.32707e+06,727883
20,3962,-1.37384e+07,5.12708e+06,423937
20,3963,-7.03475e+06,9.46994e+06,-131972
20,3964,2.27157e+06,-7.15252e+06,-389300
20,3965,-1.06192e+07,1.17024e+06,129719
20,3966,-4.7272e+06,-1.26835e+07,441580
20,3967,9.16352e+06,6.46029e+06,-219748
20,3968,1.46399e+07,-300071,675496
20,3969,6.98732e+06,5.38054e+06,-150332
20,3970,-2.31801e+06,-1.36159e+07,1.0625e+06
20,3971,8.03287e+06,8.76731e+06,-917851
20,3972,-6.66439e+06,-3.15701e+06,-379460
20,3973,-4.90924e+06,-1.18932e+07,-468246
20,3974,6.63681e+06,5.15721e+06,399168
20,3975,-4.82933e+06,9.40968e+06,755662
20,3976,-1.16456e+07,-1.446e+06,571632
20,3977,-5.18199e+06,-1.24915e+07,-162270
20,3978,1.49272e+06,-9.92272e+06,35934.4
20,3979,9.79648e+06,-7.91033e+06,1.04971e+06
20,3980,3.37607e+06,8.57028e+06,-440054
20,3981,-8.97544e+06,9.38117e+06,-849268
20,3982,-3.75832e+06,6.79664e+06,-566087
20,3983,-3.1805e+06,-7.5722e+06,-791201
20,3984,4.54905e+06,-6.48522e+06,547227
20,3985,8.12137e+06,5.16733e+06,394787
20,3986,9.42003e+06,2.90562e+06,-675620
20,3987,-6.76005e+06,-4.41147e+06,643986
20,3988,-1.27436e+07,-3.95422e+06,-207746
20,3989,-1.12394e+07,4.01214e+06,-606503
20,3990,8.77614e+06,-8.80194e+06,-316088
20,3991,-1.25095e+07,5.65832e+06,-270951
20,3992,-2.28404e+06,-6.84184e+06,444061
20,3993,7.02923e+06,1.00567e+07,-975501
20,3994,-9.50517e+06,6.61728e+06,-164236
20,3995,-2.29656e+06,-1.45601e+07,-260072
20,3996,6.94959e+06,1.67243e+06,264252
20,3997,-3.48869e+06,-1.32478e+07,-257880
20,3998,7.09413e+06,-1.31467e+06,703832
20,3999,1.02356e+07,5.00686e+06,93369.3
20,4000,-5.91425e+06,-1.28273e+07,621854
20,4001,5.91154e+06,4.86894e+06,-571739
20,4002,-1.40054e+07,-2.40755e+06,829621
20,4003,7.16713e+06,-3.33739e+06,508403
20,4004,6.28193e+06,-6.1459e+06,-416045
20,4005,-911808,8.56535e+06,707740
20,4006,-6.91311e+06,1.25324e+07,588376
20,4007,4.4246e+06,-1.15792e+07,-504738
20,4008,-5.34533e+06,-9.64989e+06,-1.04829e+06
20,4009,-3.21018e+06,-9.47252e+06,-495255
20,4010,1.43177e+07,2.85779e+06,1.34135e+06
20,4011,8.27533e+06,2.77007e+06,-362361
20,4012,318549,-1.32639e+07,-773452
20,4013,-5.24499e+06,-6.78269e+06,-71872.1
20,4014,1.31643e+07,2.12767e+06,294507
20,4015,1.28304e+07,-416414,459188
20,4016,6.79446e+06,5.67281e+06,249494
20,4017,9.07822e+06,-6.51494e+06,506739
20,4018,-9.1763e+06,6.20259e+06,-211840
20,4019,8.74088e+06,1.09741e+06,131978
20,4020,2.10799e+06,8.41496e+06,-651093
20,4021,8.31274e+06,1.82937e+06,296677
20,4022,-9.40391e+06,-3.96953e+06,279643
20,4023,1.33935e+07,6.24507e+06,-242616
20,4024,-8.8594e+06,1.16415e+06,753115
20,4025,-6.62095e+06,-1.09441e+07,-150306
20,4026,1.20874e+07,2.61504e+06,213315
20,4027,-6.61169e+06,9.29898e+06,-681908
20,4028,1.26116e+07,4.56e+06,-1.15701e+06
20,4029,-297915,1.05073e+07,516392
20,4030,1.82211e+06,-1.19278e+07,-423242
20,4031,8.46584e+06,-9.75725e+06,-399860
20,4032,7.90774e+06,-5.58274e+06,-873871
20,4033,7.0773e+06,6.71808e+06,-921894
20,4034,-7.23313e+06,3.17054e+06,295382
20,4035,5.56971e+06,-7.46466e+06,-116198
20,4036,1.41478e+07,-4.07797e+06,805514
20,4037,-3.73236e+06,-1.39224e+07,1.14274e+06
20,4038,-5.12639e+06,7.25141e+06,449555
20,4039,5.51761e+06,-8.77658e+06,784419
20,4040,4.29685e+06,-8.33281e+06,-649250
20,4041,-9.58156e+06,-1.22181e+06,-528940
20,4042,-1.01642e+07,-5.61943e+06,-681560
20,4043,-8.95717e+06,-9.90753e+06,-487006
20,4044,6.49103e+06,-5.99744e+06,594247
20,4045,8.56953e+06,2.09439e+06,537899
20,4046,9.53394e+06,7.15855e+06,208312
20,4047,1.75556e+06,-1.04531e+07,-617364
20,4048,5.77135e+06,8.86824e+06,970845
20,4049,-986729,-1.31835e+07,503144
20,4050,9.22925e+06,-4.68188e+06,-886051
20,4051,2.79604e+06,1.31232e+07,-472409
20,4052,2.39037e+06,-1.08702e+07,754679
20,4053,-9.60181e+06,6.55046e+06,1.04068e+06
20,4054,3.0691e+06,-8.42858e+06,201026
20,4055,1.00122e+07,218542,-106952
20,4056,7.19209e+06,5.70586e+06,-781852
20,4057,-7.2404e+06,-6.54216e+06,659659
20,4058,-7.59977e+06,3.73184e+06,-182955
20,4059,4.17862e+06,-1.02905e+07,119160
20,4060,-1.36632e+07,-1.71364e+06,286033
20,4061,4.75313e+06,-9.31927e+06,888828
20,4062,5.29959e+06,-1.084e+07,-1.06694e+06
20,4063,5.22526e+06,1.32381e+07,-693569
20,4064,7.26557e+06,-1.44734e+06,522313
20,4065,8.29534e+06,-1.16547e+07,-58563.2
20,4066,1.41494e+07,-2.63517e+06,7388.9
20,4067,-4.42219e+06,-7.103e+06,797895
20,4068,9.08297e+06,-1.05544e+07,1.21115e+06
20,4069,2.43393e+06,-1.39271e+07,617568
20,4070,-6.49737e+06,-6.39719e+06,39182.8
20,4071,-1.38437e+07,608890,-1.03356e+06
20,4072,-2.9393e+06,-6.39651e+06,70250.8
20,4073,4.58392e+06,8.48897e+06,-64217.7
20,4074,-4.14514e+06,6.60751e+06,-188433
20,4075,-1.05035e+07,2.10487e+06,-520980
20,4076,-8.57259e+06,1.07908e+07,-746043
20,4077,-3.81752e+06,7.45448e+06,-726063
20,4078,-5.63679e+06,-4.57742e+06,173025
20,4079,987470,-1.11454e+07,-1.03416e+06
20,4080,1.19097e+07,8.23416e+06,504126
20,4081,5.97759e+06,-5.41742e+06,17282.4
20,4082,-5.55955e+06,-5.21339e+06,-750534
20,4083,-7.61763e+06,-1.07635e+07,-758695
20,4084,9.97115e+06,622237,387161
20,4085,-8.53262e+06,-4.27009e+06,873913
20,4086,9.3822e+06,-439169,249362
20,4087,-8.2846e+06,3.32363e+06,429556
20,4088,9.53188e+06,4.51855e+06,-700130
20,4089,-7.85197e+06,-1.07709e+07,186147
20,4090,4.47413e+06,-6.99758e+06,767406
20,4091,6.37052e+06,3.57588e+06,563107
20,4092,-9.86142e+06,-9.17705e+06,1.20195e+06
20,4093,2.46128e+06,1.1907e+07,556362
20,4094,1.21073e+07,-966657,-695719
20,4095,2.33879e+06,-1.15424e+07,-379370
20,4096,7.73261e+06,-6.39693e+06,-192300
20,4097,9.26945e+06,-7.58568e+06,-695868
20,4098,-4.31273e+06,-1.42152e+07,-11522.2
20,4099,1.00394e+07,-2.82501e+06,-614480
20,4100,-3.49589e+06,8.81732e+06,-400454
20,4101,1.0699e+07,-600363,834861
20,4102,-8.57272e+06,4.3608e+06,326110
20,4103,3.17755e+06,-6.36796e+06,541494
20,4104,-9.88117e+06,9.7152e+06,-105315
20,4105,-5.81885e+06,4.06649e+06,-56173.1
20,4106,1.12281e+07,-8.68314e+06,1.32695e+06
20,4107,1.40503e+07,836485,398312
20,4108,-1.21839e+06,7.44603e+06,118152
20,4109,-6.98239e+06,-1.04327e+07,-1.13523e+06
20,4110,5.28236e+06,5.74283e+06,-638926
20,4111,-3.0349e+06,-7.84063e+06,557034
20,4112,-3.48413e+06,-9.64188e+06,-615780
20,4113,-8.75815e+06,1.18695e+07,1.02197e+06
20,4114,9.65727e+06,-1.08273e+07,-1.25934e+06
20,4115,8.76441e+06,8.40447e+06,-1.20441e+06
20,4116,6.46359e+06,-3.58171e+06,604894
20,4117,-8.34733e+06,-2.69049e+06,800246
20,4118,-8.6883e+06,6.70327e+06,-36762.2
20,4119,-1.31809e+07,1.77867e+06,754319
20,4120,-261303,1.04441e+07,-362697
20,4121,-7.60375e+06,-26737.3,-535917
20,4122,-1.18851e+07,6.34657e+06,714743
20,4123,8.61751e+06,-1.17559e+07,1.31967e+06
20,4124,5.727e+06,9.97229e+06,1.00387e+06
20,4125,9.26268e+06,-1.04144e+07,539009
20,4126,1.19216e+07,1.22761e+06,595024
20,4127,-623808,7.70674e+06,79611.7
20,4128,1.05261e+07,1.17603e+06,687217
20,4129,-5.72185e+06,-1.28102e+07,115235
20,4130,1.06211e+07,1.01184e+07,698503
20,4131,-6.01286e+06,5.31588e+06,137206
20,4132,1.28752e+07,417453,-617240
20,4133,-1.10349e+07,-2.43964e+06,311133
20,4134,-9.07383e+06,-2.50302e+06,-584680
20,4135,-7.45805e+06,-4.0551e+06,315002
20,4136,5.60346e+06,5.65721e+06,103983
20,4137,-7.2302e+06,5.62243e+06,-181812
20,4138,8.40475e+06,213837,594725
20,4139,-4.53267e+06,-1.18845e+07,118303
20,4140,1.1632e+07,-4.84556e+06,417661
20,4141,-8.17796e+06,-4.03714e+06,-105195
20,4142,-1.13377e+07,-1.38432e+06,820942
20,4143,4.45598e+06,1.13225e+07,-1.06609e+06
20,4144,1.03246e+07,1.14661e+06,-377645
20,4145,-7.11821e+06,6.87841e+06,951807
20,4146,-1.0343e+06,9.34832e+06,-698367
20,4147,6.20296e+06,9.18711e+06,257858
20,4148,-7.21899e+06,-3.93918e+06,537313
20,4149,-6.49984e+06,3.41005e+06,-57169
20,4150,-1.308e+07,2.55592e+06,180019
20,4151,-1.23535e+07,-4.99285e+06,-377699
20,4152,-814596,-7.62225e+06,569940
20,4153,1.32433e+07,-6.45908e+06,877468
20,4154,2.50326e+06,-1.18859e+07,-164994
20,4155,-6.9284e+06,9.49144e+06,-407415
20,4156,-1.25225e+07,3.60827e+06,-751019
20,4157,5.5635e+06,-6.57127e+06,306195
20,4158,-9.30754e+06,6.52576e+06,-157285
20,4159,-7.19108e+06,1.93374e+06,440443
20,4160,-7.57143e+06,6.61879e+06,-977021
20,4161,1.05057e+07,1.81683e+06,150007
20,4162,6.02898e+06,-9.26371e+06,180786
20,4163,-9.51531e+06,-1.10988e+06,382796
20,4164,-5.49051e+06,-5.43399e+06,645050
20,4165,-6.46178e+06,-6.79056e+06,603176
20,4166,-2.09202e+06,-1.08874e+07,-419222
20,4167,-4.55407e+06,-8.26948e+06,388012
20,4168,2.17335e+06,1.4332e+07,-92140.9
20,4169,7.81809e+06,4.46341e+06,-174234
20,4170,-1.40982e+06,9.88442e+06,-405566
20,4171,9.85171e+06,-558400,558964
20,4172,5.37252e+06,-5.33101e+06,201791
20,4173,-7.78921e+06,1.17825e+07,-100229
20,4174,-2.10628e+06,1.3963e+07,1.17612e+06
20,4175,1.35315e+07,-1.54683e+06,-478889
20,4176,-4.42773e+06,7.66203e+06,806797
20,4177,-8.80841e+06,-3.9727e+06,-186151
20,4178,3.41857e+06,9.57771e+06,75411.3
20,4179,1.3059e+07,4.31504e+06,1.07278e+06
20,4180,-9.07139e+06,-8.33606e+06,310267
20,4181,-8.12396e+06,4.63551e+06,560487
20,4182,-9.26568e+06,1.62747e+06,-906510
20,4183,-1.12432e+07,6.25966e+06,65262.9
20,4184,7.90704e+06,-262827,-312659
20,4185,-1.04636e+07,-5.99698e+06,688372
20,4186,485039,-9.33557e+06,-219695
20,4187,-4.6788e+06,-9.14534e+06,584660
20,4188,1.00343e+07,-7.1543e+06,-529823
20,4189,9.58092e+06,1.04777e+07,453133
20,4190,-1.137e+07,259007,-430277
20,4191,5.69629e+06,9.44076e+06,-288224
20,4192,-6.91949e+06,-3.5216e+06,-628952
20,4193,7.03935e+06,4.36051e+06,-196568
20,4194,1.14718e+07,-7.46234e+06,-1.1746e+06
20,4195,-4.728e+06,-1.11121e+07,81559.4
20,4196,1.1431e+06,1.22828e+07,-25548.4
20,4197,8.48668e+06,5.51984e+06,254255
20,4198,-1.85154e+06,1.08041e+07,-57687
20,4199,4.31765e+06,-1.24702e+07,394747
20,4200,-9.48632e+06,-5.03385e+06,-246994
20,4201,-6.12726e+06,5.16282e+06,48599.7
20,4202,1.08751e+07,-4.50847e+06,653621
20,4203,3.62496e+06,7.34387e+06,-655665
20,4204,-3.38399e+06,-1.23907e+07,1.25332e+06
20,4205,5.27253e+06,-9.85288e+06,170844
20,4206,-2.4224e+06,-1.37756e+07,399800
20,4207,-1.82513e+06,-1.1374e+07,-185115
20,4208,7.4898e+06,2.07761e+06,-32602.2
20,4209,1.03083e+07,5.70909e+06,-502488
20,4210,-8.77889e+06,-3.8022e+06,-424083
20,4211,3.82027e+06,6.74157e+06,-505922
20,4212,-3.04795e+06,1.33863e+07,589840
20,4213,1.14281e+07,-1.53557e+06,-524239
20,4214,7.77052e+06,2.78923e+06,-428041
20,4215,1.06503e+07,6.45997e+06,-636541
20,4216,-1.19035e+07,-6.96454e+06,-1.19027e+06
20,4217,6.75783e+06,2.89735e+06,651353
20,4218,7.81711e+06,-1.1311e+07,1.16931e+06
20,4219,58018.9,1.10398e+07,-217836
20,4220,9.15593e+06,-8.87288e+06,-165519
20,4221,1.02821e+07,-4.56118e+06,-884761
20,4222,7.40316e+06,1.17625e+07,-44858.8
20,4223,-6.89357e+06,-5.38386e+06,102458
20,4224,6.65524e+06,-7.51056e+06,320826
20,4225,7.34551e+06,1.03996e+07,977581
20,4226,1.27134e+06,8.21555e+06,-619469
20,4227,8.08405e+06,-6.7163e+06,-520742
20,4228,5.77762e+06,-8.14648e+06,235354
20,4229,2.80231e+06,1.26952e+07,563236
20,4230,8.80241e+06,-561510,105634
20,4231,9.15352e+06,8.58508e+06,-626321
20,4232,-6.34737e+06,5.04875e+06,-350310
20,4233,9.89074e+06,8.1988e+06,648167
20,4234,2.03542e+06,7.06584e+06,429767
20,4235,-1.27643e+07,1.79494e+06,-1.16323e+06
20,4236,-9.95689e+06,6.46416e+06,-435778
20,4237,-1.11835e+07,4.5748e+06,-987099
20,4238,2.65024e+06,-1.4023e+07,-1.2695e+06
20,4239,9.61307e+06,5.69835e+06,754946
20,4240,5.44042e+06,1.05268e+07,-1.13923e+06
20,4241,-7.22814e+06,-490582,339767
20,4242,1.28242e+06,7.85808e+06,-275134
20,4243,-6.87253e+06,5.40617e+06,104247
20,4244,1.21388e+07,-2.68977e+06,1.07397e+06
20,4245,-1.02201e+06,-1.14686e+07,1.04104e+06
20,4246,7.62234e+06,421468,-719882
20,4247,1.04966e+06,-1.14548e+07,-305855
20,4248,-1.12514e+07,-1.28615e+06,-919775
20,4249,9.45523e+06,1.29692e+06,-744496
20,4250,6.5458e+06,-1.17729e+07,814422
20,4251,3.55515e+06,-1.23037e+07,438109
20,4252,-6.02869e+06,-1.07885e+07,34708.4
20,4253,-1.09632e+06,-9.83789e+06,-398812
20,4254,-1.04029e+07,4.49366e+06,-506567
20,4255,-921491,1.4758e+07,-564247
20,4256,3.80021e+06,-7.36937e+06,143584
20,4257,5.21357e+06,-1.06954e+07,-373907
20,4258,2.58391e+06,8.13959e+06,397540
20,4259,3.10203e+06,1.14709e+07,-844910
20,4260,-5.39714e+06,-5.80424e+06,-794903
20,4261,-5.58872e+06,4.44588e+06,273369
20,4262,-1.14104e+07,5.22827e+06,479852
20,4263,1.10439e+07,-1.48528e+06,-753363
20,4264,-1.17716e+07,526455,-720900
20,4265,-2.18874e+06,1.28107e+07,-307512
20,4266,231450,9.99505e+06,-138555
20,4267,-263398,-1.07684e+07,571541
20,4268,-6.80012e+06,-4.65815e+06,654406
20,4269,-7.77085e+06,1.18378e+06,393838
20,4270,9.52064e+06,7.1215e+06,-245881
20,4271,1.10339e+07,-161962,-710252
20,4272,-1.06399e+07,1.03345e+07,-890055
20,4273,-7.67963e+06,-6.85789e+06,-590565
20,4274,5.77806e+06,-7.26827e+06,929662
20,4275,5.54647e+06,7.74848e+06,559311
20,4276,9.42135e+06,7.03247e+06,1.05325e+06
20,4277,-5.26994e+06,-5.50879e+06,-115960
20,4278,2.50105e+06,1.11683e+07,430760
20,4279,-1.42076e+07,3.68478e+06,67393.2
20,4280,6.99468e+06,-5.46909e+06,839091
20,4281,-1.27289e+07,-3.62503e+06,1.21247e+06
20,4282,-8.17398e+06,963981,61895.1
20,4283,3.65452e+06,-1.02999e+07,372586
20,4284,-4.68299e+06,6.49743e+06,-257818
20,4285,-3.07881e+06,1.10712e+07,-881284
20,4286,7.3218e+06,-9.73859e+06,1.05431e+06
20,4287,2.97088e+06,-1.44398e+07,-1.06414e+06
20,4288,-1.12367e+07,8.02882e+06,635456
20,4289,5.4424e+06,-9.84473e+06,-167598
20,4290,-6.95166e+06,-2.75655e+06,-492240
20,4291,-1.44937e+07,-2.59005e+06,157714
20,4292,-1.00218e+07,-1.01263e+07,-562380
20,4293,-9.34082e+06,-229631,686247
20,4294,1.2972e+07,-2.97564e+06,-1.1423e+06
20,4295,7.93156e+06,4.53221e+06,459061
20,4296,6.49014e+06,4.88997e+06,100220
20,4297,-2.11097e+06,-1.00731e+07,-26725.1
20,4298,-9.31595e+06,4.56422e+06,772931
20,4299,-5.19525e+06,8.72725e+06,-328072
20,4300,5.58854e+06,-6.4727e+06,-605288
20,4301,-3.07741e+06,1.38865e+07,1.13863e+06
20,4302,-1.15334e+07,-6.66139e+06,451588
20,4303,-8.51169e+06,-4.43652e+06,-398715
20,4304,1.06934e+06,-1.01486e+07,-523039
20,4305,-9.82771e+06,9.56003e+06,88211.5
20,4306,-5.98243e+06,-1.32408e+07,423220
20,4307,1.1093e+07,-6.13579e+06,-638121
20,4308,-9.67414e+06,6.84224e+06,-1.16046e+06
20,4309,-3.7638e+06,7.06134e+06,104011
20,4310,3.69755e+06,-1.35558e+07,149879
20,4311,-1.84545e+06,7.36052e+06,-202299
20,4312,1.09424e+07,4.86097e+06,72302
20,4313,-3.8139e+06,-1.36644e+07,843873
20,4314,3.23008e+06,1.19881e+07,-969138
20,4315,-4.47071e+06,-1.28806e+07,204692
20,4316,-6.66393e+06,-5.23935e+06,-796814
20,4317,-3.15132e+06,7.29904e+06,-89447.4
20,4318,5.69939e+06,5.55177e+06,359645
20,4319,-1.12719e+07,-2.55233e+06,-109942
20,4320,1.40305e+07,4.65381e+06,-945465
20,4321,7.8837e+06,9.28195e+06,217711
20,4322,1.13395e+07,-1.9635e+06,884101
20,4323,1.0907e+07,9.59227e+06,1.07138e+06
20,4324,-5.27421e+06,-6.04844e+06,353394
20,4325,-5.44007e+06,-6.20723e+06,-740638
20,4326,8.26926e+06,-4.31212e+06,-613105
20,4327,-7.0903e+06,2.45643e+06,526945
20,4328,-4.79039e+06,5.88619e+06,607964
20,4329,-3.08883e+06,7.30696e+06,442122
20,4330,5.70192e+06,-9.76925e+06,-880407
20,4331,1.31922e+07,-5.59688e+06,-989435
20,4332,7.26449e+06,-308523,-25804.1
20,4333,-8.54311e+06,-7.78361e+06,670264
20,4334,4.54349e+06,1.26883e+07,-710512
20,4335,6.02835e+06,-1.26476e+07,329639
20,4336,-1.28021e+06,-1.48785e+07,-849601
20,4337,-1.18497e+07,6.90341e+06,-1.27586e+06
20,4338,945468,-9.4839e+06,879633
20,4339,63401.1,9.20818e+06,117154
20,4340,-180398,-1.34913e+07,161801
20,4341,477312,1.20406e+07,-162498
20,4342,6.83281e+06,-5.88202e+06,-699948
20,4343,-921656,1.24036e+07,-60750.4
20,4344,-4.29016e+06,8.34653e+06,-450018
20,4345,-8.73328e+06,9.64181e+06,589316
20,4346,-1.01441e+07,-3.23739e+06,92182.3
20,4347,-9.99859e+06,1.08868e+07,-865138
20,4348,6.38887e+06,1.27514e+07,955330
20,4349,-4.31556e+06,-6.95106e+06,-572680
20,4350,-1.31493e+07,-5.81149e+06,-491059
20,4351,-5.70538e+06,5.77193e+06,332913
20,4352,115279,1.00778e+07,156032
20,4353,5.0942e+06,8.97259e+06,-715106
20,4354,1.25001e+07,-1.8869e+06,-675441
20,4355,1.11736e+07,6.993e+06,-312248
20,4356,-1.42411e+06,1.09612e+07,65384.6
20,4357,1.32085e+07,-4.68911e+06,-1.12208e+06
20,4358,9.10355e+06,-1.0608e+06,-421078
20,4359,-390368,1.25304e+07,-360218
20,4360,5.37965e+06,-6.58786e+06,652092
20,4361,4.30256e+06,-8.32554e+06,-265743
20,4362,545095,-7.77168e+06,150269
20,4363,-310728,9.14827e+06,873265
20,4364,5.19089e+06,-1.28529e+07,-1.03313e+06
20,4365,2.75521e+06,1.26864e+07,1.24324e+06
20,4366,-4.56161e+06,5.84716e+06,-105814
20,4367,1.49586e+06,-1.35068e+07,-339815
20,4368,5.98185e+06,-9.78788e+06,-1.10872e+06
20,4369,1.2659e+07,-4.26675e+06,-1.25382e+06
20,4370,-4.2341e+06,5.99532e+06,-606372
20,4371,-1.31846e+06,-1.07527e+07,144946
20,4372,-4.704e+06,-7.15841e+06,316780
20,4373,8.63824e+06,1.15824e+07,556067
20,4374,-1.42838e+07,-251291,-394954
20,4375,5.70823e+06,-6.11357e+06,-176908
20,4376,8.38618e+06,-1.16995e+07,-355208
20,4377,1.13884e+07,2.08853e+06,-548680
20,4378,-5.44149e+06,-1.14495e+07,-371850
20,4379,1.08321e+06,1.34249e+07,-104324
20,4380,-5.90599e+06,8.96524e+06,978867
20,4381,-1.21647e+07,-3.18012e+06,26441.1
20,4382,-5.84712e+06,5.84771e+06,285819
20,4383,5.93505e+06,-1.31037e+07,-574571
20,4384,8.98849e+06,5.30762e+06,-832243
20,4385,-1.05318e+07,-2.15424e+06,-507678
20,4386,-3.38786e+06,-1.16499e+07,-487683
20,4387,3.48619e+06,1.25933e+07,115644
20,4388,-1.30024e+07,-3.19676e+06,1.09488e+06
20,4389,-6.26491e+06,-4.06383e+06,92217.2
20,4390,6.24335e+06,-1.05632e+07,554609
20,4391,-3.32762e+06,1.28965e+07,-299722
20,4392,-1.12541e+07,-4.05739e+06,1.10634e+06
20,4393,-5.16255e+06,6.74487e+06,123585
20,4394,1.26333e+07,-5.88374e+06,-457156
20,4395,-6.71064e+06,3.42746e+06,-159220
20,4396,-1.35516e+07,6.14719e+06,-578470
20,4397,-7.97702e+06,5.86752e+06,637636
20,4398,-3.22824e+06,6.89682e+06,712125
20,4399,-235972,-8.2181e+06,-236160
20,4400,9.36845e+06,6.9175e+06,-451090
20,4401,1.13711e+06,1.09477e+07,92165
20,4402,-5.01128e+06,-7.14783e+06,707413
20,4403,1.44795e+06,7.52777e+06,528787
20,4404,1.05505e+07,5.82643e+06,-32901.2
20,4405,2.58245e+06,8.2497e+06,763703
20,4406,-4.2241e+06,-1.23734e+07,-683270
20,4407,5.55168e+06,-5.63428e+06,-784103
20,4408,-1.87393e+06,9.92851e+06,142211
20,4409,-3.49878e+06,8.27261e+06,629770
20,4410,7.10339e+06,9.4392e+06,535418
20,4411,-7.95752e+06,3.40652e+06,253845
20,4412,-6.9323e+06,5.9957e+06,429481
20,4413,-1.41702e+07,-2.74548e+06,-1.41909e+06
20,4414,-7.87972e+06,5.66154e+06,-312169
20,4415,-6.93532e+06,-7.83038e+06,-794067
20,4416,-9.15657e+06,-578875,-338533
20,4417,-1.35724e+07,6.11878e+06,1.10309e+06
20,4418,7.35658e+06,-1.20451e+07,-1.28248e+06
20,4419,9.9424e+06,1.05804e+07,-1.35586e+06
20,4420,3.38638e+06,9.72151e+06,-651017
20,4421,-44332.2,9.29615e+06,343700
20,4422,-8.10608e+06,-2.40075e+06,824947
20,4423,-6.44129e+06,-8.18178e+06,980324
20,4424,-7.11829e+06,3.82593e+06,566837
20,4425,-1.15354e+07,-8.65567e+06,-1.03021e+06
20,4426,6.39409e+06,1.26853e+07,-418101
20,4427,-9.48683e+06,3.12179e+06,580193
20,4428,-2.41861e+06,-1.31351e+07,-1.28034e+06
20,4429,-57903.4,-1.15179e+07,-127560
20,4430,6.60834e+06,-1.29672e+07,402231
20,4431,-4.17748e+06,-6.19764e+06,616501
20,4432,5.38598e+06,-8.45956e+06,-374888
20,4433,-6.78377e+06,-9.35225e+06,411445
20,4434,1.24356e+06,1.39894e+07,-667964
20,4435,5.47306e+06,1.13848e+07,-90265.1
20,4436,4.40484e+06,5.63938e+06,256005
20,4437,9.62707e+06,8.67718e+06,-706473
20,4438,-7.1591e+06,3.01878e+06,-581958
20,4439,-1.04891e+06,-1.04388e+07,384942
20,4440,-4.12205e+06,-8.236e+06,789679
20,4441,-4.78108e+06,8.53082e+06,139720
20,4442,-5.07054e+06,-7.36816e+06,595172
20,4443,-4.45651e+06,-9.69439e+06,324189
20,4444,2.81797e+06,6.71984e+06,574571
20,4445,2.85667e+06,-1.41747e+07,1.22108e+06
20,4446,-524.164,9.44671e+06,-218613
20,4447,2.86383e+06,-6.83201e+06,719446
20,4448,-1.27397e+07,-4.70521e+06,-556341
20,4449,-5.74112e+06,6.37197e+06,286481
20,4450,9.70857e+06,-4.12871e+06,748602
20,4451,5.18326e+06,5.84799e+06,275505
20,4452,2.39099e+06,-8.51541e+06,161605
20,4453,-8.77573e+06,1.03999e+06,-166002
20,4454,1.36349e+07,2.90794e+06,1.10601e+06
20,4455,-831236,-1.21278e+07,-1.21324e+06
20,4456,-1.01501e+07,-6.44914e+06,89481.1
20,4457,-1.24048e+07,-4.66534e+06,948105
20,4458,3.17856e+06,-8.25188e+06,-567867
20,4459,1.26055e+07,-4.82588e+06,-443693
20,4460,-5.99463e+06,-9.45997e+06,-944101
20,4461,-7.08987e+06,8.30847e+06,815069
20,4462,-4.15618e+06,-1.33758e+07,436363
20,4463,-8.65574e+06,9.52064e+06,-245733
20,4464,1.06099e+07,-4.21954e+06,511848
20,4465,1.5817e+06,-1.12939e+07,-294525
20,4466,-1.09247e+07,6.72993e+06,-565789
20,4467,-4.47573e+06,-1.10019e+07,-96694.6
20,4468,-3.84532e+06,-1.0846e+07,616690
20,4469,-8.7022e+06,1.1103e+07,1.27722e+06
20,4470,2.95397e+06,-1.17221e+07,483219
20,4471,7.7174e+06,3.87536e+06,391046
20,4472,-3.15902e+06,-1.06288e+07,-51352
20,4473,-2.20329e+06,9.22846e+06,437715
20,4474,-1.89279e+06,-9.01525e+06,-213802
20,4475,8.10776e+06,1.03459e+07,-776438
20,4476,-1.1539e+07,-4.7157e+06,-739088
20,4477,-2.41754e+06,1.40139e+07,-224498
20,4478,-6.66345e+06,5.46575e+06,-14396.3
20,4479,1.25612e+06,-9.27525e+06,-198564
20,4480,3.30641e+06,1.23989e+07,-315632
20,4481,540494,-7.0416e+06,177803
20,4482,-1.30268e+07,3.61198e+06,811339
20,4483,1.21595e+07,396233,-599763
20,4484,-7.92777e+06,-7.49504e+06,-950197
20,4485,-1.21381e+07,-3.52818e+06,65170.4
20,4486,-7.61549e+06,-5.32888e+06,-880896
20,4487,-607835,-7.48828e+06,-267681
20,4488,2.39716e+06,9.47672e+06,-106308
20,4489,-2.45354e+06,6.99828e+06,40221.5
20,4490,1.07219e+07,105763,-238565
20,4491,-1.00703e+07,-358649,-624889
20,4492,-1.25174e+07,-6.2342e+06,-862170
20,4493,1.29525e+07,2.95569e+06,1.28616e+06
20,4494,-1.21232e+07,-6.75714e+06,-1.08112e+06
20,4495,-1.74114e+06,8.53475e+06,-451495
20,4496,1.03626e+07,-3.62853e+06,-122588
20,4497,-4.50298e+06,-1.14016e+07,912651
20,4498,-6.073e+06,3.97616e+06,413723
20,4499,1.2174e+07,-5.85282e+06,548144
20,4500,-8.91039e+06,-457472,-836834
20,4501,-1.14267e+07,-4.18428e+06,406166
20,4502,-5.4395e+06,-1.33675e+07,-518455
20,4503,5.35201e+06,-6.69835e+06,-524735
20,4504,2.09232e+06,8.02464e+06,14661.1
20,4505,7.41973e+06,-2.87939e+06,744198
20,4506,1.42618e+07,3.69072e+06,1.3181e+06
20,4507,1.40398e+07,-5.19651e+06,511997
20,4508,8.96126e+06,8.82129e+06,943045
20,4509,-3.21095e+06,6.71272e+06,733152
20,4510,6.92244e+06,7.6714e+06,972624
20,4511,5.61545e+06,1.37296e+07,1.08416e+06
20,4512,-7.51934e+06,6.76112e+06,-480242
20,4513,-980859,7.26255e+06,-655624
20,4514,-7.46456e+06,-1.22581e+07,1.11194e+06
20,4515,8.52445e+06,9.39908e+06,1.12096e+06
20,4516,-8.27238e+06,1.14878e+07,-1.10204e+06
20,4517,-1.59e+06,-1.24927e+07,1.00155e+06
20,4518,4.54752e+06,5.86301e+06,145786
20,4519,1.1659e+07,2.62339e+06,-246366
20,4520,-762796,-1.16405e+07,-429106
20,4521,4.35735e+06,-9.91094e+06,985460
20,4522,-309298,8.80296e+06,776723
20,4523,-1.87914e+06,-9.98956e+06,228249
20,4524,-5.17173e+06,-7.70561e+06,288800
20,4525,9.39337e+06,6.94516e+06,1.16066e+06
20,4526,-6.46952e+06,-7.85084e+06,786368
20,4527,1.67704e+06,-1.02032e+07,978576
20,4528,-8.22112e+06,5.40559e+06,799780
20,4529,8.08945e+06,1.61735e+06,676033
20,4530,1.33387e+07,-2.2053e+06,-1.19758e+06
20,4531,6.41334e+06,5.17991e+06,302502
20,4532,-7.57843e+06,9.047e+06,-1.04731e+06
20,4533,-1.08754e+07,-5.26081e+06,-937132
20,4534,4.38875e+06,1.35619e+07,694743
20,4535,-1.22915e+07,-6.83189e+06,-712578
20,4536,7.21898e+06,-6.12354e+06,-382121
20,4537,1.28868e+07,-680703,1.29427e+06
20,4538,5.29877e+06,-9.88288e+06,1.10298e+06
20,4539,-283470,9.96366e+06,-770502
20,4540,5.03823e+06,-6.37556e+06,144184
20,4541,3.53916e+06,-1.35259e+07,486013
20,4542,1.12627e+07,3.65744e+06,883255
20,4543,-9.52903e+06,-3.89819e+06,-987281
20,4544,1.19288e+07,-8.22234e+06,125402
20,4545,-3.11837e+06,-1.11789e+07,-546547
20,4546,-3.89303e+06,-7.83395e+06,-693454
20,4547,-1.06236e+07,354869,-252296
20,4548,-5.32218e+06,6.59896e+06,-275486
20,4549,-4.87605e+06,-9.79995e+06,1.028e+06
20,4550,5.79191e+06,-5.72778e+06,-351769
20,4551,-1.11921e+07,-3.51236e+06,133602
20,4552,-9.48637e+06,8.56152e+06,-462510
20,4553,2.46586e+06,1.35723e+07,-883341
20,4554,1.59414e+06,6.94427e+06,26400.6
20,4555,-437499,1.12583e+07,-966115
20,4556,762105,-1.28704e+07,1.28793e+06
20,4557,1.27221e+07,-6.25123e+06,846386
20,4558,8.15101e+06,8.69822e+06,291650
20,4559,5.69601e+06,-4.79826e+06,-27072.1
20,4560,1.18692e+07,4.16726e+06,86163.2
20,4561,-2.1836e+06,9.15094e+06,-207632
20,4562,-6.88323e+06,1.3014e+06,-18815.8
20,4563,-1.32145e+07,4.31083e+06,-379392
20,4564,-1.3438e+07,-6.56926e+06,-81927.7
20,4565,4.10056e+06,-1.01661e+07,-349395
20,4566,503483,-1.00639e+07,-862588
20,4567,-1.26496e+07,5.80868e+06,226325
20,4568,-1.42631e+06,1.29417e+07,1.01841e+06
20,4569,-1.47712e+07,422700,1.29461e+06
20,4570,5.60996e+06,-4.19357e+06,-264750
20,4571,1.16686e+06,9.41361e+06,-347268
20,4572,7.28403e+06,-4.72115e+06,694104
20,4573,4.74335e+06,6.18856e+06,565436
20,4574,4.83542e+06,8.97139e+06,21745.7
20,4575,1.85965e+06,1.01544e+07,456039
20,4576,9.65738e+06,7.13423e+06,1.02392e+06
20,4577,-138512,1.14472e+07,-673210
20,4578,-7.24468e+06,3.54652e+06,-588903
20,4579,6.02571e+06,8.37998e+06,323778
20,4580,-1.26003e+07,-4.17318e+06,478180
20,4581,-9.27321e+06,-1.11493e+07,-394073
20,4582,6.86096e+06,-8.03671e+06,-781800
20,4583,-8.42635e+06,-4.59957e+06,338774
20,4584,-5.5386e+06,1.18441e+07,-927605
20,4585,1.28912e+07,6.83462e+06,-1.18206e+06
20,4586,4.72846e+06,-9.86876e+06,601347
20,4587,9.04208e+06,1.13317e+07,-360384
20,4588,6.04468e+06,-7.0112e+06,-21558.3
20,4589,-1.73192e+06,-7.00207e+06,-160555
20,4590,8.90219e+06,-6.85539e+06,-547052
20,4591,-878116,8.87415e+06,-288799
20,4592,-2.41249e+06,-7.46532e+06,-459559
20,4593,2.97094e+06,1.4082e+07,-703899
20,4594,1.22542e+06,-9.2948e+06,-135736
20,4595,3.0449e+06,-1.3157e+07,1.16285e+06
20,4596,1.22989e+07,4.28258e+06,879795
20,4597,1.44565e+07,-463357,-1.08602e+06
20,4598,3.5979e+06,1.13355e+07,-565280
20,4599,1.28507e+07,-1.69752e+06,245930
20,4600,1.37173e+07,879492,-1.27746e+06
20,4601,-9.07435e+06,7.44571e+06,916809
20,4602,-8.62626e+06,3.77414e+06,52552.3
20,4603,7.78188e+06,-4.87755e+06,-65139.3
20,4604,6.19651e+06,-8.33493e+06,-390710
20,4605,9.63758e+06,9.47127e+06,-858386
20,4606,8.10488e+06,-1.21475e+07,-327450
20,4607,1.13615e+07,-4.12619e+06,-697323
20,4608,-7.2102e+06,-1.8872e+06,-533547
20,4609,6.65802e+06,-5.21523e+06,-835804
20,4610,-1.34444e+07,-1.55194e+06,160495
20,4611,-1.12599e+07,5.043e+06,-950316
20,4612,363844,-7.80198e+06,-436141
20,4613,7.15092e+06,-763745,692927
20,4614,9.8643e+06,1.72978e+06,455477
20,4615,9.54363e+06,9.70577e+06,-994145
20,4616,1.20088e+07,-6.28671e+06,789090
20,4617,-7.38297e+06,4.41873e+06,173535
20,4618,1.88591e+06,8.05682e+06,-359477
20,4619,-1.10195e+07,-875523,695731
20,4620,1.11921e+07,-6.60398e+06,866474
20,4621,-4.53626e+06,7.80914e+06,764.379
20,4622,5.91985e+06,-3.89217e+06,-647275
20,4623,-8.63093e+06,-4.15622e+06,34179.1
20,4624,-1.20143e+07,-2.22008e+06,-662815
20,4625,7.25732e+06,-4.61256e+06,-406180
20,4626,-7.94911e+06,4.67876e+06,-666233
20,4627,-5.50909e+06,-9.56737e+06,632145
20,4628,7.51686e+06,1.02256e+07,-111510
20,4629,7.24365e+06,969483,-87492.8
20,4630,-3.53723e+06,-8.29169e+06,404514
20,4631,1.05717e+06,-1.40658e+07,-1.27789e+06
20,4632,-1.56854e+06,9.84629e+06,-227081
20,4633,6.68368e+06,4.88842e+06,34747.7
20,4634,-3.6856e+06,-1.22187e+07,-125213
20,4635,-1.10978e+07,-1.26866e+06,428153
20,4636,-1.6908e+06,-7.18625e+06,121354
20,4637,8.11069e+06,2.73256e+06,-671372
20,4638,716072,-1.11685e+07,-370196
20,4639,9.22365e+06,-3.90574e+06,-575504
20,4640,-4.45495e+06,6.42769e+06,384891
20,4641,-1.03826e+07,5.93025e+06,1.11455e+06
20,4642,1.18602e+07,4.98324e+06,629893
20,4643,-4.08104e+06,-5.90783e+06,-416133
20,4644,-4.70868e+06,1.16187e+07,936943
20,4645,-6.98113e+06,-6.71503e+06,-414935
20,4646,2.87961e+06,-1.40264e+07,-735749
20,4647,-9.17937e+06,1.13324e+07,443073
20,4648,1.27379e+07,1.96348e+06,1.18635e+06
20,4649,3.46993e+06,9.09194e+06,683646
20,4650,1.0701e+07,6.6258e+06,-965839
20,4651,1.12497e+07,5.84455e+06,1.06015e+06
20,4652,-6.7149e+06,1.10467e+07,-354446
20,4653,-7.18137e+06,8.37751e+06,626203
20,4654,-1.27035e+07,-7.58776e+06,-159700
20,4655,-4.8873e+06,-7.28945e+06,325839
20,4656,1.22428e+07,2.21631e+06,995230
20,4657,-220677,-9.68929e+06,504004
20,4658,-9.70805e+06,7.3914e+06,264521
20,4659,699365,-7.26463e+06,-585578
20,4660,7.99418e+06,6.25578e+06,685306
20,4661,-4.01511e+06,-1.0664e+07,416260
20,4662,9.14923e+06,1.02319e+07,438616
20,4663,1.13385e+07,2.35469e+06,-692314
20,4664,8.14165e+06,4.14657e+06,-265522
20,4665,-6.75434e+06,-2.51016e+06,-416132
20,4666,7.93613e+06,-4.84094e+06,5236.56
20,4667,-7.36141e+06,-5.41054e+06,-545684
20,4668,7.47769e+06,1.14139e+06,684825
20,4669,4.04355e+06,-1.20789e+07,1.2289e+06
20,4670,-1.07625e+06,-1.4402e+07,560584
20,4671,7.61353e+06,6.00031e+06,142927
20,4672,1.11262e+07,-3.31417e+06,-133341
20,4673,-1.10847e+07,-5.77827e+06,-809212
20,4674,-1.13345e+07,-3.04545e+06,-14303.7
20,4675,5.60643e+06,9.58833e+06,-81127.7
20,4676,-1.18267e+07,663087,-26801.6
20,4677,2.62689e+06,7.14792e+06,-272733
20,4678,-8.50704e+06,-5.85554e+06,751753
20,4679,8.22073e+06,928087,-83981.6
20,4680,-9.84147e+06,-3.46504e+06,696322
20,4681,1.07454e+07,7.95297e+06,1.16324e+06
20,4682,-5.11353e+06,-5.9938e+06,271726
20,4683,-1.31552e+06,1.23621e+07,-421969
20,4684,3.41302e+06,1.08111e+07,-1.09094e+06
20,4685,-1.12453e+07,2.36631e+06,360314
20,4686,4.53129e+06,-6.77809e+06,-577758
20,4687,-1.34597e+07,4.30074e+06,140751
20,4688,-4.46918e+06,1.34193e+07,-901236
20,4689,244942,1.0563e+07,58835.4
20,4690,6.16518e+06,-6.82865e+06,197485
20,4691,2.53836e+06,-6.52138e+06,-237664
20,4692,-7.18262e+06,6.30668e+06,249053
20,4693,-7.16624e+06,-7.68832e+06,-743666
20,4694,-1.77567e+06,-1.46356e+07,-737128
20,4695,-1.13096e+07,-5.89635e+06,-998899
20,4696,8.08959e+06,2.29752e+06,520696
20,4697,-4.74782e+06,1.03443e+07,-852111
20,4698,-1.07062e+07,-1.84248e+06,438984
20,4699,-1.35842e+07,5.76501e+06,-277354
20,4700,4.73474e+06,-8.73531e+06,-683981
20,4701,-1.38718e+06,-9.6052e+06,-942882
20,4702,-5.75331e+06,-7.30265e+06,-584629
20,4703,-9.39537e+06,688805,-146913
20,4704,7.28983e+06,-2.81849e+06,-714184
20,4705,1.16598e+07,5.74361e+06,-85013.6
20,4706,5.184e+06,6.58392e+06,-628063
20,4707,-1.05304e+07,-1.15704e+06,-778107
20,4708,-832265,1.48113e+07,-122115
20,4709,-8.71668e+06,191016,446761
20,4710,-2.59985e+06,1.08475e+07,-561751
20,4711,9.54511e+06,8.9241e+06,-339895
20,4712,-556414,8.17321e+06,-569879
20,4713,-1.48793e+06,-1.40144e+07,171735
20,4714,-8.76702e+06,-705774,36642.7
20,4715,1.08033e+07,4.41573e+06,1.10708e+06
20,4716,9.6114e+06,-4.6383e+06,-1.04956e+06
20,4717,7.03432e+06,5.56182e+06,483965
20,4718,5.25039e+06,-7.96516e+06,635058
20,4719,-6.12223e+06,-1.07056e+07,493935
20,4720,-9.46254e+06,7.98566e+06,452930
20,4721,-7.09959e+06,1.2209e+07,1.25994e+06
20,4722,-4.2607e+06,5.66636e+06,-522463
20,4723,3.3262e+06,-7.25924e+06,669583
20,4724,1.3075e+07,-1.81847e+06,-749714
20,4725,-8.01997e+06,-1.19753e+06,534309
20,4726,7.3171e+06,-48895.2,149619
20,4727,-9.895e+06,1.10476e+07,-124510
20,4728,3.55814e+06,-1.2504e+07,-694766
20,4729,9.74839e+06,-1.05597e+07,-1.38908e+06
20,4730,-8.02822e+06,48909.4,-62683.3
20,4731,1.06396e+07,6.86443e+06,366914
20,4732,1.10494e+06,1.18793e+07,101154
20,4733,5.18162e+06,7.08396e+06,128370
20,4734,1.10626e+06,1.47722e+07,-428707
20,4735,-1.07287e+06,8.98716e+06,-173432
20,4736,1.21616e+07,3.14702e+06,1.15166e+06
20,4737,5.4991e+06,-4.87282e+06,580608
20,4738,7.20197e+06,8.57086e+06,145861
20,4739,7.62981e+06,-9.29892e+06,122437
20,4740,5.50344e+06,-8.63321e+06,987782
20,4741,8.64909e+06,-8.54529e+06,240113
20,4742,-4.62818e+06,-1.16201e+07,512552
20,4743,-8.44277e+06,-4.49853e+06,180112
20,4744,-5.69068e+06,7.61638e+06,499071
20,4745,6.78625e+06,9.45123e+06,786851
20,4746,-1.37477e+07,2.85528e+06,-818351
20,4747,1.08299e+07,-9.73449e+06,-745082
20,4748,-7.28018e+06,2.68635e+06,273830
20,4749,-8.36006e+06,-840755,-125326
20,4750,-1.28108e+07,5.94753e+06,95410.8
20,4751,-4.59788e+06,1.38879e+07,-617731
20,4752,-2.4142e+06,1.31475e+07,888502
20,4753,5.82607e+06,5.09458e+06,622418
20,4754,-2.07956e+06,-1.11166e+07,-621954
20,4755,4.36109e+06,-7.09356e+06,-235473
20,4756,1.04504e+07,1.98637e+06,-242814
20,4757,5.79944e+06,-1.18056e+07,523105
20,4758,-1.25223e+07,-609652,96105.3
20,4759,102531,1.2922e+07,-694530
20,4760,1.43223e+07,2.62865e+06,-1.05178e+06
20,4761,-759935,-1.15374e+07,87618.8
20,4762,9.75592e+06,-1.22377e+06,401057
20,4763,1.31697e+07,3.52039e+06,-720639
20,4764,3.97039e+06,9.13113e+06,-852526
20,4765,-8.56763e+06,-1.98266e+06,344410
20,4766,1.26825e+07,3.62668e+06,-189990
20,4767,-7.3042e+06,3.20658e+06,-105324
20,4768,8.65018e+06,-6.73884e+06,669879
20,4769,9.16538e+06,-7.87842e+06,431560
20,4770,-1.24323e+07,-5.39069e+06,68343.1
20,4771,1.26708e+07,1.6937e+06,486954
20,4772,-3.1303e+06,-1.40701e+07,-1.33913e+06
20,4773,3.77276e+06,-9.24049e+06,917970
20,4774,5.49736e+06,-8.27546e+06,724104
20,4775,4.64038e+06,-6.49385e+06,-280614
20,4776,-1.13594e+07,-2.96386e+06,382955
20,4777,-1.20479e+07,4.56795e+06,1.00264e+06
20,4778,3.08567e+06,-1.31175e+07,-112528
20,4779,-7.27479e+06,198890,581036
20,4780,8.47116e+06,-785782,524125
20,4781,-5.49544e+06,-1.14237e+07,220654
20,4782,-1.12872e+07,5.89731e+06,880810
20,4783,1.78794e+06,-1.24213e+07,734908
20,4784,7.20247e+06,2.78628e+06,465354
20,4785,-7.82789e+06,-4.59037e+06,-102152
20,4786,6.89207e+06,1.94421e+06,469070
20,4787,-1.16635e+07,-1.88362e+06,1.05269e+06
20,4788,-563747,8.35493e+06,430297
20,4789,-1.09344e+07,7.30176e+06,1.1891e+06
20,4790,1.44219e+07,1.23721e+06,-949938
20,4791,-6.99443e+06,1.15671e+07,-1.09601e+06
20,4792,-1.27749e+07,3.62783e+06,-20156.2
20,4793,-4.38653e+06,-7.26967e+06,87004.1
20,4794,-4.77062e+06,7.21769e+06,167635
20,4795,1.26756e+07,-6.80355e+06,-610587
20,4796,2.16845e+06,-1.26763e+07,795298
20,4797,1.15163e+07,885004,605006
20,4798,5.72643e+06,5.371e+06,165849
20,4799,587778,1.48502e+07,433516
20,4800,7.66285e+06,-5.49189e+06,176331
20,4801,-801333,8.62193e+06,-116922
20,4802,6.9439e+06,3.91445e+06,287137
20,4803,-1.39232e+06,-1.0131e+07,-799079
20,4804,-1.11316e+07,4.01213e+06,-1.04868e+06
20,4805,9.77194e+06,5.74197e+06,743900
20,4806,-1.12184e+07,-4.32517e+06,-882921
20,4807,-9.29223e+06,278601,247843
20,4808,8.43945e+06,614947,-262769
20,4809,4.23281e+06,1.00044e+07,-17020.1
20,4810,-9.35622e+06,2.57242e+06,-296100
20,4811,1.15356e+07,3.31216e+06,-791044
20,4812,-6.57915e+06,8.13129e+06,-226715
20,4813,1.02098e+07,-8.69902e+06,-674772
20,4814,-1.32498e+07,3.39235e+06,-619099
20,4815,6.80433e+06,-1.31555e+07,1.46883e+06
20,4816,5.04808e+06,6.64572e+06,5637.35
20,4817,5.64162e+06,1.06791e+07,872105
20,4818,-9.60316e+06,5.86748e+06,229716
20,4819,1.15551e+07,3.30835e+06,1.20564e+06
20,4820,9.10576e+06,3.8515e+06,697762
20,4821,6.13592e+06,-1.35858e+07,1.05082e+06
20,4822,1.06162e+07,-5.4989e+06,-1.11327e+06
20,4823,-6.14853e+06,-1.15454e+07,-1.18149e+06
20,4824,-1.12803e+07,-1.19561e+06,434720
20,4825,2.72939e+06,-7.09354e+06,-548987
20,4826,7.68872e+06,-6.92654e+06,125280
20,4827,9.53397e+06,3.11779e+06,345715
20,4828,1.27082e+07,-7.73732e+06,646991
20,4829,369473,7.81832e+06,-490761
20,4830,760201,9.80145e+06,-502869
20,4831,-5.09984e+06,1.0781e+07,422737
20,4832,-9.30658e+06,-1.12034e+07,733658
20,4833,-6.39083e+06,1.12649e+07,-1.26031e+06
20,4834,-1.63789e+06,7.25247e+06,281930
20,4835,1.37446e+07,-3.52499e+06,-1.3496e+06
20,4836,-6.64584e+06,1.33197e+07,1.0226e+06
20,4837,7.73268e+06,3.38201e+06,-205345
20,4838,2.41177e+06,1.36264e+07,-959223
20,4839,1.31989e+07,-5.26615e+06,-1.38977e+06
20,4840,-4.76721e+06,1.18958e+07,-321199
20,4841,-9.69123e+06,4.65865e+06,32199.9
20,4842,-1.1404e+07,2.37863e+06,469849
20,4843,-1.18763e+07,4.545e+06,-910821
20,4844,1.86129e+06,-1.19767e+07,334860
20,4845,1.38761e+06,1.1617e+07,339684
20,4846,8.52915e+06,-4.56576e+06,297492
20,4847,-9.09285e+06,1.42178e+06,638893
20,4848,-9.53176e+06,-1.67321e+06,347867
20,4849,5.89521e+06,1.16259e+07,169857
20,4850,1.40307e+07,-2.71354e+06,446414
20,4851,-1.33768e+07,-6.4907e+06,-170676
20,4852,8.44231e+06,7.67643e+06,-224310
20,4853,6.29119e+06,-8.59695e+06,551529
20,4854,-6.86438e+06,9.58356e+06,-738793
20,4855,-4.04964e+06,-8.89249e+06,-463384
20,4856,-7.96171e+06,6.69181e+06,552928
20,4857,-4.29231e+06,-1.33922e+07,-445653
20,4858,6.38334e+06,8.26419e+06,-694139
20,4859,5.55038e+06,6.16759e+06,-532372
20,4860,6.48307e+06,5.67826e+06,241788
20,4861,1.0856e+07,-1.01497e+07,-1.35431e+06
20,4862,6.66713e+06,-7.92545e+06,-758010
20,4863,-1.14036e+07,-7.64657e+06,1.18725e+06
20,4864,-6.09586e+06,-1.26047e+07,442079
20,4865,6.36927e+06,5.93247e+06,-147280
20,4866,6.70155e+06,5.20601e+06,-335620
20,4867,1.3779e+07,1.60357e+06,-575617
20,4868,-1.03391e+07,-817985,-661339
20,4869,-1.28912e+07,-7.09283e+06,65063.9
20,4870,-7.03854e+06,475135,477030
20,4871,-5.29038e+06,6.92805e+06,-838296
20,4872,1.34476e+07,6.10497e+06,1.17869e+06
20,4873,-8.02455e+06,-5.0809e+06,340733
20,4874,-7.66956e+06,2.67219e+06,-283573
20,4875,3.83767e+06,-6.35293e+06,-676885
20,4876,-4.89145e+06,1.11797e+07,-752299
20,4877,-1.09464e+07,-5.67125e+06,-455701
20,4878,136008,1.10735e+07,806913
20,4879,153316,9.4973e+06,478766
20,4880,-961845,7.07351e+06,-177895
20,4881,1.34032e+07,-4.19639e+06,608437
20,4882,-6.84116e+06,-8.5354e+06,-188149
20,4883,8.95783e+06,-2.72417e+06,-721559
20,4884,7.94293e+06,-5.67416e+06,435886
20,4885,7.1326e+06,1.20009e+06,23881
20,4886,-1.02198e+07,3.68996e+06,-429724
20,4887,-2.1585e+06,1.47359e+07,-29665.7
20,4888,4.79468e+06,9.02671e+06,-608579
20,4889,9.09419e+06,-1.10622e+07,-862982
20,4890,3.44269e+06,1.3571e+07,354415
20,4891,5.66893e+06,-5.09128e+06,-685178
20,4892,2.23864e+06,-1.11842e+07,-875740
20,4893,9.84082e+06,2.79136e+06,374013
20,4894,-8.72495e+06,-3.56254e+06,817592
20,4895,8.96186e+06,2.9697e+06,331725
20,4896,1.28312e+07,-3.35917e+06,-909146
20,4897,5.75075e+06,-8.32492e+06,621718
20,4898,-1.57527e+06,1.18832e+07,-518058
20,4899,7.10153e+06,-3.62891e+06,-522329
20,4900,-9.92779e+06,-5.95958e+06,-302024
20,4901,-4.68874e+06,-8.62576e+06,-219349
20,4902,-7.35312e+06,5.23086e+06,555896
20,4903,-9.57817e+06,-1.11623e+07,830711
20,4904,-7.84605e+06,-8.0051e+06,1.09762e+06
20,4905,9.51687e+06,4.34911e+06,958981
20,4906,-1.07303e+07,7.82845e+06,1.28542e+06
20,4907,-6.87267e+06,6.93272e+06,214253
20,4908,-2.78127e+06,-8.74086e+06,-637811
20,4909,-7.64183e+06,-1.85516e+06,87265.9
20,4910,7.68638e+06,-1.60646e+06,115084
20,4911,-3.22024e+06,7.53421e+06,492511
20,4912,4.10888e+06,1.0366e+07,-887507
20,4913,-5.56093e+06,8.83707e+06,325672
20,4914,94391.8,1.43654e+07,1.02232e+06
20,4915,1.17414e+07,-8.17146e+06,1.29689e+06
20,4916,-1.13695e+07,-7.70551e+06,-247665
20,4917,7.69879e+06,-7.75128e+06,-434140
20,4918,5.11647e+06,6.48005e+06,540651
20,4919,-1.30784e+07,77622.2,-589250
20,4920,1.20304e+07,3.08546e+06,169478
20,4921,1.01064e+07,-1.28243e+06,15402.6
20,4922,-2.55431e+06,-1.11287e+07,-35306.3
20,4923,-8.48875e+06,-2.17076e+06,780483
20,4924,-4.25907e+06,-9.30388e+06,981198
20,4925,-7.27416e+06,-1.15198e+07,643509
20,4926,1.39964e+07,-3.50317e+06,1.35722e+06
20,4927,-9.04635e+06,7.84303e+06,-879976
20,4928,9.4604e+06,-3.4029e+06,785312
20,4929,-1.08507e+07,-2.69831e+06,-427479
20,4930,-2.23017e+06,-1.03976e+07,-207523
20,4931,-8.17514e+06,-2.29478e+06,-466841
20,4932,-1.145e+07,9.28994e+06,1.21075e+06
20,4933,3.14936e+06,8.21937e+06,205806
20,4934,-1.20225e+07,-5.4878e+06,-714859
20,4935,-5.25646e+06,-5.04154e+06,-538314
20,4936,-4.24695e+06,-8.73641e+06,-782571
20,4937,7.33e+06,3.1512e+06,794080
20,4938,8.44476e+06,-5.51859e+06,-416665
20,4939,2.40168e+06,1.28023e+07,-4364.18
20,4940,5.59868e+06,-1.2365e+07,799774
20,4941,3.14721e+06,1.32204e+07,-48334
20,4942,8.47748e+06,-6.80368e+06,-441771
20,4943,-1.3792e+07,4.28942e+06,490643
20,4944,-7.80206e+06,4.76691e+06,383826
20,4945,1.01074e+07,-4.56262e+06,526282
20,4946,8.79258e+06,-7.42605e+06,381193
20,4947,157462,1.21749e+07,-256068
20,4948,9.76204e+06,-7.73975e+06,-459769
20,4949,-7.1484e+06,-4.94357e+06,-754107
20,4950,-3.57611e+06,-1.21976e+07,-368793
20,4951,-1.41321e+07,-305185,412194
20,4952,-7.58238e+06,4.17105e+06,628281
20,4953,-6.81103e+06,5.40941e+06,-316565
20,4954,-2.16596e+06,7.90589e+06,-438453
20,4955,-695197,-1.43622e+07,-529079
20,4956,1.29634e+07,1.93199e+06,69527.4
20,4957,6.66562e+06,6.01184e+06,690213
20,4958,3.90327e+06,-7.65588e+06,-149138
20,4959,-622673,-7.08578e+06,137067
20,4960,-2.04504e+06,9.50038e+06,-830508
20,4961,-1.44749e+07,437266,-1.20317e+06
20,4962,-2.61926e+06,1.36764e+07,-826405
20,4963,-8.41067e+06,-3.76281e+06,-786747
20,4964,8.6676e+06,-6.49819e+06,-676438
20,4965,-7.74622e+06,5.75172e+06,166374
20,4966,-1.13422e+07,8.71023e+06,-1.23531e+06
20,4967,3.47008e+06,9.14277e+06,296908
20,4968,-2.03388e+06,6.94207e+06,65342.6
20,4969,-8.67911e+06,-3.02563e+06,-709590
20,4970,-3.78976e+06,1.39861e+07,1.22879e+06
20,4971,2.03902e+06,-9.37518e+06,-487404
20,4972,-5.62792e+06,1.10023e+07,22637
20,4973,-1.04432e+07,-6.66551e+06,189015
20,4974,-109182,7.52395e+06,108100
20,4975,-185698,7.13373e+06,-386800
20,4976,-8.74135e+06,-2.13243e+06,147486
20,4977,-1.07999e+07,9.25062e+06,1.21611e+06
20,4978,1.04609e+07,-6.25535e+06,814073
20,4979,-7.81269e+06,9.73707e+06,-646941
20,4980,8.39133e+06,-2.45221e+06,803948
20,4981,9.58043e+06,-8.41867e+06,1.07122e+06
20,4982,-7.54822e+06,-8.1262e+06,-180223
20,4983,1.00149e+07,2.60051e+06,-136948
20,4984,-1.09544e+07,5.71075e+06,921783
20,4985,6.38039e+06,7.22876e+06,601517
20,4986,517656,1.23805e+07,90333
20,4987,9.51655e+06,-3.70547e+06,219242
20,4988,-8.24145e+06,-257081,598846
20,4989,6.88027e+06,-1.02639e+07,-617327
20,4990,608282,-1.40789e+07,645604
20,4991,7.52074e+06,-6.23419e+06,269618
20,4992,-8.93456e+06,1.04911e+07,-978193
20,4993,-9.316e+06,2.54937e+06,64527.9
20,4994,-1.05642e+07,-3.2766e+06,757026
20,4995,-3.49311e+06,7.56842e+06,649069
20,4996,-9.88056e+06,-5.85211e+06,-50381.5
20,4997,3.53269e+06,1.08297e+07,106772
20,4998,-1.36052e+07,-6.11252e+06,-1.36281e+06
20,4999,-1.06846e+07,7.98624e+06,-925400
30,0,5.26766e+06,1.22684e+07,747577
30,1,-1.11228e+07,3.74752e+06,-940932
30,2,-5.50812e+06,9.1113e+06,-761643
30,3,1.13744e+07,4.39823e+06,541759
30,4,1.44363e+07,233123,1.42585e+06
30,5,-8.9594e+06,-7.80445e+06,-1.17508e+06
30,6,-7.05687e+06,-1.34115e+06,-143808
30,7,7.29697e+06,-983266,-393703
30,8,-5.52989e+06,-5.39094e+06,-181503
30,9,-1.45377e+07,2.91681e+06,1.06918e+06
30,10,-1.1842e+07,3.62237e+06,-1.20921e+06
30,11,-1.33361e+07,-5.77759e+06,-333105
30,12,621923,7.09108e+06,-368826
30,13,-9.4715e+06,-8.06266e+06,830035
30,14,-6.61767e+06,5.12492e+06,-532486
30,15,-1.16839e+07,5.74663e+06,-761360
30,16,1.12555e+07,2.42925e+06,789391
30,17,-8.4648e+06,6.31277e+06,903111
30,18,-6.08177e+06,1.12821e+07,180571
30,19,1.08536e+07,-2.51084e+06,768748
30,20,-1.25317e+07,-3.36904e+06,225151
30,21,-1.14037e+07,-9.28763e+06,-659291
30,22,4.55872e+06,8.13626e+06,-906092
30,23,-8.31222e+06,6.21438e+06,-428824
30,24,2.02377e+06,6.81216e+06,300395
30,25,-1.03329e+07,-8.33095e+06,1.13432e+06
30,26,1.05703e+07,-6.04906e+06,853912
30,27,8.63649e+06,6.13222e+06,-273679
30,28,-6.07157e+06,-1.0753e+07,225484
30,29,-8.4442e+06,-3.64e+06,-215291
30,30,8.72395e+06,-1.19049e+07,654901
30,31,-544709,8.83368e+06,-815549
30,32,9.61567e+06,8.27243e+06,-153889
30,33,6.95782e+06,-5.0779e+06,-42418.5
30,34,-3.68009e+06,-1.08703e+07,-829165
30,35,-1.14004e+07,-3.10067e+06,-702383
30,36,-1.17219e+07,-8.58901e+06,566367
30,37,-9.84535e+06,-9.99837e+06,-573815
30,38,-7.59798e+06,1.89874e+06,-441305
30,39,7.79878e+06,-6.7676e+06,-362841
30,40,-5.0941e+06,6.10406e+06,648077
30,41,-5.30907e+06,-7.42942e+06,-915007
30,42,-3.49169e+06,9.1553e+06,-658030
30,43,-1.12293e+07,888420,433692
30,44,132636,9.13428e+06,-606787
30,45,-8.09502e+06,-3.31786e+06,-168232
30,46,-410247,7.49841e+06,-380326
30,47,-2.77487e+06,-1.22285e+07,-883927
30,48,-1.7285e+06,1.48134e+07,1.42588e+06
30,49,1.00209e+07,2.3086e+06,-318685
30,50,-4.93061e+06,-1.10221e+07,74697.5
30,51,-9.93788e+06,-3.6312e+06,196146
30,52,-5.37686e+06,5.42308e+06,-393994
30,53,-1.31608e+07,2.3129e+06,1.29588e+06
30,54,4.3003e+06,-9.21888e+06,607596
30,55,-8.1747e+06,-637806,321168
30,56,-6.50697e+06,1.22208e+07,-775418
30,57,4.79339e+06,-1.17428e+07,-383968
30,58,7.30985e+06,-2.62794e+06,-159087
30,59,5.98779e+06,-9.38822e+06,391375
30,60,3.10912e+06,1.25005e+07,106774
30,61,1.51176e+06,1.24483e+07,-816270
30,62,-1.47418e+07,-1.70798e+06,-710378
30,63,1.46507e+07,-3.07051e+06,174517
30,64,5.12379e+06,1.30796e+07,-621618
30,65,7.3165e+06,-1.02224e+07,897298
30,66,7.89968e+06,-6.46979e+06,717712
30,67,3.34668e+06,-1.40847e+07,489439
30,68,-8.19095e+06,8.21456e+06,1.02367e+06
30,69,-3.283e+06,1.44089e+07,-575529
30,70,-1.03262e+07,3.27071e+06,1.07452e+06
30,71,8.32644e+06,1.16454e+06,-10264.4
30,72,-5.78348e+06,6.12032e+06,411409
30,73,-4.71629e+06,1.1864e+07,108616
30,74,-7.10071e+06,-8.4754e+06,-552198
30,75,1.16386e+07,-1.37024e+06,-31070
30,76,-1.31142e+07,5.55544e+06,-427149
30,77,-5.75916e+06,-1.06741e+07,884842
30,78,-8.83914e+06,-163328,127286
30,79,1.2549e+07,3.70402e+06,1.29829e+06
30,80,-2.16623e+06,1.0507e+07,824314
30,81,1.24633e+07,-3.60572e+06,-439310
30,82,-1.0135e+07,-5.15248e+06,1.09546e+06
30,83,-2.8114e+06,7.04836e+06,-469489
30,84,-9.12244e+06,640652,-232845
30,85,5.80697e+06,-8.28823e+06,872351
30,86,1.71114e+06,7.36279e+06,258722
30,87,-454820,9.85048e+06,-403872
30,88,5.71311e+06,-7.65912e+06,-695504
30,89,-1.19122e+07,-4.28912e+06,-515506
30,90,-595839,1.03386e+07,230960
30,91,7.63574e+06,472653,195647
30,92,7.62325e+06,3.87693e+06,-176521
30,93,5.726e+06,-4.6452e+06,-698349
30,94,-1.08334e+07,4.21392e+06,400038
30,95,5.21687e+06,8.03574e+06,925938
30,96,8.8838e+06,-1.04218e+07,-684550
30,97,-2.61626e+06,6.82642e+06,54193.3
30,98,4.68852e+06,-8.38094e+06,-438997
30,99,-1.42033e+07,3.74081e+06,1.00621e+06
30,100,-7.36591e+06,4.33787e+06,341175
30,101,5.25988e+06,6.12196e+06,759908
30,102,1.22478e+07,3.41192e+06,-257293
30,103,-200050,-1.04533e+07,-521307
30,104,7.29746e+06,4.30741e+06,-121461
30,105,1.15772e+07,4.6198e+06,1.03741e+06
30,106,483211,1.0493e+07,-854943
30,107,7.83834e+06,-3.18251e+06,233933
30,108,-5.97919e+06,-9.39076e+06,-143215
30,109,1.22144e+07,3.95658e+06,169568
30,110,5.86965e+06,5.8189e+06,-261376
30,111,6.28867e+06,4.49333e+06,-291535
30,112,6.53305e+06,1.32432e+07,-1.43038e+06
30,113,4.7453e+06,-1.22111e+07,-402799
30,114,-6.13235e+06,-8.73626e+06,-967262
30,115,1.11403e+07,-9.40041e+06,-697556
30,116,6.59937e+06,-2.67938e+06,1480.54
30,117,-4.39107e+06,-1.0425e+07,262115
30,118,1.36856e+07,-4.82719e+06,1.06761e+06
30,119,3.97107e+06,-1.14125e+07,428302
30,120,7.86322e+06,8.4799e+06,720629
30,121,-9.39539e+06,-9.74604e+06,868666
30,122,3.10844e+06,1.17968e+07,-551828
30,123,-6.36831e+06,5.89773e+06,-802382
30,124,-6.3307e+06,1.01239e+07,371953
30,125,-4.02041e+06,-9.24146e+06,-321289
30,126,-9.07885e+06,20712.1,350330
30,127,9.05817e+06,-3.59434e+06,-900514
30,128,1.01665e+07,-1.90352e+06,99221.9
30,129,-9.35706e+06,-4.5086e+06,157705
30,130,8.79763e+06,9.3485e+06,-642293
30,131,7.94894e+06,-8.50797e+06,144059
30,132,-3.60814e+06,-8.13428e+06,427183
30,133,-6.54673e+06,6.03762e+06,61126.8
30,134,-8.54898e+06,6.864e+06,-443906
30,135,7.25669e+06,2.76952e+06,714032
30,136,-8.53365e+06,1.07428e+07,1.25684e+06
30,137,-1.23574e+07,1.18591e+06,-17314.4
30,138,6.30273e+06,4.36168e+06,156992
30,139,2.46333e+06,1.11145e+07,1.01849e+06
30,140,9.87412e+06,8.76209e+06,1.14049e+06
30,141,1.47341e+07,-215797,-1.31228e+06
30,142,-1.23027e+07,-3.83094e+06,530696
30,143,-5.43675e+06,-1.36746e+07,993181
30,144,7.49359e+06,-1.17468e+07,-205961
30,145,-7.09642e+06,5.12532e+06,687326
30,146,-8.11175e+06,-898021,-435702
30,147,7.71637e+06,-8.68377e+06,885314
30,148,7.54968e+06,-4.69799e+06,163390
30,149,-2.35452e+06,-9.51475e+06,-35932
30,150,-2.5997e+06,-9.66788e+06,-503448
30,151,-8.903e+06,3.67165e+06,-474710
30,152,-9.12988e+06,-4.61453e+06,493316
30,153,5.94705e+06,-1.16969e+07,641361
30,154,801021,1.24201e+07,-248371
30,155,9.29174e+06,5.54712e+06,61393.4
30,156,3.53872e+06,-9.82502e+06,1.00101e+06
30,157,-5.19099e+06,1.015e+07,-1.04385e+06
30,158,1.26408e+07,-6.85439e+06,-710914
30,159,1.10727e+07,5.87621e+06,-837985
30,160,-2.59891e+06,8.29402e+06,864506
30,161,-9.49576e+06,8.22295e+06,596048
30,162,1.38296e+07,-3.50208e+06,-1.26473e+06
30,163,7.82937e+06,6.46055e+06,-333694
30,164,-4.87178e+06,-6.78816e+06,-186683
30,165,-1.08986e+06,8.76429e+06,-246676
30,166,-8.70989e+06,2.42062e+06,-847829
30,167,-7.94159e+06,4.71583e+06,189844
30,168,5.96542e+06,6.91802e+06,-775934
30,169,-1.26559e+07,7.12229e+06,235741
30,170,1.23394e+07,7.25207e+06,1.08019e+06
30,171,5.66054e+06,9.90799e+06,-202528
30,172,-1.30785e+07,1.4498e+06,1.28106e+06
30,173,169044,-1.00103e+07,-214263
30,174,-1.22506e+07,-5.86331e+06,-1.18856e+06
30,175,4.66726e+06,5.56128e+06,-708055
30,176,-2.51174e+06,-7.17591e+06,52203.6
30,177,1.11986e+07,-6.59741e+06,221347
30,178,742247,-1.27837e+07,-312863
30,179,2.28596e+06,8.61976e+06,-443560
30,180,2.23795e+06,8.89441e+06,694935
30,181,1.24291e+07,3.95117e+06,-603776
30,182,-7.17599e+06,-148258,-34132.2
30,183,-4.99405e+06,1.26753e+07,863155
30,184,1.24199e+07,7.89848e+06,859962
30,185,-1.16475e+07,1.28579e+06,-186229
30,186,-8.35735e+06,-1.02853e+07,809470
30,187,-1.03761e+07,-9.63494e+06,1.36475e+06
30,188,-7.61658e+06,-9.09632e+06,130057
30,189,-921213,-7.67267e+06,73302.6
30,190,9.06544e+06,-5.49089e+06,-428437
30,191,-3.43289e+06,-1.06286e+07,662957
30,192,5.98702e+06,-8.8192e+06,573763
30,193,7.1501e+06,2.35453e+06,181834
30,194,2.29149e+06,9.50584e+06,155747
30,195,-9.41874e+06,-2.45037e+06,-77611.7
30,196,-9.55843e+06,6.69352e+06,461504
30,197,-2.58171e+06,-8.03472e+06,-149072
30,198,-1.38514e+07,-1.49627e+06,1.32213e+06
30,199,1.75085e+06,1.16604e+07,759812
30,200,-5.75466e+06,7.8309e+06,-912462
30,201,-1.1079e+07,-2.6221e+06,-327957
30,202,9.64443e+06,1.03481e+07,-480821
30,203,7.89646e+06,5.41126e+06,-36090
30,204,-1.24254e+07,-1.08721e+06,-856958
30,205,9.98476e+06,358366,737146
30,206,-6.12593e+06,-4.56536e+06,745033
30,207,1.01002e+07,-5.0158e+06,-595639
30,208,-1.27811e+07,-2.71812e+06,576620
30,209,4.2984e+06,6.12e+06,-549496
30,210,7.12394e+06,-1.02491e+07,623589
30,211,5.03144e+06,-5.20711e+06,-211173
30,212,7.91752e+06,6.3764e+06,482963
30,213,-7.68062e+06,-3.49578e+06,575741
30,214,-7.4615e+06,-1.91278e+06,-411213
30,215,-9.63971e+06,1.38986e+06,-282260
30,216,-1.21101e+07,1.38346e+06,205257
30,217,-1.19912e+07,-4.73631e+06,223137
30,218,-8.45397e+06,7.81038e+06,-374270
30,219,-1.09589e+07,-8.9965e+06,-725530
30,220,-5.45631e+06,9.48768e+06,951579
30,221,858827,7.00539e+06,-190000
30,222,6.58178e+06,-8.64523e+06,-897464
30,223,1.25448e+07,4.75431e+06,919825
30,224,7.32939e+06,1.07258e+06,291810
30,225,1.20219e+07,-8.93105e+06,227640
30,226,1.42602e+07,638583,1.36028e+06
30,227,-1.66311e+06,-1.0776e+07,700565
30,228,-1.24009e+07,-2.95256e+06,-59603.8
30,229,3.64065e+06,1.31542e+07,1.28115e+06
30,230,3.7882e+06,1.20941e+07,599205
30,231,-2.80133e+06,-1.08674e+07,601534
30,232,-7.6523e+06,-516823,664060
30,233,-7.83296e+06,-5.48409e+06,-250084
30,234,-1.0083e+07,-3.37759e+06,104031
30,235,-3.23627e+06,-7.95133e+06,-708999
30,236,8.07909e+06,354950,-620940
30,237,-8.34366e+06,-6.80481e+06,634342
30,238,4.81587e+06,-6.19184e+06,386053
30,239,9.40228e+06,-4.00253e+06,1.0064e+06
30,240,-6.38984e+06,5.76887e+06,735801
30,241,1.21221e+07,3.96026e+06,718700
30,242,210558,-1.35975e+07,815603
30,243,5.12886e+06,1.25765e+07,-718587
30,244,1.0193e+07,-6.44925e+06,-443557
30,245,-4.61918e+06,-1.07561e+07,-112488
30,246,1.03654e+07,-7.34916e+06,315412
30,247,-1.05567e+07,4.07784e+06,175372
30,248,-7.76486e+06,6.04872e+06,62701.4
30,249,765903,7.49375e+06,64527.6
30,250,-5.35637e+06,8.96256e+06,481701
30,251,6.10061e+06,1.0926e+07,949342
30,252,-401147,-1.09549e+07,160368
30,253,385873,-1.49638e+07,619966
30,254,8.08203e+06,1.04435e+07,-781173
30,255,-1.26924e+07,306494,647073
30,256,-7.56325e+06,-1.99184e+06,-189512
30,257,-8.34597e+06,-6.62543e+06,4876.17
30,258,-1.12898e+07,785489,-206067
30,259,1.31197e+07,1.17892e+06,259360
30,260,-2.25153e+06,-1.12997e+07,228202
30,261,1.32019e+07,-3.29817e+06,-428685
30,262,-7.90911e+06,3.88317e+06,-373828
30,263,1.02045e+07,-6.09981e+06,-859477
30,264,-515894,7.7814e+06,352739
30,265,9.26177e+06,7.15335e+06,982275
30,266,1.315e+07,2.08696e+06,403170
30,267,-9.36528e+06,9.18993e+06,-1.13396e+06
30,268,5.88878e+06,4.80604e+06,518115
30,269,1.01102e+07,1.00643e+07,-754144
30,270,3.03644e+06,7.73035e+06,561259
30,271,-3.81471e+06,8.85626e+06,-526148
30,272,-8.7247e+06,8.01745e+06,579220
30,273,2.23691e+06,-8.34837e+06,179263
30,274,-6.89152e+06,3.84861e+06,574665
30,275,-1.40849e+07,2.9163e+06,-55123.4
30,276,-1.21145e+07,-7.56993e+06,-1.33848e+06
30,277,-4297.45,1.43003e+07,222035
30,278,8.08251e+06,1.96643e+06,-313688
30,279,-2.44792e+06,1.29947e+07,-740958
30,280,-8.60039e+06,-1.03319e+06,826100
30,281,-9.89335e+06,-3.92699e+06,768942
30,282,4.34189e+06,1.04017e+07,-451955
30,283,-7.69251e+06,5.53789e+06,-138766
30,284,-7.9699e+06,1.07698e+07,-85120.5
30,285,-8.73291e+06,8.19033e+06,807046
30,286,-3.36735e+06,1.11934e+07,500672
30,287,-1.0918e+07,-2.59048e+06,-42437.4
30,288,1.23985e+06,-1.08711e+07,-870505
30,289,8.50278e+06,4.58997e+06,489717
30,290,7.45828e+06,-5.34942e+06,48777.7
30,291,1.32793e+07,-1.59771e+06,910271
30,292,-1.17602e+07,7.47589e+06,144148
30,293,2.80468e+06,8.58463e+06,9945.96
30,294,-6.4075e+06,9.86028e+06,163313
30,295,-1.31424e+07,-5.06866e+06,622435
30,296,1.34169e+07,-782540,277406
30,297,1.30726e+07,-2.952e+06,1.19422e+06
30,298,-6.87667e+06,4.32506e+06,-285987
30,299,-4.97904e+06,-5.85648e+06,362794
30,300,9.73778e+06,9.70198e+06,1.0368e+06
30,301,-3.28279e+06,-1.16488e+07,996051
30,302,-6.30323e+06,1.01792e+07,779500
30,303,9.61135e+06,2.30078e+06,654390
30,304,1.65142e+06,-9.61717e+06,-267852
30,305,2.46929e+06,1.36038e+07,1.31609e+06
30,306,9.85829e+06,8.83353e+06,174132
30,307,-1.46363e+07,2.52749e+06,-945545
30,308,-1.0816e+07,-1.03656e+06,525545
30,309,-1.03863e+07,7.08161e+06,-709619
30,310,-1.07721e+07,5.57137e+06,-893438
30,311,-4.9706e+06,-1.32964e+07,520260
30,312,-1.32869e+07,-2.67625e+06,855101
30,313,9.94102e+06,4.66885e+06,-208123
30,314,-1.85355e+06,-1.07877e+07,-862919
30,315,-912655,8.05989e+06,-378944
30,316,-231596,1.28509e+07,342191
30,317,-9.70608e+06,-5.02391e+06,740069
30,318,1.5323e+06,-1.01185e+07,-159559
30,319,9.53063e+06,-2.33064e+06,-620055
30,320,1.23191e+06,-7.59479e+06,-665759
30,321,-1.26637e+07,5.09292e+06,1.13684e+06
30,322,-9.66925e+06,-8.26582e+06,1.14609e+06
30,323,9.78033e+06,-2.7e+06,-741851
30,324,-1.54237e+06,1.07598e+07,86605.1
30,325,4.6804e+06,-6.82577e+06,574121
30,326,8.11831e+06,1.21798e+07,361106
30,327,-6.18512e+06,8.84031e+06,-320398
30,328,-2.69272e+06,-9.94223e+06,202468
30,329,9.36288e+06,5.0532e+06,-900470
30,330,6.88445e+06,-1.17824e+06,-692992
30,331,-3.28559e+06,7.08535e+06,480624
30,332,3.80965e+06,-1.41834e+07,559956
30,333,9.41606e+06,5.9222e+06,1.02202e+06
30,334,-8.25243e+06,-1.01089e+07,676612
30,335,-8.15413e+06,-9.78062e+06,1.22759e+06
30,336,-8.46403e+06,-1.14221e+07,549485
30,337,-3.35892e+06,-6.57369e+06,-674556
30,338,1.17047e+07,133340,130638
30,339,-4.31109e+06,9.85282e+06,-817678
30,340,4.35867e+06,1.20459e+07,-987524
30,341,3.09609e+06,-9.88834e+06,508177
30,342,-7.20537e+06,1.8501e+06,33363.3
30,343,-6.98793e+06,-9.94178e+06,-328884
30,344,-1.13907e+07,1.17792e+06,883392
30,345,-1.05428e+07,3.8973e+06,-214716
30,346,4.02322e+06,-1.08577e+07,88921.9
30,347,-761019,-1.22696e+07,49581.2
30,348,7.57278e+06,-7.14753e+06,-171791
30,349,1.06324e+07,-456464,-1.06711e+06
30,350,-6.44308e+06,5.47043e+06,732862
30,351,7.5e+06,672978,-675172
30,352,7.43901e+06,2.01999e+06,-31157.8
30,353,-1.76118e+06,1.15097e+07,-236866
30,354,-4.1828e+06,6.50485e+06,34816.8
30,355,1.28503e+07,442859,-84056.8
30,356,5.79957e+06,-7.35615e+06,403991
30,357,-2.16803e+06,1.14704e+07,960060
30,358,5.53849e+06,4.84591e+06,-159451
30,359,7.7403e+06,-1.94697e+06,476060
30,360,-7.55723e+06,-4.94218e+06,873554
30,361,-1.12088e+07,-8.43455e+06,1.13506e+06
30,362,-460177,-1.485e+07,-1.2958e+06
30,363,5.51011e+06,-8.58111e+06,-549958
30,364,9.77058e+06,9.44469e+06,-1.23462e+06
30,365,9.71829e+06,2.48392e+06,919741
30,366,4.4257e+06,-1.28651e+07,353181
30,367,-8.64516e+06,-1.20709e+06,169794
30,368,-904102,1.11637e+07,34151.5
30,369,1.08949e+07,-63627.9,867717
30,370,-7.52593e+06,-7.59742e+06,530497
30,371,5.87228e+06,-4.26927e+06,523562
30,372,-8.37294e+06,6.57914e+06,-483786
30,373,1.03167e+07,3.14927e+06,760942
30,374,-3.65769e+06,6.26711e+06,627604
30,375,-2.69007e+06,1.25816e+07,-636945
30,376,-2.12458e+06,-6.68256e+06,-634173
30,377,1.09521e+07,-2.46712e+06,-878532
30,378,1.40891e+07,-590635,-1.23975e+06
30,379,-1.39278e+07,-1.57777e+06,1.14205e+06
30,380,-5.91377e+06,-9.94463e+06,101296
30,381,-1.2393e+06,-1.38606e+07,59167.2
30,382,246370,1.39104e+07,-954883
30,383,-4.35071e+06,7.03542e+06,-432558
30,384,1.12537e+07,9.03106e+06,574527
30,385,6.38096e+06,-5.5816e+06,784157
30,386,7.86529e+06,-7.21214e+06,-1.05945e+06
30,387,1.64286e+06,1.34141e+07,1.10705e+06
30,388,-6.48379e+06,-2.63793e+06,359399
30,389,2.96781e+06,8.53709e+06,-753348
30,390,-8.83844e+06,-3.704e+06,-737581
30,391,9.96402e+06,764489,637674
30,392,-1.87481e+06,7.76745e+06,-771702
30,393,5.76966e+06,-8.71949e+06,-225521
30,394,408658,-8.41208e+06,486853
30,395,1.30329e+06,-8.25433e+06,749332
30,396,1.30649e+06,-8.2207e+06,347311
30,397,9.97701e+06,4.00177e+06,-916448
30,398,1.37936e+07,-688110,486450
30,399,-6.18671e+06,-8.56514e+06,199466
30,400,9.12608e+06,4.20478e+06,646893
30,401,4.35006e+06,-8.96263e+06,-493435
30,402,3.59596e+06,6.01534e+06,-44072.6
30,403,1.15287e+07,8.82388e+06,1.03014e+06
30,404,5.30908e+06,-9.86982e+06,-452112
30,405,2.12302e+06,-1.35341e+07,-740297
30,406,5.57447e+06,-5.76073e+06,744543
30,407,-619800,-7.19962e+06,592893
30,408,1.35335e+07,-2.89747e+06,720547
30,409,-4.1725e+06,9.66988e+06,-377676
30,410,-161062,-1.27714e+07,-766277
30,411,-2.88633e+06,-1.36419e+07,174994
30,412,-1.0301e+07,-3.06483e+06,-733462
30,413,7.11854e+06,4.84164e+06,-597109
30,414,-1.03507e+07,-2.19173e+06,-1.02324e+06
30,415,-3.81419e+06,1.27717e+07,1.10028e+06
30,416,5.66634e+06,1.3607e+07,-111730
30,417,-5.57431e+06,-4.24785e+06,150348
30,418,-8.29338e+06,-3.40952e+06,-492574
30,419,-4.62692e+06,-6.8686e+06,-288345
30,420,-1.07283e+07,4.58562e+06,1.13362e+06
30,421,-8.0345e+06,1.5956e+06,295664
30,422,1.00553e+07,-1.41545e+06,450842
30,423,717755,-1.21846e+07,1.10789e+06
30,424,-2.12965e+06,-1.40848e+07,710397
30,425,6.3891e+06,5.08661e+06,115777
30,426,-7.11316e+06,558902,-413581
30,427,1.7658e+06,-9.56864e+06,860724
30,428,-7.33179e+06,-1.83231e+06,579057
30,429,3.65345e+06,-6.72928e+06,-217731
30,430,9.49019e+06,-1.1507e+06,-572497
30,431,5.57818e+06,-1.11783e+07,-1.1495e+06
30,432,1.18129e+07,-3.52697e+06,-928194
30,433,-1.16345e+07,-8.08157e+06,330401
30,434,-3.75249e+06,1.12492e+07,1.03467e+06
30,435,-1.0157e+07,-1.04257e+07,825901
30,436,-1.18511e+07,985181,382582
30,437,-9.22607e+06,-6.70588e+06,648072
30,438,1.04207e+07,2.92253e+06,-728281
30,439,-1.46618e+06,-1.04043e+07,196008
30,440,-1.21176e+07,1.40794e+06,282411
30,441,-9.48748e+06,1.5956e+06,470301
30,442,-1.27909e+07,5.48286e+06,-1.27358e+06
30,443,8.18762e+06,1.29612e+06,254091
30,444,-9.26209e+06,-2.73893e+06,-12984.5
30,445,-6.39698e+06,4.1778e+06,-427266
30,446,2.78376e+06,9.94087e+06,703884
30,447,8.18839e+06,-1.83941e+06,-141116
30,448,-9.37192e+06,-1.00678e+07,647868
30,449,-1.31289e+07,-570585,113799
30,450,-9.31341e+06,-5.97052e+06,-1.04419e+06
30,451,-7.86143e+06,-6.43965e+06,198607
30,452,-7.32258e+06,-1.10777e+07,1.31115e+06
30,453,-6.02561e+06,7.0424e+06,-215297
30,454,5.67154e+06,-9.0869e+06,-566457
30,455,-1.10308e+07,7.25953e+06,269021
30,456,-8.53867e+06,8.51719e+06,30425.4
30,457,9.26387e+06,4.51028e+06,-129467
30,458,-6.55559e+06,4.18569e+06,144500
30,459,-5.89651e+06,-9.98639e+06,-940713
30,460,-4.81258e+06,1.12265e+07,-246629
30,461,1.3829e+07,951981,245119
30,462,-9.48548e+06,6.97423e+06,-619717
30,463,6.74763e+06,-5.76787e+06,-102905
30,464,-9.20767e+06,2.86011e+06,326696
30,465,-7.82116e+06,2.34408e+06,143477
30,466,-393604,1.45776e+07,-410590
30,467,-7.7833e+06,-6.32751e+06,-287443
30,468,2.41433e+06,-1.09967e+07,462671
30,469,7.0934e+06,-7.83676e+06,122897
30,470,1.09661e+07,2.5808e+06,1.09992e+06
30,471,722714,7.91891e+06,-714610
30,472,1.73881e+06,1.19696e+07,-775046
30,473,6.00263e+06,4.83458e+06,130477
30,474,-1.0099e+07,7.37561e+06,-50275.2
30,475,1.23853e+07,1.53407e+06,-441606
30,476,-1.2857e+07,-7.26373e+06,-726413
30,477,-6.2974e+06,9.23003e+06,72050
30,478,5.20254e+06,6.05848e+06,-570066
30,479,-1.39188e+06,-1.44185e+07,-979542
30,480,-808822,-8.44815e+06,-584352
30,481,8.67692e+06,-1.82103e+06,-434115
30,482,1.2201e+07,-1.46995e+06,-308992
30,483,30381.1,7.12457e+06,471916
30,484,1.77556e+06,-1.37612e+07,-1.07571e+06
30,485,1.17367e+07,-6.38576e+06,268872
30,486,6.88388e+06,-1.27833e+07,485000
30,487,-6.87548e+06,9.33108e+06,-790938
30,488,-5.06351e+06,1.06671e+07,866826
30,489,387276,-1.48916e+07,-1.22275e+06
30,490,7.07284e+06,6.04685e+06,280130
30,491,1.17916e+07,-5.75393e+06,-162237
30,492,1.0336e+07,-9.7391e+06,-519417
30,493,-1.00144e+07,9.6968e+06,-566589
30,494,-5.91849e+06,1.06551e+07,317448
30,495,-1.08734e+07,-4.77409e+06,-284032
30,496,-9.25258e+06,-6.63826e+06,104042
30,497,1.04898e+07,1.16074e+06,183755
30,498,-5.04024e+06,-6.64018e+06,432646
30,499,-1.05223e+07,-3.06226e+06,992087
30,500,1.18864e+07,-6.91252e+06,863944
30,501,4.48745e+06,6.46689e+06,41896.9
30,502,-8.89847e+06,1.10349e+06,-189415
30,503,-40146.8,-1.13847e+07,490904
30,504,5.07257e+06,-9.95049e+06,-154427
30,505,1.2651e+07,6.26026e+06,1.28699e+06
30,506,-9.02849e+06,8.22778e+06,-740690
30,507,3.51248e+06,1.02228e+07,-722315
30,508,-1.17794e+07,-1.90165e+06,406026
30,509,-1.41058e+07,-3.0653e+06,233656
30,510,-1.33935e+06,-7.59843e+06,-154414
30,511,6.71711e+06,-1.32032e+07,66601.9
30,512,5.226e+06,-6.0195e+06,478336
30,513,-2.57834e+06,8.05982e+06,496987
30,514,7.47615e+06,-4.00421e+06,-127985
30,515,3.29182e+06,-6.9542e+06,-194602
30,516,8.37143e+06,7.37491e+06,-1.11342e+06
30,517,-1.20286e+07,-1.3291e+06,226399
30,518,-7.92284e+06,-1.07097e+07,-867672
30,519,8.30384e+06,-5.3385e+06,533383
30,520,-588527,1.1429e+07,-453230
30,521,7.76664e+06,-1.0235e+07,440631
30,522,1.57187e+06,-1.3351e+07,-943291
30,523,5.7826e+06,8.61654e+06,-549915
30,524,-1.3779e+07,2.20175e+06,98670.4
30,525,-3.40531e+06,7.69564e+06,-454312
30,526,-5.42971e+06,-6.71987e+06,-420280
30,527,1.1158e+07,4.48389e+06,-862932
30,528,-7.41567e+06,-5.42928e+06,323275
30,529,-9.98823e+06,3.33779e+06,473126
30,530,-4.04477e+06,5.8501e+06,453718
30,531,-6.29431e+06,9.96562e+06,957969
30,532,-1.40092e+06,1.31008e+07,382928
30,533,-9.67073e+06,6.69469e+06,-313007
30,534,-7.08945e+06,-6.69039e+06,-112258
30,535,-6.43668e+06,-1.19854e+07,-1.17298e+06
30,536,-1.78162e+06,1.19876e+07,224965
30,537,1.32056e+06,1.23703e+07,-107333
30,538,7.99264e+06,2.95144e+06,-207057
30,539,9.90269e+06,-84549.4,-106238
30,540,-8.33196e+06,-4.84046e+06,-794146
30,541,-9.58536e+06,-1.1111e+07,748515
30,542,-7.15924e+06,4.32245e+06,-129277
30,543,1.3561e+07,273358,-540479
30,544,-1.46858e+07,2.17411e+06,-348843
30,545,7.85042e+06,-1.06338e+06,-762533
30,546,1.67289e+06,-1.27714e+07,-660888
30,547,1.02125e+07,6.95871e+06,-600890
30,548,8.90263e+06,-9.88112e+06,288598
30,549,5.78388e+06,9.37145e+06,-964579
30,550,907613,7.88525e+06,-251324
30,551,-5.86796e+06,8.13888e+06,-524023
30,552,5.20689e+06,-9.7657e+06,-487855
30,553,1.02648e+07,-1.02496e+07,-982719
30,554,-1.17786e+07,-6.15336e+06,176941
30,555,-1.01227e+07,-267799,-208230
30,556,-7.71499e+06,-8.27155e+06,394419
30,557,-1.82408e+06,-1.10818e+07,-807033
30,558,3.82713e+06,-7.80239e+06,-308503
30,559,3.8843e+06,6.02945e+06,-396663
30,560,-1.30202e+07,-6.61387e+06,1.26699e+06
30,561,-1.1518e+07,1.31931e+06,-432049
30,562,7.43713e+06,9.1786e+06,942854
30,563,-5.74265e+06,1.23047e+07,1.23297e+06
30,564,-6.66225e+06,-1.18137e+07,-1.02787e+06
30,565,-1.07936e+07,-602639,-578712
30,566,1.49332e+06,-7.47023e+06,-576720
30,567,1.0868e+07,-4.39003e+06,883238
30,568,5.62335e+06,-7.25113e+06,-919838
30,569,-5.56543e+06,-4.47118e+06,-192987
30,570,-9.17968e+06,-4.14614e+06,-621581
30,571,-8.66003e+06,629626,441783
30,572,-3.67553e+06,1.13758e+07,-166554
30,573,7.35139e+06,3.96406e+06,472567
30,574,3.81183e+06,8.28131e+06,349459
30,575,-7.85479e+06,-8.97515e+06,-647251
30,576,1.40823e+06,8.72954e+06,-577622
30,577,7.21036e+06,-9.88279e+06,549149
30,578,-1.11104e+07,7.36613e+06,410877
30,579,-9.67444e+06,-1.76365e+06,-36113.1
30,580,-6.49395e+06,5.29497e+06,779260
30,581,5.83868e+06,6.83268e+06,-146326
30,582,-1.14949e+07,-6.7179e+06,482072
30,583,-6.09754e+06,-5.9397e+06,-300517
30,584,-9.26539e+06,-1.00233e+07,-823036
30,585,7.18355e+06,2.20571e+06,-193217
30,586,-5.38029e+06,-7.37241e+06,-1215.7
30,587,5.21925e+06,7.45801e+06,-679799
30,588,404100,1.3905e+07,422186
30,589,-1.00292e+07,-8.96307e+06,968874
30,590,9.7828e+06,-2.55893e+06,-743120
30,591,-4.0386e+06,-6.65749e+06,691167
30,592,1.18575e+07,6.36537e+06,-594193
30,593,-439887,1.4413e+07,811686
30,594,-1.35958e+07,220727,-309106
30,595,1.33602e+06,1.04841e+07,824624
30,596,7.94429e+06,-6.97545e+06,-835324
30,597,-1.39674e+07,5.02941e+06,-1.34611e+06
30,598,55024.4,-7.30039e+06,232175
30,599,1.04322e+07,8.34494e+06,-1.24437e+06
30,600,-8.54029e+06,7.04075e+06,-84226.8
30,601,1.46523e+07,-2.56068e+06,1.3192e+06
30,602,-8.25572e+06,1.03876e+07,-233187
30,603,5.66314e+06,-9.84155e+06,-981728
30,604,8.92831e+06,5.32245e+06,30466.2
30,605,3.03291e+06,-1.38418e+07,-772017
30,606,-7.17356e+06,-1.28732e+07,-1.44751e+06
30,607,-811194,8.97327e+06,-777915
30,608,-1.45174e+07,1.83284e+06,1.16072e+06
30,609,6.61941e+06,6.92208e+06,-49149.7
30,610,-7.86967e+06,472413,664018
30,611,-8.16143e+06,-7.58208e+06,-766100
30,612,5.48922e+06,4.8857e+06,144762
30,613,-5.67497e+06,5.29238e+06,77711.5
30,614,5.04481e+06,8.74863e+06,-457121
30,615,-6.32402e+06,-1.29666e+07,-11402.5
30,616,7.09688e+06,-105995,243351
30,617,7.04923e+06,-6.40477e+06,-460412
30,618,-7.29871e+06,-8.67181e+06,-632896
30,619,-7705.4,-1.48262e+07,171428
30,620,7.88752e+06,3.00168e+06,-303751
30,621,-1.74825e+06,1.29073e+07,103038
30,622,9.86935e+06,8.17406e+06,475086
30,623,7.59537e+06,-1.46332e+06,-17947
30,624,-4.67841e+06,6.73963e+06,-142036
30,625,-368455,-1.3057e+07,292463
30,626,4.35305e+06,6.49843e+06,-636649
30,627,8.4493e+06,-7.97184e+06,-153790
30,628,-7.64757e+06,-3.1497e+06,516182
30,629,9.61503e+06,-8.6315e+06,-574271
30,630,6.36722e+06,-5.70244e+06,269355
30,631,-254278,-9.46526e+06,597407
30,632,-4.36725e+06,-1.1087e+07,-297313
30,633,-1.11232e+07,-1.88772e+06,786517
30,634,6.92307e+06,-1.1769e+07,-1.33947e+06
30,635,879058,-1.29583e+07,463518
30,636,7.27126e+06,-1.08365e+07,-77461.1
30,637,7.66901e+06,7.90473e+06,-252492
30,638,2.47649e+06,-1.1872e+07,-686571
30,639,-4.00195e+06,-6.9992e+06,-805597
30,640,8.22712e+06,1.7365e+06,-560842
30,641,-6.56671e+06,5.31643e+06,-165017
30,642,-1.39405e+07,-1.05248e+06,625019
30,643,984100,7.76464e+06,317725
30,644,-7.41042e+06,397564,147435
30,645,1.16601e+07,1.87376e+06,-420300
30,646,7.01925e+06,9.83477e+06,472420
30,647,1.28809e+07,-1.29259e+06,-752033
30,648,-1.34639e+07,-1.89557e+06,-344146
30,649,-506207,-7.95189e+06,-421169
30,650,9.11784e+06,3.99172e+06,600532
30,651,-1.17849e+06,-1.30692e+07,-526586
30,652,-5.28109e+06,-6.5167e+06,-6429.13
30,653,-3.08897e+06,-7.79584e+06,826062
30,654,-641156,-1.29093e+07,1.16713e+06
30,655,-7.7794e+06,-3.62838e+06,825739
30,656,-2.3539e+06,-7.98134e+06,142776
30,657,-3.58966e+06,-1.10819e+07,1.00325e+06
30,658,1.23537e+07,4.72857e+06,934631
30,659,-6.44382e+06,5.99919e+06,-67364.4
30,660,-9.9949e+06,4.10709e+06,947469
30,661,-8.4269e+06,-9.36328e+06,-1.13709e+06
30,662,1.20554e+07,-7.52078e+06,797091
30,663,6.50866e+06,2.69805e+06,-387378
30,664,-6.58251e+06,4.58539e+06,679439
30,665,1.07107e+07,1.09329e+06,-468031
30,666,7.10426e+06,1.88265e+06,-329731
30,667,2.3162e+06,-8.86596e+06,872640
30,668,-9.05255e+06,4.12006e+06,686813
30,669,4.89033e+06,7.70084e+06,645116
30,670,-5.22488e+06,-5.20004e+06,91357.7
30,671,-4.06488e+06,8.86554e+06,530699
30,672,414622,7.672e+06,357297
30,673,7.74279e+06,8.30352e+06,869286
30,674,4.93185e+06,-8.84936e+06,583493
30,675,-1.1938e+07,235332,1.14859e+06
30,676,-1.05172e+06,-8.07607e+06,-503467
30,677,-3.66975e+06,8.94382e+06,866464
30,678,5.84673e+06,1.34563e+07,-1.4067e+06
30,679,-1.11501e+07,6.11537e+06,-1.04801e+06
30,680,-1.18672e+07,-3.63881e+06,1.19645e+06
30,681,-7.37828e+06,4.83078e+06,75023.5
30,682,-1.26553e+07,-4.1879e+06,301024
30,683,5.20811e+06,-7.10371e+06,-125703
30,684,-3.97853e+06,-7.07243e+06,-461098
30,685,5.20095e+06,-5.78654e+06,-61966.5
30,686,-3.43845e+06,1.25089e+07,745321
30,687,-5.02635e+06,6.04222e+06,753473
30,688,-1.3345e+07,60712.8,-427749
30,689,-1.3361e+07,-4.0402e+06,722035
30,690,1.28936e+07,1.63255e+06,-973208
30,691,6.31405e+06,1.05119e+07,-600064
30,692,-1.34659e+07,-5.52381e+06,730431
30,693,-1.07492e+07,-3.87451e+06,-929380
30,694,-2.16613e+06,9.5033e+06,-213005
30,695,-9.40243e+06,9.52805e+06,-129313
30,696,8.36621e+06,5.79711e+06,-119942
30,697,3.10935e+06,7.95036e+06,-694437
30,698,659419,-9.82148e+06,-440328
30,699,-5.76182e+06,-7.52971e+06,-577348
30,700,-1.40393e+07,-1.95636e+06,-148540
30,701,5.61054e+06,9.99228e+06,260084
30,702,8.00852e+06,-5.79142e+06,-655382
30,703,-8.87317e+06,-6.51544e+06,-1.03018e+06
30,704,-881203,-9.84994e+06,634404
30,705,3.03562e+06,-8.96375e+06,887743
30,706,1.01147e+07,9.44535e+06,663992
30,707,9.54452e+06,-495210,-27979.8
30,708,-1.02143e+06,-7.90889e+06,-282293
30,709,1.48681e+07,-1.73771e+06,467570
30,710,-2.89334e+06,-7.47145e+06,-653339
30,711,3.40097e+06,-6.37205e+06,-419541
30,712,9.91838e+06,-1.47148e+06,-327252
30,713,8.23414e+06,-4.41611e+06,-728706
30,714,1.30097e+07,-805753,1.04831e+06
30,715,-4.94095e+06,1.11532e+07,-599808
30,716,9.98443e+06,-9.1662e+06,68943.8
30,717,6.63337e+06,5.97007e+06,-738308
30,718,-1.12254e+07,5.96265e+06,1.03266e+06
30,719,4.49773e+06,1.21055e+07,293890
30,720,-9.17197e+06,-5.05395e+06,498917
30,721,7.602e+06,-1.10754e+07,-661469
30,722,-256158,-7.22207e+06,-569850
30,723,9.50348e+06,428611,345725
30,724,-4.47233e+06,-6.98832e+06,818354
30,725,6.59863e+06,3.72537e+06,-241883
30,726,2.83038e+06,1.3635e+07,-388941
30,727,847286,-7.49917e+06,-138354
30,728,1.08298e+07,-7.29101e+06,-698380
30,729,1.244e+07,5.02463e+06,1.07241e+06
30,730,8.67113e+06,-8.50406e+06,-1.218e+06
30,731,-6.5606e+06,5.16588e+06,-201210
30,732,-6.60733e+06,5.79667e+06,-653476
30,733,3.50999e+06,-9.68568e+06,-43117
30,734,-6.3697e+06,3.16399e+06,-674223
30,735,1.01286e+07,1.06775e+07,611636
30,736,6.93398e+06,-1.30418e+07,589075
30,737,1.36402e+07,-1.39855e+06,332808
30,738,-7.8133e+06,-8.40169e+06,74971.5
30,739,-1.15215e+07,3.56892e+06,-679850
30,740,7.13709e+06,3.50924e+06,-376616
30,741,-6.61961e+06,-3.22228e+06,-318346
30,742,1.20491e+07,6.25503e+06,-743694
30,743,-1.03046e+07,-7.58182e+06,-1.11705e+06
30,744,1.01608e+07,-9.64549e+06,-475342
30,745,9.70878e+06,-471415,245293
30,746,6.06835e+06,-9.46137e+06,-482908
30,747,-1.3512e+06,1.03281e+07,602955
30,748,-6.11933e+06,-9.8224e+06,-573690
30,749,-8.74143e+06,430024,416030
30,750,1.08982e+07,2.45618e+06,824840
30,751,7.25589e+06,-1.83265e+06,-712565
30,752,1.07935e+07,6.33109e+06,1.03e+06
30,753,6.80957e+06,8.26655e+06,-341038
30,754,3.77518e+06,7.37527e+06,744289
30,755,2.73299e+06,-1.0198e+07,294817
30,756,8.25744e+06,9.24251e+06,-659455
30,757,1.30856e+07,-2.25834e+06,-630711
30,758,-9.03005e+06,1.34545e+06,886012
30,759,-7.71998e+06,4.86254e+06,715634
30,760,6.74243e+06,1.96157e+06,146098
30,761,833963,1.42344e+07,-86569.8
30,762,-1.04785e+07,1.60401e+06,259767
30,763,-1.02367e+07,3.30766e+06,-55312.3
30,764,-1.13398e+07,-2.87108e+06,829797
30,765,3.88397e+06,-6.27366e+06,508098
30,766,-9.07186e+06,1.94793e+06,-114034
30,767,-7.06795e+06,5.09324e+06,-795823
30,768,3.93377e+06,-8.33217e+06,-397161
30,769,-1.32071e+07,-2.82874e+06,1.02803e+06
30,770,1.13553e+07,2.32654e+06,406781
30,771,-7.04775e+06,2.0212e+06,630945
30,772,-6.53572e+06,5.13705e+06,382305
30,773,-6.54602e+06,-1.24225e+07,-679613
30,774,-3.75211e+06,1.1803e+07,541343
30,775,-2.44964e+06,-1.43867e+07,1.06096e+06
30,776,-1.1872e+06,-6.90035e+06,461949
30,777,5.224e+06,-5.12177e+06,-356108
30,778,3.99908e+06,-1.16485e+07,400771
30,779,-6.23442e+06,-4.58352e+06,76706.5
30,780,-1.17931e+07,7.898e+06,-508080
30,781,-1.11746e+07,6.62972e+06,379729
30,782,9.39407e+06,-7.73581e+06,240209
30,783,6.91797e+06,8.5327e+06,-845751
30,784,3.69002e+06,7.35812e+06,226968
30,785,-1.26382e+07,-2.58539e+06,850012
30,786,6.49774e+06,-1.34294e+07,581743
30,787,-1.07035e+07,3.36886e+06,-934745
30,788,8.69838e+06,-5.2804e+06,627548
30,789,-8.56113e+06,1.60887e+06,552374
30,790,-5.85928e+06,4.71459e+06,529845
30,791,8.94597e+06,4.96391e+06,87019.3
30,792,-1.16101e+07,-7.59411e+06,-760180
30,793,-9.64044e+06,2.91914e+06,159669
30,794,1.04991e+07,7.72558e+06,1.01781e+06
30,795,-5.00599e+06,4.98817e+06,-669574
30,796,-9.97749e+06,-1.82944e+06,23694.5
30,797,-4.8791e+06,-6.70294e+06,-756657
30,798,1.24151e+07,-4.14425e+06,-419547
30,799,-8.15436e+06,7.50716e+06,-1.09691e+06
30,800,2.80123e+06,-9.68836e+06,193601
30,801,4.65598e+06,-6.27044e+06,48536.6
30,802,-1.19434e+07,-6.77833e+06,163934
30,803,3.68076e+06,6.88518e+06,738948
30,804,8.76633e+06,-1.03993e+06,56328.8
30,805,6.42218e+06,4.89124e+06,-470412
30,806,-1.244e+07,7.2569e+06,-301215
30,807,5.56685e+06,7.70508e+06,-23091.4
30,808,4.29842e+06,-6.79187e+06,-208314
30,809,-9.89475e+06,1.4322e+06,-111704
30,810,-1.42604e+07,-4.34684e+06,-1.23055e+06
30,811,6.69495e+06,9.72045e+06,-1.11039e+06
30,812,2.32507e+06,-1.45129e+07,1.41559e+06
30,813,-1.05388e+07,-2.35778e+06,-717288
30,814,4.91215e+06,-7.50739e+06,-258052
30,815,-3.29777e+06,-1.31799e+07,-878357
30,816,-4.698e+06,-9.99505e+06,-585720
30,817,-1.30309e+07,-3.94495e+06,-912840
30,818,1.16343e+07,160291,-814496
30,819,3.41874e+06,1.30729e+07,763908
30,820,-4.17781e+06,1.21718e+07,-448432
30,821,-1.29765e+07,3.03192e+06,615564
30,822,5.08305e+06,-6.40476e+06,344952
30,823,9.47919e+06,1.06441e+07,265162
30,824,-7.27994e+06,9.27728e+06,-97948.6
30,825,39024,-7.30351e+06,72013.4
30,826,-2.93813e+06,-6.85908e+06,-49551.5
30,827,7.15476e+06,-1.14947e+06,652328
30,828,9.11866e+06,6.30977e+06,565102
30,829,-3.71534e+06,1.0285e+07,-18766.5
30,830,-1.02497e+07,-4.46201e+06,-131398
30,831,1.04179e+07,-5.6295e+06,-326238
30,832,1.01966e+07,-7.74619e+06,-112732
30,833,-8.33321e+06,-6.46331e+06,192784
30,834,-1.32645e+07,1.80375e+06,1.33255e+06
30,835,7.46354e+06,374944,209498
30,836,364790,9.37381e+06,-352996
30,837,8.79836e+06,1.93333e+06,851845
30,838,-668717,-8.72839e+06,460044
30,839,1.40978e+07,2.90572e+06,1.07298e+06
30,840,-7.40658e+06,-8.4189e+06,324040
30,841,-6.9223e+06,1.1641e+07,631684
30,842,3.18666e+06,-1.07107e+07,1.09972e+06
30,843,8.57602e+06,-77385.7,-704954
30,844,6.6791e+06,2.14524e+06,-221935
30,845,1.08168e+07,5.20603e+06,-1.19059e+06
30,846,6.46448e+06,-1.29447e+07,895803
30,847,-4.17587e+06,-1.33956e+07,-1.1124e+06
30,848,-1.51841e+06,-1.00692e+07,-447579
30,849,1.23142e+07,2.08776e+06,-484460
30,850,-7.55218e+06,-8.52856e+06,175517
30,851,1.2525e+07,654002,-1.00304e+06
30,852,-5.63277e+06,-1.27183e+07,-1.07889e+06
30,853,503415,1.37273e+07,-59722.6
30,854,-1.81257e+06,-7.95319e+06,272216
30,855,5.83645e+06,-6.43466e+06,-171449
30,856,5.20615e+06,7.74239e+06,-436545
30,857,-6.08343e+06,-3.77506e+06,490555
30,858,1.99592e+06,1.11654e+07,-1.0608e+06
30,859,-7.62735e+06,4.19605e+06,452278
30,860,-1.39098e+06,-8.3651e+06,623240
30,861,4.78309e+06,-9.49421e+06,116199
30,862,-1.19014e+07,-2.16352e+06,-89087.8
30,863,-3.10496e+06,8.30824e+06,-372688
30,864,8.23503e+06,7.97891e+06,957920
30,865,-1.04704e+07,7.25013e+06,-870794
30,866,6.42598e+06,-1.24855e+07,623055
30,867,-7.5947e+06,5.09163e+06,-727807
30,868,1.95865e+06,-8.27592e+06,365873
30,869,9.42309e+06,-7.01291e+06,195610
30,870,-5.90959e+06,8.91304e+06,944344
30,871,7.02698e+06,-3.01248e+06,500077
30,872,-7.26944e+06,-3.38272e+06,588630
30,873,9.72314e+06,-6.19528e+06,1.024e+06
30,874,-7.54931e+06,7.06515e+06,904423
30,875,9.09264e+06,8.3563e+06,-1.13352e+06
30,876,1.04777e+07,-4.71524e+06,792222
30,877,7.81622e+06,9.61584e+06,-609535
30,878,5.58136e+06,1.28288e+07,-620306
30,879,-3.38804e+06,-7.25295e+06,712448
30,880,-9.06873e+06,1.20557e+06,245800
30,881,1.17616e+07,9.30259e+06,-4286.15
30,882,6.84979e+06,-7.39628e+06,-48444.7
30,883,-5.06328e+06,-6.03327e+06,426804
30,884,4.61085e+06,-5.2793e+06,-440490
30,885,-9.93742e+06,5.59779e+06,501314
30,886,6.9482e+06,-7.1344e+06,459328
30,887,3.6547e+06,-1.16041e+07,618557
30,888,-5.86752e+06,4.27654e+06,626826
30,889,-427214,-7.95842e+06,758482
30,890,-2.85709e+06,-6.84523e+06,-47222.1
30,891,9.86502e+06,6.07382e+06,-1.06167e+06
30,892,5.63148e+06,-1.09524e+07,695291
30,893,9.07277e+06,6.80709e+06,426723
30,894,7.6666e+06,-4.5493e+06,603870
30,895,1.2027e+07,-3.82125e+06,-1.18601e+06
30,896,-6.35671e+06,1.11643e+07,1.04556e+06
30,897,-1.23024e+06,-9.02398e+06,689017
30,898,-5.99458e+06,4.20662e+06,384359
30,899,-1.3377e+06,1.05381e+07,-595814
30,900,5.18807e+06,-6.15693e+06,121307
30,901,-5.77851e+06,4.94959e+06,-201230
30,902,-7.84643e+06,3.13419e+06,-283743
30,903,-471596,-9.70815e+06,-538391
30,904,-1.08803e+07,-5.37097e+06,165237
30,905,-1.16522e+07,-3.8404e+06,932288
30,906,-1.17904e+07,-3.76739e+06,817446
30,907,-3.19749e+06,1.13885e+07,-693662
30,908,6.75184e+06,-4.67341e+06,345188
30,909,-1.14521e+07,-8.89192e+06,-77127.2
30,910,-3.33316e+06,-6.69276e+06,122887
30,911,855719,1.48969e+07,91724.8
30,912,-7.3659e+06,-9.73391e+06,149631
30,913,3.52095e+06,1.27238e+07,596102
30,914,9.58269e+06,-7.10463e+06,829585
30,915,-1.75277e+06,9.31363e+06,915567
30,916,9.4144e+06,-6.05382e+06,-753458
30,917,4.60694e+06,-1.11822e+07,1.08494e+06
30,918,-1.32173e+06,-9.60801e+06,75271.3
30,919,-2.54193e+06,-7.03456e+06,284381
30,920,-1.44236e+07,80724.3,-778871
30,921,-6.45453e+06,3.5177e+06,-291229
30,922,-8.07735e+06,1.0232e+07,1.17388e+06
30,923,-1.05062e+07,-1.02021e+07,1.25851e+06
30,924,-1.24474e+07,-3.95334e+06,-836112
30,925,-9.79942e+06,-4.14651e+06,775801
30,926,8.79036e+06,-6.35017e+06,378229
30,927,8.09588e+06,-37774.9,44079.5
30,928,-5.29682e+06,-8.60427e+06,-791814
30,929,-1.20902e+07,-43976.6,-225668
30,930,-1.44312e+07,-2.22101e+06,-821054
30,931,9.40274e+06,-4.99978e+06,-690734
30,932,8.62196e+06,917809,-844874
30,933,-1.36107e+06,-1.35613e+07,-395223
30,934,-1.00203e+07,7.53121e+06,1.13841e+06
30,935,-1.15888e+07,9.043e+06,1.04306e+06
30,936,-5.00472e+06,1.21775e+07,-706200
30,937,2.26399e+06,-1.03767e+07,980084
30,938,8.1804e+06,-1.02394e+07,270165
30,939,3.09861e+06,-1.33236e+07,-336590
30,940,4.00644e+06,-1.06396e+07,-1.03488e+06
30,941,5.742e+06,1.21789e+07,39538.8
30,942,-491434,1.34399e+07,-684255
30,943,8.14035e+06,-6.09822e+06,-1.01943e+06
30,944,7.90131e+06,1.17299e+07,1.39061e+06
30,945,-1.46351e+07,327978,37239.5
30,946,-6.98785e+06,-8.25581e+06,-887210
30,947,6.70377e+06,2.78853e+06,-80751.2
30,948,-6.45319e+06,-6.50073e+06,904846
30,949,-8.9338e+06,-4.68822e+06,-170282
30,950,1.13227e+07,-7.78176e+06,1.03879e+06
30,951,1.45122e+07,2.69792e+06,1.00468e+06
30,952,1.55958e+06,1.28659e+07,1.18598e+06
30,953,-3.30417e+06,-7.47547e+06,-449999
30,954,-1.82415e+06,-1.02898e+07,132337
30,955,-4.96671e+06,9.13289e+06,707192
30,956,-7.44266e+06,3.25689e+06,657226
30,957,-1.12662e+07,7.87867e+06,724046
30,958,1.05136e+07,-8.60293e+06,120914
30,959,-498162,8.61417e+06,-352664
30,960,1.14591e+07,2.58077e+06,319635
30,961,-2.96073e+06,9.43262e+06,751664
30,962,8.70455e+06,6.14886e+06,697330
30,963,-847021,-7.32135e+06,403959
30,964,4.62207e+06,-8.66518e+06,30751.6
30,965,1.02098e+07,3.1914e+06,-449404
30,966,-1.13384e+07,8.95378e+06,134936
30,967,-9.35055e+06,-6.18848e+06,-986152
30,968,-1.46594e+06,-9.77037e+06,-592268
30,969,8.59479e+06,756749,-107855
30,970,1.32416e+07,4.65223e+06,-868080
30,971,-885914,-9.4355e+06,266571
30,972,780187,-1.02956e+07,226388
30,973,6.01525e+06,-1.28089e+07,-700113
30,974,6.32088e+06,6.6389e+06,-298931
30,975,-1.25119e+07,8.22443e+06,-837848
30,976,-1.25591e+07,-3.61058e+06,-917208
30,977,-8.71677e+06,4.96707e+06,509658
30,978,-1.08334e+06,7.08308e+06,25204.1
30,979,-6.18015e+06,-6.74853e+06,-33177.2
30,980,9.45078e+06,-2.91557e+06,261428
30,981,-7.37836e+06,-3.16101e+06,450992
30,982,5.776e+06,1.1211e+07,1.19503e+06
30,983,5.5568e+06,8.99021e+06,-676811
30,984,2.77006e+06,-7.25278e+06,-587774
30,985,4.89465e+06,-6.32441e+06,-248535
30,986,6.77048e+06,2.532e+06,-517933
30,987,-4.23317e+06,-7.58556e+06,-596108
30,988,952108,-7.8892e+06,271859
30,989,-9.91655e+06,-3.37531e+06,-394023
30,990,-1.08383e+07,-642627,-244865
30,991,1.41401e+07,1.59665e+06,803855
30,992,2.56082e+06,-7.57169e+06,185261
30,993,1.11482e+07,8.04061e+06,162137
30,994,-2.812e+06,-1.06433e+07,75487.8
30,995,-1.03056e+07,4.67797e+06,-432863
30,996,7.82287e+06,7.46332e+06,1.00067e+06
30,997,1.21842e+07,-3.56952e+06,-694539
30,998,5.21771e+06,-1.30193e+07,497120
30,999,-5.02586e+06,1.08707e+07,758813
30,1000,9.84896e+06,4.9088e+06,-412001
30,1001,8.65343e+06,-1.15289e+07,1.39358e+06
30,1002,9199.22,1.19967e+07,-810158
30,1003,8.39879e+06,1.26403e+06,-185667
30,1004,-7.33256e+06,4.29779e+06,741067
30,1005,7.65238e+06,-7.10476e+06,220333
30,1006,-5.68205e+06,6.9099e+06,-745982
30,1007,-4.05578e+06,-8.73692e+06,-826161
30,1008,-6.46532e+06,5.67577e+06,831762
30,1009,-1.20221e+06,-1.31851e+07,-1.01823e+06
30,1010,3.07684e+06,-1.2883e+07,267841
30,1011,-6.91186e+06,1.31602e+07,1.31523e+06
30,1012,1.42672e+07,1.19494e+06,-142833
30,1013,1.17157e+07,9.0698e+06,141593
30,1014,-1.38566e+07,-5.20846e+06,-919468
30,1015,3.11736e+06,1.12329e+07,45934.9
30,1016,-5.84423e+06,-4.8466e+06,25484.1
30,1017,-8.67648e+06,-9.57408e+06,128182
30,1018,7.59846e+06,9.94552e+06,238710
30,1019,7.54255e+06,-3.57243e+06,-722077
30,1020,-3.30696e+06,-9.90524e+06,-87659.5
30,1021,-7.22661e+06,-2.7545e+06,219037
30,1022,-8.95576e+06,8.90477e+06,160790
30,1023,-4.81958e+06,-9.44552e+06,177197
30,1024,-151556,1.11496e+07,-1.11409e+06
30,1025,6.07724e+06,5.78774e+06,-85434.5
30,1026,2.54955e+06,1.15748e+07,1.04333e+06
30,1027,1.21499e+06,-6.94591e+06,176514
30,1028,9.42411e+06,3.30022e+06,254603
30,1029,9.36103e+06,-3.75108e+06,84676.9
30,1030,2.51437e+06,1.42828e+07,655120
30,1031,-613786,-1.19028e+07,-680815
30,1032,-1.23054e+07,-24815.5,598024
30,1033,7.51174e+06,-5.95079e+06,-798414
30,1034,8.77482e+06,-1.01676e+07,853248
30,1035,-1.02983e+07,3.99819e+06,1.09992e+06
30,1036,-8.38536e+06,-2.76131e+06,301389
30,1037,3.42223e+06,1.21274e+07,388182
30,1038,1.27869e+07,4.33317e+06,1.11363e+06
30,1039,-4.6276e+06,5.51889e+06,-699281
30,1040,6.57449e+06,-3.84058e+06,-220986
30,1041,2.05815e+06,1.01905e+07,201878
30,1042,-8.29129e+06,8.32839e+06,-392532
30,1043,-1.05701e+07,9.30122e+06,-18299.6
30,1044,2.31878e+06,-8.96969e+06,-190000
30,1045,-418806,1.10482e+07,1.08161e+06
30,1046,1.41325e+06,-9.22341e+06,-135286
30,1047,2.85638e+06,-8.15952e+06,-287716
30,1048,1.20466e+07,-6.90559e+06,1.00093e+06
30,1049,1.91583e+06,-7.02239e+06,-129022
30,1050,-8.90835e+06,-1.07465e+07,932763
30,1051,-1.06609e+07,-2.57604e+06,-781256
30,1052,-1.16871e+07,6.28928e+06,212.661
30,1053,-1.06818e+07,-7.85179e+06,-793393
30,1054,-9.90039e+06,6.27536e+06,-71434.8
30,1055,1.57029e+06,7.04685e+06,-316209
30,1056,1.26548e+07,1.08948e+06,-231739
30,1057,1.0874e+07,9.42817e+06,47273.7
30,1058,1.24789e+07,-4.53111e+06,655722
30,1059,6.05379e+06,-1.12368e+07,-137328
30,1060,1.33721e+07,838707,1.14034e+06
30,1061,-9.88254e+06,-3.64654e+06,-516736
30,1062,1.13564e+07,6.12828e+06,963425
30,1063,2.71396e+06,1.33253e+07,842306
30,1064,-8.83348e+06,-9.92495e+06,-336143
30,1065,843563,9.12713e+06,-332590
30,1066,1.24638e+07,6.79913e+06,935132
30,1067,-9.6556e+06,-1.51811e+06,576222
30,1068,-8.03115e+06,1.15584e+07,-107403
30,1069,1.02541e+07,1.04907e+06,-420828
30,1070,-9.14114e+06,5.49003e+06,473525
30,1071,-1.00662e+07,477539,-141857
30,1072,8.55293e+06,-9.69007e+06,82425.7
30,1073,-4.0201e+06,1.26937e+07,110161
30,1074,-8.46834e+06,4.83491e+06,453504
30,1075,1.00351e+07,9.83108e+06,378354
30,1076,8.43875e+06,8.01419e+06,-671248
30,1077,4.54895e+06,8.31232e+06,-485982
30,1078,-4.8551e+06,7.7315e+06,455626
30,1079,1.15448e+07,-817542,-197358
30,1080,9.12491e+06,-9.2911e+06,466312
30,1081,424882,-1.02681e+07,-609684
30,1082,-9.14883e+06,-2.97179e+06,145058
30,1083,6.82405e+06,-2.20585e+06,282030
30,1084,1.00859e+07,-4.3015e+06,-133549
30,1085,-1.47421e+07,-1.30128e+06,-1.14387e+06
30,1086,-5.50461e+06,-1.18861e+07,715816
30,1087,2.57962e+06,-1.43784e+07,325314
30,1088,-6.27846e+06,-1.23521e+07,-254634
30,1089,2.30908e+06,1.38813e+07,604417
30,1090,-1.48051e+06,-1.39633e+07,554262
30,1091,-1.27092e+07,2.66049e+06,973432
30,1092,5.84995e+06,6.33059e+06,-369884
30,1093,-1.11911e+07,-928651,720927
30,1094,-1.01561e+07,807890,-994543
30,1095,-5.9724e+06,-8.30535e+06,-994185
30,1096,2.20733e+06,8.93991e+06,-845675
30,1097,4.32955e+06,9.91747e+06,526429
30,1098,-1.31126e+07,-4.03567e+06,1.32577e+06
30,1099,-1.04983e+07,-1.07461e+06,1.0357e+06
30,1100,8.31848e+06,-2.91822e+06,-808053
30,1101,9.47232e+06,4.66796e+06,484407
30,1102,-3.01929e+06,-1.14729e+07,-297851
30,1103,9.49376e+06,2.98322e+06,-298684
30,1104,-1.05625e+07,9.79136e+06,955854
30,1105,-9.72204e+06,9.70054e+06,362600
30,1106,6.01101e+06,4.86249e+06,-699523
30,1107,-1.04934e+07,5.05521e+06,111882
30,1108,-6.72091e+06,8.91127e+06,396289
30,1109,1.29738e+07,1.36774e+06,-764652
30,1110,-9.72341e+06,8.16856e+06,412791
30,1111,-7.66812e+06,6.02669e+06,-666680
30,1112,-7.02022e+06,-5.73523e+06,-121153
30,1113,8.06311e+06,-1.04436e+07,109890
30,1114,-4.73213e+06,1.21771e+07,-222170
30,1115,-9.70324e+06,8.19414e+06,224810
30,1116,-6.72536e+06,-5.13387e+06,612623
30,1117,-2.07244e+06,-1.37773e+07,685286
30,1118,-9.75876e+06,-5.95598e+06,-839069
30,1119,-1.00644e+07,3.01593e+06,966003
30,1120,-9.8903e+06,-3.36949e+06,69475
30,1121,43882.3,-1.20758e+07,-664669
30,1122,5.31908e+06,-9.88989e+06,-82831.3
30,1123,-5.02025e+06,-7.71957e+06,596965
30,1124,1.47691e+06,-7.34266e+06,482257
30,1125,1.06341e+07,-929253,612679
30,1126,-8265.08,-1.31572e+07,-920823
30,1127,-8.55026e+06,1.75343e+06,-412151
30,1128,7.99561e+06,-6.49354e+06,668954
30,1129,7.69047e+06,-9.23908e+06,682903
30,1130,2.97401e+06,9.99899e+06,29623.8
30,1131,-1.19343e+07,4.85142e+06,429815
30,1132,125218,-7.73856e+06,484486
30,1133,1.23959e+07,-2.40856e+06,826073
30,1134,1.30457e+07,-5.60546e+06,856746
30,1135,1.23783e+07,620860,-84702.7
30,1136,-4.02112e+06,1.08399e+07,-420738
30,1137,1.14914e+07,-9.0925e+06,1.02494e+06
30,1138,1.01558e+07,1.07032e+06,-859226
30,1139,9.38524e+06,1.13318e+06,-915558
30,1140,-3.73804e+06,-1.3826e+07,-547472
30,1141,-7.98156e+06,-803111,-795914
30,1142,-1.25582e+07,7.2577e+06,-283336
30,1143,9.09204e+06,4.44614e+06,280010
30,1144,-5.58911e+06,-1.15491e+07,-929344
30,1145,-1.04332e+07,-5.06853e+06,856101
30,1146,-7.07401e+06,7.11088e+06,237771
30,1147,-1.18728e+07,2.13861e+06,-137376
30,1148,7.17919e+06,-8.27196e+06,-85056.3
30,1149,-1.44514e+07,-526093,1.3026e+06
30,1150,-8.97198e+06,1.02561e+07,992714
30,1151,7.11757e+06,-3.37656e+06,207381
30,1152,-4.3831e+06,-5.96455e+06,703844
30,1153,-7.02895e+06,-2.75407e+06,374272
30,1154,-1.16195e+07,6.79111e+06,-797164
30,1155,-6.32406e+06,-3.72294e+06,-69081.2
30,1156,1.34745e+07,5.56881e+06,540826
30,1157,3.20658e+06,6.44602e+06,-66809.6
30,1158,-3.99306e+06,-9.82266e+06,871737
30,1159,1.16159e+07,-3.30531e+06,923452
30,1160,6.02064e+06,-9.99856e+06,332863
30,1161,-226652,-7.60019e+06,-617112
30,1162,-3.25993e+06,-1.12456e+07,-1.0175e+06
30,1163,7.73443e+06,-4.28902e+06,205718
30,1164,-3.07264e+06,-8.42592e+06,173567
30,1165,1.09085e+07,-1.45584e+06,403914
30,1166,3.27199e+06,-9.42206e+06,768537
30,1167,2.23311e+06,7.67054e+06,-453729
30,1168,-9.88502e+06,-7.69362e+06,298129
30,1169,2.50811e+06,-1.42672e+07,-1.07987e+06
30,1170,-9.05969e+06,3.67851e+06,-203445
30,1171,9.71472e+06,-7.61766e+06,-479059
30,1172,2.9746e+06,-1.1019e+07,-191242
30,1173,-8.24017e+06,1.09081e+06,-741114
30,1174,1.28865e+07,6.72985e+06,-178941
30,1175,1.11818e+07,-850063,-750063
30,1176,7.86989e+06,651215,-544627
30,1177,-5.73906e+06,-6.46479e+06,-484973
30,1178,3.51925e+06,-6.23738e+06,-192459
30,1179,-3.35451e+06,9.19231e+06,932954
30,1180,6.82461e+06,-4.80804e+06,462483
30,1181,7.59296e+06,-409523,-347798
30,1182,3.9129e+06,-6.72685e+06,321727
30,1183,6.49948e+06,1.00132e+07,-51335.8
30,1184,-4.53553e+06,1.24337e+07,-498655
30,1185,3.00077e+06,6.33026e+06,526677
30,1186,1.04972e+07,-851627,-219671
30,1187,-2.70314e+06,1.24262e+07,-346435
30,1188,-5.05524e+06,6.86505e+06,80522.3
30,1189,-7.51477e+06,-1.28745e+07,-897712
30,1190,4.99408e+06,5.40531e+06,92032.2
30,1191,1.22168e+07,-4.61622e+06,-1.26852e+06
30,1192,-1.10221e+07,1.85218e+06,348901
30,1193,-4.25127e+06,-1.06541e+07,362746
30,1194,2.64022e+06,-7.46028e+06,-597225
30,1195,-1.09677e+07,6.17841e+06,34868
30,1196,1.10368e+07,-8.93097e+06,903722
30,1197,-771510,-1.10543e+07,28579
30,1198,-1.14764e+07,7.83384e+06,1.31058e+06
30,1199,-599190,-1.44321e+07,-637621
30,1200,5.0838e+06,-6.22262e+06,-538486
30,1201,-1.38171e+07,635964,-258507
30,1202,-1.12013e+07,-8.76636e+06,217952
30,1203,-8.03148e+06,8.16281e+06,654836
30,1204,8.41465e+06,-3.17716e+06,710023
30,1205,-1.05069e+06,-9.64179e+06,142017
30,1206,9.64475e+06,-497584,-919583
30,1207,-8.92124e+06,-1.33892e+06,39598.2
30,1208,304120,-1.1704e+07,289158
30,1209,1.10773e+07,4.06248e+06,-291382
30,1210,-1.06067e+06,8.79226e+06,96219.8
30,1211,-2.54282e+06,8.19899e+06,-451666
30,1212,1.37663e+07,-4.81649e+06,320721
30,1213,3.37041e+06,-1.39937e+07,258951
30,1214,1.22363e+06,-6.93876e+06,285340
30,1215,959077,-1.18834e+07,30808.3
30,1216,1.16634e+07,-4.84262e+06,-313722
30,1217,-1.25352e+07,1.75393e+06,441624
30,1218,1.25178e+07,3.85358e+06,384099
30,1219,-4.06064e+06,-7.82271e+06,-55811.6
30,1220,9.2958e+06,9.34947e+06,333136
30,1221,5.70369e+06,-7.21094e+06,789451
30,1222,4.41533e+06,-1.42851e+07,759372
30,1223,-4.66661e+06,7.37081e+06,-59860
30,1224,1.14131e+07,-6.555e+06,-819273
30,1225,-4.6623e+06,-1.35984e+07,318507
30,1226,8.00547e+06,3.13658e+06,117704
30,1227,2.80668e+06,1.18845e+07,137873
30,1228,7.173e+06,-1.1791e+07,1.18242e+06
30,1229,-4.28919e+06,8.93902e+06,494916
30,1230,8.79755e+06,5.61943e+06,-453681
30,1231,-2.91532e+06,9.92352e+06,-347166
30,1232,8.97653e+06,2.6046e+06,256283
30,1233,-6.55742e+06,-9.75736e+06,-724276
30,1234,-6.70144e+06,-6.53949e+06,186553
30,1235,-6.64582e+06,8.78181e+06,911468
30,1236,-9.3896e+06,2.48187e+06,346045
30,1237,-6.63648e+06,9.1993e+06,-145989
30,1238,-2.50877e+06,1.30834e+07,-954707
30,1239,5.7073e+06,-7.56108e+06,-780308
30,1240,-1.43313e+07,-3.94168e+06,1.44575e+06
30,1241,-1.39002e+07,4.07642e+06,-874514
30,1242,308153,8.30611e+06,349407
30,1243,-5.16004e+06,7.59638e+06,-94054.8
30,1244,5.13872e+06,1.3276e+07,-1.4138e+06
30,1245,6.30304e+06,-4.02326e+06,220578
30,1246,3.86886e+06,8.3212e+06,-377707
30,1247,7.45435e+06,-2.63301e+06,449680
30,1248,7.20558e+06,-7.89082e+06,-535810
30,1249,8.01031e+06,-9.89611e+06,-364784
30,1250,-3.81042e+06,1.24805e+07,-525188
30,1251,-7.3765e+06,2.68004e+06,360680
30,1252,-1.14117e+07,-8.91882e+06,1.05368e+06
30,1253,6.14148e+06,1.21119e+07,-38516.8
30,1254,-3.06678e+06,-7.28414e+06,712798
30,1255,-601578,-8.07159e+06,214039
30,1256,-9.10717e+06,7.28754e+06,-338002
30,1257,1.24335e+06,7.2213e+06,-712404
30,1258,9.02948e+06,7.31226e+06,868327
30,1259,-3.30023e+06,-1.06854e+07,-199378
30,1260,1.0773e+07,-3.8633e+06,-957201
30,1261,1.88809e+06,-8.8023e+06,-723841
30,1262,-5.05746e+06,5.64629e+06,-619387
30,1263,1.55005e+06,1.15405e+07,923328
30,1264,-3.96046e+06,-1.26594e+07,310270
30,1265,2.17248e+06,1.36979e+07,1.03678e+06
30,1266,15738.8,-1.3315e+07,163118
30,1267,-8.03454e+06,3.95357e+06,526225
30,1268,1.67345e+06,-7.04863e+06,-376764
30,1269,5.91962e+06,5.55542e+06,-769594
30,1270,2.02433e+06,1.09496e+07,1.09333e+06
30,1271,7.36458e+06,8.94584e+06,437603
30,1272,-263645,-1.41287e+07,-1.19987e+06
30,1273,4.00982e+06,-1.35533e+07,-967350
30,1274,-6.83913e+06,-2.81783e+06,-509416
30,1275,-8.70723e+06,1.04864e+07,1.12804e+06
30,1276,4.55245e+06,1.05558e+07,-829941
30,1277,1.04585e+06,-1.15462e+07,653334
30,1278,2.40183e+06,8.84281e+06,-888158
30,1279,1.09386e+07,5.90793e+06,-197017
30,1280,1.09634e+07,-4.3777e+06,-444499
30,1281,-4.92417e+06,-7.52829e+06,214512
30,1282,8.75264e+06,-4.02556e+06,665394
30,1283,390920,8.78322e+06,21622.7
30,1284,1.26298e+07,3.76402e+06,509795
30,1285,1.23764e+06,1.21149e+07,441847
30,1286,1.38416e+07,4.36002e+06,-523638
30,1287,8.5457e+06,-6.03288e+06,969711
30,1288,192392,-1.0551e+07,66812.3
30,1289,-2.16291e+06,1.1075e+07,-639383
30,1290,-8.61641e+06,-3.39985e+06,-874656
30,1291,7.76959e+06,1.19285e+07,-797727
30,1292,-2.57519e+06,-1.08073e+07,-900116
30,1293,9.38395e+06,-1.66691e+06,-453256
30,1294,5.06583e+06,-7.99648e+06,-853652
30,1295,-7.91793e+06,7.21147e+06,-392977
30,1296,7.67939e+06,5.20888e+06,-343732
30,1297,1.64294e+06,-7.15686e+06,-149411
30,1298,8.39233e+06,-6.38649e+06,333427
30,1299,6.6877e+06,-2.24623e+06,-371021
30,1300,1.11239e+06,-7.78191e+06,750.141
30,1301,-158575,1.04685e+07,99389.3
30,1302,7.59674e+06,-5.15427e+06,-523335
30,1303,-1.30164e+07,-5.27456e+06,923957
30,1304,-4.00842e+06,-1.20455e+07,-446127
30,1305,1.95068e+06,8.63095e+06,633035
30,1306,-1.26551e+07,4.77735e+06,-996198
30,1307,-7.22568e+06,-6.99615e+06,-91704.8
30,1308,1.32163e+07,-27321.1,-817390
30,1309,-9.75965e+06,4.31034e+06,-417325
30,1310,7.75323e+06,3.6258e+06,663807
30,1311,-1.03229e+07,9062.15,862658
30,1312,8.88673e+06,9.77291e+06,172825
30,1313,3.25904e+06,-1.00103e+07,472360
30,1314,-6.88061e+06,1.04359e+07,763282
30,1315,3.79462e+06,6.37076e+06,-243752
30,1316,491735,7.58206e+06,502208
30,1317,-5.0534e+06,1.36654e+07,-686660
30,1318,-1.79426e+06,9.02279e+06,-856089
30,1319,3.10017e+06,1.40762e+07,-230609
30,1320,4.61497e+06,-5.3561e+06,326915
30,1321,3.03283e+06,-1.42447e+07,-542852
30,1322,-2.70094e+06,-8.56392e+06,-244042
30,1323,1.14681e+07,633524,-1.00885e+06
30,1324,-1.02359e+07,-4.71287e+06,567114
30,1325,-7.99224e+06,-882311,-491808
30,1326,-6.6538e+06,3.93078e+06,-520928
30,1327,-3.79868e+06,7.89816e+06,-421959
30,1328,6.36985e+06,4.30175e+06,-471953
30,1329,-5.01828e+06,-5.4356e+06,-314708
30,1330,-4.72541e+06,7.93231e+06,300658
30,1331,961365,-1.39175e+07,635230
30,1332,-3.58367e+06,-1.02671e+07,114741
30,1333,2.04109e+06,8.48069e+06,-355302
30,1334,-1.35932e+07,-4.34515e+06,668048
30,1335,-8.2591e+06,5.17255e+06,-731001
30,1336,4.0974e+06,-7.29764e+06,141974
30,1337,3.34547e+06,-9.0919e+06,-491454
30,1338,-8.43769e+06,1.21597e+07,-481716
30,1339,6.67338e+06,6.71445e+06,-737570
30,1340,8.73221e+06,-8.46872e+06,707518
30,1341,-7.7095e+06,-2.49669e+06,-640332
30,1342,-3.89335e+06,-6.24861e+06,51736.3
30,1343,7.38485e+06,1.87689e+06,748426
30,1344,-6.88005e+06,2.25535e+06,6685.24
30,1345,3.67025e+06,7.035e+06,-235160
30,1346,-1.30668e+07,-753063,361045
30,1347,1.83913e+06,-1.4766e+07,-195342
30,1348,-7.62724e+06,-7.31175e+06,349514
30,1349,-6.57417e+06,-8.76415e+06,-1.04704e+06
30,1350,-2.07016e+06,1.02004e+07,-773225
30,1351,-6.07788e+06,-4.88293e+06,36785.2
30,1352,-8.91383e+06,1.43588e+06,-14022.8
30,1353,-4.75799e+06,-7.09978e+06,480543
30,1354,-1.05601e+07,-8.13752e+06,31030
30,1355,-1.97638e+06,7.19699e+06,-608181
30,1356,9.5775e+06,1.11187e+07,-1.02363e+06
30,1357,1.32868e+07,-4.70935e+06,750118
30,1358,7.03519e+06,292682,-171605
30,1359,8.06489e+06,1.15411e+06,-58530.3
30,1360,-6.64813e+06,1.29277e+07,468633
30,1361,-259922,1.22096e+07,367483
30,1362,6.11305e+06,6.17869e+06,350160
30,1363,7.89151e+06,66833,-500100
30,1364,-1.0044e+07,6.04041e+06,-877309
30,1365,-5.00674e+06,-5.18714e+06,442631
30,1366,-1.36513e+07,1.32061e+06,761787
30,1367,-1.82058e+06,-1.22482e+07,-18327.2
30,1368,4.29127e+06,-1.12759e+07,-246409
30,1369,-1.11439e+07,-7.47339e+06,-897844
30,1370,-4.85572e+06,5.31251e+06,67184.7
30,1371,9.40994e+06,9.94864e+06,823126
30,1372,7.96861e+06,1.13521e+07,976846
30,1373,-2.00318e+06,-1.47722e+07,849908
30,1374,-1.16814e+07,-9.32077e+06,-574451
30,1375,-1.01937e+07,-9.15082e+06,222454
30,1376,563699,-8.97992e+06,-754361
30,1377,-6.72741e+06,1.26804e+07,-1.07053e+06
30,1378,1.01071e+07,2.96057e+06,389003
30,1379,7.53173e+06,-1.2017e+07,-1.05883e+06
30,1380,3.29797e+06,-7.26824e+06,678610
30,1381,-1.06777e+07,-120300,-388243
30,1382,-8.54371e+06,-1.12688e+07,-599204
30,1383,7.37176e+06,-5.74492e+06,-911777
30,1384,-8.93719e+06,-3.38902e+06,-673445
30,1385,3.27818e+06,-6.98153e+06,609408
30,1386,1.10308e+07,-7.9347e+06,144333
30,1387,-1.0177e+07,8.85584e+06,448742
30,1388,2.10609e+06,1.47576e+07,-328289
30,1389,6.84458e+06,8.35726e+06,-907145
30,1390,1.3514e+07,-1.81511e+06,-259833
30,1391,6.93808e+06,3.28799e+06,601864
30,1392,-4.73233e+06,9.60827e+06,-50414.6
30,1393,-9.51094e+06,455478,685759
30,1394,-3.82852e+06,-1.1092e+07,-317635
30,1395,-6.28911e+06,-1.12296e+07,-981110
30,1396,-671282,1.15403e+07,703837
30,1397,1.03719e+07,-154612,-847132
30,1398,-5.94802e+06,-1.18107e+07,708091
30,1399,-9.43982e+06,270200,560557
30,1400,1.12325e+06,8.78846e+06,90440
30,1401,-2.43163e+06,1.09118e+07,-451664
30,1402,1.44385e+06,-9.10481e+06,280080
30,1403,1.3522e+07,-1.93103e+06,-70574.3
30,1404,7.11601e+06,2.45435e+06,-307654
30,1405,-1.42674e+07,-2.26031e+06,-659740
30,1406,-8.18127e+06,-6.07248e+06,311710
30,1407,8.17378e+06,-969890,73681.7
30,1408,6.45576e+06,-4.81958e+06,-686782
30,1409,1.42497e+07,-143619,571517
30,1410,-6.98229e+06,1.10987e+07,1.16094e+06
30,1411,-1.05288e+06,-1.11478e+07,951933
30,1412,7.52355e+06,-1.27334e+07,-582941
30,1413,-1.00565e+07,-1.06913e+07,1.26724e+06
30,1414,-4.52972e+06,1.15481e+07,-322501
30,1415,3.0123e+06,-1.09909e+07,-414994
30,1416,-6.71494e+06,9.47685e+06,734401
30,1417,9.4004e+06,5.13183e+06,-716266
30,1418,-7.46326e+06,-193441,-588746
30,1419,7.43286e+06,-2.6504e+06,589007
30,1420,1.0537e+07,-751577,-1.05934e+06
30,1421,-8.74307e+06,-8.08958e+06,-101374
30,1422,-9.8289e+06,2.62803e+06,-173027
30,1423,8.3263e+06,9.74875e+06,-776160
30,1424,-873060,8.39887e+06,42643.8
30,1425,5.49027e+06,-5.65714e+06,-319542
30,1426,-3.53044e+06,-7.47306e+06,-765466
30,1427,-3.64809e+06,-1.13694e+07,-681462
30,1428,-4.95912e+06,5.37361e+06,-588011
30,1429,-431733,7.91352e+06,-324251
30,1430,-4.72047e+06,-1.01984e+07,208505
30,1431,3.64648e+06,7.30384e+06,619386
30,1432,7.97603e+06,-8.23317e+06,-294522
30,1433,-1.17482e+07,-1.94102e+06,-430895
30,1434,-1.07342e+07,-356707,-643420
30,1435,2.63397e+06,-9.1143e+06,790586
30,1436,-3.63842e+06,9.16422e+06,-601701
30,1437,-5.64018e+06,1.10081e+07,1.2103e+06
30,1438,-7.67779e+06,5.76876e+06,198459
30,1439,-1.31978e+07,2.38688e+06,-207466
30,1440,1.48746e+07,1.14249e+06,1.18114e+06
30,1441,2.04331e+06,-7.93199e+06,193163
30,1442,6.94217e+06,-6.7585e+06,-946658
30,1443,-7.95567e+06,-3.78397e+06,-261578
30,1444,1.1684e+07,1.96527e+06,-910531
30,1445,2.78067e+06,7.51889e+06,-65181.9
30,1446,1.08616e+07,-7.12098e+06,872383
30,1447,-8.05512e+06,2.89543e+06,-515053
30,1448,-9.07274e+06,-407253,-786233
30,1449,8.1146e+06,-3.26085e+06,-59248.4
30,1450,1.04864e+07,1.15371e+06,-533337
30,1451,6.97505e+06,1.2056e+07,-236440
30,1452,-7.04439e+06,730707,-680161
30,1453,6.2828e+06,-1.19878e+07,779688
30,1454,5.0011e+06,-7.80126e+06,79672.4
30,1455,-6.87612e+06,-7.18217e+06,-972663
30,1456,-176924,-8.1312e+06,-416369
30,1457,-8.94027e+06,7.63146e+06,835415
30,1458,1.09745e+07,-9.63513e+06,-670401
30,1459,-8.43359e+06,1.15211e+06,-841172
30,1460,-6.72708e+06,-2.58466e+06,29458.9
30,1461,4.29872e+06,1.43074e+07,-723269
30,1462,6.96628e+06,-3.71771e+06,439014
30,1463,1.12177e+07,-7.65116e+06,67616.7
30,1464,-5.2987e+06,9.18975e+06,189266
30,1465,-1.01622e+07,2.9928e+06,927953
30,1466,4.43005e+06,-1.41766e+07,763336
30,1467,6.08573e+06,1.07995e+07,-1.09581e+06
30,1468,-1.48433e+06,-1.23859e+07,-1.13325e+06
30,1469,1.20231e+07,7.94538e+06,-617425
30,1470,5.79412e+06,1.08841e+07,-1.09915e+06
30,1471,1.16457e+06,-9.57726e+06,-166543
30,1472,-1.05909e+07,-5.99118e+06,-1.16616e+06
30,1473,1.4301e+07,3.97486e+06,1.39272e+06
30,1474,1.11026e+07,-2.4286e+06,-877300
30,1475,5.10624e+06,9.60655e+06,-979507
30,1476,2.95653e+06,1.15666e+07,209391
30,1477,-4.0754e+06,6.75188e+06,444516
30,1478,-7.15123e+06,-7.67723e+06,309461
30,1479,-6.38037e+06,1.21692e+07,514907
30,1480,-1.6589e+06,-1.4599e+07,-29764.7
30,1481,-602088,-1.20277e+07,270438
30,1482,2.20212e+06,6.77068e+06,442429
30,1483,-857781,-9.13811e+06,-234736
30,1484,1.00726e+07,4.78746e+06,-711888
30,1485,1.1399e+07,-9.20377e+06,446302
30,1486,-4.63052e+06,-9.61754e+06,253222
30,1487,1.0688e+07,4.36337e+06,306659
30,1488,1.30848e+07,-316019,-1.28384e+06
30,1489,-1.14797e+07,-5.75233e+06,-169353
30,1490,-6.86003e+06,4.14927e+06,-233478
30,1491,-927972,-9.36928e+06,378087
30,1492,1.0915e+07,-4.23267e+06,-351612
30,1493,-4.80671e+06,-7.53105e+06,-538683
30,1494,1.30879e+06,9.39411e+06,-819148
30,1495,-556108,1.36085e+07,-73467.3
30,1496,-2.07995e+06,-7.04166e+06,-248793
30,1497,-1.11128e+07,6.61755e+06,-787920
30,1498,7.43913e+06,8.24457e+06,-132046
30,1499,8.18817e+06,-4.82054e+06,-836357
30,1500,4.98415e+06,1.15113e+07,-454133
30,1501,8.73958e+06,-5.47047e+06,-531206
30,1502,-3.42454e+06,6.90375e+06,-610327
30,1503,-7.05185e+06,-3.7734e+06,-703926
30,1504,-1.38148e+06,-7.11186e+06,-200418
30,1505,-400203,7.98985e+06,227311
30,1506,-9.17736e+06,111950,-695576
30,1507,-4.88461e+06,1.06327e+07,297160
30,1508,-1.01691e+07,-8.81209e+06,-549945
30,1509,-4.40022e+06,7.88043e+06,-606158
30,1510,2.34154e+06,-8.1162e+06,-194710
30,1511,-8.60018e+06,-6.00001e+06,188016
30,1512,3.88288e+06,-6.44402e+06,-485980
30,1513,1.98446e+06,-1.26177e+07,549262
30,1514,1.15603e+07,1.24635e+06,-324737
30,1515,-9.09196e+06,7.53348e+06,859773
30,1516,-2.74859e+06,9.05203e+06,-442961
30,1517,-8.96066e+06,-3.59262e+06,399850
30,1518,4.51524e+06,-1.14025e+07,948354
30,1519,1.3397e+07,1.77178e+06,638045
30,1520,5.65613e+06,6.56295e+06,239963
30,1521,8.85333e+06,3.53488e+06,-691950
30,1522,5.85587e+06,-3.79112e+06,-664880
30,1523,-7.6026e+06,4.17216e+06,-248763
30,1524,1.37963e+07,3.7381e+06,34916.7
30,1525,1.1384e+07,-5.01637e+06,299518
30,1526,1.15255e+07,6.88739e+06,-306317
30,1527,7.65657e+06,-6.38164e+06,-695977
30,1528,-4.06567e+06,7.10109e+06,-730808
30,1529,8.30111e+06,-1.62609e+06,-121467
30,1530,-1.62575e+06,-1.19418e+07,-320715
30,1531,1.99274e+06,7.92553e+06,-305240
30,1532,-9.76051e+06,7.03204e+06,-1.19032e+06
30,1533,9.92138e+06,-5.12204e+06,697713
30,1534,3.958e+06,-1.30043e+07,-479377
30,1535,8.02302e+06,1.03748e+07,413793
30,1536,1.19268e+07,2.11281e+06,698304
30,1537,-1.71353e+06,1.40945e+07,888178
30,1538,-6.0634e+06,-4.67979e+06,-21977.7
30,1539,1.022e+07,-4.90501e+06,843295
30,1540,-2.13133e+06,1.3063e+07,1.09252e+06
30,1541,4.87575e+06,-6.05695e+06,-267227
30,1542,-3.40047e+06,-6.59446e+06,-398955
30,1543,-3.26819e+06,8.29393e+06,-779687
30,1544,8.40263e+06,484858,-91867.4
30,1545,-2.9419e+06,-7.07626e+06,-405413
30,1546,1.01502e+07,-1.04049e+07,-612450
30,1547,4.49524e+06,-1.24142e+07,1.28878e+06
30,1548,1.016e+07,5.95721e+06,345939
30,1549,-7.60133e+06,-9.27377e+06,-462680
30,1550,1.34495e+07,-3.32915e+06,-783015
30,1551,2.41522e+06,7.30036e+06,493446
30,1552,-8.01263e+06,-9.47765e+06,-243772
30,1553,-4.30298e+06,1.07967e+07,-52992.5
30,1554,1.32213e+07,-1.39495e+06,1.15274e+06
30,1555,-1.19177e+07,8.20778e+06,-90321.8
30,1556,1.12159e+07,-5.76922e+06,-904546
30,1557,5.89026e+06,7.36618e+06,211272
30,1558,-4.51068e+06,8.26496e+06,-809831
30,1559,6.50339e+06,-7.3104e+06,-522739
30,1560,-8.46971e+06,-9.23168e+06,912293
30,1561,8.00523e+06,-914521,133116
30,1562,1.27741e+07,-7.74882e+06,-832955
30,1563,-490345,7.43314e+06,41047.3
30,1564,3.96303e+06,7.37531e+06,-62618.8
30,1565,5.07502e+06,5.19882e+06,-122208
30,1566,-6.11427e+06,4.35217e+06,-38999.5
30,1567,7.36086e+06,-7.64132e+06,63783.1
30,1568,-9.17764e+06,5.54411e+06,681938
30,1569,8.6803e+06,-1.11772e+07,491369
30,1570,-1.56912e+06,7.91155e+06,-734012
30,1571,-7.53187e+06,-1.23073e+07,711489
30,1572,5.52611e+06,-7.70482e+06,-456122
30,1573,-5.1635e+06,4.74494e+06,99195.5
30,1574,7.13182e+06,-8.10498e+06,-853652
30,1575,-1.13654e+07,-1.11259e+06,-499540
30,1576,410661,-1.35569e+07,632069
30,1577,-2.21744e+06,-1.38126e+07,-750945
30,1578,-4.64094e+06,1.1744e+07,-651666
30,1579,-59562.4,-7.57716e+06,319817
30,1580,173216,-8.84342e+06,740691
30,1581,635511,7.82874e+06,393308
30,1582,-6.34791e+06,-6.60916e+06,-769243
30,1583,-537069,-1.05967e+07,395914
30,1584,9.80861e+06,-9.27648e+06,738297
30,1585,1.20914e+07,2.62197e+06,86517.3
30,1586,2.81629e+06,-6.73163e+06,-261618
30,1587,-2.29115e+06,1.12502e+07,649294
30,1588,-1.13971e+07,8.22486e+06,1.0219e+06
30,1589,-8.85143e+06,-2.16843e+06,654850
30,1590,9.23791e+06,-2.53596e+06,-725681
30,1591,5.99484e+06,-3.84096e+06,-615427
30,1592,1.42539e+07,-4.32555e+06,-1.08321e+06
30,1593,4.32327e+06,1.04398e+07,-162353
30,1594,997827,7.42194e+06,-204740
30,1595,1.04098e+07,-1.28896e+06,646571
30,1596,-1.24817e+07,-3.13566e+06,876394
30,1597,-2.27639e+06,-9.3955e+06,957629
30,1598,-4.18343e+06,-8.52323e+06,654712
30,1599,-2.70401e+06,-1.40553e+07,-619794
30,1600,9.48771e+06,1.44585e+06,501104
30,1601,4.99855e+06,-5.34858e+06,-559148
30,1602,-8.30353e+06,1.01745e+06,398174
30,1603,-7.62093e+06,2.77976e+06,-27812.4
30,1604,6.3486e+06,5.91735e+06,584651
30,1605,1.09363e+07,1.1781e+06,667253
30,1606,-1.15779e+07,-9.29337e+06,11010.6
30,1607,1.3438e+07,-3.95962e+06,713738
30,1608,-8.72651e+06,-5.93796e+06,424340
30,1609,-8.13671e+06,2.57911e+06,563695
30,1610,-1.04691e+07,6.32479e+06,399728
30,1611,-6.58579e+06,4.42128e+06,465388
30,1612,3.22475e+06,8.11104e+06,788914
30,1613,-801730,8.60376e+06,813748
30,1614,-3.83623e+06,-1.22594e+07,908140
30,1615,-1.95343e+06,-7.68221e+06,5845.43
30,1616,-1.36019e+07,-864259,327799
30,1617,-1.0729e+07,1.29175e+06,579628
30,1618,-7.91878e+06,-9.05346e+06,-119591
30,1619,-117496,-1.12244e+07,732679
30,1620,1.12249e+07,-5.60551e+06,804828
30,1621,-5.26732e+06,-1.01701e+07,978769
30,1622,5.56893e+06,-1.05673e+07,451227
30,1623,402086,1.14072e+07,-168928
30,1624,-7.9371e+06,-1.24214e+07,189846
30,1625,-1.22939e+07,-7.61924e+06,75444.7
30,1626,-2.8665e+06,-1.27312e+07,-801785
30,1627,-1.06379e+07,1.66413e+06,-262251
30,1628,-9.59695e+06,5.61378e+06,-669266
30,1629,9.16784e+06,4.68995e+06,156070
30,1630,-1.97332e+06,-1.36823e+07,-386052
30,1631,2.06523e+06,7.41409e+06,69994.5
30,1632,-8.2564e+06,-2.55967e+06,-464324
30,1633,-1.11021e+07,8.15201e+06,-701490
30,1634,-7.55266e+06,1.11388e+07,-1.04774e+06
30,1635,-9.978e+06,-5.82268e+06,496305
30,1636,-8.4323e+06,2.88873e+06,-388108
30,1637,5.61088e+06,-5.18493e+06,349795
30,1638,-7.50272e+06,-5.65465e+06,-561864
30,1639,1.04368e+07,9.40982e+06,-1.39896e+06
30,1640,-9.45176e+06,-5.65586e+06,173946
30,1641,-3.11966e+06,6.75018e+06,-1190.8
30,1642,6.20997e+06,-6.09738e+06,-720105
30,1643,-3.74198e+06,-1.02235e+07,-519068
30,1644,5.88278e+06,-1.04258e+07,-742261
30,1645,-1.34678e+07,-4.88453e+06,-575522
30,1646,-4.15151e+06,9.57508e+06,470106
30,1647,6.77126e+06,-1.14559e+07,1.29684e+06
30,1648,-1.06087e+07,-8.06037e+06,-428540
30,1649,1.09194e+07,3.0718e+06,555792
30,1650,1.04185e+07,1.5096e+06,-923330
30,1651,-8.64457e+06,-5.22226e+06,-72292.5
30,1652,-1.18767e+07,1.29769e+06,386480
30,1653,6.50431e+06,5.85509e+06,168760
30,1654,1.06868e+07,2.01177e+06,-259950
30,1655,-7.6493e+06,-1.75212e+06,-163534
30,1656,4.23992e+06,-1.11144e+07,-476818
30,1657,-1.42893e+07,-3.41947e+06,347647
30,1658,-6.06572e+06,-1.08671e+07,27304.4
30,1659,9.7302e+06,3.62231e+06,-995260
30,1660,-5.11766e+06,8.42936e+06,-221487
30,1661,-383639,-8.0773e+06,578086
30,1662,-1.44882e+07,533149,582709
30,1663,-1.21317e+07,6.64917e+06,-527549
30,1664,-1.44067e+07,-1.587e+06,-7959.85
30,1665,6.40387e+06,5.44794e+06,575981
30,1666,-5.6117e+06,1.0483e+07,-733928
30,1667,-9.77939e+06,-5.90594e+06,-670165
30,1668,1.18304e+07,7.11583e+06,-397424
30,1669,-2.04779e+06,1.22464e+07,814795
30,1670,3.2936e+06,-1.24533e+07,-983112
30,1671,-2.0564e+06,7.85986e+06,29362.9
30,1672,6.85746e+06,-1.10128e+07,530431
30,1673,-856297,-1.43925e+07,-558889
30,1674,-2.82537e+06,-8.65399e+06,-559755
30,1675,-7.52016e+06,-1.77074e+06,497470
30,1676,2.24135e+06,-7.46685e+06,486236
30,1677,1.00726e+07,3.9931e+06,-706072
30,1678,-2.83232e+06,-1.22973e+07,1.00743e+06
30,1679,8.13988e+06,8.30396e+06,-882027
30,1680,4.99863e+06,1.17419e+07,-438146
30,1681,1.07219e+07,1.87171e+06,-547150
30,1682,-2.08457e+06,1.00215e+07,-745609
30,1683,5.10887e+06,-1.17461e+07,-621724
30,1684,-1.00397e+07,8.56287e+06,17642.9
30,1685,162289,-1.38213e+07,844469
30,1686,7.21293e+06,3.61881e+06,636024
30,1687,-2.56824e+06,9.7603e+06,453772
30,1688,9.01166e+06,-1.02951e+07,-503698
30,1689,1.32657e+07,3.66132e+06,-1.24276e+06
30,1690,1.0981e+07,4.79136e+06,-420391
30,1691,-6.59035e+06,1.04525e+07,-792822
30,1692,-8.97549e+06,2.23993e+06,-45529.3
30,1693,182701,-1.32623e+07,-114543
30,1694,1.02462e+07,9.16776e+06,-673212
30,1695,-9.88319e+06,9.28538e+06,1.30899e+06
30,1696,2.9761e+06,-1.0307e+07,-209605
30,1697,-7.82886e+06,6.83044e+06,455440
30,1698,1.07263e+07,-3.75947e+06,-566675
30,1699,-6.24777e+06,4.67376e+06,182089
30,1700,-8.02384e+06,1.13256e+07,427012
30,1701,-7.10547e+06,-6.70947e+06,753453
30,1702,-7.37691e+06,4.81257e+06,871516
30,1703,-1.27473e+07,-5.66244e+06,46382.6
30,1704,-9.17621e+06,-1.20049e+06,645330
30,1705,-3.27117e+06,1.20221e+07,-744716
30,1706,4.2116e+06,8.05766e+06,-736703
30,1707,7.69485e+06,6.8932e+06,-678743
30,1708,5.63629e+06,9.83481e+06,-991105
30,1709,1.57138e+06,9.40882e+06,29193.3
30,1710,307965,-7.78718e+06,634318
30,1711,-1.26038e+07,-2.81286e+06,933059
30,1712,1.25162e+07,1.00599e+06,-265987
30,1713,-7.92547e+06,1.12337e+07,-1.28158e+06
30,1714,4.31821e+06,-1.21978e+07,-879631
30,1715,3.85356e+06,1.06098e+07,495191
30,1716,-3.88416e+06,8.28541e+06,632189
30,1717,-5.05608e+06,-9.55308e+06,-211036
30,1718,-6.45505e+06,-6.78051e+06,-647108
30,1719,2.34955e+06,9.69579e+06,390791
30,1720,1.45509e+07,-248228,-144720
30,1721,-8.49446e+06,2.96962e+06,625829
30,1722,8.31515e+06,-2.36087e+06,-273386
30,1723,7.98715e+06,-1.25287e+07,918068
30,1724,9.51301e+06,725798,-224898
30,1725,9.10678e+06,2.3875e+06,10100
30,1726,-6.63477e+06,-7.77528e+06,247741
30,1727,7.89598e+06,-929258,-498271
30,1728,-1.05247e+07,596276,660790
30,1729,-7.11457e+06,3.17621e+06,200205
30,1730,-5.89656e+06,-6.38338e+06,737887
30,1731,1.46161e+07,3.18546e+06,-791773
30,1732,-7.74796e+06,5.44507e+06,-488484
30,1733,8.30652e+06,-2.21897e+06,721142
30,1734,-4.09645e+06,6.13235e+06,-139851
30,1735,-5.99248e+06,-6.59203e+06,250120
30,1736,-625119,-1.37894e+07,117527
30,1737,-2.01068e+06,1.20602e+07,227555
30,1738,7.15226e+06,8.22449e+06,-561637
30,1739,8.37659e+06,-4.08611e+06,-502931
30,1740,-6.49176e+06,6.67197e+06,304894
30,1741,7.65504e+06,-2.05006e+06,580227
30,1742,-5.15e+06,-1.03534e+07,-1.12118e+06
30,1743,2.92821e+06,-9.22332e+06,-819518
30,1744,-7.84523e+06,-4.89598e+06,-450767
30,1745,9.69893e+06,1.07063e+07,860208
30,1746,209035,-1.10537e+07,-418676
30,1747,7.05812e+06,-8.58733e+06,-73625.6
30,1748,-9.56868e+06,-2.41401e+06,429194
30,1749,9.84174e+06,-3.77166e+06,-432414
30,1750,657814,-1.0776e+07,408484
30,1751,1.39072e+07,-112878,-203446
30,1752,7.69284e+06,1.71273e+06,357718
30,1753,2.39149e+06,1.37531e+07,-954999
30,1754,3.5061e+06,-6.62145e+06,-282647
30,1755,-1.01834e+07,-369662,692753
30,1756,-9.0157e+06,-8.19115e+06,-791157
30,1757,-2.20426e+06,-1.08339e+07,1.04945e+06
30,1758,8.54966e+06,724542,-730346
30,1759,4.44676e+06,-8.91036e+06,-984609
30,1760,-5.23279e+06,9.2313e+06,-952140
30,1761,-506077,1.05852e+07,-313965
30,1762,-1.24692e+07,-1.87449e+06,-948283
30,1763,-9.51639e+06,-1.11653e+07,780778
30,1764,7.20045e+06,2.42743e+06,-732244
30,1765,-7.38779e+06,4.15928e+06,740645
30,1766,-2.84964e+06,1.02676e+07,131979
30,1767,-5.95644e+06,-5.18162e+06,108017
30,1768,1.32859e+07,-943824,-664141
30,1769,9.39463e+06,-5.83515e+06,631395
30,1770,1.02849e+07,-3.47661e+06,-963759
30,1771,1.36743e+07,4.66267e+06,136681
30,1772,-1.29173e+06,1.40641e+07,-78384.3
30,1773,9.20221e+06,-2.64434e+06,620488
30,1774,-1.06852e+07,-6.76366e+06,811878
30,1775,-9.64366e+06,3.09283e+06,466110
30,1776,8.96612e+06,4.02079e+06,-838410
30,1777,5.57049e+06,-5.63397e+06,-43992.8
30,1778,-1.003e+07,7.77124e+06,-612728
30,1779,2.86854e+06,-9.34415e+06,244787
30,1780,-6.05069e+06,-1.31769e+07,203523
30,1781,1.11551e+07,-4.03346e+06,684401
30,1782,-6.9699e+06,-1.75459e+06,270719
30,1783,2.80596e+06,1.26471e+07,952959
30,1784,1.05635e+06,1.45657e+07,1.11965e+06
30,1785,7.20532e+06,2.86652e+06,-575863
30,1786,4.36389e+06,-6.01722e+06,-656921
30,1787,7.16023e+06,5.72201e+06,-375137
30,1788,-3.60042e+06,-6.81073e+06,-565736
30,1789,5.78526e+06,-1.24732e+07,-1.34152e+06
30,1790,1.38827e+07,2.72014e+06,-737244
30,1791,-3.9235e+06,6.10755e+06,20122
30,1792,-7.15948e+06,1.12819e+07,549413
30,1793,244167,-8.48477e+06,-448464
30,1794,3.0101e+06,7.55438e+06,-517606
30,1795,6.35998e+06,-9.05302e+06,-932295
30,1796,-6.99246e+06,-1.05064e+07,941938
30,1797,-8.5476e+06,2.55335e+06,761384
30,1798,-9.48816e+06,7.74307e+06,-904337
30,1799,-7.83086e+06,-4.61836e+06,396837
30,1800,-6.3494e+06,-4.85862e+06,80484.9
30,1801,-3.89996e+06,-1.03778e+07,749254
30,1802,7.4564e+06,-5.98603e+06,-649856
30,1803,-1.09162e+06,8.28846e+06,-637169
30,1804,6.79342e+06,5.63192e+06,568478
30,1805,80126.1,-8.07834e+06,-732189
30,1806,-3.35026e+06,-1.41254e+07,-1.43657e+06
30,1807,-1.3023e+07,-1.32688e+06,732102
30,1808,-6.91487e+06,-8.76175e+06,639801
30,1809,1.02093e+07,367152,716042
30,1810,-9.99841e+06,53351.1,-987328
30,1811,1.0901e+07,-739932,-484778
30,1812,-3.71999e+06,-9.43651e+06,639336
30,1813,-3.95004e+06,9.51203e+06,904040
30,1814,8.94969e+06,8.5409e+06,-1.06911e+06
30,1815,1.84332e+06,1.06977e+07,-534465
30,1816,1.17592e+07,7.61316e+06,603720
30,1817,797818,-9.12534e+06,407632
30,1818,-7.01212e+06,-636219,-508509
30,1819,9.75412e+06,-9.94214e+06,-227460
30,1820,-3.6442e+06,9.89564e+06,457048
30,1821,-1.29648e+06,9.78291e+06,-133736
30,1822,58338.2,-7.69511e+06,-752216
30,1823,4.80735e+06,1.1146e+07,-650195
30,1824,1.20612e+07,-356912,670831
30,1825,3.7495e+06,7.94266e+06,644310
30,1826,6.71282e+06,8.10751e+06,763729
30,1827,1.34304e+07,-1.1936e+06,1.10734e+06
30,1828,1.29716e+07,4.62399e+06,-1.09173e+06
30,1829,-1.12891e+07,-2.44816e+06,-97107.8
30,1830,-9.31744e+06,4.08453e+06,140982
30,1831,-704578,6.98123e+06,25638.5
30,1832,5.70659e+06,1.14321e+07,119795
30,1833,-1.19585e+07,4.15234e+06,-1.2008e+06
30,1834,-3.21829e+06,1.00525e+07,909092
30,1835,-4.40018e+06,-6.63931e+06,-714159
30,1836,-9.89423e+06,-3.6925e+06,-426914
30,1837,5.33203e+06,9.19889e+06,-416677
30,1838,-3.98394e+06,1.12458e+07,955771
30,1839,-1.11632e+07,4.33722e+06,-1.10781e+06
30,1840,1.20402e+06,-1.09182e+07,-515343
30,1841,-321116,1.34222e+07,870474
30,1842,5.28729e+06,-5.57329e+06,-1249.45
30,1843,-1.08961e+06,9.30795e+06,-127411
30,1844,2.61303e+06,1.4715e+07,-1.18843e+06
30,1845,-1.16616e+07,659413,56517
30,1846,-1.49679e+06,1.22025e+07,1.01191e+06
30,1847,7.0733e+06,7.72366e+06,507838
30,1848,-5.03601e+06,1.10476e+07,295105
30,1849,-8.28057e+06,2.76831e+06,698746
30,1850,-6.23621e+06,5.09316e+06,517674
30,1851,-1.41871e+07,4.05763e+06,20656
30,1852,1.05938e+07,-4.59581e+06,828611
30,1853,-7.79323e+06,3.03867e+06,-60206.3
30,1854,-1.05182e+07,-8.15046e+06,410523
30,1855,1.32602e+07,6.93163e+06,-829703
30,1856,-6.04605e+06,8.23518e+06,-980221
30,1857,-3.03855e+06,-7.08828e+06,585958
30,1858,-1.07189e+07,-2.88557e+06,-544078
30,1859,318860,-1.31371e+07,232247
30,1860,6.9849e+06,5.13343e+06,-757167
30,1861,5.47949e+06,-1.03506e+07,840656
30,1862,2.46349e+06,-1.03779e+07,955708
30,1863,-7.46697e+06,5.31809e+06,792865
30,1864,8.38131e+06,-4.80515e+06,932161
30,1865,5.17079e+06,-1.11374e+07,613291
30,1866,-4.55596e+06,1.16905e+07,-1.11423e+06
30,1867,-4.66975e+06,-8.51761e+06,-773653
30,1868,4.34802e+06,5.59882e+06,305890
30,1869,1.4715e+07,-1.40984e+06,-17799.4
30,1870,-988563,-1.39198e+07,2903.08
30,1871,7.36922e+06,8.8778e+06,1.01239e+06
30,1872,-9.31722e+06,3.0692e+06,336852
30,1873,-457568,9.65713e+06,253401
30,1874,-1.0895e+06,-7.11705e+06,20183.2
30,1875,-7.87306e+06,-8.85101e+06,64079.9
30,1876,-4.53983e+06,-1.0724e+07,589966
30,1877,8.86173e+06,-9.22932e+06,-795662
30,1878,9.72354e+06,-3.10432e+06,-211093
30,1879,-7.83519e+06,-1.48508e+06,-623872
30,1880,8.62178e+06,119676,71311.1
30,1881,9.23168e+06,-99842.5,863775
30,1882,-876195,1.04653e+07,711736
30,1883,-4.7352e+06,-1.17688e+07,999351
30,1884,-2.80659e+06,1.2187e+07,485085
30,1885,748799,-9.41414e+06,226168
30,1886,-7.56956e+06,-836704,-238648
30,1887,-7.58269e+06,-5.92422e+06,-342008
30,1888,1.1849e+07,5.83643e+06,423804
30,1889,-6.1302e+06,-1.19983e+07,-7465.96
30,1890,-4.64e+06,1.37745e+07,-1.40202e+06
30,1891,1.01486e+07,2.33132e+06,947808
30,1892,2.30178e+06,-8.35508e+06,476247
30,1893,-6.15419e+06,-6.1583e+06,-788829
30,1894,1.07654e+07,1.18208e+06,914235
30,1895,2.40304e+06,1.45869e+07,-863973
30,1896,-447173,1.29815e+07,1.02839e+06
30,1897,-6.98955e+06,9.21492e+06,770619
30,1898,9.36599e+06,-5.5898e+06,935840
30,1899,8.27773e+06,335373,804071
30,1900,1.33066e+07,5.0072e+06,948325
30,1901,-787473,1.06027e+07,806777
30,1902,8.1599e+06,-2.58173e+06,-504321
30,1903,1.82727e+06,1.1768e+07,108764
30,1904,4.41106e+06,1.16656e+07,52091.5
30,1905,9.59652e+06,4.80165e+06,683955
30,1906,-8.54971e+06,-4.55094e+06,28632.5
30,1907,8.56158e+06,7.07225e+06,-169933
30,1908,-897841,-1.05563e+07,721459
30,1909,9.60261e+06,6.0399e+06,-597519
30,1910,5.74161e+06,6.01659e+06,-223031
30,1911,1.5365e+06,8.66506e+06,-785619
30,1912,5.54911e+06,4.47096e+06,-467618
30,1913,-1.03838e+07,-879261,-750241
30,1914,-5.81642e+06,8.59428e+06,-657821
30,1915,-6.94332e+06,1.22178e+06,261746
30,1916,5.78467e+06,6.61022e+06,681121
30,1917,1.31292e+06,9.08242e+06,656358
30,1918,-1.28828e+07,4.15689e+06,-29132.2
30,1919,7.60333e+06,4.31239e+06,128348
30,1920,-7.43252e+06,2.21896e+06,684853
30,1921,817541,1.45953e+07,362915
30,1922,7.7878e+06,-7.45577e+06,-493127
30,1923,3.468e+06,6.1111e+06,-211415
30,1924,2.63954e+06,-9.14637e+06,343847
30,1925,-9.08851e+06,2.26216e+06,-759064
30,1926,1.30375e+07,-5.42174e+06,1.35904e+06
30,1927,6.23947e+06,1.24109e+07,-1.26414e+06
30,1928,9.99886e+06,-5.90554e+06,-750309
30,1929,2.61996e+06,-6.52488e+06,-596227
30,1930,-4.274e+06,-9.36637e+06,-542363
30,1931,1.18346e+06,-7.57735e+06,199628
30,1932,-8.42635e+06,1.22287e+07,-1.3049e+06
30,1933,-1.27094e+07,-1.9205e+06,-738019
30,1934,3.62959e+06,1.27314e+07,-634137
30,1935,-6.37377e+06,4.38999e+06,-125446
30,1936,-2.64536e+06,-1.07595e+07,901770
30,1937,7.52325e+06,2.90451e+06,-778683
30,1938,-4.26706e+06,-6.93269e+06,370486
30,1939,355273,1.32773e+07,-515841
30,1940,9.94357e+06,4.37244e+06,241457
30,1941,-9.64676e+06,1.12911e+07,751599
30,1942,7.50339e+06,8.04199e+06,180894
30,1943,9.13157e+06,2.2119e+06,253553
30,1944,-7.91547e+06,1.13873e+07,-304307
30,1945,5.64366e+06,-1.29378e+07,607151
30,1946,7.68766e+06,-4.61983e+06,-620734
30,1947,1.17797e+07,2.33679e+06,345250
30,1948,-8.81735e+06,2.67026e+06,-285131
30,1949,-5.87062e+06,-5.94871e+06,639524
30,1950,5.04337e+06,1.37639e+07,637650
30,1951,-6.93241e+06,1.01092e+07,-1.18249e+06
30,1952,1.18449e+07,-4.03716e+06,330715
30,1953,-1.03013e+07,-1.83534e+06,-629239
30,1954,-120171,-1.29712e+07,-921114
30,1955,-1.84291e+06,1.38365e+07,1.35043e+06
30,1956,4.22725e+06,9.12749e+06,-298337
30,1957,9.45631e+06,4.6101e+06,164561
30,1958,-635144,-1.17117e+07,-1.10761e+06
30,1959,1.06396e+07,3.86772e+06,455608
30,1960,6.44108e+06,-3.72344e+06,300717
30,1961,-1.03578e+07,3.78874e+06,-816033
30,1962,6.46728e+06,-6.67977e+06,753552
30,1963,-5.67672e+06,-4.09465e+06,307019
30,1964,1.03049e+07,6.01313e+06,-674205
30,1965,4.60074e+06,-7.73817e+06,-66243.6
30,1966,1.00651e+07,-4.15922e+06,298620
30,1967,-1.36727e+07,3.66149e+06,-993974
30,1968,-1.39688e+07,3.53947e+06,-918738
30,1969,8.87793e+06,3.14656e+06,-59702.8
30,1970,1.26578e+07,-5.43001e+06,1.19457e+06
30,1971,-6.02259e+06,5.21454e+06,-753615
30,1972,-8.86453e+06,1.06241e+07,362900
30,1973,-1.15678e+07,5.2653e+06,-492212
30,1974,1.43555e+07,-3.09181e+06,-618741
30,1975,1.06577e+07,-1.64556e+06,-1.07124e+06
30,1976,8.20138e+06,6.23359e+06,18864.8
30,1977,-6.11565e+06,3.77375e+06,-401637
30,1978,1.12457e+07,-98707.7,676701
30,1979,-8.92173e+06,-1.04065e+07,-1.26024e+06
30,1980,7.80316e+06,-3.73588e+06,-231648
30,1981,-2.09243e+06,-7.53788e+06,-313807
30,1982,9.12705e+06,88600.6,654737
30,1983,1.02022e+07,-1.07716e+06,308038
30,1984,1.26122e+07,2.7059e+06,-977978
30,1985,9.81847e+06,-7.00472e+06,298524
30,1986,5.86827e+06,5.51519e+06,555033
30,1987,-7.98415e+06,-1.23947e+06,-749878
30,1988,-3.38219e+06,-6.85057e+06,289083
30,1989,1.88822e+06,9.52737e+06,610067
30,1990,-8.34005e+06,-2.47185e+06,816710
30,1991,7.68529e+06,-2.76181e+06,-518443
30,1992,-8.35248e+06,7.8899e+06,1.07134e+06
30,1993,-7.50591e+06,5.22529e+06,885746
30,1994,-1.12725e+07,-370498,-546737
30,1995,1.24917e+07,1.30617e+06,-1.13457e+06
30,1996,-6.54845e+06,9.7518e+06,1.06778e+06
30,1997,-3.04939e+06,-1.38654e+07,904489
30,1998,8.55463e+06,8.86752e+06,654917
30,1999,-4.04456e+06,7.66194e+06,553755
30,2000,7.32386e+06,-8.57068e+06,-647654
30,2001,1.01603e+07,6.11288e+06,339320
30,2002,-1.11786e+07,-6.80307e+06,-612213
30,2003,5.14182e+06,5.10932e+06,177254
30,2004,3.74311e+06,1.39665e+07,680126
30,2005,-1.37813e+07,-1.9859e+06,471507
30,2006,-1.07329e+06,1.34663e+07,-549007
30,2007,6.84384e+06,-1.37584e+06,583987
30,2008,1.14476e+07,6.40147e+06,-137702
30,2009,7.74884e+06,1.00018e+06,181510
30,2010,1.21179e+07,-8.27774e+06,577750
30,2011,-1.39382e+06,7.64213e+06,-279574
30,2012,4.38582e+06,-1.23459e+07,-301090
30,2013,9.87762e+06,3.03691e+06,-435992
30,2014,7.74187e+06,7.25485e+06,-99152.2
30,2015,-1.19346e+07,-6.88152e+06,-1.16284e+06
30,2016,-8.45245e+06,1.14897e+06,-236296
30,2017,-9.66413e+06,-1.99784e+06,166554
30,2018,-7.36335e+06,1.11357e+07,816544
30,2019,9.05576e+06,3.49943e+06,105197
30,2020,1.07873e+07,-4.50777e+06,528888
30,2021,1.21147e+07,-7.671e+06,299923
30,2022,-1.03845e+07,-4.11704e+06,1.0718e+06
30,2023,1.02314e+07,8.28452e+06,733796
30,2024,-7.96454e+06,2.50899e+06,-483937
30,2025,9.09127e+06,-8.58728e+06,-524591
30,2026,-2.50785e+06,7.229e+06,263762
30,2027,-1.88477e+06,9.42436e+06,-607253
30,2028,-1.96443e+06,1.07911e+07,507053
30,2029,-3.71568e+06,-6.63275e+06,-399239
30,2030,-2.6335e+06,1.05806e+07,486040
30,2031,1.27084e+07,-7.1066e+06,242952
30,2032,4.62093e+06,-9.64382e+06,392204
30,2033,3.84032e+06,-7.54683e+06,-120408
30,2034,-1.89485e+06,8.28896e+06,-395495
30,2035,905932,1.10852e+07,-838817
30,2036,-6.80103e+06,-4.17607e+06,374849
30,2037,9.27515e+06,2.25674e+06,-712849
30,2038,-1.43109e+07,417164,-132934
30,2039,-750128,-7.26577e+06,40984.4
30,2040,6.49851e+06,5.65483e+06,-200885
30,2041,9.19984e+06,-1.0144e+07,281703
30,2042,9.49157e+06,8.6151e+06,225929
30,2043,3.58031e+06,1.17675e+07,936901
30,2044,-3.51723e+06,7.80135e+06,206312
30,2045,-3.60496e+06,-1.15195e+07,-938419
30,2046,-1.34676e+07,-2.9899e+06,-79121.2
30,2047,-734153,-1.47873e+07,-1.13326e+06
30,2048,1.06383e+07,7.46147e+06,-1.23158e+06
30,2049,1.02051e+07,-218338,-664539
30,2050,5.56956e+06,1.10437e+07,556383
30,2051,-4.52614e+06,-1.00513e+07,-655748
30,2052,1.29566e+07,-184793,429418
30,2053,9.73697e+06,-4.89161e+06,-1.05827e+06
30,2054,9.9007e+06,-8.09714e+06,-1.12403e+06
30,2055,2.79222e+06,1.02252e+07,140999
30,2056,-4.12662e+06,1.14766e+07,-97604.5
30,2057,-6.42872e+06,6.59987e+06,-628177
30,2058,1.40042e+07,1.04723e+06,1.07609e+06
30,2059,-5.83305e+06,9.98272e+06,516074
30,2060,-1.10278e+07,-124317,-861531
30,2061,370633,1.0062e+07,-978150
30,2062,8.23176e+06,5.44415e+06,-480261
30,2063,6.08929e+06,4.75554e+06,-465471
30,2064,1.49886e+07,365526,415908
30,2065,7.21752e+06,-3.68371e+06,-659794
30,2066,-1.10659e+07,-9.47447e+06,-1.45783e+06
30,2067,-1.39815e+07,-2.08532e+06,-671446
30,2068,1.18429e+07,-5.68836e+06,-42851.2
30,2069,2.49997e+06,-9.18403e+06,346130
30,2070,-4.82536e+06,-1.32396e+07,-723399
30,2071,1.13168e+07,8.96539e+06,-670515
30,2072,-1.00991e+07,-4.62853e+06,-1.08014e+06
30,2073,-8.6728e+06,1.00071e+07,-247855
30,2074,-9.85634e+06,9.10732e+06,-1.21847e+06
30,2075,8.11673e+06,-2.08643e+06,-721595
30,2076,-9.83162e+06,-393747,-13220
30,2077,-7.02414e+06,-284677,-163353
30,2078,7.84419e+06,1.25153e+07,-430936
30,2079,-8.12421e+06,6.41282e+06,343344
30,2080,1.36884e+06,8.60685e+06,399680
30,2081,-9.54841e+06,5.41768e+06,-727275
30,2082,8.43663e+06,772877,-693611
30,2083,9.01705e+06,-7.04747e+06,-487386
30,2084,7.0575e+06,6.53678e+06,-214256
30,2085,6.44791e+06,-3.4088e+06,252495
30,2086,1.11669e+07,-9.90353e+06,-80623.5
30,2087,3.8966e+06,1.04547e+07,-84696.9
30,2088,1.34162e+07,4.6117e+06,1.03328e+06
30,2089,7.93728e+06,-5.55817e+06,856456
30,2090,-6.18171e+06,-1.07105e+07,-116843
30,2091,1.33071e+07,-3.10103e+06,752427
30,2092,-9.24411e+06,-7.56708e+06,836243
30,2093,3.93427e+06,-1.06246e+07,20130.8
30,2094,-5.74031e+06,4.82564e+06,-83295.3
30,2095,6.37121e+06,5.05476e+06,57666.5
30,2096,-2.71539e+06,7.17547e+06,375454
30,2097,-2.77801e+06,-1.43782e+07,1.44741e+06
30,2098,-3.58546e+06,1.20575e+07,432989
30,2099,-8.82069e+06,8.93953e+06,-1.21503e+06
30,2100,1.24793e+07,1.88793e+06,331197
30,2101,-7.52452e+06,-3.5244e+06,6500.51
30,2102,-4.80157e+06,5.2394e+06,143629
30,2103,1.06556e+07,-8.75149e+06,-44534.9
30,2104,-5.35665e+06,1.16484e+07,-404764
30,2105,-7.82768e+06,-3.43925e+06,-317140
30,2106,-2.83895e+06,-7.12359e+06,318677
30,2107,8.66009e+06,4.75353e+06,-145602
30,2108,-4.98338e+06,-9.27791e+06,-388904
30,2109,8.72856e+06,-8.86888e+06,-653863
30,2110,-1.13015e+07,9.57963e+06,-690085
30,2111,8.46764e+06,5.9396e+06,-775589
30,2112,995141,-1.02342e+07,824861
30,2113,9.60815e+06,7.6975e+06,423681
30,2114,4.30565e+06,-1.1263e+07,785387
30,2115,-1.20396e+07,7.01601e+06,551687
30,2116,9.12529e+06,166579,-593318
30,2117,4.00913e+06,5.82372e+06,390284
30,2118,-1.00229e+07,3.23041e+06,960829
30,2119,-5.52721e+06,1.32242e+07,-834891
30,2120,1.15447e+07,-7.53749e+06,114697
30,2121,-699922,1.19933e+07,723542
30,2122,-1.20022e+07,-443281,-1.05927e+06
30,2123,-1.05909e+07,-9.60917e+06,-879983
30,2124,-5.05413e+06,-1.07192e+07,61074.3
30,2125,-1.09814e+07,-6.36721e+06,1.13972e+06
30,2126,5.6791e+06,4.76587e+06,-484333
30,2127,-7.47456e+06,-9.99774e+06,980724
30,2128,-1.2773e+07,-843988,1.26314e+06
30,2129,4.73327e+06,-7.80486e+06,-133627
30,2130,-1.55887e+06,-1.20854e+07,326017
30,2131,-7.68067e+06,2.64559e+06,99788.8
30,2132,-1.29483e+07,4.60884e+06,1.15367e+06
30,2133,-9.95583e+06,-3.35078e+06,623099
30,2134,1.13397e+07,-2.70797e+06,373941
30,2135,1.10286e+07,1.83401e+06,-192887
30,2136,90306,-9.37765e+06,-547654
30,2137,3.00012e+06,8.07856e+06,-646278
30,2138,7.27296e+06,-6.07098e+06,521331
30,2139,3.93572e+06,-1.22517e+07,-593810
30,2140,9.03944e+06,1.08108e+07,-461377
30,2141,9.2136e+06,7.18126e+06,537975
30,2142,2.35581e+06,-9.81937e+06,-14344
30,2143,-594327,-8.41575e+06,-418428
30,2144,9.62925e+06,5.15755e+06,257513
30,2145,-8.99935e+06,8.34942e+06,1.11867e+06
30,2146,-3.49178e+06,-1.35375e+07,597719
30,2147,-4.80207e+06,-7.61524e+06,-543921
30,2148,8.14748e+06,189502,199434
30,2149,-2.66646e+06,1.00996e+07,217099
30,2150,5.969e+06,4.31379e+06,-689747
30,2151,-8.72367e+06,-6.62042e+06,-960602
30,2152,1.39593e+06,1.26845e+07,472847
30,2153,-5.20667e+06,-1.38663e+07,1.1373e+06
30,2154,-1.45358e+07,1.05023e+06,590009
30,2155,-8.69785e+06,1.0714e+07,-658999
30,2156,-1.99787e+06,-1.44121e+07,-816526
30,2157,3.22942e+06,-1.00879e+07,99687.5
30,2158,465838,-1.21871e+07,297633
30,2159,156533,-1.13079e+07,514988
30,2160,-7.79706e+06,9.17019e+06,-226748
30,2161,1.11159e+07,9.69182e+06,-683252
30,2162,5.8169e+06,-9.2353e+06,-735166
30,2163,8.34818e+06,3.88501e+06,379460
30,2164,-6.94573e+06,5.57309e+06,-100247
30,2165,-1.20497e+07,7.31249e+06,-1.00172e+06
30,2166,1.09314e+07,-2.40105e+06,241047
30,2167,8.15314e+06,-1.23555e+07,-1.37771e+06
30,2168,-2.98027e+06,1.18988e+07,146248
30,2169,-5.52e+06,7.36225e+06,780456
30,2170,6.2054e+06,-5.97607e+06,-811177
30,2171,4.89614e+06,-5.97457e+06,201658
30,2172,3.10683e+06,1.26002e+07,96244
30,2173,-8.86199e+06,-9.37085e+06,-72997.8
30,2174,-6.40184e+06,-1.31544e+07,1.19562e+06
30,2175,-994711,-1.27542e+07,-1.077e+06
30,2176,6.35966e+06,-7.53705e+06,-527792
30,2177,-3.83454e+06,6.92043e+06,-442657
30,2178,9.84382e+06,-1.05132e+07,-912.398
30,2179,-1.4324e+06,-7.35031e+06,184789
30,2180,-1.36966e+07,-5.49172e+06,-482997
30,2181,1.10717e+07,-1.26388e+06,437802
30,2182,547629,1.2349e+07,602658
30,2183,-5.49091e+06,1.17858e+07,-42347.5
30,2184,-711120,9.2877e+06,-885692
30,2185,-8.64009e+06,-3.263e+06,-923452
30,2186,6.94546e+06,-6.13075e+06,173494
30,2187,-9.8379e+06,6.61589e+06,418561
30,2188,3.7476e+06,-7.62317e+06,-652285
30,2189,-6.77714e+06,1.01842e+07,606000
30,2190,-1.092e+07,3.17864e+06,-752949
30,2191,1.19444e+07,-1.72931e+06,786968
30,2192,-5.467e+06,5.06566e+06,635628
30,2193,-5.60395e+06,-9.45027e+06,908570
30,2194,-1.39855e+07,-325443,-174454
30,2195,-1.6828e+06,-9.56184e+06,-413784
30,2196,-5.72027e+06,6.92292e+06,-580404
30,2197,-9.23965e+06,-8.50915e+06,-43008.3
30,2198,8.58065e+06,-5.28536e+06,-951720
30,2199,1.083e+07,-7.46253e+06,-141104
30,2200,1.07617e+07,-3.72047e+06,-655881
30,2201,-1.10356e+07,1.58008e+06,-539038
30,2202,1.10221e+07,-7.84216e+06,763505
30,2203,7.20865e+06,4.61811e+06,180515
30,2204,-3.27363e+06,-6.69971e+06,45352.6
30,2205,-1.02831e+07,-6.75047e+06,-190161
30,2206,-3.14848e+06,8.01046e+06,42162.9
30,2207,2.42047e+06,-1.1955e+07,652318
30,2208,-3.44529e+06,1.43185e+07,-1.2663e+06
30,2209,-213331,-9.76224e+06,-120844
30,2210,-1.27972e+07,-4.27486e+06,1.16255e+06
30,2211,1.31524e+07,6.29772e+06,-127115
30,2212,-617489,1.18594e+07,-220702
30,2213,1.63507e+06,1.23108e+07,253309
30,2214,1.05053e+07,6.91997e+06,-6215.46
30,2215,-1.25333e+06,-9.00033e+06,-564795
30,2216,-1.28727e+07,5.78329e+06,-853346
30,2217,-8.92555e+06,5.53635e+06,-149301
30,2218,-1.15275e+07,-1.72538e+06,-817671
30,2219,-746303,-7.4871e+06,89829.1
30,2220,3.72153e+06,-9.14107e+06,-220956
30,2221,-4.72976e+06,1.24509e+07,-1.14054e+06
30,2222,-1.14814e+07,8.75142e+06,845997
30,2223,-5.41739e+06,-7.44515e+06,688565
30,2224,3.75619e+06,-6.29738e+06,104566
30,2225,-1.16742e+07,-1.89238e+06,887309
30,2226,-734792,7.28992e+06,551403
30,2227,1.29187e+07,1.61075e+06,44276.4
30,2228,-9.22606e+06,6.39801e+06,-455137
30,2229,3.08891e+06,1.20417e+07,744094
30,2230,-1.16401e+07,6.66209e+06,-580917
30,2231,-9.22524e+06,826209,406919
30,2232,-7.47482e+06,-6.44284e+06,-231932
30,2233,9.24208e+06,1.65939e+06,-934490
30,2234,-7.43196e+06,4.70485e+06,618784
30,2235,-1.60729e+06,1.32735e+07,-683662
30,2236,-4.86471e+06,7.35549e+06,-3176.09
30,2237,1.88801e+06,1.03093e+07,-775912
30,2238,3.83262e+06,5.97048e+06,291399
30,2239,-8.81234e+06,1.55045e+06,163361
30,2240,1.08875e+07,-8.92441e+06,692385
30,2241,-6.36822e+06,-3.50576e+06,416909
30,2242,-6.70132e+06,-2.40609e+06,510070
30,2243,1.07312e+07,465371,-1.05367e+06
30,2244,5.64424e+06,8.64876e+06,339738
30,2245,5.37347e+06,1.14323e+07,983494
30,2246,6.40994e+06,8.34242e+06,556445
30,2247,-8.38354e+06,-1.03077e+07,940760
30,2248,9.63898e+06,-8.57005e+06,-170536
30,2249,1.29668e+07,151535,583710
30,2250,-7.83171e+06,-1.12688e+06,138186
30,2251,8.19618e+06,-1.72687e+06,-544064
30,2252,7.35828e+06,-4.09364e+06,-58578.6
30,2253,-5.9873e+06,-4.52362e+06,152774
30,2254,7.43953e+06,-1.0682e+06,66156.2
30,2255,-1.13596e+07,-1.62756e+06,254152
30,2256,-2.31218e+06,8.81629e+06,20664.7
30,2257,1.27428e+07,4.30578e+06,278188
30,2258,7.25164e+06,1.12576e+07,-1.30285e+06
30,2259,-7.95292e+06,-5.15396e+06,-686638
30,2260,-9.78608e+06,-3.54094e+06,205807
30,2261,-7.54679e+06,5.22869e+06,511496
30,2262,9.51574e+06,-1.09786e+07,186788
30,2263,-5.27218e+06,8.79422e+06,-770411
30,2264,-2.75682e+06,-7.34301e+06,-376949
30,2265,9.01919e+06,103582,-563553
30,2266,6.5321e+06,4.92968e+06,130583
30,2267,-8.09647e+06,8.88771e+06,85144.5
30,2268,5.65289e+06,-1.19853e+07,1.21691e+06
30,2269,-1.23884e+07,-5.52912e+06,-870298
30,2270,7.26379e+06,2.82525e+06,259568
30,2271,-1.33768e+07,-899541,-1.19706e+06
30,2272,1.04458e+07,-4.26168e+06,220246
30,2273,4.32081e+06,-1.27108e+07,1.16309e+06
30,2274,-19299.8,-1.31432e+07,-699552
30,2275,-7.3845e+06,-1.04759e+06,-561025
30,2276,-3.79549e+06,1.41612e+07,1.03656e+06
30,2277,-4.64007e+06,8.9292e+06,877840
30,2278,-7.74446e+06,6.12841e+06,-779501
30,2279,-3.15735e+06,1.19518e+07,211644
30,2280,-2.07576e+06,-1.15314e+07,575080
30,2281,-5.56464e+06,9.59328e+06,749525
30,2282,-9.45499e+06,-647659,-187151
30,2283,-1.26584e+07,5.58841e+06,-315242
30,2284,-9.87691e+06,-7.62875e+06,-982239
30,2285,-817936,-1.09815e+07,1.08709e+06
30,2286,-8.36999e+06,8.62019e+06,-658654
30,2287,5.66199e+06,-1.27634e+07,-743691
30,2288,-1.66217e+06,-8.43708e+06,-318304
30,2289,5.27287e+06,7.83099e+06,-445879
30,2290,-930028,-1.03729e+07,-341019
30,2291,-2.28955e+06,9.35265e+06,-41811.8
30,2292,-8.4203e+06,548477,344654
30,2293,7.18095e+06,672232,-614039
30,2294,6.99759e+06,-8.78339e+06,-1.11553e+06
30,2295,1.12523e+07,9.08087e+06,990460
30,2296,-5.69859e+06,-9.24813e+06,23206.1
30,2297,5.65413e+06,-9.20435e+06,553231
30,2298,8.1548e+06,7.1344e+06,-834955
30,2299,-1.31521e+07,-2.62867e+06,-49382.5
30,2300,7.99506e+06,-9.53119e+06,320687
30,2301,1.42482e+06,-1.30197e+07,-376592
30,2302,3.09664e+06,-8.65253e+06,-225734
30,2303,1.27638e+07,6.15708e+06,-1.2553e+06
30,2304,-8.4524e+06,-1.1673e+07,-347085
30,2305,-5.96256e+06,-1.15973e+07,81368
30,2306,3.16287e+06,-7.09738e+06,569604
30,2307,5.10274e+06,-6.6139e+06,632270
30,2308,-6.18024e+06,-9.57024e+06,-268333
30,2309,-1.41578e+06,-9.12096e+06,669042
30,2310,-1.21577e+07,-1.06439e+06,-833717
30,2311,-7.04384e+06,2.26046e+06,-668248
30,2312,-8.66738e+06,7.61809e+06,594014
30,2313,-7.76557e+06,-5.37622e+06,71169.3
30,2314,6.21081e+06,3.29695e+06,-294822
30,2315,8.33506e+06,1.13049e+07,592730
30,2316,3.87902e+06,-1.42489e+07,-759832
30,2317,1.18029e+07,8.01424e+06,-90896.9
30,2318,-8.77147e+06,-1.10373e+07,-243500
30,2319,-6.75184e+06,6.45725e+06,16703.9
30,2320,9.37303e+06,-1.64698e+06,826172
30,2321,-1.23828e+07,6.43542e+06,534153
30,2322,8.52161e+06,-1.13845e+07,-243671
30,2323,6.91967e+06,3.80796e+06,121697
30,2324,7.26352e+06,-9.71561e+06,-503619
30,2325,-6.18679e+06,5.58723e+06,-244117
30,2326,-3.58728e+06,-7.21751e+06,14006
30,2327,-7.81204e+06,1.00907e+07,-444991
30,2328,7.8349e+06,-7.33877e+06,-989667
30,2329,-9.23703e+06,9.71437e+06,952249
30,2330,-7.93295e+06,1.08089e+07,520102
30,2331,6.70791e+06,-4.84667e+06,-158045
30,2332,-2.73221e+06,-1.02658e+07,682496
30,2333,-4.52154e+06,-7.65281e+06,-191978
30,2334,-3.47715e+06,-9.31962e+06,-224435
30,2335,5.17254e+06,-8.25055e+06,-778036
30,2336,-76808.4,1.23487e+07,-1.20026e+06
30,2337,-6.39061e+06,-5.33832e+06,348365
30,2338,6.90299e+06,1.84535e+06,576208
30,2339,6.09776e+06,-4.49482e+06,-412073
30,2340,-4.88368e+06,1.19257e+07,926151
30,2341,-1.03433e+07,7.12254e+06,-1.06665e+06
30,2342,-9.38262e+06,-8.70396e+06,-1.27645e+06
30,2343,2.7673e+06,-6.50299e+06,-340157
30,2344,-1.16109e+07,3.24991e+06,877840
30,2345,1.43008e+07,-123389,-992079
30,2346,-1.56207e+06,1.38134e+07,252504
30,2347,1.09121e+07,1.426e+06,954769
30,2348,-2.67343e+06,-7.12959e+06,434311
30,2349,8.67695e+06,1.01609e+07,-140104
30,2350,-4.58936e+06,1.28396e+07,-87945.1
30,2351,-8.95995e+06,1.87889e+06,711368
30,2352,-9.92242e+06,-3.83871e+06,-204314
30,2353,1.06028e+07,1.2042e+06,-461746
30,2354,-6.85439e+06,-7.94376e+06,-104799
30,2355,-7.51865e+06,6.11233e+06,-499759
30,2356,-1.41712e+07,-2.11281e+06,-1.39869e+06
30,2357,7.07717e+06,-979315,-398228
30,2358,1.24477e+07,4.9538e+06,1.13107e+06
30,2359,-1.2489e+07,-6.16543e+06,-1.37205e+06
30,2360,-7.66472e+06,4.83496e+06,-72364.9
30,2361,9.13604e+06,2.12527e+06,169058
30,2362,-2.4752e+06,1.08672e+07,-1.0327e+06
30,2363,-1.48588e+07,1.52794e+06,765422
30,2364,1.01704e+07,3.02552e+06,-404191
30,2365,5.20578e+06,-8.01403e+06,294806
30,2366,9.0482e+06,-1.65131e+06,-328338
30,2367,1.4956e+07,-200653,-924857
30,2368,-9.47586e+06,631507,311731
30,2369,1.10409e+07,-1.95816e+06,502594
30,2370,6.73267e+06,5.49472e+06,327511
30,2371,2.14617e+06,-7.97819e+06,-312279
30,2372,9.56974e+06,850328,386366
30,2373,1.35009e+06,-7.79012e+06,-12854
30,2374,-1.13446e+07,-6.8029e+06,-1.1072e+06
30,2375,1.18095e+07,5.72763e+06,-55904.2
30,2376,336244,-8.34375e+06,688732
30,2377,-1.12189e+07,-2.11813e+06,603224
30,2378,6.22214e+06,-3.26743e+06,-425544
30,2379,-1.12108e+06,-1.48082e+07,815330
30,2380,-1.20848e+07,1.99501e+06,175459
30,2381,-5.082e+06,-5.33623e+06,185794
30,2382,-1.40634e+07,-664774,-1.19345e+06
30,2383,-5.1052e+06,-7.93662e+06,-492447
30,2384,4.14305e+06,-8.26243e+06,155850
30,2385,-4.77852e+06,9.97052e+06,510941
30,2386,-550030,-9.25114e+06,-798593
30,2387,-1.39147e+07,-127999,-171132
30,2388,-8.29871e+06,-8.46744e+06,-874001
30,2389,-2.27853e+06,1.2806e+07,1.0557e+06
30,2390,-7.82423e+06,1.10225e+07,832942
30,2391,7.7829e+06,5.97051e+06,908554
30,2392,-1.18034e+07,3.15697e+06,-249816
30,2393,9.52833e+06,-914632,-700343
30,2394,-9.49508e+06,666178,-41872.9
30,2395,4.66122e+06,9.68005e+06,-764125
30,2396,7.8459e+06,-4.43206e+06,-698583
30,2397,788974,-1.30105e+07,808498
30,2398,-1.31552e+06,1.401e+07,-775909
30,2399,-1.20207e+06,1.06447e+07,502291
30,2400,8.64175e+06,-8.39132e+06,-1.00746e+06
30,2401,-4.0097e+06,1.37479e+07,-26650.9
30,2402,870707,-1.04715e+07,-167408
30,2403,1.19642e+07,-8.20646e+06,1.08181e+06
30,2404,4.78089e+06,-5.85399e+06,425992
30,2405,5.95194e+06,5.04643e+06,-623523
30,2406,-6.65848e+06,-2.34415e+06,669985
30,2407,-1.00723e+07,-2.83462e+06,982031
30,2408,5.85418e+06,-6.88991e+06,83865.3
30,2409,-6.53573e+06,9.529e+06,142311
30,2410,919707,-7.52221e+06,-326395
30,2411,-9.60978e+06,1.02701e+07,-1.00637e+06
30,2412,6.2669e+06,1.08744e+07,637270
30,2413,2.86806e+06,-1.43948e+07,-1.40607e+06
30,2414,-3.78961e+06,-1.11476e+07,767393
30,2415,-7.41469e+06,703062,52664.5
30,2416,-3.86333e+06,7.40532e+06,-99831.4
30,2417,1.24102e+07,-5.71097e+06,350933
30,2418,-450148,1.01024e+07,977966
30,2419,1.32936e+07,-6.59569e+06,848737
30,2420,4.10637e+06,-8.68263e+06,-175185
30,2421,-109473,-9.57969e+06,-807137
30,2422,-7.06645e+06,2.15651e+06,-80291.1
30,2423,9.79747e+06,1.01747e+07,-1.06617e+06
30,2424,7.9649e+06,1.72592e+06,-699521
30,2425,-1.12188e+07,4.9491e+06,646990
30,2426,-7.91428e+06,-1.26013e+07,-1.34143e+06
30,2427,5.8943e+06,-5.16408e+06,43077.6
30,2428,8.54324e+06,-1.05161e+07,1.16166e+06
30,2429,-1.36785e+07,-5.07975e+06,-464072
30,2430,-1.39463e+07,-4.45036e+06,-1.27896e+06
30,2431,-1.02191e+07,-6.48707e+06,960057
30,2432,-7.23909e+06,9.7859e+06,1.1382e+06
30,2433,-9.02407e+06,-9.90788e+06,-555296
30,2434,-4.62347e+06,-8.81262e+06,-853836
30,2435,-1.83498e+06,-8.86554e+06,-36171.1
30,2436,5.77161e+06,8.43247e+06,-118827
30,2437,-1.32182e+06,1.30344e+07,-1.30011e+06
30,2438,1.2192e+07,-1.9391e+06,263774
30,2439,-3.60961e+06,7.06981e+06,584497
30,2440,-6.77488e+06,-5.70806e+06,-172420
30,2441,3.54951e+06,-7.89106e+06,420432
30,2442,874653,1.22218e+07,-987523
30,2443,-1.08726e+07,-4.00512e+06,-722971
30,2444,6.36781e+06,3.79709e+06,732710
30,2445,1.17636e+07,-6.08453e+06,-808678
30,2446,9.04359e+06,1.15693e+07,26670.9
30,2447,-8.13654e+06,1.09425e+07,-205008
30,2448,5.59235e+06,5.75315e+06,191831
30,2449,2.29259e+06,-1.21898e+07,140603
30,2450,1.20783e+07,1.20637e+06,-821301
30,2451,1.31322e+07,6.97544e+06,531906
30,2452,-1.53479e+06,-8.26024e+06,346215
30,2453,-1.29729e+06,8.77404e+06,274558
30,2454,3.26812e+06,9.56709e+06,468700
30,2455,5.24061e+06,-6.34997e+06,24147.3
30,2456,-2.4921e+06,-7.43933e+06,30057.5
30,2457,-8.38063e+06,4.20611e+06,-378311
30,2458,4.52421e+06,7.89665e+06,-249787
30,2459,-3.46679e+06,-8.30755e+06,331110
30,2460,2.10291e+06,-1.0786e+07,751264
30,2461,-8.4046e+06,-8.0346e+06,-505142
30,2462,1.39633e+07,2.30661e+06,-428633
30,2463,1.10839e+07,6.29919e+06,-808851
30,2464,-1.08116e+07,-4.47459e+06,559497
30,2465,9.16377e+06,9.82928e+06,-1.29835e+06
30,2466,-4.1362e+06,1.18098e+07,315328
30,2467,-8.08867e+06,1.37342e+06,7258.01
30,2468,-1.16243e+07,-1.14581e+06,-10065.7
30,2469,8.59435e+06,4.34313e+06,-792147
30,2470,-6.60789e+06,8.12167e+06,33781.5
30,2471,-3.39296e+06,-8.78108e+06,686295
30,2472,3.09316e+06,8.83767e+06,-720013
30,2473,-1.12343e+07,3.94512e+06,-743832
30,2474,7.13629e+06,9.9252e+06,132750
30,2475,-921388,-1.11348e+07,-996636
30,2476,-3.94063e+06,-1.35176e+07,-800211
30,2477,-7.76925e+06,3.32352e+06,537255
30,2478,-1.35724e+07,-1.92245e+06,990837
30,2479,6.79419e+06,1.76548e+06,579174
30,2480,-1.26092e+07,3.85638e+06,669324
30,2481,2.18141e+06,-1.44471e+07,1.00197e+06
30,2482,6.26832e+06,1.14526e+07,872234
30,2483,6.81483e+06,-5.18103e+06,-70776.8
30,2484,-1.23749e+07,38890.2,-1.00698e+06
30,2485,9.25631e+06,-745737,857893
30,2486,9.54112e+06,-21874.3,660297
30,2487,1.14288e+07,3.1293e+06,953324
30,2488,7.88033e+06,-8.28454e+06,765808
30,2489,-4.2085e+06,-1.29873e+07,-569816
30,2490,-3.64887e+06,8.92789e+06,-928465
30,2491,-3.50288e+06,-1.10914e+07,824469
30,2492,-7.7104e+06,-2.42302e+06,-797560
30,2493,7.23033e+06,2.79837e+06,349718
30,2494,-1.37878e+06,-7.51354e+06,-382679
30,2495,5.54811e+06,-1.28134e+07,1.28203e+06
30,2496,1.28867e+07,-5.55731e+06,1.00857e+06
30,2497,5.86659e+06,1.10763e+07,-572627
30,2498,-6.79385e+06,-5.43751e+06,6298.22
30,2499,1.33702e+07,-3.92394e+06,-265153
30,2500,1.08951e+07,-1.78176e+06,-494315
30,2501,1.89791e+06,1.31946e+07,483960
30,2502,6.86019e+06,-5.86927e+06,110985
30,2503,1.15087e+06,8.40916e+06,-10437.8
30,2504,1.96884e+06,-1.45603e+07,-34350.8
30,2505,-9.1668e+06,-3.14056e+06,481611
30,2506,-6.14124e+06,1.17504e+07,586782
30,2507,1.18595e+07,-2.93289e+06,1.05582e+06
30,2508,-2.04579e+06,-1.31432e+07,-601477
30,2509,-1.24237e+07,5.90002e+06,-626884
30,2510,5.33213e+06,-8.51708e+06,-707173
30,2511,-1.05988e+07,319469,-985348
30,2512,4.14967e+06,-7.47242e+06,566088
30,2513,6.73167e+06,-6.4538e+06,507288
30,2514,89309.6,-1.02989e+07,952828
30,2515,583217,1.06142e+07,941621
30,2516,9.22285e+06,7.40664e+06,171942
30,2517,6.92287e+06,-8.5541e+06,67548.1
30,2518,-3.88736e+06,-8.16328e+06,76972
30,2519,-7.82133e+06,-4.13287e+06,569497
30,2520,-4.74679e+06,-5.44744e+06,-217317
30,2521,-7.41472e+06,5.67427e+06,-295029
30,2522,-2.28241e+06,1.34508e+07,636600
30,2523,7.45545e+06,-2.11728e+06,189557
30,2524,-3.92687e+06,1.2027e+07,-222430
30,2525,8.0959e+06,-3.42424e+06,-20907.2
30,2526,-1.01025e+06,-1.19972e+07,-310402
30,2527,-5.56207e+06,-1.14729e+07,524681
30,2528,-8.20442e+06,7.17168e+06,-606231
30,2529,-1.04589e+07,-8.68725e+06,-151314
30,2530,1.38166e+07,4.45261e+06,1.01824e+06
30,2531,1.1439e+07,-9.62845e+06,929460
30,2532,974801,9.93579e+06,469181
30,2533,4.04114e+06,8.51046e+06,540351
30,2534,8.24246e+06,-4.67993e+06,646585
30,2535,2.02165e+06,-1.35917e+07,1.04871e+06
30,2536,-1.06408e+07,-8.20162e+06,-548878
30,2537,7.7415e+06,-1.17913e+07,-76505.6
30,2538,-4.51638e+06,-5.71385e+06,-656068
30,2539,1.40046e+07,-3.27527e+06,-894274
30,2540,1.0275e+07,6.93807e+06,569457
30,2541,-3.92317e+06,-8.9534e+06,-248534
30,2542,-6.8824e+06,4.34681e+06,-631621
30,2543,1.1185e+07,3.13098e+06,63456.2
30,2544,7.5089e+06,-1.18748e+07,1.07763e+06
30,2545,1.12539e+07,8.88219e+06,-1.06641e+06
30,2546,9.07794e+06,-6.90332e+06,1.08507e+06
30,2547,-4.71529e+06,5.64866e+06,-422771
30,2548,-8.14786e+06,-1.01427e+07,-990882
30,2549,-4.10886e+06,-1.00433e+07,606054
30,2550,5.6742e+06,-4.36658e+06,99163.5
30,2551,4.95279e+06,-1.25257e+07,-836505
30,2552,-1.19344e+06,-7.77179e+06,-540935
30,2553,-1.8871e+06,-1.36374e+07,942603
30,2554,-3.99783e+06,8.49275e+06,321491
30,2555,-836775,-7.18681e+06,486388
30,2556,1.15309e+06,-1.02348e+07,-671101
30,2557,9.439e+06,-1.33468e+06,929954
30,2558,1.02406e+07,-4.28459e+06,50458.9
30,2559,-1.18666e+06,9.22235e+06,800522
30,2560,-7.24705e+06,-4.20598e+06,93024
30,2561,-1.29031e+07,-110821,-588022
30,2562,-5.90606e+06,-5.89874e+06,365708
30,2563,-661215,-1.15076e+07,-827719
30,2564,-1.21008e+07,-7.0816e+06,-1.04825e+06
30,2565,6.13692e+06,-8.71835e+06,849393
30,2566,-1.99057e+06,-8.86745e+06,-728447
30,2567,-6.65782e+06,-2.90245e+06,283007
30,2568,-7.28467e+06,1.11292e+07,-1.31694e+06
30,2569,1.07263e+07,1.26094e+06,-883154
30,2570,-8.94041e+06,3.50861e+06,-423789
30,2571,1.08665e+07,4.13199e+06,-827685
30,2572,7.7366e+06,9.89082e+06,351095
30,2573,-6.32227e+06,3.88804e+06,-479303
30,2574,-7.06947e+06,-3.40864e+06,673727
30,2575,-6.65168e+06,3.3151e+06,308514
30,2576,3.88868e+06,-9.94646e+06,-685083
30,2577,-1.11196e+07,9.56793e+06,-464944
30,2578,-1.28194e+07,-5.61912e+06,46030.6
30,2579,-1.11273e+07,-6.29938e+06,-864295
30,2580,8.13803e+06,9.31667e+06,757588
30,2581,-1.08159e+07,1.02729e+07,-164813
30,2582,7.29495e+06,859804,620273
30,2583,-7.62276e+06,2.47059e+06,505879
30,2584,-1.39877e+07,-1.87927e+06,183564
30,2585,1.20341e+07,-2.79728e+06,253705
30,2586,1.13698e+07,1.22465e+06,-960544
30,2587,1.07383e+07,-4.35067e+06,851134
30,2588,-1.45809e+07,-2.73936e+06,855246
30,2589,-8.0642e+06,-1.10951e+07,-442465
30,2590,6.88994e+06,-8.25324e+06,-433336
30,2591,1.65669e+06,1.42763e+07,717763
30,2592,148017,-1.20427e+07,-150903
30,2593,-9.60471e+06,-1.07935e+07,-612076
30,2594,-2.9463e+06,1.17331e+07,-499531
30,2595,6.27276e+06,-8.03917e+06,607.372
30,2596,-9.77411e+06,7.65883e+06,-587458
30,2597,-1.15026e+07,-8.96254e+06,1.26869e+06
30,2598,5.02355e+06,6.9871e+06,613263
30,2599,4.66262e+06,1.15268e+07,-573913
30,2600,-1.2886e+07,3.66687e+06,457106
30,2601,-7.11039e+06,6.30164e+06,935246
30,2602,-8.9416e+06,-569602,617964
30,2603,-7.77979e+06,4.34624e+06,205108
30,2604,-1.0542e+07,2.54775e+06,-298259
30,2605,-8.16851e+06,-8.35932e+06,358390
30,2606,-4.95293e+06,-5.6745e+06,684330
30,2607,-2.27256e+06,-1.10969e+07,128512
30,2608,1.25509e+07,-5.7621e+06,-873306
30,2609,-8.30243e+06,6.41668e+06,-198907
30,2610,3.30179e+06,-7.25373e+06,-741828
30,2611,-5.73482e+06,-9.62814e+06,-656318
30,2612,7.66248e+06,-1.20105e+07,-82387.1
30,2613,674027,1.02562e+07,473041
30,2614,-3.21165e+06,-7.36542e+06,551000
30,2615,6.02481e+06,-6.39969e+06,-822526
30,2616,1.04102e+07,9.79851e+06,416853
30,2617,4.83238e+06,-7.59348e+06,22136.6
30,2618,-7.19346e+06,-3.68118e+06,-148837
30,2619,9.17706e+06,-8.17411e+06,-222716
30,2620,9.25869e+06,1.05032e+06,139449
30,2621,-7.33087e+06,7.08886e+06,-647419
30,2622,1.03991e+07,-827355,-422123
30,2623,2.12938e+06,-1.1589e+07,587585
30,2624,-7.23708e+06,-6.31319e+06,714265
30,2625,-6.62847e+06,2.58003e+06,-392432
30,2626,-8.81897e+06,4.91647e+06,498431
30,2627,-7.70509e+06,-833467,99467
30,2628,-1.05852e+06,-1.08991e+07,-254514
30,2629,-1.44808e+07,1.49962e+06,207352
30,2630,-2.30589e+06,1.33577e+07,-1.15434e+06
30,2631,-1.2568e+07,1.17171e+06,1.00299e+06
30,2632,-1.20668e+07,8.67138e+06,-251313
30,2633,-4.7982e+06,9.05473e+06,577826
30,2634,-1.29226e+07,1.57169e+06,-1.18869e+06
30,2635,-2.67789e+06,9.0712e+06,589093
30,2636,2.84612e+06,-7.15071e+06,260408
30,2637,-1.17734e+07,5.15193e+06,462098
30,2638,1.59058e+06,-1.17646e+07,-126376
30,2639,-6.5153e+06,-8.55009e+06,-844199
30,2640,1.03152e+07,-1.6429e+06,-968673
30,2641,-3.91738e+06,8.68184e+06,254246
30,2642,-5.24383e+06,-5.80235e+06,-634557
30,2643,-839205,-7.70939e+06,-272765
30,2644,1.4374e+07,3.60216e+06,-162685
30,2645,-4.85359e+06,6.19005e+06,786101
30,2646,1.3414e+07,4.37554e+06,178501
30,2647,2.88453e+06,1.18046e+07,-863891
30,2648,1.39262e+07,-2.59682e+06,1.39808e+06
30,2649,-6.73808e+06,-1.14805e+07,-410818
30,2650,7.25174e+06,4.16963e+06,323443
30,2651,6.26493e+06,-1.16553e+07,1.09744e+06
30,2652,1.40204e+07,142381,-718278
30,2653,-1.11175e+07,-6.91296e+06,-625557
30,2654,1.19644e+07,-8.73597e+06,-1.10262e+06
30,2655,-2.50875e+06,-6.75714e+06,150056
30,2656,1.28652e+06,1.43791e+07,-1.2027e+06
30,2657,8.94425e+06,1.27565e+06,-840819
30,2658,-8.6917e+06,1.13763e+07,-255393
30,2659,-1.14637e+06,7.04113e+06,435083
30,2660,462344,-1.19143e+07,-125868
30,2661,-9.43633e+06,820977,-335238
30,2662,-4.20345e+06,1.30443e+07,438022
30,2663,-2.91553e+06,-7.52314e+06,668208
30,2664,-1.09251e+07,-4.5072e+06,1.0929e+06
30,2665,-898298,1.19752e+07,-498861
30,2666,-980900,-1.25946e+07,-496684
30,2667,9.72566e+06,-348718,-776232
30,2668,9.36411e+06,4.08445e+06,656821
30,2669,-3.3433e+06,-6.94571e+06,-685280
30,2670,6.97794e+06,-1.02265e+07,-250534
30,2671,-9.2045e+06,6.32495e+06,-445810
30,2672,-2.01551e+06,1.32605e+07,598408
30,2673,-202479,8.64266e+06,-282777
30,2674,-1.12725e+07,3.13088e+06,573992
30,2675,8.65919e+06,791700,481302
30,2676,1.25709e+07,5.11018e+06,301027
30,2677,2.91011e+06,-9.56472e+06,749911
30,2678,2.51018e+06,-1.3563e+07,-637515
30,2679,-1.31087e+07,-2.97111e+06,-1.20542e+06
30,2680,9.99544e+06,-3.59869e+06,825613
30,2681,-66629.8,-7.80333e+06,477661
30,2682,-9.05163e+06,1.42441e+06,386791
30,2683,7.84862e+06,6.98014e+06,432670
30,2684,-8.07297e+06,-1.1769e+07,782252
30,2685,3.83855e+06,9.08533e+06,281654
30,2686,6.27175e+06,-7.2613e+06,-725387
30,2687,-8.42253e+06,6.14789e+06,915763
30,2688,8.18201e+06,723053,-430513
30,2689,3.26128e+06,1.31455e+07,-702487
30,2690,-1.51202e+06,-7.86547e+06,-691595
30,2691,-2.15131e+06,9.40627e+06,106430
30,2692,-1.24871e+07,-2.79321e+06,1.10569e+06
30,2693,-9.52573e+06,1.10499e+07,811002
30,2694,1.02051e+07,-7.90683e+06,-134400
30,2695,-9.77382e+06,5.50241e+06,787165
30,2696,362967,8.82737e+06,-225089
30,2697,-8.09909e+06,-3.49047e+06,-645673
30,2698,8.28249e+06,-4.77426e+06,-173542
30,2699,9.69769e+06,8.61157e+06,-655285
30,2700,1.26528e+06,-1.33957e+07,-306390
30,2701,1.2421e+07,-7.62125e+06,1.35116e+06
30,2702,3.19495e+06,9.91813e+06,263969
30,2703,8.65938e+06,8.95605e+06,714498
30,2704,-7.11986e+06,542824,-241292
30,2705,-5.11267e+06,1.1838e+07,843954
30,2706,3.3602e+06,-1.12107e+07,1.14893e+06
30,2707,1.23382e+07,-993885,-1.16977e+06
30,2708,7.42606e+06,6.2315e+06,-461105
30,2709,1.33945e+07,2.92901e+06,55341.9
30,2710,-1.06261e+07,-4.49288e+06,-56992.6
30,2711,8.76976e+06,1.00194e+07,-504645
30,2712,-4.15554e+06,-1.11761e+07,-228582
30,2713,-1.21556e+07,6.94626e+06,-272249
30,2714,-6.83483e+06,-2.51664e+06,304009
30,2715,-2.90299e+06,7.35062e+06,444857
30,2716,327003,9.91614e+06,341767
30,2717,6.90207e+06,-5.04196e+06,-675426
30,2718,-1.26171e+07,-138213,935160
30,2719,-3.30763e+06,-7.29389e+06,115380
30,2720,-1.08228e+07,396652,481050
30,2721,1.20378e+07,7.96634e+06,-1.3914e+06
30,2722,1.03016e+07,8.54148e+06,1.30662e+06
30,2723,-6.81532e+06,-9.7955e+06,-719424
30,2724,-4.61976e+06,-7.59849e+06,730149
30,2725,4.60111e+06,1.4087e+07,-1.0863e+06
30,2726,5.20269e+06,-5.32548e+06,-305702
30,2727,917041,6.95082e+06,-223687
30,2728,-1.47147e+07,-2.35451e+06,-881038
30,2729,-4.83068e+06,8.3354e+06,-928053
30,2730,-2.51438e+06,-7.65596e+06,-612980
30,2731,-5.39199e+06,6.99784e+06,455654
30,2732,-4.19107e+06,-1.08788e+07,156239
30,2733,1.24162e+07,397043,1.07312e+06
30,2734,-6.66839e+06,4.19072e+06,427185
30,2735,9.96347e+06,-3.25497e+06,-67934.1
30,2736,5.35021e+06,-1.28668e+07,1.34455e+06
30,2737,1.16434e+07,-8.46773e+06,667314
30,2738,7.67925e+06,6.29394e+06,374715
30,2739,-2.00495e+06,-1.46381e+07,1.26992e+06
30,2740,6.82157e+06,1.15541e+07,-673527
30,2741,4.60844e+06,8.57363e+06,158935
30,2742,1.22516e+06,-1.47511e+07,-226809
30,2743,-2.93784e+06,6.39338e+06,37635.6
30,2744,7.22201e+06,6.31481e+06,-109797
30,2745,7.68272e+06,-4.68303e+06,-717974
30,2746,7.37375e+06,474010,-254057
30,2747,-1.33233e+06,-1.22101e+07,-114805
30,2748,-8.07628e+06,9.49821e+06,418546
30,2749,-5.79851e+06,4.45533e+06,425640
30,2750,-2.66345e+06,-1.31333e+07,-793539
30,2751,8.94949e+06,-13377.4,-711217
30,2752,5.61972e+06,6.29751e+06,-290954
30,2753,-8.68098e+06,-83937.9,-41622.8
30,2754,1.38294e+07,3.23567e+06,-511832
30,2755,-9.20018e+06,-7.3461e+06,-46790.4
30,2756,1.23981e+07,5.33802e+06,852785
30,2757,7.14843e+06,8.26237e+06,844350
30,2758,6.12306e+06,1.04838e+07,-1.13555e+06
30,2759,-6.15015e+06,-5.29004e+06,-520855
30,2760,8.65267e+06,1.58941e+06,392394
30,2761,4.06187e+06,-1.28174e+07,-1.00329e+06
30,2762,-6.50801e+06,-1.26e+07,1.12982e+06
30,2763,-9.81431e+06,3.8984e+06,601506
30,2764,-7.63035e+06,-1.2308e+06,520552
30,2765,1.3161e+07,-3.5481e+06,540767
30,2766,8.56269e+06,1.30903e+06,-35650.5
30,2767,491953,1.10675e+07,-832999
30,2768,1.22074e+06,-1.15687e+07,1.15096e+06
30,2769,3.70103e+06,-1.25277e+07,304293
30,2770,-9.34399e+06,-1.15402e+07,1.07166e+06
30,2771,1.32391e+07,-6.06495e+06,-345414
30,2772,3.38344e+06,6.8051e+06,-671412
30,2773,2.92529e+06,7.27307e+06,-249127
30,2774,-2.52261e+06,-1.1045e+07,-655649
30,2775,-3.34001e+06,-1.19203e+07,145134
30,2776,1.07779e+07,9.24435e+06,-918147
30,2777,7.15607e+06,7.58574e+06,138258
30,2778,-2.38118e+06,9.88226e+06,-671770
30,2779,-7.41197e+06,-6.22874e+06,146726
30,2780,5.69837e+06,5.99608e+06,-785140
30,2781,5.30458e+06,-4.6743e+06,-644695
30,2782,9.00723e+06,-9.10619e+06,-1.03177e+06
30,2783,1.0218e+07,-2.26993e+06,700416
30,2784,1.04613e+06,-1.08431e+07,727296
30,2785,7.74494e+06,-5.97869e+06,-57767.3
30,2786,1.11949e+07,164176,769834
30,2787,9.85545e+06,838703,249603
30,2788,-7.19854e+06,-1.03121e+07,1.18011e+06
30,2789,-1.31925e+07,4.2189e+06,-1.21395e+06
30,2790,-3.85033e+06,-1.00968e+07,232783
30,2791,-1.11138e+07,2.01801e+06,-466116
30,2792,-9.19506e+06,-217197,-625136
30,2793,-4.53546e+06,8.60158e+06,169439
30,2794,3.81147e+06,-6.49758e+06,93941.8
30,2795,-3.42027e+06,-1.18731e+07,-515527
30,2796,1.03937e+07,-2.73562e+06,573751
30,2797,-185439,-1.47243e+07,-956672
30,2798,-6.52766e+06,-3.72024e+06,-213621
30,2799,3.42666e+06,-8.53855e+06,-244743
30,2800,5.75203e+06,-7.57731e+06,659771
30,2801,5.03899e+06,-8.43647e+06,690398
30,2802,9.3716e+06,4.3689e+06,-1.03397e+06
30,2803,-6.35584e+06,9.13816e+06,1.11024e+06
30,2804,1.09903e+06,-1.30786e+07,1.1982e+06
30,2805,-5.99501e+06,1.27293e+07,-941273
30,2806,-9.47388e+06,8.85372e+06,-69568.5
30,2807,1.01764e+07,-6.43755e+06,-194859
30,2808,-1.69283e+06,1.31476e+07,525101
30,2809,4.99353e+06,-4.8797e+06,-657334
30,2810,1.21051e+07,3.80213e+06,-593561
30,2811,-9.68817e+06,5.11778e+06,-676058
30,2812,-1.15206e+06,-9.59614e+06,327231
30,2813,97638.1,-7.54378e+06,-675903
30,2814,-899906,1.1306e+07,198906
30,2815,9.06064e+06,-652724,-345769
30,2816,-1.78798e+06,8.72641e+06,707625
30,2817,-1.28173e+06,-1.19792e+07,1.00945e+06
30,2818,-826894,-1.42449e+07,-863338
30,2819,3.77184e+06,1.32026e+07,667515
30,2820,871718,-1.24541e+07,81606.6
30,2821,1.1606e+07,-3.31933e+06,-965023
30,2822,-7.08337e+06,-6.22517e+06,877538
30,2823,7.62208e+06,1.31151e+06,-688705
30,2824,6.32459e+06,-3.86508e+06,328057
30,2825,-1.22466e+07,-1.92608e+06,699754
30,2826,-6.54986e+06,5.00836e+06,-16477.9
30,2827,-6.99605e+06,3.62206e+06,-289139
30,2828,4.57503e+06,5.65591e+06,384320
30,2829,6.61059e+06,-2.64478e+06,-589968
30,2830,1.08249e+07,-7.79909e+06,1.18008e+06
30,2831,-3.41758e+06,1.35064e+07,-465229
30,2832,6.49372e+06,8.0786e+06,-993179
30,2833,-1.30945e+07,-4.80924e+06,303357
30,2834,-7.18276e+06,-1.2487e+07,550098
30,2835,9.78047e+06,8.99901e+06,-371772
30,2836,1.30861e+07,-6.70142e+06,1.13151e+06
30,2837,6.74247e+06,-8.14482e+06,-957458
30,2838,-7.12958e+06,4.02685e+06,-27188.4
30,2839,-5.79555e+06,6.9995e+06,-613675
30,2840,3.14671e+06,-1.04437e+07,352076
30,2841,-7.84651e+06,392118,310593
30,2842,-8.8473e+06,6.92605e+06,273980
30,2843,1.21093e+07,8.41402e+06,-324388
30,2844,-8.96374e+06,-4.92602e+06,-712542
30,2845,-2.05374e+06,8.1227e+06,765759
30,2846,-6.62078e+06,-1.10096e+07,815414
30,2847,5.25278e+06,-6.05945e+06,152060
30,2848,4.06731e+06,-8.76749e+06,585447
30,2849,1.01393e+07,9.22084e+06,1.29023e+06
30,2850,-9.26551e+06,1.13113e+07,-1.2726e+06
30,2851,8.33432e+06,-161126,105024
30,2852,-2.53069e+06,9.51046e+06,-478590
30,2853,-1.08051e+07,5.79272e+06,1.14437e+06
30,2854,3.42233e+06,-1.19809e+07,-516736
30,2855,-7.61988e+06,359515,-282895
30,2856,8.29691e+06,-2.32385e+06,-96497
30,2857,2.45672e+06,8.02193e+06,-368072
30,2858,-1.85102e+06,1.4871e+07,-513279
30,2859,-3.51173e+06,1.17409e+07,-697234
30,2860,-3.36105e+06,7.52723e+06,-650856
30,2861,2.61695e+06,-6.633e+06,-517035
30,2862,4.04933e+06,-1.25714e+07,100158
30,2863,5.64062e+06,7.603e+06,448597
30,2864,-6.4291e+06,-9.84008e+06,-1.15863e+06
30,2865,1.31159e+07,5.98063e+06,-384066
30,2866,1.02179e+07,280605,-5949.41
30,2867,5.92202e+06,-1.1556e+07,987107
30,2868,-7.26647e+06,-8.07524e+06,-915583
30,2869,5.98172e+06,9.11281e+06,-284217
30,2870,-8.63338e+06,4.27429e+06,138002
30,2871,-1.12585e+07,8.58333e+06,1.36643e+06
30,2872,-1.30194e+07,-1.11244e+06,376466
30,2873,4.55593e+06,-6.35188e+06,128715
30,2874,-9.60176e+06,-1.13352e+07,994091
30,2875,-7.69317e+06,1.09504e+07,-643855
30,2876,-1.02472e+07,1.94383e+06,-542576
30,2877,-1.35471e+07,-3.88099e+06,1.35249e+06
30,2878,-1.25535e+07,-4.76189e+06,1.20354e+06
30,2879,8.49317e+06,-7.04476e+06,-313103
30,2880,-8.82541e+06,4.76321e+06,93504.5
30,2881,-1.14191e+07,75296.9,-443235
30,2882,-1.21524e+07,-7.75354e+06,-266005
30,2883,1.54539e+06,-1.20591e+07,1.12334e+06
30,2884,8.25711e+06,7.2612e+06,-130251
30,2885,8.75149e+06,-6.3787e+06,-227849
30,2886,-1.45117e+07,1.1971e+06,1.3838e+06
30,2887,5.79924e+06,-3.99039e+06,608149
30,2888,1.4593e+07,1.36373e+06,-963673
30,2889,1.19984e+07,2.11617e+06,-1.06596e+06
30,2890,-8.72277e+06,-892802,80477.3
30,2891,3.28661e+06,6.4894e+06,-427.977
30,2892,6.85528e+06,9.54191e+06,-237710
30,2893,1.41676e+07,66053,1.38484e+06
30,2894,-1.11789e+07,8.5003e+06,524244
30,2895,-5.99033e+06,-8.40997e+06,-393655
30,2896,-1.16368e+07,-1.93196e+06,-1.12512e+06
30,2897,1.32633e+07,1.16338e+06,-551065
30,2898,-5.16251e+06,4.75797e+06,-614607
30,2899,-1.2428e+07,7.0889e+06,-115899
30,2900,-6.66449e+06,-7.16185e+06,556962
30,2901,40485.4,-1.2145e+07,988184
30,2902,-6.22922e+06,-1.24101e+07,-793299
30,2903,-1.20733e+07,-639716,525521
30,2904,-455842,-1.36231e+07,946218
30,2905,7.30682e+06,1.70141e+06,-362477
30,2906,6.48452e+06,-1.26283e+07,518991
30,2907,-1.66142e+06,-1.24464e+07,1.11434e+06
30,2908,-9.63123e+06,-9.67283e+06,452537
30,2909,-4.61321e+06,-7.38683e+06,-131166
30,2910,3.0552e+06,-7.63519e+06,16848.2
30,2911,-3.08773e+06,1.44941e+07,-57288.1
30,2912,7.54686e+06,7.41902e+06,-156369
30,2913,4.79018e+06,7.96175e+06,-404988
30,2914,-674805,-8.80127e+06,-830589
30,2915,977821,-1.18995e+07,-46026.1
30,2916,-3.61827e+06,-1.39739e+07,716287
30,2917,1.66809e+06,-8.39249e+06,568988
30,2918,2.064e+06,9.66976e+06,-227309
30,2919,-1.12972e+07,6.23261e+06,611079
30,2920,2.92838e+06,-7.33612e+06,-390048
30,2921,-7.43924e+06,-4.99091e+06,-771902
30,2922,-728878,7.17336e+06,54868.6
30,2923,8.25604e+06,-1.16281e+07,-27246.7
30,2924,-7.05847e+06,-1.82435e+06,298629
30,2925,7.30631e+06,6.38613e+06,-429940
30,2926,-7.94708e+06,1.04733e+07,821329
30,2927,4.76613e+06,8.28195e+06,-122579
30,2928,1.05121e+07,1.25848e+06,-812337
30,2929,6.26573e+06,5.70704e+06,-268626
30,2930,-1.46773e+07,-1.01306e+06,375385
30,2931,-4.54444e+06,8.68986e+06,-937900
30,2932,-1.09364e+07,942745,-752263
30,2933,-1.31007e+07,432354,-422198
30,2934,-7.65795e+06,-2.83228e+06,413053
30,2935,1.60327e+06,9.11607e+06,40596.4
30,2936,-3.93485e+06,-7.24094e+06,173594
30,2937,7.43896e+06,1.96664e+06,185071
30,2938,7.89093e+06,5.00032e+06,485030
30,2939,-9.24318e+06,2.19075e+06,-500367
30,2940,-3.97279e+06,1.12872e+07,1.12322e+06
30,2941,8.11136e+06,9.67043e+06,-210293
30,2942,-9.78441e+06,-2.33802e+06,688901
30,2943,1.07307e+07,4.56611e+06,362558
30,2944,1.54958e+06,-6.89023e+06,235327
30,2945,-2.68462e+06,9.06431e+06,564488
30,2946,-8.08136e+06,1.05078e+07,-533274
30,2947,1.14118e+07,783314,-956850
30,2948,2.95982e+06,7.44248e+06,19244.5
30,2949,-8.41612e+06,-1.22719e+07,-1.3089e+06
30,2950,-1.11762e+07,50687.5,-796616
30,2951,-1.3372e+07,5.04482e+06,1.41819e+06
30,2952,-7.91987e+06,-6.62943e+06,-817989
30,2953,558862,1.05952e+07,713022
30,2954,6.10939e+06,-1.17666e+07,593275
30,2955,3.9939e+06,1.3064e+07,-131019
30,2956,-8.00588e+06,-9.62982e+06,542171
30,2957,7.01722e+06,5.24974e+06,732037
30,2958,6.36104e+06,9.53451e+06,673342
30,2959,6.77532e+06,1.25824e+07,908366
30,2960,1.34091e+07,-5.29366e+06,1.19678e+06
30,2961,-7.1469e+06,8.7738e+06,-1.11864e+06
30,2962,-6.84471e+06,3.03127e+06,-150678
30,2963,-6.82786e+06,4.99497e+06,-551088
30,2964,-4.27041e+06,1.31097e+07,271810
30,2965,1.03403e+07,3.69225e+06,973521
30,2966,-5.24843e+06,9.88469e+06,-766316
30,2967,9.59664e+06,1.44397e+06,-264835
30,2968,7.92461e+06,-7.97678e+06,421510
30,2969,4.55052e+06,6.44791e+06,-113413
30,2970,8.37987e+06,1.69623e+06,522053
30,2971,3.66632e+06,-6.1247e+06,-508684
30,2972,-1.16448e+07,-9.10388e+06,695133
30,2973,5.25951e+06,-5.84886e+06,534217
30,2974,-1.22069e+07,-351521,541262
30,2975,-5.7465e+06,-4.0505e+06,489011
30,2976,7.53418e+06,6.35122e+06,-155917
30,2977,9.88655e+06,8.12165e+06,-753005
30,2978,2.57536e+06,-7.73165e+06,-713992
30,2979,-8.46557e+06,9.16485e+06,638765
30,2980,1.09511e+07,9.81375e+06,-546110
30,2981,-1.53169e+06,1.33717e+07,-767618
30,2982,1.357e+07,-935461,154735
30,2983,-7.51691e+06,5.31199e+06,-607984
30,2984,2.08802e+06,-1.28903e+07,981447
30,2985,-6.57107e+06,-2.94583e+06,-411777
30,2986,2.30846e+06,-9.43025e+06,-598622
30,2987,-6.65656e+06,-1.00528e+07,1.09789e+06
30,2988,4.52541e+06,-1.24012e+07,83426.8
30,2989,-7.67509e+06,3.63862e+06,84048.5
30,2990,-9.57541e+06,-7.91721e+06,-263470
30,2991,4.30048e+06,8.03756e+06,353496
30,2992,-4.49777e+06,-1.12968e+07,-310029
30,2993,759251,-9.05394e+06,497627
30,2994,-7.9938e+06,-7.02441e+06,-269205
30,2995,6.61541e+06,-1.07315e+07,474778
30,2996,-1.07702e+07,2.67013e+06,315883
30,2997,-1.15332e+07,-4.64828e+06,310756
30,2998,7.46926e+06,-2.10307e+06,451586
30,2999,-9.10858e+06,-4.00597e+06,-903171
30,3000,-265284,7.31986e+06,277898
30,3001,-1.28111e+07,-5.17532e+06,88789.9
30,3002,5.20732e+06,8.75759e+06,-779075
30,3003,1.18251e+07,-5.60221e+06,-109166
30,3004,1.05987e+07,-6.11127e+06,-1.00509e+06
30,3005,-9.65738e+06,-8.94179e+06,259651
30,3006,-3.57632e+06,-8.61104e+06,550257
30,3007,-7.65475e+06,-1.86163e+06,-629325
30,3008,-1.39291e+07,-834585,860506
30,3009,6.85881e+06,7.14323e+06,-910480
30,3010,131711,9.25054e+06,111647
30,3011,-7.07906e+06,-1.15306e+06,-155194
30,3012,-3.24646e+06,-1.11498e+07,311474
30,3013,9.48343e+06,1.14609e+07,-209044
30,3014,-9.10732e+06,5.00737e+06,340539
30,3015,-1.08302e+07,-1.37944e+06,-147690
30,3016,1.34731e+07,-6.41564e+06,-574100
30,3017,4.38302e+06,-6.51711e+06,783220
30,3018,-5.98701e+06,7.12252e+06,823788
30,3019,-3.75482e+06,1.21191e+07,205653
30,3020,5.6548e+06,-1.33919e+07,703602
30,3021,5.46817e+06,1.16493e+07,836755
30,3022,8.42289e+06,-3.7147e+06,-249215
30,3023,-1.57664e+06,1.37713e+07,40269.5
30,3024,-4.0064e+06,-6.73606e+06,527387
30,3025,-1.25332e+07,-2.01993e+06,-1.15803e+06
30,3026,-3.8321e+06,-1.39327e+07,711079
30,3027,-20034.7,-1.33565e+07,-157292
30,3028,-8.95261e+06,-9.19965e+06,910325
30,3029,1.29205e+07,3.61145e+06,-325003
30,3030,5.6903e+06,4.53495e+06,147527
30,3031,1.00949e+07,9.68561e+06,-136846
30,3032,5.76657e+06,-1.30715e+07,56195.5
30,3033,-1.29831e+07,-2.03617e+06,-899986
30,3034,2.81525e+06,7.48233e+06,-238340
30,3035,4.59005e+06,-1.36942e+07,-194108
30,3036,-1.25682e+06,1.08631e+07,447125
30,3037,762438,1.33441e+07,-1.22813e+06
30,3038,-1.10063e+07,-4.75338e+06,-234671
30,3039,-1.14708e+07,-3.96294e+06,-605830
30,3040,-9.21734e+06,4.25598e+06,773442
30,3041,1.15801e+07,-9.01126e+06,643580
30,3042,-4.16468e+06,-1.08641e+07,1.02432e+06
30,3043,-8.72806e+06,-2.1693e+06,341126
30,3044,-353487,1.24271e+07,215652
30,3045,-1.32064e+07,1.9136e+06,783611
30,3046,9.22864e+06,-3.52487e+06,67022.8
30,3047,1.14781e+07,2.47548e+06,-775377
30,3048,-1.06514e+07,5.66353e+06,19694.7
30,3049,3.97186e+06,-6.35221e+06,426555
30,3050,-5.46465e+06,-6.46579e+06,539514
30,3051,-4.65479e+06,1.11915e+07,378526
30,3052,-3.79606e+06,7.79708e+06,-451100
30,3053,8.75785e+06,7.31741e+06,991384
30,3054,1.67739e+06,9.52154e+06,-6669.99
30,3055,-8.94464e+06,-2.20256e+06,-279119
30,3056,-1.01988e+06,7.9912e+06,-99154.6
30,3057,1.16398e+06,-7.14614e+06,176356
30,3058,-1.12654e+07,-3.54155e+06,213300
30,3059,1.43875e+07,938295,-1.30746e+06
30,3060,4.0427e+06,7.49378e+06,-543476
30,3061,-1.19619e+07,2.93095e+06,1.21513e+06
30,3062,-3.46486e+06,8.06075e+06,852160
30,3063,-1.34388e+07,2.41061e+06,149080
30,3064,-1.36427e+07,1.47005e+06,-807642
30,3065,-1.31733e+07,-3.35898e+06,-944808
30,3066,-9.51105e+06,5.5529e+06,831519
30,3067,5.82264e+06,-5.49847e+06,19551.2
30,3068,5.20705e+06,8.80185e+06,410889
30,3069,-1.03174e+07,1.00386e+07,-744605
30,3070,3.43195e+06,-1.0853e+07,-1.13327e+06
30,3071,-9.79299e+06,-7.00953e+06,-438147
30,3072,12139.7,1.05936e+07,614778
30,3073,-1.17818e+07,-2.63815e+06,-259529
30,3074,4.29822e+06,-8.28175e+06,-90661.6
30,3075,-1.0891e+07,-1.62161e+06,-113695
30,3076,6.41896e+06,6.33648e+06,-725582
30,3077,1.98461e+06,1.28559e+07,-1.15893e+06
30,3078,7.44353e+06,1.11135e+07,334834
30,3079,6.65714e+06,7.06567e+06,-166022
30,3080,4.04666e+06,-5.8565e+06,19207.1
30,3081,446171,8.10066e+06,-84387.5
30,3082,-1.2027e+06,8.42543e+06,58512.7
30,3083,-1.12295e+07,7.75677e+06,592585
30,3084,2.77767e+06,1.37085e+07,860366
30,3085,-8.22353e+06,1.00642e+07,1.2764e+06
30,3086,-479186,9.07453e+06,495177
30,3087,-5.24901e+06,9.04265e+06,-672775
30,3088,3.13479e+06,-1.27416e+07,174680
30,3089,-6.22493e+06,1.32457e+07,-821514
30,3090,830178,-1.23732e+07,-682908
30,3091,3.0197e+06,-6.95088e+06,724109
30,3092,-2.28194e+06,1.18803e+07,1.20554e+06
30,3093,-1.40516e+07,-1.34928e+06,919698
30,3094,1.24445e+07,-5.22045e+06,921522
30,3095,-9.28134e+06,-7.83965e+06,-79309.3
30,3096,3.52315e+06,-1.14284e+07,1.12503e+06
30,3097,-9.52247e+06,-4.96193e+06,-118519
30,3098,-8.28877e+06,-9.07496e+06,-1.18879e+06
30,3099,9.48152e+06,6.10793e+06,-1.07141e+06
30,3100,-892927,1.32929e+07,-424695
30,3101,3.01015e+06,6.87183e+06,398719
30,3102,8.13698e+06,-7.32149e+06,-224956
30,3103,-5.42704e+06,7.35612e+06,389144
30,3104,9.52952e+06,-6.32529e+06,233718
30,3105,2.61015e+06,-1.05833e+07,978129
30,3106,-189564,9.84235e+06,228808
30,3107,1.09765e+07,-559883,-82723.9
30,3108,7.52891e+06,-851006,521253
30,3109,7.07179e+06,-4.57347e+06,-268380
30,3110,8.44049e+06,-5.39388e+06,60321.4
30,3111,-5.66316e+06,5.78316e+06,359648
30,3112,-6.95797e+06,-4.68307e+06,327620
30,3113,-3.17081e+06,-9.19053e+06,748381
30,3114,-8.10503e+06,7.0827e+06,-536049
30,3115,8.73584e+06,-7.97178e+06,-414848
30,3116,-8.57457e+06,5.4671e+06,123666
30,3117,4.05201e+06,-7.83411e+06,-360657
30,3118,-1.25819e+07,-1.22183e+06,217168
30,3119,-578864,-8.40069e+06,-524912
30,3120,-7.49701e+06,-2.49402e+06,330795
30,3121,6.59648e+06,3.32447e+06,447504
30,3122,228716,1.34668e+07,310426
30,3123,-6.92671e+06,-7.91477e+06,764552
30,3124,1.55613e+06,-7.47877e+06,-10645.5
30,3125,-6.36078e+06,-9.54707e+06,971857
30,3126,7.26612e+06,1.59193e+06,-479086
30,3127,-3.08396e+06,-1.45648e+07,341388
30,3128,5.49276e+06,-4.90193e+06,460885
30,3129,-6.66825e+06,1.03035e+07,-1.05673e+06
30,3130,-2.01749e+06,-1.14253e+07,-943486
30,3131,-2.90343e+06,1.16984e+07,637529
30,3132,7.66231e+06,8.32823e+06,60015.8
30,3133,4.12123e+06,9.26719e+06,693700
30,3134,-2.89798e+06,6.43203e+06,-689515
30,3135,-2.46777e+06,7.33325e+06,-691299
30,3136,9.95976e+06,6.25967e+06,474774
30,3137,6.82072e+06,2.91021e+06,-288737
30,3138,-8.79679e+06,-1.10857e+07,765269
30,3139,4.26736e+06,-6.87676e+06,-798427
30,3140,-6.34602e+06,-5.95399e+06,-217099
30,3141,1.45003e+07,2.96157e+06,1.48064e+06
30,3142,-1.10736e+07,-4.47224e+06,-1.05472e+06
30,3143,8.26414e+06,-4.00347e+06,-267696
30,3144,1.22787e+07,137658,-582251
30,3145,-3.65293e+06,-1.09915e+07,-777969
30,3146,-7.93663e+06,2.01058e+06,-186946
30,3147,1.13946e+07,5.51054e+06,1.19871e+06
30,3148,-5.57942e+06,-4.41315e+06,89068.2
30,3149,4.52367e+06,6.67566e+06,472398
30,3150,-3.0651e+06,1.37622e+07,-174932
30,3151,8.74141e+06,4.5053e+06,340730
30,3152,-4.73318e+06,1.26818e+07,1.3312e+06
30,3153,-3.81073e+06,-6.58311e+06,-78729.4
30,3154,-1.02372e+07,2.59325e+06,-510005
30,3155,-2.08733e+06,-1.254e+07,-553553
30,3156,-5.72587e+06,1.24115e+07,615713
30,3157,3.70013e+06,7.05078e+06,-293374
30,3158,-7.02702e+06,-9.41533e+06,-243538
30,3159,-5.49743e+06,5.27285e+06,287595
30,3160,6.43283e+06,1.04933e+07,-1.21546e+06
30,3161,1.00791e+07,8.17636e+06,-1.08653e+06
30,3162,-6.49389e+06,2.67098e+06,4581.12
30,3163,-3.62085e+06,1.15357e+07,509079
30,3164,4.30069e+06,-7.1618e+06,120011
30,3165,2.73212e+06,1.13034e+07,-992808
30,3166,-7.8592e+06,-7.23558e+06,-866963
30,3167,1.45123e+07,-1.63177e+06,132763
30,3168,6.08775e+06,1.31986e+07,-1.38366e+06
30,3169,-6.09054e+06,-4.00129e+06,-640218
30,3170,9.07868e+06,1.1507e+07,-572700
30,3171,2.48175e+06,1.33332e+07,-697746
30,3172,-2.15253e+06,1.19264e+07,-685515
30,3173,-8.98851e+06,322547,840665
30,3174,-3.10894e+06,1.32942e+07,-373134
30,3175,1.06229e+07,-1.22391e+06,-701531
30,3176,-1.06988e+06,-9.75906e+06,913396
30,3177,952464,8.17782e+06,-451975
30,3178,-5.5409e+06,-4.54013e+06,244531
30,3179,1.05343e+07,5.2642e+06,-1.01698e+06
30,3180,-2.37409e+06,8.33751e+06,497204
30,3181,7.89636e+06,2.469e+06,-175383
30,3182,-9.87931e+06,2.94575e+06,674863
30,3183,-2.0067e+06,-7.51681e+06,-252144
30,3184,8.71087e+06,-3.70976e+06,-476591
30,3185,-2.08399e+06,1.19601e+07,17343.9
30,3186,9.87779e+06,-8.84615e+06,899521
30,3187,-94612.2,1.1651e+07,375805
30,3188,1.26369e+07,1.02442e+06,-154135
30,3189,-1.37169e+07,731398,-518410
30,3190,7.6393e+06,1.16728e+07,-819922
30,3191,-7.63313e+06,9.88319e+06,532287
30,3192,-332744,8.23554e+06,-566698
30,3193,-1.21989e+07,8.04987e+06,-475964
30,3194,3.86357e+06,5.97206e+06,-112139
30,3195,-7.51211e+06,-733420,-67878.7
30,3196,-6.90804e+06,-1.11736e+07,-142007
30,3197,-1.06647e+06,-8.72483e+06,365520
30,3198,7.15519e+06,-3.99574e+06,-715528
30,3199,2.63338e+06,6.93217e+06,608348
30,3200,2.81106e+06,-1.07831e+07,-607072
30,3201,-7.00078e+06,8.35245e+06,715479
30,3202,46181.1,7.1635e+06,-498311
30,3203,-1.36162e+07,2.6462e+06,-265726
30,3204,1.04376e+07,-1.66744e+06,741554
30,3205,-3.344e+06,1.21716e+07,-846465
30,3206,-1.27879e+07,6.52736e+06,-635674
30,3207,9.45381e+06,-5.14818e+06,-243141
30,3208,3.9289e+06,-1.0808e+07,-167585
30,3209,8.83096e+06,-95935.8,808465
30,3210,-5.03195e+06,-1.27814e+07,-563832
30,3211,-2.4448e+06,1.40706e+07,860181
30,3212,-1.13247e+07,-8.76387e+06,868946
30,3213,4.4997e+06,1.25434e+07,447687
30,3214,-7.70663e+06,-603020,-522776
30,3215,5.28733e+06,-8.81822e+06,1.00481e+06
30,3216,-9.30998e+06,-2.09925e+06,21560.3
30,3217,-1.45123e+07,1.80142e+06,582604
30,3218,-1.01436e+07,1.01191e+07,1.15473e+06
30,3219,1.30547e+07,-5.89654e+06,-658072
30,3220,7.13971e+06,-7.28294e+06,-287302
30,3221,8.54449e+06,8.07382e+06,-1.04588e+06
30,3222,-8.96058e+06,-5.06626e+06,-220898
30,3223,-1.15432e+07,-1.27969e+06,431503
30,3224,-1.09195e+07,5.42971e+06,-182930
30,3225,-8.07607e+06,-891162,141631
30,3226,-5.113e+06,9.51453e+06,479062
30,3227,6.60792e+06,-3.67797e+06,-726940
30,3228,-1.43244e+07,3.28667e+06,-256701
30,3229,9.00901e+06,776950,-407460
30,3230,-4.0368e+06,-6.75599e+06,-284794
30,3231,3.33701e+06,1.26631e+07,1.0504e+06
30,3232,8.28732e+06,7.50672e+06,-221743
30,3233,2.48981e+06,8.28826e+06,11021.7
30,3234,1.06073e+07,-6.37422e+06,5350.52
30,3235,1.37679e+07,-5.11541e+06,1.07422e+06
30,3236,6.8068e+06,8.61858e+06,-620184
30,3237,-1.07945e+07,5.5791e+06,-859684
30,3238,1.07332e+07,1.36938e+06,506450
30,3239,-5.05144e+06,-5.64578e+06,444268
30,3240,-7.96517e+06,-1.15655e+06,449528
30,3241,4.54762e+06,7.85946e+06,-296376
30,3242,-1.00695e+07,-5.35852e+06,-843506
30,3243,-1.40714e+06,1.05422e+07,728553
30,3244,5.19817e+06,-7.96087e+06,-135816
30,3245,-1.27712e+07,-981596,312475
30,3246,1.35259e+06,-1.00714e+07,-152025
30,3247,-1.0548e+07,-1.36723e+06,706801
30,3248,-7.30117e+06,9.85878e+06,418013
30,3249,1.10647e+07,-4.92465e+06,828189
30,3250,-6.76102e+06,1.01078e+07,680600
30,3251,1.15527e+07,-889805,-585551
30,3252,6.81181e+06,3.44713e+06,213772
30,3253,1.44954e+07,338425,655109
30,3254,-1.18356e+06,-1.21941e+07,-354360
30,3255,1.29678e+07,3.91651e+06,692579
30,3256,-9.04868e+06,1.11933e+06,589006
30,3257,3.4403e+06,8.49471e+06,332407
30,3258,-1.11897e+07,-1.20059e+06,-547816
30,3259,-6.25307e+06,3.68215e+06,-571908
30,3260,1.37278e+07,3.80953e+06,-194748
30,3261,5.98675e+06,4.37392e+06,235547
30,3262,1.18182e+07,2.67147e+06,-1.21279e+06
30,3263,845451,-7.58257e+06,129013
30,3264,-7.29162e+06,316756,309533
30,3265,1.28286e+07,-5.46287e+06,-481368
30,3266,445422,8.06214e+06,446277
30,3267,-1.44658e+07,2.93606e+06,-574881
30,3268,-3.6983e+06,9.74291e+06,-507855
30,3269,1.16599e+07,1.33805e+06,-564770
30,3270,1.19641e+07,2.62356e+06,-1.02329e+06
30,3271,6.85452e+06,-6.33574e+06,494843
30,3272,-7.16347e+06,-308087,-323153
30,3273,-1.98665e+06,-1.19937e+07,883732
30,3274,1.0752e+07,-186685,1.03535e+06
30,3275,-1.24521e+07,-6.51701e+06,-286712
30,3276,9.85706e+06,949497,-497088
30,3277,-1.00005e+07,-7.83835e+06,1.06059e+06
30,3278,3.95168e+06,6.24225e+06,427657
30,3279,7.09282e+06,6.79082e+06,978003
30,3280,-1.1239e+07,7.0558e+06,859308
30,3281,3.25648e+06,-1.19856e+07,783943
30,3282,-5.31289e+06,-5.49114e+06,-755826
30,3283,6.17711e+06,-3.97886e+06,40486.6
30,3284,6.92088e+06,-1.08094e+07,1.15712e+06
30,3285,-1.38871e+07,1.29494e+06,-457688
30,3286,-6.79459e+06,4.64947e+06,-219811
30,3287,-5.6256e+06,-9.94307e+06,1.0961e+06
30,3288,-7.80055e+06,-1.01739e+07,-422943
30,3289,-1.94587e+06,7.00026e+06,390272
30,3290,-1.8285e+06,-8.44549e+06,137849
30,3291,-824239,8.33428e+06,-6189.4
30,3292,2.03401e+06,-1.01336e+07,484818
30,3293,5.24936e+06,-1.03395e+07,145330
30,3294,2.84815e+06,1.44231e+07,629966
30,3295,-1.99149e+06,9.73773e+06,-636087
30,3296,2.27476e+06,1.11703e+07,-683906
30,3297,4.91307e+06,-1.40729e+07,740724
30,3298,1.31292e+07,-2.42409e+06,195663
30,3299,5.82924e+06,-6.52783e+06,425075
30,3300,-1.02011e+07,1.51443e+06,-183036
30,3301,-8.10638e+06,1.18744e+07,1.3365e+06
30,3302,-9.62107e+06,-1.05529e+07,227982
30,3303,9.84284e+06,1.33657e+06,-741003
30,3304,-1.2824e+07,2.14373e+06,-911969
30,3305,8.6875e+06,-2.73732e+06,-242041
30,3306,-4.95401e+06,1.33728e+07,123267
30,3307,-7.05834e+06,-1.20969e+06,196082
30,3308,-7.7008e+06,-4.40302e+06,261099
30,3309,2.23442e+06,-1.22847e+07,-471310
30,3310,1.14483e+07,-1.14761e+06,918012
30,3311,-1.11237e+07,9.45217e+06,838544
30,3312,1.02676e+07,6.08283e+06,774282
30,3313,3.73638e+06,1.17954e+07,-1.04233e+06
30,3314,1.19267e+07,6.64009e+06,-1.11805e+06
30,3315,6.73192e+06,7.90584e+06,860903
30,3316,-9.64568e+06,-4.68419e+06,920216
30,3317,-6.94539e+06,8.81486e+06,667649
30,3318,-4.56512e+06,9.49159e+06,470462
30,3319,3.62263e+06,-1.28509e+07,1.27935e+06
30,3320,1.82462e+06,-1.31333e+07,949550
30,3321,-4.71511e+06,5.16524e+06,332410
30,3322,5.01908e+06,1.06669e+07,-462930
30,3323,-8.72385e+06,-4.17893e+06,642324
30,3324,171130,-1.4425e+07,990970
30,3325,-8.39895e+06,6.72307e+06,-230856
30,3326,8.34685e+06,8.51938e+06,189618
30,3327,-1.14425e+07,4.43125e+06,1.11506e+06
30,3328,2.0467e+06,1.16878e+07,-49317.1
30,3329,-5.67272e+06,1.09808e+07,-1.04143e+06
30,3330,1.11041e+07,-3.58161e+06,-34830.4
30,3331,7.3777e+06,-1.21488e+07,-1.0039e+06
30,3332,-1.16914e+07,4.82951e+06,-632323
30,3333,-399887,-1.24635e+07,-799349
30,3334,266365,-1.42594e+07,1.23917e+06
30,3335,8.92175e+06,-3.35967e+06,-250696
30,3336,830402,-7.37914e+06,302265
30,3337,-1.17182e+07,564447,-1.10079e+06
30,3338,-1.04831e+07,5.83151e+06,144445
30,3339,1.02348e+07,-2.02052e+06,217215
30,3340,1.20323e+07,-4.89997e+06,238013
30,3341,6.87348e+06,1.7421e+06,286952
30,3342,-7.99424e+06,-4.58631e+06,-549302
30,3343,-9.10854e+06,-470226,869910
30,3344,1.10053e+07,-4.47383e+06,1.09443e+06
30,3345,-3.43931e+06,7.93941e+06,467530
30,3346,-1.37444e+07,-1.83553e+06,1.37221e+06
30,3347,-2.39383e+06,6.67424e+06,174598
30,3348,7.86469e+06,7.32955e+06,-284296
30,3349,-4.29905e+06,-5.75258e+06,564968
30,3350,-4.23184e+06,-1.34276e+07,-96377.1
30,3351,7.09173e+06,8.52707e+06,-352716
30,3352,3.85541e+06,-7.54469e+06,704212
30,3353,-1.38592e+06,-1.11775e+07,-854214
30,3354,-3.29666e+06,-1.14007e+07,-112098
30,3355,6.55445e+06,-6.0734e+06,434338
30,3356,6.03683e+06,-1.27762e+07,1.39023e+06
30,3357,7.18446e+06,4.60375e+06,-278182
30,3358,-7.91008e+06,-1.37842e+06,213597
30,3359,-853480,1.1556e+07,949452
30,3360,-4.32392e+06,5.71025e+06,313750
30,3361,-1.13849e+07,6.42791e+06,-1.26704e+06
30,3362,1.09138e+07,4.76261e+06,-935720
30,3363,-4.82974e+06,1.11994e+07,-370772
30,3364,1.07728e+07,-1.26958e+06,1.01254e+06
30,3365,-1.19509e+06,1.02527e+07,-407674
30,3366,-8.9177e+06,-2.04077e+06,195497
30,3367,-9.22327e+06,5.79391e+06,-629550
30,3368,-6.0393e+06,9.02554e+06,90331.6
30,3369,-8.16783e+06,-9.33147e+06,-93025.7
30,3370,-2.65428e+06,1.10833e+07,-1.08756e+06
30,3371,-372159,1.19876e+07,405374
30,3372,1.1246e+07,-6.36376e+06,1.18716e+06
30,3373,7.07689e+06,-195623,259115
30,3374,1.2043e+07,1.33305e+06,876813
30,3375,4.42158e+06,-6.81745e+06,-789477
30,3376,-1.12105e+07,4.67439e+06,-727687
30,3377,-7.36839e+06,2.6732e+06,-591414
30,3378,-7.54063e+06,-7.82679e+06,712534
30,3379,1.13213e+07,5.10741e+06,-478527
30,3380,8.08891e+06,-4.54586e+06,683582
30,3381,8.86778e+06,4.46921e+06,784195
30,3382,8.73684e+06,-1.10312e+07,972674
30,3383,4.60452e+06,9.81564e+06,-48807.8
30,3384,-1.09448e+07,505961,84951.7
30,3385,-6.19626e+06,6.61059e+06,-119237
30,3386,-7.77722e+06,2.01322e+06,499293
30,3387,-1.16622e+07,7.04396e+06,51246.8
30,3388,-3.11689e+06,-6.56573e+06,-138613
30,3389,7.54157e+06,-7.39687e+06,-80621.4
30,3390,781288,7.12688e+06,-34940.1
30,3391,6.79102e+06,-7.86989e+06,87589.8
30,3392,-1.23167e+07,2.22564e+06,-151049
30,3393,-9.05683e+06,5.44972e+06,81553.9
30,3394,7.1e+06,-5.52856e+06,-300432
30,3395,6.56315e+06,4.81776e+06,-794534
30,3396,3.77037e+06,9.62319e+06,-991653
30,3397,-4.56858e+06,-1.01403e+07,-923436
30,3398,-236487,-1.06344e+07,1.03661e+06
30,3399,223444,1.2324e+07,534127
30,3400,2.61887e+06,1.1459e+07,826685
30,3401,1.0157e+07,-2.27643e+06,464262
30,3402,-1.4723e+06,-1.20669e+07,-53247.1
30,3403,6.70244e+06,-8.76587e+06,399414
30,3404,1.10247e+07,-8.81198e+06,1.349e+06
30,3405,-1.25687e+07,-356140,-840307
30,3406,-3.43021e+06,1.21565e+07,-548618
30,3407,6.43034e+06,-6.12745e+06,654677
30,3408,-1.18964e+07,1.85832e+06,414593
30,3409,-1.03209e+07,5.83146e+06,-285404
30,3410,-8.41625e+06,-5.50733e+06,297083
30,3411,1.04087e+07,-1.88071e+06,-882250
30,3412,-8.59442e+06,4.56351e+06,-942896
30,3413,-1.66635e+06,9.77875e+06,11973.3
30,3414,-1.24804e+06,-9.61063e+06,19247.8
30,3415,221356,-8.00935e+06,-643368
30,3416,1.25201e+07,-5.57147e+06,-486803
30,3417,3.98971e+06,-1.37923e+07,1.21586e+06
30,3418,931590,1.22565e+07,971802
30,3419,1.73969e+06,8.28464e+06,-387754
30,3420,-9.36602e+06,-1.05679e+06,402539
30,3421,1.21044e+07,7.70795e+06,1.30758e+06
30,3422,1.34909e+07,4.93454e+06,-401376
30,3423,-1.01946e+07,-8.82563e+06,753393
30,3424,-1.26984e+07,84393.4,-1.16836e+06
30,3425,1.10767e+07,3.67897e+06,242139
30,3426,-1.13932e+07,-6.93354e+06,1.33005e+06
30,3427,111279,-1.06405e+07,355941
30,3428,-3.25624e+06,-1.45376e+07,-1.00249e+06
30,3429,-7.06428e+06,-1.27627e+07,-1.28888e+06
30,3430,9.21677e+06,-8.08315e+06,188889
30,3431,4.40762e+06,-8.77139e+06,555137
30,3432,6.25893e+06,9.45561e+06,-565128
30,3433,4.61181e+06,-1.20425e+07,-569609
30,3434,8.68257e+06,4.82856e+06,424319
30,3435,6.62633e+06,2.23868e+06,-695244
30,3436,-1.06388e+07,5.87389e+06,-492285
30,3437,4.87505e+06,1.34414e+07,-316397
30,3438,-1.3096e+07,6.2748e+06,158845
30,3439,2.12413e+06,-7.34075e+06,-118013
30,3440,-488739,1.33936e+07,-207797
30,3441,1.30896e+07,-1.99585e+06,-1.16912e+06
30,3442,-4.3866e+06,1.27664e+07,136991
30,3443,-6.91427e+06,-6.24469e+06,-272432
30,3444,9.32319e+06,2.47029e+06,-681995
30,3445,1.43141e+07,8531.2,803871
30,3446,-7.70876e+06,5.1736e+06,444940
30,3447,-1.41875e+07,3.90868e+06,971207
30,3448,1.04635e+07,-1.04365e+07,-807220
30,3449,-7.06324e+06,118597,44284.6
30,3450,-2.06378e+06,8.34663e+06,456247
30,3451,-4.59006e+06,9.73141e+06,263894
30,3452,1.65785e+06,-1.20801e+07,-838401
30,3453,-1.0347e+07,-7.67305e+06,-1.14272e+06
30,3454,-9.91764e+06,8.7291e+06,-448336
30,3455,-6.16635e+06,8.59616e+06,-342223
30,3456,9.38859e+06,9.56819e+06,1.26532e+06
30,3457,4.49944e+06,1.04836e+07,-842869
30,3458,-7.70223e+06,-8.78758e+06,-1.04727e+06
30,3459,2.70789e+06,-8.48629e+06,-804335
30,3460,-7.41005e+06,-1.16886e+07,-181508
30,3461,9.65376e+06,1.37273e+06,634991
30,3462,-3.17596e+06,7.49604e+06,112488
30,3463,-8.95075e+06,-45849.8,554337
30,3464,1.02491e+07,-3.20435e+06,747407
30,3465,-7.93177e+06,5.51954e+06,-148163
30,3466,-2.91328e+06,1.15963e+07,1.12531e+06
30,3467,-9.67735e+06,6.8641e+06,344152
30,3468,4.37517e+06,-9.17232e+06,137868
30,3469,3.04311e+06,6.65347e+06,534775
30,3470,1.09625e+07,-3.34407e+06,-982384
30,3471,3.06119e+06,8.84697e+06,100787
30,3472,5.37024e+06,8.5047e+06,287192
30,3473,-1.92945e+06,1.11243e+07,-45671.8
30,3474,3.42759e+06,1.24932e+07,-536834
30,3475,-2431.67,-9.74546e+06,677131
30,3476,-3.06874e+06,9.49736e+06,778827
30,3477,-7.0195e+06,-1.3169e+07,1.46701e+06
30,3478,-1.09774e+06,-1.22276e+07,-273405
30,3479,6.29308e+06,8.33263e+06,674856
30,3480,-1.01967e+07,-1.02265e+07,-451710
30,3481,-996268,8.1618e+06,-402404
30,3482,1.1219e+07,-3.84549e+06,-1.07427e+06
30,3483,-5.51909e+06,-4.30866e+06,-302412
30,3484,-6.69215e+06,1.23334e+07,-590388
30,3485,5.45493e+06,7.35233e+06,149257
30,3486,-7.52238e+06,3.61413e+06,-65121.8
30,3487,7.09601e+06,984647,28945.8
30,3488,1.17837e+07,-4.29619e+06,-805955
30,3489,7.33609e+06,2.72411e+06,-100067
30,3490,6.60273e+06,-9.9929e+06,437662
30,3491,-8.43734e+06,1.85016e+06,710285
30,3492,-9.57281e+06,-123231,880304
30,3493,-10141.4,-1.28619e+07,-637556
30,3494,8.8684e+06,5.26848e+06,219764
30,3495,4.20436e+06,-6.58705e+06,492066
30,3496,6.94337e+06,8.81124e+06,-1.06749e+06
30,3497,-1.07025e+07,-7.99961e+06,563970
30,3498,-9.38814e+06,-761907,465900
30,3499,-8.4736e+06,-6.5051e+06,619607
30,3500,7.89735e+06,3.70126e+06,55495.6
30,3501,1.00222e+06,-7.42256e+06,328436
30,3502,-8.82676e+06,-1.08683e+07,-1.2149e+06
30,3503,3.39766e+06,-8.33976e+06,-600245
30,3504,2.54857e+06,-1.23198e+07,-427583
30,3505,-8.8573e+06,-3.58007e+06,691360
30,3506,8.27068e+06,-2.97541e+06,174216
30,3507,1.25097e+07,8.08576e+06,-1.11451e+06
30,3508,9.11165e+06,-1.01131e+07,-148482
30,3509,8.65097e+06,-9.24261e+06,-1.15988e+06
30,3510,7.15921e+06,-9.11352e+06,-236065
30,3511,2.85933e+06,-8.96932e+06,-309223
30,3512,6.85384e+06,-1.5382e+06,129364
30,3513,6.30319e+06,-1.19441e+07,-1.174e+06
30,3514,-3.33011e+06,7.66985e+06,-299878
30,3515,-8.65325e+06,-8.69955e+06,-13275.7
30,3516,-6.54819e+06,5.71269e+06,75744.9
30,3517,7.34697e+06,7.83269e+06,321169
30,3518,-5.61807e+06,5.08536e+06,318361
30,3519,-6.3738e+06,-3.25401e+06,-236809
30,3520,2.35906e+06,6.63651e+06,622421
30,3521,1.11691e+07,-9399.88,55429
30,3522,-8.93763e+06,6.98502e+06,-431107
30,3523,-5.1617e+06,7.38754e+06,-72348.2
30,3524,1.13095e+06,8.45179e+06,-389764
30,3525,-5.90245e+06,-8.76519e+06,753853
30,3526,3.57277e+06,8.58028e+06,-225198
30,3527,1.41079e+07,1.04001e+06,503409
30,3528,5.57198e+06,9.2638e+06,-387073
30,3529,6.47509e+06,-5.95873e+06,-31892.6
30,3530,-9.46215e+06,-6.53643e+06,321171
30,3531,1.08669e+07,1.41363e+06,-362318
30,3532,-3.39219e+06,-7.72592e+06,-749818
30,3533,2.6297e+06,1.11585e+07,1.03177e+06
30,3534,-4.56895e+06,8.4995e+06,818892
30,3535,1.00559e+07,-2.19218e+06,-982251
30,3536,-4.56014e+06,-8.24493e+06,737865
30,3537,8.28486e+06,-3.64122e+06,170331
30,3538,-1.07906e+07,7.92122e+06,-771335
30,3539,1.31132e+07,-5.67856e+06,-6929.75
30,3540,5.28801e+06,4.66457e+06,102940
30,3541,-5.86586e+06,4.14882e+06,-282549
30,3542,1.18869e+07,4.51313e+06,-28653.3
30,3543,-8.48983e+06,-7.94984e+06,-220619
30,3544,-3.68914e+06,-8.65913e+06,655186
30,3545,1.14846e+07,-5.02819e+06,545063
30,3546,6.32e+06,1.14921e+07,-211052
30,3547,-617517,1.08628e+07,62096
30,3548,-3.38082e+06,-8.69188e+06,-55406.9
30,3549,1.06295e+07,-905870,-229480
30,3550,-4.30086e+06,8.88101e+06,780513
30,3551,-8.74825e+06,-6.58813e+06,-699952
30,3552,-1.92688e+06,1.11503e+07,522258
30,3553,-2.82897e+06,-1.33493e+07,628769
30,3554,-2.4359e+06,-1.08279e+07,-171602
30,3555,-867382,1.21358e+07,-1.04941e+06
30,3556,-1.00442e+07,2.26119e+06,-501897
30,3557,1.1381e+07,5.86205e+06,-710539
30,3558,-1.2043e+07,4.83567e+06,533071
30,3559,1.1043e+07,-3.34222e+06,225669
30,3560,-4.45986e+06,5.52569e+06,-507514
30,3561,1.13277e+07,8.88006e+06,-323292
30,3562,5.19594e+06,-7.10527e+06,-337086
30,3563,1.44183e+07,3.73368e+06,-1.10926e+06
30,3564,3.47832e+06,-8.05291e+06,665154
30,3565,7.3571e+06,1.75131e+06,370032
30,3566,5.22217e+06,6.1002e+06,-769153
30,3567,-858906,7.32041e+06,-642552
30,3568,5.11159e+06,-8.53092e+06,-345524
30,3569,1.0552e+07,7.27396e+06,408618
30,3570,185665,-9.50703e+06,-692833
30,3571,496757,1.41683e+07,-416504
30,3572,-1.27798e+07,-7.05174e+06,-391916
30,3573,-7.07697e+06,1.27118e+07,-1.18136e+06
30,3574,-1.8302e+06,1.48253e+07,1.05108e+06
30,3575,-759678,-8.28958e+06,40691.7
30,3576,-1.39203e+07,-4.96819e+06,-1.40824e+06
30,3577,7.07663e+06,9.45501e+06,705910
30,3578,-1.37606e+07,1.38743e+06,784193
30,3579,-8.15694e+06,189449,-173030
30,3580,1.1364e+07,3.44781e+06,599255
30,3581,-4.02408e+06,-6.44464e+06,-733685
30,3582,6.07267e+06,1.22304e+07,42320.8
30,3583,-1.35129e+06,-8.98517e+06,-324704
30,3584,-2.94652e+06,1.24363e+07,645842
30,3585,-1.72946e+06,7.03551e+06,-1979.04
30,3586,2.65713e+06,6.83448e+06,638578
30,3587,-791764,-1.47753e+07,-733873
30,3588,-5.35162e+06,-7.30764e+06,-693907
30,3589,2.12714e+06,1.4357e+07,1.45507e+06
30,3590,1.64978e+06,-1.07862e+07,-1.08984e+06
30,3591,-1.93097e+06,1.39692e+07,473796
30,3592,6.76317e+06,1.16259e+07,-154644
30,3593,-4.33878e+06,1.00545e+07,-39951.5
30,3594,-6.26469e+06,7.18813e+06,322966
30,3595,1.15964e+06,1.19666e+07,957677
30,3596,-1.3868e+07,-958593,-185575
30,3597,-2.46613e+06,-9.70044e+06,343711
30,3598,-3.86705e+06,-7.63564e+06,-424007
30,3599,-2.02094e+06,-6.85385e+06,206877
30,3600,-1.00795e+07,-1.8365e+06,918577
30,3601,-6.2574e+06,-9.90615e+06,-1.0244e+06
30,3602,-2.82345e+06,7.83455e+06,65568.1
30,3603,-5.86941e+06,1.18314e+07,-379433
30,3604,-466555,9.00078e+06,811079
30,3605,6.58015e+06,1.01207e+07,536882
30,3606,-6.23425e+06,-1.11129e+07,-932462
30,3607,7.90262e+06,6.51739e+06,649409
30,3608,-1.22136e+07,-730277,-384239
30,3609,6.48516e+06,5.39653e+06,793860
30,3610,7.88203e+06,3.34047e+06,792449
30,3611,3.45329e+06,-1.08059e+07,-1.03788e+06
30,3612,-9.34957e+06,6.72775e+06,627068
30,3613,-6.0762e+06,4.03596e+06,436622
30,3614,-1.05403e+07,-3.62222e+06,-899773
30,3615,-3.36914e+06,-7.31524e+06,281970
30,3616,-3.35588e+06,-1.44482e+07,-20042.5
30,3617,1.08757e+07,8.58841e+06,-140526
30,3618,7.22297e+06,5.83285e+06,489609
30,3619,-1.03206e+07,-4.04408e+06,-196734
30,3620,7.83579e+06,7.25157e+06,369316
30,3621,4.42657e+06,-9.4555e+06,-634848
30,3622,-5.08207e+06,-6.96236e+06,597276
30,3623,-1.36066e+06,-1.06373e+07,1.07437e+06
30,3624,-370106,-1.49004e+07,714714
30,3625,4.67729e+06,-7.66503e+06,-170401
30,3626,1.27333e+07,7.33482e+06,-188561
30,3627,-9.55931e+06,6.26177e+06,-662132
30,3628,616813,-1.17228e+07,340108
30,3629,-815569,-8.82759e+06,-431251
30,3630,-2.85305e+06,-7.88148e+06,575363
30,3631,-1.05953e+07,-2.30892e+06,-427956
30,3632,7.2308e+06,8.17169e+06,997379
30,3633,-6.45815e+06,-1.17439e+07,102374
30,3634,-1.3324e+07,269512,-533380
30,3635,-4.77776e+06,-6.72889e+06,710280
30,3636,3.30619e+06,7.53487e+06,-109231
30,3637,-3.82395e+06,1.28834e+07,-661912
30,3638,-1.15755e+07,-2.81795e+06,-1.05046e+06
30,3639,-4.58791e+06,-6.12387e+06,-53351.8
30,3640,-6.23466e+06,-1.33091e+07,-1.44463e+06
30,3641,-9.3843e+06,5.37514e+06,-852282
30,3642,5.02005e+06,-1.3459e+07,-776154
30,3643,8.81472e+06,2.00759e+06,-367660
30,3644,-1.03023e+07,5.38679e+06,1.09416e+06
30,3645,-6.11093e+06,-4.22567e+06,533088
30,3646,1.08246e+07,389478,-557584
30,3647,9.38073e+06,-1.83089e+06,788735
30,3648,6.8278e+06,-1.28903e+07,-432902
30,3649,1.41643e+07,-1.4722e+06,-427116
30,3650,-8.61378e+06,-2.82998e+06,-567899
30,3651,6.89304e+06,-2.19744e+06,617214
30,3652,-7.04529e+06,4.35596e+06,549022
30,3653,-9.79523e+06,7.39526e+06,599776
30,3654,1.27468e+07,-6.19457e+06,-343439
30,3655,7.24692e+06,-4.16946e+06,-682598
30,3656,7.97487e+06,9.97422e+06,-282535
30,3657,5.39968e+06,8.71918e+06,868901
30,3658,5.6409e+06,-4.14628e+06,538182
30,3659,-2.50546e+06,-9.18868e+06,-471136
30,3660,-1.20434e+07,-5.05124e+06,-522036
30,3661,-3.56903e+06,-9.52138e+06,827536
30,3662,-7.14449e+06,-3.67913e+06,-395989
30,3663,1.20443e+07,5.87648e+06,506657
30,3664,-6.76649e+06,-4.94484e+06,563335
30,3665,412447,-1.30341e+07,46538.9
30,3666,-1.1887e+07,-7.54025e+06,1.17812e+06
30,3667,-1.13384e+07,-608842,-631086
30,3668,7.04532e+06,8.8697e+06,838939
30,3669,1.23618e+07,-318767,-1.01096e+06
30,3670,6.53762e+06,-6.07359e+06,-186917
30,3671,7.01762e+06,-8.11751e+06,46827.3
30,3672,6.75678e+06,-5.17417e+06,-800267
30,3673,1.3396e+07,4.57418e+06,469674
30,3674,-1.83122e+06,-7.31497e+06,-704565
30,3675,-1.34164e+07,2.74463e+06,-1.11585e+06
30,3676,-1.26123e+07,675623,-781612
30,3677,-6.29013e+06,3.29537e+06,-589532
30,3678,-1.06286e+06,7.6776e+06,202195
30,3679,1.00763e+07,4.86686e+06,1.05129e+06
30,3680,-978876,1.40231e+07,-1.06372e+06
30,3681,-1.41363e+07,3.35442e+06,-548933
30,3682,1.73734e+06,-1.07595e+07,-723803
30,3683,125063,-1.3139e+07,103397
30,3684,9.27116e+06,1.03889e+07,265908
30,3685,-9.43306e+06,4.79505e+06,-524015
30,3686,7.6276e+06,6.4141e+06,-495425
30,3687,-1.47343e+06,-9.01887e+06,-827151
30,3688,1.99939e+06,1.20015e+07,-1.01976e+06
30,3689,1.30265e+06,9.31537e+06,97864.4
30,3690,9.63338e+06,-1.88856e+06,912543
30,3691,3.11736e+06,-1.00264e+07,-1.02519e+06
30,3692,-294988,-1.13605e+07,-643953
30,3693,3.98395e+06,6.34137e+06,-87063.9
30,3694,-8.22275e+06,7.382e+06,-132648
30,3695,1.49399e+06,-1.06239e+07,-848659
30,3696,-4.78241e+06,-1.22348e+07,635346
30,3697,-1.26661e+07,2.19194e+06,-742711
30,3698,1.09467e+07,-2.7683e+06,199908
30,3699,6.47474e+06,2.79973e+06,697226
30,3700,7.19036e+06,2.37488e+06,-222558
30,3701,-6.31582e+06,1.33318e+07,-265894
30,3702,1.18685e+07,1.99213e+06,959296
30,3703,-1.09224e+07,2.12188e+06,804015
30,3704,-1.30106e+07,6.60966e+06,-957343
30,3705,-1.11562e+07,7.55637e+06,1.17663e+06
30,3706,1.08081e+07,9.72372e+06,1.33113e+06
30,3707,-5.85081e+06,-7.9901e+06,-923981
30,3708,-8.75292e+06,-1.1061e+07,405059
30,3709,-1.41861e+07,-909059,-254414
30,3710,-494741,-1.38641e+07,1.24899e+06
30,3711,-1.08377e+07,9.66338e+06,-153950
30,3712,-4.63983e+06,-7.76386e+06,-245030
30,3713,9.45162e+06,9.28563e+06,-1.01843e+06
30,3714,7.34185e+06,4.54202e+06,207230
30,3715,4.17922e+06,6.98569e+06,-793090
30,3716,5.2026e+06,-1.21603e+07,-895341
30,3717,-1.18593e+07,5.07282e+06,-672327
30,3718,5.03144e+06,1.0845e+07,614698
30,3719,7.16732e+06,-1.64654e+06,-630928
30,3720,9.56502e+06,-6.52783e+06,-1.13392e+06
30,3721,-6.60834e+06,8.77716e+06,176508
30,3722,7.99434e+06,3.68065e+06,221651
30,3723,-7.27471e+06,-7.31644e+06,-597869
30,3724,-8.91136e+06,-3.85213e+06,180777
30,3725,-2.06323e+06,9.75251e+06,-451388
30,3726,-4.01336e+06,7.35932e+06,-504334
30,3727,-1.08726e+07,-5.23495e+06,-283387
30,3728,547618,9.59084e+06,68112.2
30,3729,-5.48401e+06,-1.32436e+07,701207
30,3730,-8.25386e+06,1.08377e+07,-1.19393e+06
30,3731,4.33647e+06,1.11669e+07,165412
30,3732,2.87562e+06,-1.25815e+07,-511714
30,3733,-7.89945e+06,-7.76503e+06,708635
30,3734,1.30025e+07,-812714,-1.28576e+06
30,3735,-588313,1.04531e+07,-797321
30,3736,1.4263e+07,-18923,-912313
30,3737,-1.36858e+06,7.16162e+06,488800
30,3738,8.65196e+06,3.44821e+06,-835634
30,3739,9.54741e+06,-4.14884e+06,-445906
30,3740,8.23677e+06,6.37778e+06,-13388.6
30,3741,-1.83732e+06,1.24269e+07,-510976
30,3742,1.36897e+07,1.06004e+06,374834
30,3743,-3.22175e+06,9.621e+06,319840
30,3744,-1.265e+07,-5.04053e+06,-1.2807e+06
30,3745,-1.04418e+07,2.29424e+06,93636.4
30,3746,1.22542e+07,1.67206e+06,4977.81
30,3747,-6.62571e+06,9.64297e+06,394072
30,3748,-3.79877e+06,7.92426e+06,815417
30,3749,-5.73626e+06,7.92459e+06,187190
30,3750,1.46988e+07,-1.40656e+06,235251
30,3751,5.82008e+06,-3.90391e+06,98399.1
30,3752,4.90952e+06,-8.62687e+06,-198841
30,3753,3.346e+06,-6.45668e+06,66668.1
30,3754,-253045,9.70021e+06,182016
30,3755,-4.06317e+06,7.64905e+06,236494
30,3756,-1.37001e+07,-3.0409e+06,727837
30,3757,-6.56043e+06,-1.13246e+07,-665790
30,3758,-1.28427e+07,5.2557e+06,-1.26838e+06
30,3759,1.07596e+06,-8.85866e+06,-770692
30,3760,-2.59503e+06,-7.72986e+06,641333
30,3761,1.90677e+06,1.18696e+07,-1.0765e+06
30,3762,1.13395e+07,3.66808e+06,268700
30,3763,7.38697e+06,-4.79102e+06,-43847.9
30,3764,5.46559e+06,-6.87259e+06,-432188
30,3765,4.94408e+06,-8.04874e+06,-361322
30,3766,-6.05993e+06,8.26819e+06,-787874
30,3767,-937578,-7.24781e+06,212094
30,3768,-2.80074e+06,8.78681e+06,822776
30,3769,-1.46932e+07,2.31294e+06,900789
30,3770,-3.92685e+06,1.22283e+07,-1.13676e+06
30,3771,4.46626e+06,-6.79555e+06,376173
30,3772,8.26014e+06,9.12709e+06,344561
30,3773,8.52812e+06,-9.96348e+06,-1.28072e+06
30,3774,1.23533e+07,1.66597e+06,515984
30,3775,7.05058e+06,9.79406e+06,642844
30,3776,3.67948e+06,-6.57937e+06,-359043
30,3777,1.1174e+07,-5.61265e+06,-400672
30,3778,-1.07447e+07,2.34396e+06,-754146
30,3779,-332843,-1.16771e+07,976118
30,3780,-1.37544e+07,-1.03393e+06,604533
30,3781,-1.33613e+07,377769,-1.03004e+06
30,3782,5.92304e+06,-8.67179e+06,202968
30,3783,4.88083e+06,1.17686e+07,1.18649e+06
30,3784,-5.63693e+06,-8.48334e+06,-982953
30,3785,1.80961e+06,-7.77579e+06,749123
30,3786,9.24884e+06,2.40657e+06,-265945
30,3787,2.30797e+06,6.74694e+06,360180
30,3788,1.22764e+07,7.70821e+06,167860
30,3789,5.62914e+06,7.04391e+06,-507186
30,3790,1.05879e+07,4.79031e+06,-152881
30,3791,-1.36052e+06,7.95091e+06,-499360
30,3792,-3.49794e+06,-1.35825e+07,1.03539e+06
30,3793,-4.084e+06,9.19908e+06,-240376
30,3794,-901760,-7.08815e+06,-214636
30,3795,-7.63736e+06,-5.65974e+06,-121180
30,3796,-9.31498e+06,1.15561e+07,338148
30,3797,9.48588e+06,-359999,-104190
30,3798,8.30672e+06,8.74307e+06,562399
30,3799,-8.71803e+06,2.70119e+06,700560
30,3800,-1.31804e+07,6.57945e+06,987838
30,3801,4.45562e+06,-5.9388e+06,192261
30,3802,8.50267e+06,-6.79407e+06,752795
30,3803,2.60342e+06,-8.97564e+06,-750028
30,3804,-5.96037e+06,-1.21531e+07,-1.11818e+06
30,3805,-1.08153e+07,-6.19217e+06,235670
30,3806,-1.16505e+06,9.24098e+06,489392
30,3807,-8.60278e+06,2.80237e+06,352566
30,3808,-6.19953e+06,-4.45775e+06,136448
30,3809,-8.66135e+06,8.97565e+06,-127269
30,3810,3.62129e+06,-8.90541e+06,-711369
30,3811,-9.58438e+06,-1.10926e+07,1.13659e+06
30,3812,-5.29448e+06,8.92414e+06,833269
30,3813,5.61966e+06,5.38728e+06,-312451
30,3814,-9.71874e+06,-1.09987e+07,159081
30,3815,-1.10516e+07,6.10567e+06,652207
30,3816,4.84983e+06,-8.8992e+06,-471943
30,3817,-9.09774e+06,-1.49383e+06,-127647
30,3818,-8.13828e+06,9.04495e+06,-656259
30,3819,-9.88151e+06,-4.18465e+06,-768246
30,3820,-4.99243e+06,1.03056e+07,-246316
30,3821,8.46764e+06,-3.66915e+06,338450
30,3822,-5.39881e+06,-7.29773e+06,633710
30,3823,5.07491e+06,-8.8349e+06,-705210
30,3824,-1.30861e+07,-3.55919e+06,-752085
30,3825,1.02243e+07,-579027,581283
30,3826,8.57139e+06,7.81486e+06,-190657
30,3827,8.12257e+06,4.11213e+06,76829.5
30,3828,-6.20449e+06,-1.26569e+07,-706235
30,3829,1.09107e+07,-3.87139e+06,516425
30,3830,1.22778e+07,-2.31122e+06,747611
30,3831,-4.81523e+06,6.46118e+06,751527
30,3832,8.2178e+06,7.18718e+06,-90373.5
30,3833,1.25682e+07,-19089.3,-442779
30,3834,8.20841e+06,-7.4841e+06,-321586
30,3835,7.53896e+06,-2.27302e+06,-18196.7
30,3836,-7.80874e+06,-7.70205e+06,-1.09248e+06
30,3837,-9.43324e+06,1.09408e+07,-297808
30,3838,-6.18596e+06,5.64941e+06,509718
30,3839,1.23875e+07,-5.10323e+06,-259308
30,3840,-1.26242e+07,-748532,769835
30,3841,-8.69404e+06,9.24885e+06,-414748
30,3842,-7.86541e+06,-4.33486e+06,835319
30,3843,6.96413e+06,5.0044e+06,-653849
30,3844,-7.92885e+06,1.06092e+07,-730815
30,3845,-5.84658e+06,-7.89283e+06,91896.4
30,3846,-7.0194e+06,1.08804e+07,-124221
30,3847,6.90565e+06,3.66006e+06,-58977.2
30,3848,-6.98327e+06,-6.25282e+06,-858935
30,3849,5.44237e+06,-5.82733e+06,105714
30,3850,7.08007e+06,-1.05387e+07,-91825.9
30,3851,-1.28854e+07,-2.17959e+06,-725328
30,3852,-9.68701e+06,388986,-355136
30,3853,-5.20866e+06,8.1316e+06,-729659
30,3854,7.26228e+06,2.41734e+06,-596502
30,3855,-7.97478e+06,-5.57591e+06,-607576
30,3856,5.21196e+06,-1.31056e+07,57899.2
30,3857,-8.63188e+06,9.36853e+06,-1.18346e+06
30,3858,9.72892e+06,1.03128e+07,1.27346e+06
30,3859,-4.12987e+06,1.08133e+07,-10359.3
30,3860,1.08621e+07,1.78925e+06,-318277
30,3861,-1.28642e+07,-987494,-660509
30,3862,6.46225e+06,-7.20816e+06,49458.3
30,3863,1.09352e+07,-2.51022e+06,-402048
30,3864,4.26532e+06,-9.94584e+06,560799
30,3865,5.1415e+06,7.53149e+06,366154
30,3866,8.08469e+06,-4.03671e+06,-671113
30,3867,8.90952e+06,3.40695e+06,387982
30,3868,-9.12575e+06,-1.0717e+07,1.23544e+06
30,3869,6.70636e+06,4.37962e+06,542748
30,3870,6.88124e+06,-1.19843e+07,827228
30,3871,1.80908e+06,9.69417e+06,847643
30,3872,-7.70628e+06,5.46701e+06,377223
30,3873,4.10162e+06,-8.36047e+06,-802592
30,3874,-1.05887e+07,-8.09427e+06,194571
30,3875,-1.9904e+06,1.04794e+07,-76640.2
30,3876,-9.06037e+06,-5.48283e+06,-462853
30,3877,4.48458e+06,6.1542e+06,303369
30,3878,4.62748e+06,-5.48287e+06,278942
30,3879,6.88765e+06,-1.11518e+07,-990849
30,3880,-1.35276e+07,-562720,1.04594e+06
30,3881,1.39007e+07,2.2949e+06,-330097
30,3882,-4.70624e+06,-1.01643e+07,-479212
30,3883,-6.7603e+06,5.96729e+06,1692.44
30,3884,1.27167e+06,-1.45523e+07,-206493
30,3885,3.44258e+06,6.5897e+06,-65509.4
30,3886,-1.00028e+07,9.08131e+06,104014
30,3887,1.21758e+07,-7.13352e+06,-802987
30,3888,-2.71861e+06,6.82147e+06,287573
30,3889,1.27973e+07,6.91066e+06,-1.37554e+06
30,3890,1769.55,-1.40051e+07,1.38317e+06
30,3891,-8.86873e+06,4.94168e+06,-666208
30,3892,-6.86732e+06,-3.95335e+06,-215050
30,3893,5.92838e+06,-4.80126e+06,-460593
30,3894,-2.77513e+06,1.26628e+07,812245
30,3895,521368,-7.90446e+06,-637841
30,3896,-869292,-1.05169e+07,-690564
30,3897,6.26324e+06,-6.81763e+06,714319
30,3898,3.41174e+06,6.49674e+06,-562231
30,3899,8.32663e+06,-1.36137e+06,87140.3
30,3900,1.07099e+07,-858852,122377
30,3901,-6.2577e+06,1.05724e+07,-289681
30,3902,1.05527e+07,5.14775e+06,-573639
30,3903,8.50797e+06,1.06485e+06,63262.8
30,3904,-8.67821e+06,7.50942e+06,-531137
30,3905,7.96506e+06,9.26278e+06,45477.3
30,3906,6.58524e+06,1.13566e+07,665460
30,3907,1.20494e+07,4.94823e+06,-1.25742e+06
30,3908,4.98977e+06,1.38919e+07,952270
30,3909,-1.2226e+06,1.1398e+07,-849804
30,3910,-9.26034e+06,5.87135e+06,436316
30,3911,4.99127e+06,-1.33141e+07,-641802
30,3912,7.1369e+06,-1.20209e+07,1.20272e+06
30,3913,1.43018e+06,-1.05712e+07,195544
30,3914,9.44282e+06,-129472,-874306
30,3915,6.58471e+06,-4.99727e+06,-728131
30,3916,-2.88125e+06,-1.37352e+07,-1.30409e+06
30,3917,484543,-1.04219e+07,173387
30,3918,9.87371e+06,-1.059e+07,-484766
30,3919,7.28458e+06,-2.42331e+06,26531.2
30,3920,3.28077e+06,-6.82733e+06,559031
30,3921,-1.15128e+07,3.75305e+06,392848
30,3922,9.96774e+06,-7.70898e+06,1.15194e+06
30,3923,3.49671e+06,-1.04998e+07,1.03094e+06
30,3924,8.10627e+06,1.15196e+06,605082
30,3925,8.18173e+06,2.45635e+06,-581444
30,3926,1.73992e+06,9.91382e+06,-392163
30,3927,-4.02448e+06,-1.42309e+07,627963
30,3928,-648599,-7.72151e+06,371053
30,3929,1.48307e+06,1.21866e+07,-188965
30,3930,-6.46467e+06,-1.21415e+07,640778
30,3931,-1.11571e+07,3.46683e+06,605788
30,3932,-3.28372e+06,-6.74992e+06,748564
30,3933,-3.49945e+06,1.27572e+07,-588162
30,3934,9.89427e+06,-7.36801e+06,192318
30,3935,5.82609e+06,9.57576e+06,483239
30,3936,1.23722e+07,-2.42863e+06,-504070
30,3937,-1.20146e+07,5.09605e+06,152616
30,3938,2.20177e+06,1.33446e+07,-425147
30,3939,-1.18017e+07,-5.78362e+06,-1.07362e+06
30,3940,-8.80184e+06,-5.55194e+06,854099
30,3941,3.12014e+06,-7.89028e+06,-627762
30,3942,165709,8.91098e+06,673957
30,3943,2.18229e+06,-8.31021e+06,-65612.9
30,3944,8.08697e+06,-1.26043e+07,718446
30,3945,-9.15326e+06,-1.05044e+07,959056
30,3946,7.30742e+06,5.40081e+06,210671
30,3947,-9.46183e+06,4.50004e+06,56040.9
30,3948,-6.77533e+06,-7.14631e+06,-927094
30,3949,1.31611e+07,-6.55528e+06,1.28315e+06
30,3950,-9.64053e+06,-2.15851e+06,899589
30,3951,3.71528e+06,-1.37223e+07,-263494
30,3952,3.23946e+06,-1.10373e+07,-522497
30,3953,5.80165e+06,-1.05058e+07,498176
30,3954,-9.19918e+06,-5.62798e+06,1.0572e+06
30,3955,2.79486e+06,-1.14682e+07,535265
30,3956,-2.47448e+06,-1.23663e+07,-114984
30,3957,-1.05642e+07,1.97036e+06,-1.00593e+06
30,3958,4.85146e+06,7.46379e+06,689210
30,3959,5.75874e+06,7.14041e+06,-698770
30,3960,1.25827e+07,655656,-72305.3
30,3961,4.81638e+06,-6.28429e+06,727735
30,3962,-1.37566e+07,5.07821e+06,423924
30,3963,-7.08133e+06,9.43517e+06,-131964
30,3964,2.34089e+06,-7.13018e+06,-389207
30,3965,-1.06257e+07,1.10951e+06,129709
30,3966,-4.67633e+06,-1.27024e+07,441562
30,3967,9.12905e+06,6.50894e+06,-219732
30,3968,1.46409e+07,-247935,675474
30,3969,6.94613e+06,5.43366e+06,-150310
30,3970,-2.26511e+06,-1.36248e+07,1.06246e+06
30,3971,7.99016e+06,8.80628e+06,-917796
30,3972,-6.63265e+06,-3.22327e+06,-379365
30,3973,-4.85777e+06,-1.19143e+07,-468223
30,3974,6.59438e+06,5.2114e+06,399100
30,3975,-4.88381e+06,9.38155e+06,755597
30,3976,-1.16383e+07,-1.50379e+06,571597
30,3977,-5.13181e+06,-1.25122e+07,-162263
30,3978,1.55502e+06,-9.91317e+06,35930.8
30,3979,9.83168e+06,-7.86656e+06,1.04966e+06
30,3980,3.31482e+06,8.59418e+06,-439997
30,3981,-9.01536e+06,9.34283e+06,-849229
30,3982,-3.82079e+06,6.76177e+06,-565965
30,3983,-3.11632e+06,-7.59889e+06,-791058
30,3984,4.6069e+06,-6.44431e+06,547116
30,3985,8.08668e+06,5.22149e+06,394742
30,3986,9.40114e+06,2.96626e+06,-675548
30,3987,-6.72149e+06,-4.47008e+06,643863
30,3988,-1.27273e+07,-4.00638e+06,-207737
30,3989,-1.12587e+07,3.95771e+06,-606467
30,3990,8.81615e+06,-8.76188e+06,-316071
30,3991,-1.25316e+07,5.60919e+06,-270940
30,3992,-2.21349e+06,-6.86504e+06,443941
30,3993,6.98252e+06,1.00892e+07,-975448
30,3994,-9.53858e+06,6.56906e+06,-164225
30,3995,-2.24519e+06,-1.45681e+07,-260064
30,3996,6.93179e+06,1.74492e+06,264179
30,3997,-3.43651e+06,-1.32615e+07,-257870
30,3998,7.10732e+06,-1.2417e+06,703645
30,3999,1.02095e+07,5.05992e+06,93362.9
30,4000,-5.86599e+06,-1.28494e+07,621831
30,4001,5.86551e+06,4.92436e+06,-571611
30,4002,-1.39964e+07,-2.45969e+06,829591
30,4003,7.19682e+06,-3.27297e+06,508299
30,4004,6.32883e+06,-6.09762e+06,-415983
30,4005,-979311,8.55793e+06,707628
30,4006,-6.95925e+06,1.25069e+07,588355
30,4007,4.47751e+06,-1.15588e+07,-504711
30,4008,-5.2928e+06,-9.67883e+06,-1.04821e+06
30,4009,-3.15037e+06,-9.4926e+06,-495205
30,4010,1.43075e+07,2.90891e+06,1.3413e+06
30,4011,8.25366e+06,2.83405e+06,-362306
30,4012,373295,-1.32625e+07,-773419
30,4013,-5.1909e+06,-6.8242e+06,-71860.5
30,4014,1.31554e+07,2.18162e+06,294495
30,4015,1.28321e+07,-360736,459166
30,4016,6.75129e+06,5.72416e+06,249457
30,4017,9.11291e+06,-6.46636e+06,506703
30,4018,-9.20977e+06,6.15281e+06,-211824
30,4019,8.73227e+06,1.16412e+06,131958
30,4020,2.04227e+06,8.43118e+06,-650993
30,4021,8.2978e+06,1.89613e+06,296629
30,4022,-9.37946e+06,-4.02702e+06,279616
30,4023,1.33715e+07,6.2921e+06,-242608
30,4024,-8.86787e+06,1.09802e+06,753008
30,4025,-6.57313e+06,-1.09729e+07,-150298
30,4026,1.20753e+07,2.6705e+06,213304
30,4027,-6.65974e+06,9.26465e+06,-681862
30,4028,1.2593e+07,4.61114e+06,-1.15696e+06
30,4029,-359427,1.05054e+07,516347
30,4030,1.87889e+06,-1.1919e+07,-423217
30,4031,8.50772e+06,-9.72078e+06,-399841
30,4032,7.94453e+06,-5.53032e+06,-873774
30,4033,7.03326e+06,6.7642e+06,-921794
30,4034,-7.26138e+06,3.10538e+06,295321
30,4035,5.62201e+06,-7.42538e+06,-116183
30,4036,1.41622e+07,-4.02799e+06,805489
30,4037,-3.68163e+06,-1.39359e+07,1.1427e+06
30,4038,-5.18093e+06,7.21258e+06,449490
30,4039,5.56995e+06,-8.74349e+06,784348
30,4040,4.35464e+06,-8.30279e+06,-649171
30,4041,-9.57325e+06,-1.28546e+06,-528881
30,4042,-1.01358e+07,-5.67059e+06,-681516
30,4043,-8.9166e+06,-9.94408e+06,-486985
30,4044,6.53639e+06,-5.94802e+06,594161
30,4045,8.55337e+06,2.15957e+06,537820
30,4046,9.49912e+06,7.2047e+06,208300
30,4047,1.81596e+06,-1.04428e+07,-617312
30,4048,5.71994e+06,8.90152e+06,970762
30,4049,-931986,-1.31875e+07,503122
30,4050,9.25713e+06,-4.62656e+06,-885971
30,4051,2.74273e+06,1.31345e+07,-472389
30,4052,2.44872e+06,-1.08572e+07,754623
30,4053,-9.63464e+06,6.50211e+06,1.04062e+06
30,4054,3.13165e+06,-8.40557e+06,200997
30,4055,1.00107e+07,281609,-106942
30,4056,7.15105e+06,5.75726e+06,-781750
30,4057,-7.19747e+06,-6.5894e+06,659587
30,4058,-7.62978e+06,3.67015e+06,-182924
30,4059,4.23407e+06,-1.02678e+07,119151
30,4060,-1.36565e+07,-1.767e+06,286022
30,4061,4.80795e+06,-9.29114e+06,888750
30,4062,5.35108e+06,-1.08147e+07,-1.06688e+06
30,4063,5.17603e+06,1.32574e+07,-693544
30,4064,7.27957e+06,-1.37543e+06,522183
30,4065,8.33829e+06,-1.1624e+07,-58561.2
30,4066,1.41589e+07,-2.58342e+06,7388.65
30,4067,-4.3636e+06,-7.13919e+06,797759
30,4068,9.12339e+06,-1.05195e+07,1.21111e+06
30,4069,2.4862e+06,-1.39179e+07,617546
30,4070,-6.45083e+06,-6.44415e+06,39177.5
30,4071,-1.3846e+07,555380,-1.03352e+06
30,4072,-2.87078e+06,-6.42759e+06,70230.3
30,4073,4.52727e+06,8.51934e+06,-64210.4
30,4074,-4.20553e+06,6.56928e+06,-188393
30,4075,-1.05153e+07,2.04506e+06,-520937
30,4076,-8.61461e+06,1.07573e+07,-746014
30,4077,-3.8787e+06,7.42288e+06,-725939
30,4078,-5.58983e+06,-4.63471e+06,172979
30,4079,1.04678e+06,-1.114e+07,-1.03409e+06
30,4080,1.18798e+07,8.27726e+06,504109
30,4081,6.02459e+06,-5.36515e+06,17279.1
30,4082,-5.50999e+06,-5.26582e+06,-750364
30,4083,-7.57273e+06,-1.07951e+07,-758662
30,4084,9.96704e+06,685243,387122
30,4085,-8.50359e+06,-4.32769e+06,873812
30,4086,9.38504e+06,-374100,249331
30,4087,-8.30926e+06,3.26157e+06,429495
30,4088,9.50544e+06,4.57397e+06,-700070
30,4089,-7.80773e+06,-1.0803e+07,186139
30,4090,4.53223e+06,-6.96014e+06,767272
30,4091,6.33413e+06,3.64003e+06,562961
30,4092,-9.82437e+06,-9.21673e+06,1.2019e+06
30,4093,2.40521e+06,1.19185e+07,556330
30,4094,1.21117e+07,-909590,-695679
30,4095,2.39577e+06,-1.15308e+07,-379346
30,4096,7.77264e+06,-6.34826e+06,-192281
30,4097,9.30586e+06,-7.54099e+06,-695827
30,4098,-4.26313e+06,-1.42302e+07,-11521.8
30,4099,1.0056e+07,-2.7655e+06,-614425
30,4100,-3.55606e+06,8.79326e+06,-400407
30,4101,1.07023e+07,-539554,834793
30,4102,-8.60173e+06,4.30335e+06,326073
30,4103,3.24427e+06,-6.33429e+06,541343
30,4104,-9.91871e+06,9.67689e+06,-105311
30,4105,-5.86148e+06,4.00487e+06,-56157.1
30,4106,1.12604e+07,-8.64126e+06,1.32691e+06
30,4107,1.40471e+07,889589,398298
30,4108,-1.29007e+06,7.43398e+06,118125
30,4109,-6.9356e+06,-1.04639e+07,-1.13517e+06
30,4110,5.22966e+06,5.79092e+06,-638791
30,4111,-2.97067e+06,-7.86523e+06,556939
30,4112,-3.42549e+06,-9.66289e+06,-615722
30,4113,-8.79988e+06,1.18386e+07,1.02194e+06
30,4114,9.69626e+06,-1.07924e+07,-1.2593e+06
30,4115,8.72477e+06,8.44564e+06,-1.20434e+06
30,4116,6.49885e+06,-3.51743e+06,604743
30,4117,-8.32648e+06,-2.75445e+06,800127
30,4118,-8.725e+06,6.65546e+06,-36759.4
30,4119,-1.31881e+07,1.72444e+06,754287
30,4120,-323028,1.04423e+07,-362665
30,4121,-7.6032e+06,-99046.1,-535794
30,4122,-1.19106e+07,6.29858e+06,714714
30,4123,8.65955e+06,-1.1725e+07,1.31962e+06
30,4124,5.67598e+06,1.00014e+07,1.00381e+06
30,4125,9.30257e+06,-1.03788e+07,538989
30,4126,1.19155e+07,1.28493e+06,594989
30,4127,-695346,7.70064e+06,79594.2
30,4128,1.05192e+07,1.23692e+06,687159
30,4129,-5.67314e+06,-1.28318e+07,115231
30,4130,1.05851e+07,1.0156e+07,698480
30,4131,-6.05933e+06,5.26291e+06,137179
30,4132,1.28733e+07,473013,-617210
30,4133,-1.10219e+07,-2.49759e+06,311111
30,4134,-9.05635e+06,-2.56564e+06,-584609
30,4135,-7.42511e+06,-4.11516e+06,314950
30,4136,5.553e+06,5.70679e+06,103963
30,4137,-7.27052e+06,5.57023e+06,-181788
30,4138,8.40276e+06,282576,594624
30,4139,-4.48033e+06,-1.19043e+07,118297
30,4140,1.16535e+07,-4.79361e+06,417640
30,4141,-8.14851e+06,-4.09632e+06,-105181
30,4142,-1.13304e+07,-1.44286e+06,820886
30,4143,4.40278e+06,1.13434e+07,-1.06603e+06
30,4144,1.03176e+07,1.20813e+06,-377611
30,4145,-7.16208e+06,6.83276e+06,951709
30,4146,-1.0989e+06,9.34097e+06,-698283
30,4147,6.15319e+06,9.22053e+06,257838
30,4148,-7.18546e+06,-4.0001e+06,537216
30,4149,-6.53378e+06,3.34464e+06,-57154.3
30,4150,-1.30904e+07,2.50223e+06,180012
30,4151,-1.23329e+07,-5.04351e+06,-377683
30,4152,-742964,-7.6296e+06,569812
30,4153,1.3266e+07,-6.41234e+06,877440
30,4154,2.55928e+06,-1.1874e+07,-164984
30,4155,-6.97535e+06,9.45701e+06,-407390
30,4156,-1.25377e+07,3.55514e+06,-750985
30,4157,5.61525e+06,-6.52714e+06,306146
30,4158,-9.34142e+06,6.4772e+06,-157274
30,4159,-7.20976e+06,1.86307e+06,440335
30,4160,-7.61264e+06,6.57139e+06,-976924
30,4161,1.04951e+07,1.87705e+06,149995
30,4162,6.07922e+06,-9.23083e+06,180772
30,4163,-9.50765e+06,-1.1739e+06,382751
30,4164,-5.43987e+06,-5.48476e+06,644909
30,4165,-6.41445e+06,-6.83532e+06,603102
30,4166,-2.03313e+06,-1.08986e+07,-419191
30,4167,-4.49708e+06,-8.30064e+06,387965
30,4168,2.1215e+06,1.43397e+07,-92137.8
30,4169,7.78491e+06,4.52108e+06,-174209
30,4170,-1.47232e+06,9.87532e+06,-405525
30,4171,9.85512e+06,-494987,558905
30,4172,5.4234e+06,-5.27928e+06,201743
30,4173,-7.83347e+06,1.17531e+07,-100225
30,4174,-2.15871e+06,1.3955e+07,1.17608e+06
30,4175,1.35375e+07,-1.49309e+06,-478870
30,4176,-4.4856e+06,7.62833e+06,806680
30,4177,-8.78184e+06,-4.03116e+06,-186130
30,4178,3.35955e+06,9.59859e+06,75404
30,4179,1.30421e+07,4.36605e+06,1.07273e+06
30,4180,-9.03282e+06,-8.37786e+06,310250
30,4181,-8.1561e+06,4.57876e+06,560418
30,4182,-9.27672e+06,1.56348e+06,-906401
30,4183,-1.12702e+07,6.21099e+06,65259.7
30,4184,7.90911e+06,-191906,-312595
30,4185,-1.0435e+07,-6.04676e+06,688333
30,4186,550229,-9.33198e+06,-219668
30,4187,-4.62331e+06,-9.17354e+06,584605
30,4188,1.00672e+07,-7.10795e+06,-529794
30,4189,9.54176e+06,1.05133e+07,453117
30,4190,-1.13712e+07,199840,-430247
30,4191,5.64474e+06,9.47169e+06,-288202
30,4192,-6.88679e+06,-3.58522e+06,-628816
30,4193,7.0026e+06,4.41934e+06,-196532
30,4194,1.15011e+07,-7.41713e+06,-1.17456e+06
30,4195,-4.67509e+06,-1.11345e+07,81554.7
30,4196,1.08649e+06,1.2288e+07,-25547
30,4197,8.45233e+06,5.57234e+06,254230
30,4198,-1.91095e+06,1.07938e+07,-57682.6
30,4199,4.36954e+06,-1.24521e+07,394730
30,4200,-9.45763e+06,-5.08759e+06,-246974
30,4201,-6.17249e+06,5.1087e+06,48590.1
30,4202,1.08972e+07,-4.45471e+06,653580
30,4203,3.56239e+06,7.37447e+06,-655545
30,4204,-3.33035e+06,-1.24052e+07,1.25326e+06
30,4205,5.32511e+06,-9.82457e+06,170832
30,4206,-2.36982e+06,-1.37848e+07,399785
30,4207,-1.76703e+06,-1.13832e+07,-185103
30,4208,7.47037e+06,2.14653e+06,-32595.1
30,4209,1.028e+07,5.75989e+06,-502457
30,4210,-8.75308e+06,-3.86133e+06,-424034
30,4211,3.7578e+06,6.77664e+06,-505812
30,4212,-3.10044e+06,1.33743e+07,589816
30,4213,1.14358e+07,-1.47731e+06,-524205
30,4214,7.74682e+06,2.85449e+06,-427964
30,4215,1.06209e+07,6.50825e+06,-636507
30,4216,-1.18763e+07,-7.01081e+06,-1.19022e+06
30,4217,6.72858e+06,2.96476e+06,651188
30,4218,7.86128e+06,-1.12803e+07,1.16926e+06
30,4219,-2061.72,1.10399e+07,-217820
30,4220,9.19476e+06,-8.83265e+06,-165511
30,4221,1.0306e+07,-4.50679e+06,-884699
30,4222,7.35779e+06,1.1791e+07,-44857.1
30,4223,-6.85184e+06,-5.43691e+06,102442
30,4224,6.70228e+06,-7.46864e+06,320794
30,4225,7.29982e+06,1.04318e+07,977533
30,4226,1.20297e+06,8.22587e+06,-619360
30,4227,8.12326e+06,-6.66886e+06,-520697
30,4228,5.82904e+06,-8.1098e+06,235330
30,4229,2.74824e+06,1.2707e+07,563210
30,4230,8.80646e+06,-494411,105619
30,4231,9.11491e+06,8.62608e+06,-626289
30,4232,-6.39078e+06,4.99374e+06,-350244
30,4233,9.85513e+06,8.24158e+06,648136
30,4234,1.96465e+06,7.08589e+06,429658
30,4235,-1.27719e+07,1.73997e+06,-1.16317e+06
30,4236,-9.98833e+06,6.4155e+06,-435752
30,4237,-1.12051e+07,4.52169e+06,-987042
30,4238,2.70205e+06,-1.40132e+07,-1.26946e+06
30,4239,9.58253e+06,5.74959e+06,754891
30,4240,5.38896e+06,1.05532e+07,-1.13916e+06
30,4241,-7.22278e+06,-564521,339676
30,4242,1.21257e+06,7.8692e+06,-275079
30,4243,-6.91409e+06,5.35296e+06,104231
30,4244,1.21509e+07,-2.63457e+06,1.07391e+06
30,4245,-963517,-1.14737e+07,1.04097e+06
30,4246,7.61806e+06,493439,-719720
30,4247,1.10825e+06,-1.14493e+07,-305835
30,4248,-1.12445e+07,-1.34498e+06,-919712
30,4249,9.44627e+06,1.36082e+06,-744410
30,4250,6.59325e+06,-1.17464e+07,814388
30,4251,3.6087e+06,-1.22882e+07,438088
30,4252,-5.97906e+06,-1.08161e+07,34706.6
30,4253,-1.03326e+06,-9.84474e+06,-398770
30,4254,-1.04263e+07,4.43919e+06,-506532
30,4255,-973285,1.47547e+07,-564229
30,4256,3.86171e+06,-7.33737e+06,143558
30,4257,5.26552e+06,-1.067e+07,-373884
30,4258,2.51876e+06,8.16002e+06,397475
30,4259,3.04616e+06,1.14859e+07,-844859
30,4260,-5.34516e+06,-5.85221e+06,-794743
30,4261,-5.63494e+06,4.38722e+06,273293
30,4262,-1.14338e+07,5.17702e+06,479827
30,4263,1.10518e+07,-1.42606e+06,-753308
30,4264,-1.1774e+07,468402,-720856
30,4265,-2.2433e+06,1.28012e+07,-307498
30,4266,168325,9.99633e+06,-138540
30,4267,-202625,-1.07698e+07,571494
30,4268,-6.76067e+06,-4.71529e+06,654288
30,4269,-7.78129e+06,1.11338e+06,393756
30,4270,9.48586e+06,7.16778e+06,-245866
30,4271,1.10347e+07,-101929,-710199
30,4272,-1.06759e+07,1.02973e+07,-890028
30,4273,-7.6381e+06,-6.90415e+06,-590510
30,4274,5.8291e+06,-7.22745e+06,929545
30,4275,5.49381e+06,7.78594e+06,559246
30,4276,9.38649e+06,7.07896e+06,1.05318e+06
30,4277,-5.21748e+06,-5.55855e+06,-115934
30,4278,2.44346e+06,1.11811e+07,430731
30,4279,-1.42206e+07,3.63431e+06,67391
30,4280,7.03568e+06,-5.41629e+06,838971
30,4281,-1.27138e+07,-3.67767e+06,1.21242e+06
30,4282,-8.18187e+06,894841,61883.9
30,4283,3.71137e+06,-1.02796e+07,372557
30,4284,-4.74004e+06,6.45597e+06,-257767
30,4285,-3.13543e+06,1.10553e+07,-881225
30,4286,7.36736e+06,-9.70419e+06,1.05425e+06
30,4287,3.02172e+06,-1.44293e+07,-1.0641e+06
30,4288,-1.12678e+07,7.98508e+06,635431
30,4289,5.49443e+06,-9.81581e+06,-167586
30,4290,-6.92448e+06,-2.82423e+06,-492121
30,4291,-1.44845e+07,-2.64125e+06,157709
30,4292,-9.98415e+06,-1.01634e+07,-562360
30,4293,-9.33901e+06,-294831,686163
30,4294,1.29841e+07,-2.92238e+06,-1.14225e+06
30,4295,7.89863e+06,4.58942e+06,459000
30,4296,6.44778e+06,4.94574e+06,100201
30,4297,-2.05003e+06,-1.00857e+07,-26722.6
30,4298,-9.34304e+06,4.50856e+06,772862
30,4299,-5.24897e+06,8.69507e+06,-328040
30,4300,5.64e+06,-6.42796e+06,-605191
30,4301,-3.12899e+06,1.3875e+07,1.13859e+06
30,4302,-1.1506e+07,-6.7087e+06,451569
30,4303,-8.48175e+06,-4.49355e+06,-398669
30,4304,1.13143e+06,-1.01419e+07,-522989
30,4305,-9.86523e+06,9.52132e+06,88208
30,4306,-5.93467e+06,-1.32623e+07,423206
30,4307,1.112e+07,-6.08671e+06,-638089
30,4308,-9.70745e+06,6.79493e+06,-1.16039e+06
30,4309,-3.82595e+06,7.0279e+06,103991
30,4310,3.74891e+06,-1.35417e+07,149874
30,4311,-1.91566e+06,7.34259e+06,-202252
30,4312,1.09189e+07,4.91365e+06,72297.7
30,4313,-3.76287e+06,-1.36785e+07,843843
30,4314,3.17543e+06,1.20027e+07,-969087
30,4315,-4.4196e+06,-1.28982e+07,204684
30,4316,-6.62145e+06,-5.29299e+06,-796682
30,4317,-3.21622e+06,7.27072e+06,-89429.3
30,4318,5.64983e+06,5.60225e+06,359572
30,4319,-1.12588e+07,-2.60957e+06,-109935
30,4320,1.40141e+07,4.70303e+06,-945435
30,4321,7.84002e+06,9.31889e+06,217699
30,4322,1.13494e+07,-1.90558e+06,884043
30,4323,1.08724e+07,9.6315e+06,1.07134e+06
30,4324,-5.22093e+06,-6.09452e+06,353325
30,4325,-5.38774e+06,-6.25275e+06,-740505
30,4326,8.29928e+06,-4.25412e+06,-613029
30,4327,-7.11383e+06,2.38755e+06,526820
30,4328,-4.84631e+06,5.84029e+06,607824
30,4329,-3.15395e+06,7.27912e+06,442032
30,4330,5.75305e+06,-9.73926e+06,-880346
30,4331,1.32127e+07,-5.54836e+06,-989401
30,4332,7.26729e+06,-234537,-25797.2
30,4333,-8.50349e+06,-7.82689e+06,670220
30,4334,4.49229e+06,1.27065e+07,-710483
30,4335,6.07645e+06,-1.26246e+07,329627
30,4336,-1.22877e+06,-1.48828e+07,-849575
30,4337,-1.18767e+07,6.85688e+06,-1.27581e+06
30,4338,1.00966e+06,-9.47731e+06,879532
30,4339,-2387.06,9.20842e+06,117139
30,4340,-126052,-1.34919e+07,161795
30,4341,419841,1.20427e+07,-162489
30,4342,6.87596e+06,-5.83157e+06,-699852
30,4343,-978101,1.23993e+07,-60747.2
30,4344,-4.348e+06,8.31658e+06,-449963
30,4345,-8.77422e+06,9.60459e+06,589289
30,4346,-1.01254e+07,-3.29562e+06,92174.5
30,4347,-1.00367e+07,1.08516e+07,-865111
30,4348,6.34162e+06,1.2775e+07,955297
30,4349,-4.2562e+06,-6.98761e+06,-572574
30,4350,-1.3128e+07,-5.8596e+06,-491042
30,4351,-5.75501e+06,5.7225e+06,332850
30,4352,52397.2,1.00783e+07,156017
30,4353,5.04014e+06,9.0031e+06,-715040
30,4354,1.25083e+07,-1.8314e+06,-675407
30,4355,1.11444e+07,7.03955e+06,-312234
30,4356,-1.48364e+06,1.09533e+07,65379.7
30,4357,1.32262e+07,-4.6389e+06,-1.12204e+06
30,4358,9.11097e+06,-995310,-421022
30,4359,-446712,1.25286e+07,-360199
30,4360,5.43245e+06,-6.54444e+06,651985
30,4361,4.36039e+06,-8.29542e+06,-265710
30,4362,616419,-7.76638e+06,150237
30,4363,-376522,9.14584e+06,873150
30,4364,5.24051e+06,-1.28328e+07,-1.03309e+06
30,4365,2.70117e+06,1.2698e+07,1.24318e+06
30,4366,-4.61921e+06,5.80181e+06,-105788
30,4367,1.54967e+06,-1.35008e+07,-339801
30,4368,6.03196e+06,-9.7571e+06,-1.10865e+06
30,4369,1.26763e+07,-4.21507e+06,-1.25377e+06
30,4370,-4.29401e+06,5.95262e+06,-606217
30,4371,-1.25824e+06,-1.076e+07,144935
30,4372,-4.64687e+06,-7.19566e+06,316729
30,4373,8.5961e+06,1.16137e+07,556048
30,4374,-1.42828e+07,-304092,-394940
30,4375,5.7585e+06,-6.06628e+06,-176878
30,4376,8.42889e+06,-1.16688e+07,-355196
30,4377,1.13777e+07,2.14619e+06,-548645
30,4378,-5.39081e+06,-1.14734e+07,-371832
30,4379,1.02898e+06,1.34291e+07,-104319
30,4380,-5.95669e+06,8.93167e+06,978787
30,4381,-1.21503e+07,-3.23456e+06,26439.7
30,4382,-5.89602e+06,5.79845e+06,285768
30,4383,5.98294e+06,-1.30819e+07,-574552
30,4384,8.95698e+06,5.36066e+06,-832170
30,4385,-1.05195e+07,-2.21384e+06,-507637
30,4386,-3.33281e+06,-1.16658e+07,-487655
30,4387,3.43294e+06,1.26079e+07,115639
30,4388,-1.29893e+07,-3.24963e+06,1.09484e+06
30,4389,-6.22488e+06,-4.12495e+06,92194.7
30,4390,6.29233e+06,-1.05341e+07,554579
30,4391,-3.38056e+06,1.28828e+07,-299709
30,4392,-1.12345e+07,-4.11153e+06,1.10627e+06
30,4393,-5.21679e+06,6.70304e+06,123565
30,4394,1.26558e+07,-5.83523e+06,-457139
30,4395,-6.74343e+06,3.36256e+06,-159182
30,4396,-1.35729e+07,6.10004e+06,-578453
30,4397,-8.01443e+06,5.81636e+06,637570
30,4398,-3.2935e+06,6.86595e+06,711963
30,4399,-166380,-8.21984e+06,-236116
30,4400,9.3336e+06,6.96447e+06,-451061
30,4401,1.07724e+06,1.09537e+07,92157.9
30,4402,-4.95591e+06,-7.18637e+06,707306
30,4403,1.37717e+06,7.54109e+06,528668
30,4404,1.05226e+07,5.87672e+06,-32899.3
30,4405,2.51771e+06,8.26973e+06,763584
30,4406,-4.17185e+06,-1.23911e+07,-683239
30,4407,5.60193e+06,-5.58439e+06,-783945
30,4408,-1.93562e+06,9.91669e+06,142197
30,4409,-3.55997e+06,8.2465e+06,629682
30,4410,7.05693e+06,9.47401e+06,535385
30,4411,-7.984e+06,3.34405e+06,253805
30,4412,-6.97525e+06,5.94571e+06,429425
30,4413,-1.41601e+07,-2.79694e+06,-1.41905e+06
30,4414,-7.91696e+06,5.60939e+06,-312134
30,4415,-6.88907e+06,-7.87113e+06,-793997
30,4416,-9.1522e+06,-644619,-338488
30,4417,-1.35936e+07,6.07164e+06,1.10306e+06
30,4418,7.40179e+06,-1.20174e+07,-1.28244e+06
30,4419,9.90424e+06,1.06161e+07,-1.35582e+06
30,4420,3.32762e+06,9.7418e+06,-650957
30,4421,-109787,9.29563e+06,343657
30,4422,-8.0864e+06,-2.46636e+06,824810
30,4423,-6.39268e+06,-8.21984e+06,980237
30,4424,-7.15126e+06,3.76402e+06,566728
30,4425,-1.15038e+07,-8.69762e+06,-1.03018e+06
30,4426,6.34676e+06,1.2709e+07,-418086
30,4427,-9.50639e+06,3.06178e+06,580134
30,4428,-2.36499e+06,-1.31449e+07,-1.28029e+06
30,4429,920.829,-1.15181e+07,-127552
30,4430,6.65492e+06,-1.29433e+07,402218
30,4431,-4.11686e+06,-6.23813e+06,616352
30,4432,5.43904e+06,-8.42556e+06,-374851
30,4433,-6.73616e+06,-9.38662e+06,411418
30,4434,1.19052e+06,1.3994e+07,-667939
30,4435,5.42239e+06,1.1409e+07,-90260.5
30,4436,4.34583e+06,5.68503e+06,255934
30,4437,9.58989e+06,8.71827e+06,-706440
30,4438,-7.18663e+06,2.95277e+06,-581833
30,4439,-987591,-1.04448e+07,384908
30,4440,-4.06324e+06,-8.26521e+06,789578
30,4441,-4.83668e+06,8.49944e+06,139704
30,4442,-5.01549e+06,-7.40579e+06,595088
30,4443,-4.40093e+06,-9.71977e+06,324162
30,4444,2.74975e+06,6.7481e+06,574421
30,4445,2.90803e+06,-1.41643e+07,1.22104e+06
30,4446,-65471.3,9.4465e+06,-218586
30,4447,2.9312e+06,-6.80343e+06,719269
30,4448,-1.27209e+07,-4.75598e+06,-556319
30,4449,-5.79159e+06,6.32617e+06,286435
30,4450,9.73245e+06,-4.07216e+06,748538
30,4451,5.12964e+06,5.89513e+06,275446
30,4452,2.45556e+06,-8.49705e+06,161581
30,4453,-8.78341e+06,973272,-165977
30,4454,1.36236e+07,2.96013e+06,1.10597e+06
30,4455,-774243,-1.21316e+07,-1.21317e+06
30,4456,-1.01191e+07,-6.49767e+06,89475.8
30,4457,-1.23854e+07,-4.71657e+06,948064
30,4458,3.24106e+06,-8.22756e+06,-567784
30,4459,1.26248e+07,-4.77511e+06,-443675
30,4460,-5.94425e+06,-9.49173e+06,-944034
30,4461,-7.13566e+06,8.2692e+06,815006
30,4462,-4.10522e+06,-1.33916e+07,436347
30,4463,-8.69684e+06,9.48313e+06,-245722
30,4464,1.06316e+07,-4.16462e+06,511813
30,4465,1.64022e+06,-1.12856e+07,-294505
30,4466,-1.09539e+07,6.68245e+06,-565761
30,4467,-4.42202e+06,-1.10236e+07,-96688.8
30,4468,-3.78985e+06,-1.08656e+07,616649
30,4469,-8.7439e+06,1.10702e+07,1.27718e+06
30,4470,3.0096e+06,-1.1708e+07,483192
30,4471,7.68672e+06,3.93593e+06,390984
30,4472,-3.10151e+06,-1.06458e+07,-51348.2
30,4473,-2.26626e+06,9.21322e+06,437663
30,4474,-1.82838e+06,-9.02856e+06,-213774
30,4475,8.06439e+06,1.03797e+07,-776403
30,4476,-1.15175e+07,-4.76795e+06,-739049
30,4477,-2.4697e+06,1.40048e+07,-224490
30,4478,-6.70639e+06,5.41302e+06,-14394
30,4479,1.32076e+06,-9.26629e+06,-198540
30,4480,3.25254e+06,1.24132e+07,-315617
30,4481,615358,-7.03549e+06,177752
30,4482,-1.30412e+07,3.55967e+06,811306
30,4483,1.21575e+07,453403,-599729
30,4484,-7.88622e+06,-7.53878e+06,-950124
30,4485,-1.21223e+07,-3.58207e+06,65167.1
30,4486,-7.57787e+06,-5.3823e+06,-880786
30,4487,-535235,-7.49386e+06,-267617
30,4488,2.33521e+06,9.4922e+06,-106296
30,4489,-2.52261e+06,6.97372e+06,40211.4
30,4490,1.07212e+07,166721,-238546
30,4491,-1.00679e+07,-421435,-624827
30,4492,-1.24935e+07,-6.2819e+06,-862138
30,4493,1.29402e+07,3.00895e+06,1.28611e+06
30,4494,-1.20971e+07,-6.80384e+06,-1.08108e+06
30,4495,-1.80733e+06,8.52101e+06,-451426
30,4496,1.03824e+07,-3.57161e+06,-122579
30,4497,-4.44997e+06,-1.14224e+07,912601
30,4498,-6.11328e+06,3.91403e+06,413614
30,4499,1.21974e+07,-5.80385e+06,548121
30,4500,-8.90676e+06,-524065,-836715
30,4501,-1.14069e+07,-4.23797e+06,406143
30,4502,-5.39081e+06,-1.33872e+07,-518438
30,4503,5.40507e+06,-6.65565e+06,-524650
30,4504,2.02517e+06,8.04188e+06,14658.4
30,4505,7.44502e+06,-2.81346e+06,744050
30,4506,1.42487e+07,3.74095e+06,1.31806e+06
30,4507,1.40576e+07,-5.1481e+06,511982
30,4508,8.92174e+06,8.86128e+06,942997
30,4509,-3.27669e+06,6.68094e+06,732974
30,4510,6.87633e+06,7.7128e+06,972536
30,4511,5.5675e+06,1.37491e+07,1.08413e+06
30,4512,-7.56116e+06,6.71434e+06,-480195
30,4513,-1.05375e+06,7.25239e+06,-655457
30,4514,-7.41958e+06,-1.22853e+07,1.11191e+06
30,4515,8.48295e+06,9.43658e+06,1.1209e+06
30,4516,-8.31532e+06,1.14568e+07,-1.102e+06
30,4517,-1.53427e+06,-1.24997e+07,1.0015e+06
30,4518,4.48941e+06,5.90766e+06,145750
30,4519,1.16462e+07,2.6797e+06,-246351
30,4520,-704479,-1.16442e+07,-429079
30,4521,4.41272e+06,-9.88644e+06,985382
30,4522,-376387,8.80038e+06,776609
30,4523,-1.81758e+06,-1.0001e+07,228227
30,4524,-5.11721e+06,-7.74195e+06,288763
30,4525,9.35862e+06,6.99194e+06,1.16059e+06
30,4526,-6.42118e+06,-7.89046e+06,786293
30,4527,1.73814e+06,-1.0193e+07,978487
30,4528,-8.25589e+06,5.3524e+06,799695
30,4529,8.0756e+06,1.68535e+06,675911
30,4530,1.33475e+07,-2.15182e+06,-1.19754e+06
30,4531,6.36946e+06,5.23382e+06,302448
30,4532,-7.62282e+06,9.00966e+06,-1.04725e+06
30,4533,-1.08504e+07,-5.31239e+06,-937079
30,4534,4.33845e+06,1.35781e+07,694718
30,4535,-1.22656e+07,-6.87835e+06,-712552
30,4536,7.26078e+06,-6.07394e+06,-382075
30,4537,1.28897e+07,-625338,1.29421e+06
30,4538,5.35112e+06,-9.85466e+06,1.1029e+06
30,4539,-346581,9.96169e+06,-770423
30,4540,5.09301e+06,-6.33193e+06,144157
30,4541,3.59078e+06,-1.35123e+07,485995
30,4542,1.12446e+07,3.7125e+06,883202
30,4543,-9.50538e+06,-3.95559e+06,-987191
30,4544,1.19585e+07,-8.17911e+06,125398
30,4545,-3.06192e+06,-1.11945e+07,-546512
30,4546,-3.83257e+06,-7.86374e+06,-693350
30,4547,-1.06255e+07,293671,-252274
30,4548,-5.37538e+06,6.55574e+06,-275440
30,4549,-4.82208e+06,-9.82664e+06,1.02792e+06
30,4550,5.84088e+06,-5.67788e+06,-351703
30,4551,-1.11745e+07,-3.56793e+06,133594
30,4552,-9.52369e+06,8.52e+06,-462487
30,4553,2.41301e+06,1.35818e+07,-883307
30,4554,1.52116e+06,6.96066e+06,26393.2
30,4555,-496819,1.12558e+07,-966048
30,4556,817465,-1.28671e+07,1.28787e+06
30,4557,1.27454e+07,-6.20365e+06,846356
30,4558,8.10874e+06,8.73766e+06,291632
30,4559,5.74289e+06,-4.7421e+06,-27065.5
30,4560,1.18505e+07,4.22034e+06,86158.8
30,4561,-2.24686e+06,9.13564e+06,-207607
30,4562,-6.89688e+06,1.22722e+06,-18810.2
30,4563,-1.3231e+07,4.25991e+06,-379378
30,4564,-1.34153e+07,-6.6156e+06,-81925.2
30,4565,4.15641e+06,-1.01434e+07,-349368
30,4566,566175,-1.00606e+07,-862503
30,4567,-1.26719e+07,5.76001e+06,226316
30,4568,-1.48121e+06,1.29356e+07,1.01837e+06
30,4569,-1.47726e+07,370882,1.29457e+06
30,4570,5.65481e+06,-4.13295e+06,-264672
30,4571,1.10253e+06,9.42139e+06,-347227
30,4572,7.32063e+06,-4.66425e+06,693998
30,4573,4.68651e+06,6.23177e+06,565316
30,4574,4.78029e+06,9.00091e+06,21743.6
30,4575,1.79853e+06,1.01655e+07,455997
30,4576,9.62312e+06,7.18042e+06,1.02386e+06
30,4577,-197461,1.14463e+07,-673165
30,4578,-7.27531e+06,3.48335e+06,-588790
30,4579,5.97517e+06,8.41611e+06,323748
30,4580,-1.25829e+07,-4.22515e+06,478160
30,4581,-9.23286e+06,-1.11827e+07,-394060
30,4582,6.9075e+06,-7.99677e+06,-781733
30,4583,-8.39531e+06,-4.65602e+06,338735
30,4584,-5.58851e+06,1.18207e+07,-927563
30,4585,1.28667e+07,6.88068e+06,-1.18202e+06
30,4586,4.78278e+06,-9.84257e+06,601301
30,4587,9.00105e+06,1.13643e+07,-360372
30,4588,6.09424e+06,-6.96819e+06,-21555.5
30,4589,-1.65969e+06,-7.01958e+06,-160511
30,4590,8.9384e+06,-6.80814e+06,-547013
30,4591,-944606,8.86735e+06,-288758
30,4592,-2.34463e+06,-7.48695e+06,-459463
30,4593,2.91946e+06,1.40928e+07,-703875
30,4594,1.29003e+06,-9.28607e+06,-135719
30,4595,3.09771e+06,-1.31447e+07,1.1628e+06
30,4596,1.22806e+07,4.33473e+06,879754
30,4597,1.44581e+07,-410960,-1.08598e+06
30,4598,3.54272e+06,1.13529e+07,-565246
30,4599,1.28579e+07,-1.64254e+06,245918
30,4600,1.37138e+07,933110,-1.27741e+06
30,4601,-9.11116e+06,7.40065e+06,916752
30,4602,-8.65215e+06,3.71445e+06,52545.9
30,4603,7.81669e+06,-4.82162e+06,-65130.8
30,4604,6.24611e+06,-8.29785e+06,-390674
30,4605,9.59948e+06,9.5099e+06,-858351
30,4606,8.14829e+06,-1.21184e+07,-327439
30,4607,1.1381e+07,-4.07222e+06,-697283
30,4608,-7.1914e+06,-1.95778e+06,-533417
30,4609,6.70006e+06,-5.16117e+06,-835665
30,4610,-1.3438e+07,-1.60584e+06,160489
30,4611,-1.1283e+07,4.99116e+06,-950265
30,4612,435133,-7.79837e+06,-436049
30,4613,7.15848e+06,-689857,692740
30,4614,9.85324e+06,1.79186e+06,455431
30,4615,9.50503e+06,9.7436e+06,-994105
30,4616,1.20339e+07,-6.23866e+06,789058
30,4617,-7.41771e+06,4.36021e+06,173507
30,4618,1.8183e+06,8.07238e+06,-359412
30,4619,-1.10146e+07,-935311,695679
30,4620,1.12202e+07,-6.55628e+06,866435
30,4621,-4.5936e+06,7.77558e+06,764.273
30,4622,5.96068e+06,-3.82944e+06,-647092
30,4623,-8.60277e+06,-4.21425e+06,34175.1
30,4624,-1.20039e+07,-2.27618e+06,-662779
30,4625,7.29362e+06,-4.555e+06,-406115
30,4626,-7.98224e+06,4.62207e+06,-666148
30,4627,-5.45699e+06,-9.5972e+06,632098
30,4628,7.47165e+06,1.02587e+07,-111504
30,4629,7.23353e+06,1.04263e+06,-87470
30,4630,-3.47601e+06,-8.31757e+06,404458
30,4631,1.11007e+06,-1.40618e+07,-1.27784e+06
30,4632,-1.63094e+06,9.83616e+06,-227058
30,4633,6.64251e+06,4.94426e+06,34741.5
30,4634,-3.63207e+06,-1.22347e+07,-125207
30,4635,-1.10909e+07,-1.32798e+06,428122
30,4636,-1.61921e+06,-7.20276e+06,121323
30,4637,8.08871e+06,2.79706e+06,-671264
30,4638,775602,-1.11646e+07,-370170
30,4639,9.24807e+06,-3.84763e+06,-575446
30,4640,-4.51342e+06,6.38681e+06,384810
30,4641,-1.0411e+07,5.88016e+06,1.11448e+06
30,4642,1.18386e+07,5.03449e+06,629863
30,4643,-4.0196e+06,-5.94986e+06,-416019
30,4644,-4.76082e+06,1.15975e+07,936895
30,4645,-6.93654e+06,-6.76111e+06,-414889
30,4646,2.93124e+06,-1.40157e+07,-735723
30,4647,-9.21993e+06,1.12994e+07,443059
30,4648,1.27294e+07,2.01831e+06,1.1863e+06
30,4649,3.41015e+06,9.11456e+06,683571
30,4650,1.06713e+07,6.67352e+06,-965790
30,4651,1.12238e+07,5.89417e+06,1.0601e+06
30,4652,-6.76229e+06,1.10178e+07,-354429
30,4653,-7.22687e+06,8.33831e+06,626156
30,4654,-1.26768e+07,-7.63228e+06,-159695
30,4655,-4.83121e+06,-7.32677e+06,325790
30,4656,1.22326e+07,2.2719e+06,995178
30,4657,-156603,-9.69056e+06,503948
30,4658,-9.74257e+06,7.34586e+06,264506
30,4659,772776,-7.25723e+06,-585426
30,4660,7.95547e+06,6.30497e+06,685240
30,4661,-3.95973e+06,-1.06847e+07,416231
30,4662,9.109e+06,1.02677e+07,438599
30,4663,1.13265e+07,2.41206e+06,-692269
30,4664,8.11149e+06,4.20532e+06,-265487
30,4665,-6.72814e+06,-2.5797e+06,-416019
30,4666,7.97005e+06,-4.78494e+06,5235.9
30,4667,-7.32216e+06,-5.46359e+06,-545611
30,4668,7.46647e+06,1.21296e+06,684666
30,4669,4.09644e+06,-1.20611e+07,1.22884e+06
30,4670,-1.02388e+06,-1.44058e+07,560565
30,4671,7.57369e+06,6.05056e+06,142911
30,4672,1.11428e+07,-3.25798e+06,-133332
30,4673,-1.10585e+07,-5.82824e+06,-809170
30,4674,-1.13193e+07,-3.10169e+06,-14302.8
30,4675,5.55464e+06,9.61844e+06,-81121.7
30,4676,-1.18298e+07,605163,-26799.9
30,4677,2.5589e+06,7.17258e+06,-272670
30,4678,-8.47173e+06,-5.90656e+06,751684
30,4679,8.21268e+06,997028,-83966.5
30,4680,-9.82082e+06,-3.52322e+06,696260
30,4681,1.07129e+07,7.99672e+06,1.1632e+06
30,4682,-5.05925e+06,-6.03973e+06,271670
30,4683,-1.37179e+06,1.2356e+07,-421947
30,4684,3.35657e+06,1.08288e+07,-1.09086e+06
30,4685,-1.12573e+07,2.30866e+06,360290
30,4686,4.58919e+06,-6.73906e+06,-577651
30,4687,-1.34757e+07,4.25012e+06,140746
30,4688,-4.51947e+06,1.34025e+07,-901204
30,4689,183536,1.05643e+07,58830.3
30,4690,6.21389e+06,-6.78439e+06,197459
30,4691,2.60853e+06,-6.49368e+06,-237594
30,4692,-7.22507e+06,6.25803e+06,249024
30,4693,-7.12114e+06,-7.73014e+06,-743601
30,4694,-1.72408e+06,-1.46418e+07,-737105
30,4695,-1.12837e+07,-5.94579e+06,-998851
30,4696,8.07057e+06,2.36361e+06,520608
30,4697,-4.80148e+06,1.03195e+07,-852053
30,4698,-1.06957e+07,-1.90213e+06,438949
30,4699,-1.36044e+07,5.71714e+06,-277345
30,4700,4.79027e+06,-8.70501e+06,-683910
30,4701,-1.32388e+06,-9.61416e+06,-942779
30,4702,-5.7018e+06,-7.34297e+06,-584555
30,4703,-9.39993e+06,623923,-146895
30,4704,7.31527e+06,-2.75192e+06,-714034
30,4705,1.16352e+07,5.79324e+06,-85009.7
30,4706,5.12973e+06,6.62633e+06,-627955
30,4707,-1.05236e+07,-1.21792e+06,-778041
30,4708,-884013,1.48083e+07,-122111
30,4709,-8.71793e+06,123459,446693
30,4710,-2.65791e+06,1.08334e+07,-561711
30,4711,9.50732e+06,8.96436e+06,-339879
30,4712,-625903,8.16822e+06,-569774
30,4713,-1.43504e+06,-1.40199e+07,171728
30,4714,-8.76138e+06,-772856,36637.2
30,4715,1.07811e+07,4.46965e+06,1.10701e+06
30,4716,9.63777e+06,-4.58333e+06,-1.04947e+06
30,4717,6.99283e+06,5.61394e+06,483897
30,4718,5.30419e+06,-7.92946e+06,634985
30,4719,-6.07284e+06,-1.07337e+07,493908
30,4720,-9.49903e+06,7.94224e+06,452906
30,4721,-7.14538e+06,1.21823e+07,1.25989e+06
30,4722,-4.32034e+06,5.62108e+06,-522315
30,4723,3.39021e+06,-7.22962e+06,669450
30,4724,1.30824e+07,-1.76407e+06,-749681
30,4725,-8.00936e+06,-1.26675e+06,534208
30,4726,7.31726e+06,24901.5,149581
30,4727,-9.93356e+06,1.10129e+07,-124506
30,4728,3.61133e+06,-1.24887e+07,-694734
30,4729,9.78694e+06,-1.0524e+07,-1.38903e+06
30,4730,-8.02837e+06,-21549.8,-62671
30,4731,1.06091e+07,6.91151e+06,366895
30,4732,1.04738e+06,1.18845e+07,101148
30,4733,5.1271e+06,7.12356e+06,128351
30,4734,1.05454e+06,1.4776e+07,-428693
30,4735,-1.13873e+06,8.97908e+06,-173408
30,4736,1.21474e+07,3.20142e+06,1.1516e+06
30,4737,5.54763e+06,-4.81757e+06,580461
30,4738,7.1562e+06,8.60913e+06,145850
30,4739,7.67423e+06,-9.26231e+06,122430
30,4740,5.55585e+06,-8.59961e+06,987690
30,4741,8.68924e+06,-8.50448e+06,240100
30,4742,-4.57572e+06,-1.16408e+07,512525
30,4743,-8.41224e+06,-4.5554e+06,180091
30,4744,-5.74239e+06,7.5775e+06,499012
30,4745,6.73869e+06,9.48522e+06,786800
30,4746,-1.37585e+07,2.80314e+06,-818321
30,4747,1.08648e+07,-9.69555e+06,-745057
30,4748,-7.3047e+06,2.61903e+06,273770
30,4749,-8.35292e+06,-909254,-125305
30,4750,-1.28331e+07,5.89931e+06,95407.3
30,4751,-4.64739e+06,1.38715e+07,-617711
30,4752,-2.46783e+06,1.31375e+07,888464
30,4753,5.77869e+06,5.14833e+06,622282
30,4754,-2.02123e+06,-1.11274e+07,-621911
30,4755,4.41989e+06,-7.05711e+06,-235432
30,4756,1.04388e+07,2.04647e+06,-242793
30,4757,5.84879e+06,-1.17812e+07,523082
30,4758,-1.25194e+07,-665964,96100.3
30,4759,47033.7,1.29224e+07,-694497
30,4760,1.43127e+07,2.68003e+06,-1.05174e+06
30,4761,-701341,-1.15411e+07,87613
30,4762,9.76366e+06,-1.1606e+06,401014
30,4763,1.31557e+07,3.57257e+06,-720610
30,4764,3.9124e+06,9.15615e+06,-852439
30,4765,-8.55224e+06,-2.04817e+06,344359
30,4766,1.26673e+07,3.6795e+06,-189982
30,4767,-7.33236e+06,3.14175e+06,-105303
30,4768,8.68708e+06,-6.69123e+06,669828
30,4769,9.20271e+06,-7.8348e+06,431535
30,4770,-1.24106e+07,-5.44041e+06,68340.3
30,4771,1.26633e+07,1.74901e+06,486931
30,4772,-3.07906e+06,-1.40814e+07,-1.33909e+06
30,4773,3.83108e+06,-9.2165e+06,917877
30,4774,5.54995e+06,-8.24031e+06,724029
30,4775,4.69769e+06,-6.45255e+06,-280558
30,4776,-1.13446e+07,-3.02019e+06,382931
30,4777,-1.20675e+07,4.51599e+06,1.00259e+06
30,4778,3.13858e+06,-1.3105e+07,-112523
30,4779,-7.27648e+06,125021,580885
30,4780,8.47724e+06,-717669,524039
30,4781,-5.44486e+06,-1.14479e+07,220643
30,4782,-1.1313e+07,5.84774e+06,880767
30,4783,1.84366e+06,-1.24131e+07,734870
30,4784,7.1763e+06,2.85312e+06,465252
30,4785,-7.79418e+06,-4.64743e+06,-102138
30,4786,6.87151e+06,2.01585e+06,468941
30,4787,-1.16542e+07,-1.94083e+06,1.05263e+06
30,4788,-632519,8.35004e+06,430223
30,4789,-1.09648e+07,7.25601e+06,1.18904e+06
30,4790,1.44174e+07,1.28943e+06,-949907
30,4791,-7.04077e+06,1.1539e+07,-1.09597e+06
30,4792,-1.27897e+07,3.5751e+06,-20155.3
30,4793,-4.32774e+06,-7.30485e+06,86989.7
30,4794,-4.82711e+06,7.18007e+06,167608
30,4795,1.27004e+07,-6.75715e+06,-610567
30,4796,2.22325e+06,-1.26668e+07,795260
30,4797,1.15117e+07,943525,604966
30,4798,5.67748e+06,5.42277e+06,165814
30,4799,536039,1.48522e+07,433502
30,4800,7.70056e+06,-5.43893e+06,176309
30,4801,-868862,8.61541e+06,-116904
30,4802,6.90895e+06,3.97589e+06,287080
30,4803,-1.33054e+06,-1.01393e+07,-799004
30,4804,-1.11511e+07,3.95759e+06,-1.04862e+06
30,4805,9.74181e+06,5.79297e+06,743848
30,4806,-1.11976e+07,-4.37878e+06,-882870
30,4807,-9.29398e+06,213157,247812
30,4808,8.43422e+06,683363,-262725
30,4809,4.17697e+06,1.00279e+07,-17018.7
30,4810,-9.37303e+06,2.51059e+06,-296067
30,4811,1.15196e+07,3.36746e+06,-790998
30,4812,-6.62703e+06,8.09233e+06,-226695
30,4813,1.0245e+07,-8.65748e+06,-674744
30,4814,-1.32631e+07,3.34005e+06,-619074
30,4815,6.85026e+06,-1.31317e+07,1.46878e+06
30,4816,4.9929e+06,6.68732e+06,5636.37
30,4817,5.59084e+06,1.07058e+07,872055
30,4818,-9.63406e+06,5.81663e+06,229700
30,4819,1.15391e+07,3.36354e+06,1.20557e+06
30,4820,9.08089e+06,3.90984e+06,697689
30,4821,6.18295e+06,-1.35645e+07,1.05079e+06
30,4822,1.06426e+07,-5.44768e+06,-1.1132e+06
30,4823,-6.09986e+06,-1.15712e+07,-1.18144e+06
30,4824,-1.12739e+07,-1.25452e+06,434690
30,4825,2.79678e+06,-7.06729e+06,-548861
30,4826,7.73014e+06,-6.88033e+06,125268
30,4827,9.51422e+06,3.17763e+06,345681
30,4828,1.2735e+07,-7.69309e+06,646971
30,4829,298249,7.8214e+06,-490658
30,4830,696745,9.80619e+06,-502815
30,4831,-5.15203e+06,1.07562e+07,422712
30,4832,-9.26631e+06,-1.12368e+07,733634
30,4833,-6.43892e+06,1.12375e+07,-1.26025e+06
30,4834,-1.70921e+06,7.23603e+06,281860
30,4835,1.37577e+07,-3.47374e+06,-1.34955e+06
30,4836,-6.69205e+06,1.32966e+07,1.02257e+06
30,4837,7.70492e+06,3.44486e+06,-205310
30,4838,2.35897e+06,1.36357e+07,-959187
30,4839,1.32184e+07,-5.21705e+06,-1.38972e+06
30,4840,-4.81893e+06,1.1875e+07,-321183
30,4841,-9.71747e+06,4.60371e+06,32197.2
30,4842,-1.14158e+07,2.32136e+06,469819
30,4843,-1.18962e+07,4.49274e+06,-910776
30,4844,1.91792e+06,-1.19678e+07,334841
30,4845,1.32965e+06,1.16238e+07,339663
30,4846,8.55927e+06,-4.50909e+06,297459
30,4847,-9.1028e+06,1.35681e+06,638810
30,4848,-9.52048e+06,-1.73636e+06,347829
30,4849,5.84584e+06,1.16508e+07,169849
30,4850,1.40406e+07,-2.66169e+06,446399
30,4851,-1.33541e+07,-6.53725e+06,-170671
30,4852,8.40245e+06,7.72006e+06,-224295
30,4853,6.34043e+06,-8.56073e+06,551483
30,4854,-6.91153e+06,9.54963e+06,-738747
30,4855,-3.99147e+06,-8.91878e+06,-463333
30,4856,-8.00139e+06,6.64435e+06,552878
30,4857,-4.2416e+06,-1.34084e+07,-445636
30,4858,6.3344e+06,8.30179e+06,-694077
30,4859,5.49874e+06,6.21372e+06,-532278
30,4860,6.43809e+06,5.72925e+06,241750
30,4861,1.08912e+07,-1.01119e+07,-1.35427e+06
30,4862,6.71444e+06,-7.88545e+06,-757941
30,4863,-1.13735e+07,-7.69119e+06,1.1872e+06
30,4864,-6.0478e+06,-1.26278e+07,442063
30,4865,6.32298e+06,5.98182e+06,-147257
30,4866,6.65933e+06,5.25996e+06,-335565
30,4867,1.37727e+07,1.65678e+06,-575595
30,4868,-1.0334e+07,-879710,-661279
30,4869,-1.2866e+07,-7.13839e+06,65061.9
30,4870,-7.04324e+06,400202,476892
30,4871,-5.34386e+06,6.88693e+06,-838169
30,4872,1.34261e+07,6.15216e+06,1.17865e+06
30,4873,-7.98974e+06,-5.1355e+06,340693
30,4874,-7.69235e+06,2.60597e+06,-283519
30,4875,3.9001e+06,-6.31486e+06,-676719
30,4876,-4.94371e+06,1.11567e+07,-752257
30,4877,-1.09202e+07,-5.72167e+06,-455677
30,4878,76097,1.10741e+07,806853
30,4879,88583.6,9.49815e+06,478710
30,4880,-1.03583e+06,7.0631e+06,-177845
30,4881,1.3419e+07,-4.14555e+06,608415
30,4882,-6.79397e+06,-8.57304e+06,-188134
30,4883,8.97659e+06,-2.66178e+06,-721470
30,4884,7.9799e+06,-5.62208e+06,435838
30,4885,7.11994e+06,1.27324e+06,23874.6
30,4886,-1.02402e+07,3.63297e+06,-429690
30,4887,-2.20967e+06,1.47283e+07,-29664.8
30,4888,4.73951e+06,9.05583e+06,-608522
30,4889,9.13485e+06,-1.10286e+07,-862952
30,4890,3.39096e+06,1.3584e+07,354402
30,4891,5.71694e+06,-5.03738e+06,-685023
30,4892,2.29649e+06,-1.11724e+07,-875681
30,4893,9.82363e+06,2.85135e+06,373977
30,4894,-8.70023e+06,-3.62257e+06,817494
30,4895,8.94124e+06,3.0313e+06,331685
30,4896,1.2845e+07,-3.30618e+06,-909107
30,4897,5.80225e+06,-8.28914e+06,621657
30,4898,-1.63239e+06,1.18756e+07,-518028
30,4899,7.13342e+06,-3.5659e+06,-522225
30,4900,-9.89748e+06,-6.0098e+06,-302004
30,4901,-4.63268e+06,-8.65602e+06,-219325
30,4902,-7.39143e+06,5.17663e+06,555819
30,4903,-9.53864e+06,-1.11961e+07,830684
30,4904,-7.80347e+06,-8.04665e+06,1.09754e+06
30,4905,9.49113e+06,4.40507e+06,958897
30,4906,-1.07624e+07,7.78424e+06,1.28537e+06
30,4907,-6.91791e+06,6.88761e+06,214230
30,4908,-2.71846e+06,-8.76063e+06,-637728
30,4909,-7.62475e+06,-1.92427e+06,87247.7
30,4910,7.70067e+06,-1.53666e+06,115059
30,4911,-3.28421e+06,7.50659e+06,492420
30,4912,4.05334e+06,1.03878e+07,-887443
30,4913,-5.61313e+06,8.80403e+06,325643
30,4914,41784.6,1.43656e+07,1.02229e+06
30,4915,1.17715e+07,-8.12818e+06,1.29685e+06
30,4916,-1.13392e+07,-7.75005e+06,-247655
30,4917,7.74153e+06,-7.70863e+06,-434107
30,4918,5.06184e+06,6.52286e+06,540554
30,4919,-1.30786e+07,22445.3,-589224
30,4920,1.20162e+07,3.14031e+06,169469
30,4921,1.01141e+07,-1.22035e+06,15401.1
30,4922,-2.49669e+06,-1.11418e+07,-35303.9
30,4923,-8.47186e+06,-2.23592e+06,780366
30,4924,-4.20238e+06,-9.32965e+06,981106
30,4925,-7.2284e+06,-1.15486e+07,643483
30,4926,1.40091e+07,-3.45228e+06,1.35717e+06
30,4927,-9.084e+06,7.79942e+06,-879925
30,4928,9.48152e+06,-3.34369e+06,785235
30,4929,-1.08361e+07,-2.7562e+06,-427448
30,4930,-2.17028e+06,-1.04103e+07,-207505
30,4931,-8.1564e+06,-2.36063e+06,-466764
30,4932,-1.14827e+07,9.24959e+06,1.21072e+06
30,4933,3.08645e+06,8.24323e+06,205775
30,4934,-1.19996e+07,-5.53768e+06,-714827
30,4935,-5.20508e+06,-5.09463e+06,-538173
30,4936,-4.18935e+06,-8.76421e+06,-782485
30,4937,7.30191e+06,3.21587e+06,793924
30,4938,8.47898e+06,-5.4659e+06,-416624
30,4939,2.34729e+06,1.28124e+07,-4363.98
30,4940,5.64796e+06,-1.23425e+07,799742
30,4941,3.09451e+06,1.32328e+07,-48332.1
30,4942,8.51525e+06,-6.75638e+06,-441736
30,4943,-1.38075e+07,4.23924e+06,490627
30,4944,-7.83629e+06,4.71049e+06,383775
30,4945,1.0132e+07,-4.50795e+06,526243
30,4946,8.83044e+06,-7.38102e+06,381168
30,4947,100257,1.21755e+07,-256053
30,4948,9.79708e+06,-7.69537e+06,-459745
30,4949,-7.10976e+06,-4.99903e+06,-753991
30,4950,-3.52235e+06,-1.22132e+07,-368775
30,4951,-1.41309e+07,-358261,412179
30,4952,-7.61484e+06,4.11156e+06,628184
30,4953,-6.85294e+06,5.35628e+06,-316516
30,4954,-2.2331e+06,7.88723e+06,-438372
30,4955,-642622,-1.43647e+07,-529061
30,4956,1.29551e+07,1.98651e+06,69524.3
30,4957,6.6209e+06,6.06111e+06,690117
30,4958,3.96383e+06,-7.62473e+06,-149114
30,4959,-548081,-7.09198e+06,137028
30,4960,-2.10749e+06,9.48675e+06,-830417
30,4961,-1.44764e+07,384914,-1.20313e+06
30,4962,-2.67174e+06,1.36663e+07,-826374
30,4963,-8.38368e+06,-3.82266e+06,-786646
30,4964,8.70383e+06,-6.44962e+06,-676384
30,4965,-7.78438e+06,5.7e+06,166355
30,4966,-1.13742e+07,8.66839e+06,-1.23527e+06
30,4967,3.41034e+06,9.16524e+06,296876
30,4968,-2.10501e+06,6.92088e+06,65325
30,4969,-8.65727e+06,-3.08765e+06,-709498
30,4970,-3.84027e+06,1.39723e+07,1.22875e+06
30,4971,2.10192e+06,-9.36131e+06,-487348
30,4972,-5.67843e+06,1.09763e+07,22635.7
30,4973,-1.04126e+07,-6.71325e+06,189005
30,4974,-181945,7.52258e+06,108074
30,4975,-260343,7.13144e+06,-386692
30,4976,-8.72536e+06,-2.19703e+06,147466
30,4977,-1.08342e+07,9.21043e+06,1.21607e+06
30,4978,1.04901e+07,-6.20627e+06,814028
30,4979,-7.85666e+06,9.70164e+06,-646907
30,4980,8.41002e+06,-2.38748e+06,803827
30,4981,9.61718e+06,-8.37668e+06,1.07117e+06
30,4982,-7.5042e+06,-8.16689e+06,-180210
30,4983,9.99918e+06,2.66054e+06,-136935
30,4984,-1.09805e+07,5.6604e+06,921733
30,4985,6.33211e+06,7.27113e+06,601450
30,4986,460985,1.23827e+07,90328.1
30,4987,9.53906e+06,-3.6472e+06,219221
30,4988,-8.23903e+06,-326474,598738
30,4989,6.92735e+06,-1.02322e+07,-617294
30,4990,661384,-1.40765e+07,645580
30,4991,7.56135e+06,-6.1849e+06,269588
30,4992,-8.9754e+06,1.04562e+07,-978155
30,4993,-9.33277e+06,2.48736e+06,64520.6
30,4994,-1.05463e+07,-3.33383e+06,756970
30,4995,-3.5557e+06,7.53926e+06,648956
30,4996,-9.85042e+06,-5.90273e+06,-50378.2
30,4997,3.47641e+06,1.08479e+07,106765
30,4998,-1.3584e+07,-6.15954e+06,-1.36277e+06
30,4999,-1.07172e+07,7.94245e+06,-925361
40,0,5.21746e+06,1.22898e+07,747533
40,1,-1.11413e+07,3.69235e+06,-940850
40,2,-5.56034e+06,9.07955e+06,-761554
40,3,1.13537e+07,4.45148e+06,541717
40,4,1.44354e+07,285530,1.42578e+06
40,5,-8.92136e+06,-7.84794e+06,-1.17498e+06
40,6,-7.04262e+06,-1.41425e+06,-143753
40,7,7.30647e+06,-910359,-393564
40,8,-5.47954e+06,-5.44217e+06,-181447
40,9,-1.45478e+07,2.86602e+06,1.06913e+06
40,10,-1.18584e+07,3.56821e+06,-1.20912e+06
40,11,-1.33152e+07,-5.8256e+06,-333090
40,12,547401,7.09727e+06,-368682
40,13,-9.43477e+06,-8.10565e+06,829974
40,14,-6.65968e+06,5.07026e+06,-532358
40,15,-1.17083e+07,5.69698e+06,-761312
40,16,1.12429e+07,2.48667e+06,789318
40,17,-8.50134e+06,6.26352e+06,903004
40,18,-6.1308e+06,1.12556e+07,180559
40,19,1.08669e+07,-2.4526e+06,768670
40,20,-1.25172e+07,-3.42253e+06,225136
40,21,-1.13708e+07,-9.32792e+06,-659262
40,22,4.50173e+06,8.16798e+06,-905937
40,23,-8.34918e+06,6.16467e+06,-428769
40,24,1.95191e+06,6.83314e+06,300277
40,25,-1.02985e+07,-8.37347e+06,1.13425e+06
40,26,1.05986e+07,-5.99941e+06,853846
40,27,8.60085e+06,6.18214e+06,-273646
40,28,-6.02205e+06,-1.07808e+07,225467
40,29,-8.41794e+06,-3.70037e+06,-215252
40,30,8.7658e+06,-1.18741e+07,654872
40,31,-611535,8.82935e+06,-815385
40,32,9.57903e+06,8.31485e+06,-153879
40,33,6.99773e+06,-5.02281e+06,-42409.1
40,34,-3.6243e+06,-1.0889e+07,-829088
40,35,-1.1385e+07,-3.15664e+06,-702323
40,36,-1.16909e+07,-8.63119e+06,566341
40,37,-9.80733e+06,-1.00357e+07,-573786
40,38,-7.61498e+06,1.82951e+06,-441176
40,39,7.83936e+06,-6.72059e+06,-362794
40,40,-5.1482e+06,6.05856e+06,647897
40,41,-5.25534e+06,-7.46757e+06,-914840
40,42,-3.55115e+06,9.13243e+06,-657932
40,43,-1.12339e+07,829132,433649
40,44,66659.4,9.13503e+06,-606675
40,45,-8.06921e+06,-3.38022e+06,-168196
40,46,-482927,7.49412e+06,-380200
40,47,-2.71993e+06,-1.22408e+07,-883864
40,48,-1.77973e+06,1.48074e+07,1.42582e+06
40,49,1.00068e+07,2.36922e+06,-318644
40,50,-4.87811e+06,-1.10454e+07,74691.5
40,51,-9.91667e+06,-3.68879e+06,196123
40,52,-5.42791e+06,5.37203e+06,-393869
40,53,-1.31701e+07,2.25922e+06,1.29581e+06
40,54,4.3569e+06,-9.19229e+06,607514
40,55,-8.16902e+06,-707268,321086
40,56,-6.55425e+06,1.21956e+07,-775376
40,57,4.84524e+06,-1.17215e+07,-383941
40,58,7.33381e+06,-2.56044e+06,-159039
40,59,6.03814e+06,-9.35594e+06,391335
40,60,3.05511e+06,1.25138e+07,106767
40,61,1.45584e+06,1.2455e+07,-816211
40,62,-1.47357e+07,-1.75943e+06,-710347
40,63,1.46612e+07,-3.01999e+06,174510
40,64,5.07418e+06,1.30989e+07,-621586
40,65,7.36217e+06,-1.01895e+07,897235
40,66,7.93909e+06,-6.42141e+06,717617
40,67,3.39769e+06,-1.40725e+07,489416
40,68,-8.23229e+06,8.17316e+06,1.02358e+06
40,69,-3.3336e+06,1.43972e+07,-575503
40,70,-1.03443e+07,3.21298e+06,1.0744e+06
40,71,8.31665e+06,1.23269e+06,-10261.9
40,72,-5.83328e+06,6.07292e+06,411312
40,73,-4.76817e+06,1.18433e+07,108608
40,74,-7.05462e+06,-8.51382e+06,-552141
40,75,1.16453e+07,-1.3123e+06,-31067.3
40,76,-1.31348e+07,5.50671e+06,-427128
40,77,-5.70872e+06,-1.07012e+07,884772
40,78,-8.83767e+06,-230454,127260
40,79,1.25333e+07,3.7568e+06,1.29821e+06
40,80,-2.22581e+06,1.04946e+07,824220
40,81,1.24785e+07,-3.55246e+06,-439282
40,82,-1.01081e+07,-5.20508e+06,1.09535e+06
40,83,-2.87854e+06,7.02125e+06,-469338
40,84,-9.12685e+06,574791,-232802
40,85,5.85818e+06,-8.25215e+06,872233
40,86,1.64036e+06,7.37892e+06,258637
40,87,-518294,9.84736e+06,-403812
40,88,5.7647e+06,-7.6204e+06,-695392
40,89,-1.18931e+07,-4.34185e+06,-515471
40,90,-657758,1.03348e+07,230930
40,91,7.63098e+06,544664,195585
40,92,7.59209e+06,3.93766e+06,-176481
40,93,5.77198e+06,-4.58804e+06,-698106
40,94,-1.08545e+07,4.15931e+06,400002
40,95,5.1628e+06,8.07062e+06,925791
40,96,8.92477e+06,-1.03868e+07,-684513
40,97,-2.68508e+06,6.79968e+06,54173.7
40,98,4.74462e+06,-8.34934e+06,-438927
40,99,-1.42164e+07,3.69047e+06,1.00617e+06
40,100,-7.40034e+06,4.27893e+06,341098
40,101,5.20653e+06,6.16746e+06,759706
40,102,1.22327e+07,3.46582e+06,-257276
40,103,-138353,-1.04543e+07,-521242
40,104,7.26238e+06,4.36635e+06,-121433
40,105,1.15562e+07,4.67219e+06,1.03733e+06
40,106,421771,1.04957e+07,-854839
40,107,7.86392e+06,-3.11883e+06,233879
40,108,-5.92864e+06,-9.42277e+06,-143200
40,109,1.21971e+07,4.00955e+06,169557
40,110,5.82058e+06,5.86802e+06,-261310
40,111,6.2467e+06,4.55157e+06,-291446
40,112,6.48653e+06,1.32661e+07,-1.43032e+06
40,113,4.79666e+06,-1.21911e+07,-402773
40,114,-6.08236e+06,-8.77118e+06,-967150
40,115,1.1174e+07,-9.36041e+06,-697524
40,116,6.62719e+06,-2.60994e+06,1479.96
40,117,-4.33632e+06,-1.04479e+07,262089
40,118,1.37029e+07,-4.77781e+06,1.06756e+06
40,119,4.02526e+06,-1.13936e+07,428268
40,120,7.82012e+06,8.51968e+06,720564
40,121,-9.3563e+06,-9.7836e+06,868617
40,122,3.05316e+06,1.18112e+07,-551785
40,123,-6.4141e+06,5.84797e+06,-802211
40,124,-6.37961e+06,1.00931e+07,371922
40,125,-3.96269e+06,-9.26638e+06,-321245
40,126,-9.07879e+06,-45522,350264
40,127,9.08154e+06,-3.53496e+06,-900378
40,128,1.01777e+07,-1.84248e+06,99209.3
40,129,-9.33002e+06,-4.56433e+06,157685
40,130,8.75701e+06,9.38658e+06,-642250
40,131,7.99161e+06,-8.46793e+06,144046
40,132,-3.54691e+06,-8.1612e+06,427097
40,133,-6.59191e+06,5.98829e+06,61114.6
40,134,-8.5866e+06,6.81691e+06,-443858
40,135,7.23095e+06,2.83621e+06,713819
40,136,-8.57571e+06,1.07093e+07,1.25678e+06
40,137,-1.23627e+07,1.12949e+06,-17313.2
40,138,6.26145e+06,4.4208e+06,156943
40,139,2.40565e+06,1.11272e+07,1.01839e+06
40,140,9.83764e+06,8.80305e+06,1.14042e+06
40,141,1.47348e+07,-163896,-1.31223e+06
40,142,-1.22861e+07,-3.88399e+06,530661
40,143,-5.38841e+06,-1.36938e+07,993137
40,144,7.53863e+06,-1.1718e+07,-205950
40,145,-7.13569e+06,5.07058e+06,687183
40,146,-8.10381e+06,-967402,-435589
40,147,7.76e+06,-8.64482e+06,885235
40,148,7.58486e+06,-4.64103e+06,163357
40,149,-2.29258e+06,-9.52988e+06,-35926.6
40,150,-2.53876e+06,-9.68409e+06,-503377
40,151,-8.92734e+06,3.61214e+06,-474635
40,152,-9.10159e+06,-4.67013e+06,493251
40,153,5.9961e+06,-1.16719e+07,641321
40,154,744545,1.24236e+07,-248353
40,155,9.2605e+06,5.59915e+06,61386.5
40,156,3.59666e+06,-9.80399e+06,1.00089e+06
40,157,-5.24346e+06,1.0123e+07,-1.04375e+06
40,158,1.26658e+07,-6.8081e+06,-710880
40,159,1.10462e+07,5.92591e+06,-837925
40,160,-2.66331e+06,8.27361e+06,864322
40,161,-9.53253e+06,8.18032e+06,596006
40,162,1.38425e+07,-3.45092e+06,-1.26467e+06
40,163,7.78937e+06,6.50876e+06,-333649
40,164,-4.81553e+06,-6.82822e+06,-186638
40,165,-1.15648e+06,8.75577e+06,-246626
40,166,-8.72744e+06,2.35673e+06,-847669
40,167,-7.97495e+06,4.65924e+06,189810
40,168,5.91536e+06,6.96093e+06,-775791
40,169,-1.26815e+07,7.0766e+06,235730
40,170,1.23127e+07,7.29746e+06,1.08013e+06
40,171,5.60916e+06,9.93718e+06,-202509
40,172,-1.30845e+07,1.39522e+06,1.28098e+06
40,173,232121,-1.0009e+07,-214233
40,174,-1.22272e+07,-5.91205e+06,-1.18849e+06
40,175,4.61044e+06,5.60856e+06,-707797
40,176,-2.4433e+06,-7.19954e+06,52186.8
40,177,1.12266e+07,-6.54964e+06,221333
40,178,797930,-1.27803e+07,-312842
40,179,2.22132e+06,8.63668e+06,-443472
40,180,2.17406e+06,8.91027e+06,694808
40,181,1.24123e+07,4.00379e+06,-603738
40,182,-7.1741e+06,-222753,-34119.1
40,183,-5.04429e+06,1.26555e+07,863107
40,184,1.2392e+07,7.94231e+06,859924
40,185,-1.16537e+07,1.22781e+06,-186213
40,186,-8.31477e+06,-1.03198e+07,809421
40,187,-1.034e+07,-9.67367e+06,1.36468e+06
40,188,-7.57206e+06,-9.13343e+06,130046
40,189,-849874,-7.68093e+06,73280.1
40,190,9.09706e+06,-5.43837e+06,-428386
40,191,-3.37605e+06,-1.06468e+07,662890
40,192,6.03749e+06,-8.78475e+06,573696
40,193,7.12705e+06,2.42353e+06,181774
40,194,2.22939e+06,9.52062e+06,155723
40,195,-9.40244e+06,-2.51226e+06,-77599.8
40,196,-9.59183e+06,6.64559e+06,461463
40,197,-2.51621e+06,-8.0555e+06,-149037
40,198,-1.38456e+07,-1.54932e+06,1.32206e+06
40,199,1.6934e+06,1.16689e+07,759747
40,200,-5.80605e+06,7.79292e+06,-912323
40,201,-1.10652e+07,-2.67963e+06,-327925
40,202,9.60555e+06,1.03842e+07,-480797
40,203,7.85983e+06,5.46437e+06,-36084.2
40,204,-1.24204e+07,-1.14345e+06,-856896
40,205,9.98233e+06,421395,737042
40,206,-6.08265e+06,-4.62297e+06,744800
40,207,1.01265e+07,-4.96253e+06,-595581
40,208,-1.27695e+07,-2.7721e+06,576583
40,209,4.23857e+06,6.16165e+06,-549312
40,210,7.17025e+06,-1.02168e+07,623543
40,211,5.08455e+06,-5.15533e+06,-211094
40,212,7.87814e+06,6.42503e+06,482898
40,213,-7.65196e+06,-3.55815e+06,575607
40,214,-7.44336e+06,-1.98234e+06,-411086
40,215,-9.64865e+06,1.32653e+06,-282217
40,216,-1.21165e+07,1.32663e+06,205241
40,217,-1.19707e+07,-4.78798e+06,223122
40,218,-8.49379e+06,7.76707e+06,-374236
40,219,-1.09252e+07,-9.0374e+06,-725494
40,220,-5.50846e+06,9.45753e+06,951477
40,221,784208,7.01418e+06,-189924
40,222,6.6298e+06,-8.60849e+06,-897366
40,223,1.25254e+07,4.80518e+06,919771
40,224,7.31845e+06,1.14508e+06,291709
40,225,1.20526e+07,-8.88959e+06,227631
40,226,1.42578e+07,691250,1.36021e+06
40,227,-1.60339e+06,-1.0785e+07,700489
40,228,-1.23879e+07,-3.00693e+06,-59599.7
40,229,3.58866e+06,1.31685e+07,1.28108e+06
40,230,3.73468e+06,1.21107e+07,599164
40,231,-2.74363e+06,-1.08821e+07,601474
40,232,-7.64716e+06,-588593,663854
40,233,-7.79578e+06,-5.53686e+06,-250044
40,234,-1.00634e+07,-3.43559e+06,104019
40,235,-3.17318e+06,-7.97676e+06,-708842
40,236,8.07576e+06,424972,-620776
40,237,-8.30512e+06,-6.85183e+06,634270
40,238,4.87193e+06,-6.14787e+06,385940
40,239,9.42654e+06,-3.94515e+06,1.00626e+06
40,240,-6.43518e+06,5.7183e+06,735640
40,241,1.21046e+07,4.01332e+06,718651
40,242,264640,-1.35966e+07,815557
40,243,5.0787e+06,1.25968e+07,-718546
40,244,1.02237e+07,-6.40062e+06,-443522
40,245,-4.56551e+06,-1.0779e+07,-112478
40,246,1.03977e+07,-7.30342e+06,315390
40,247,-1.0578e+07,4.02244e+06,175355
40,248,-7.80382e+06,5.9984e+06,62692.1
40,249,693508,7.50083e+06,64506.2
40,250,-5.4093e+06,8.93074e+06,481642
40,251,6.05135e+06,1.09534e+07,949274
40,252,-340886,-1.0957e+07,160351
40,253,437434,-1.49624e+07,619940
40,254,8.03856e+06,1.0477e+07,-781126
40,255,-1.26936e+07,250514,647028
40,256,-7.54479e+06,-2.06079e+06,-189456
40,257,-8.30782e+06,-6.67324e+06,4875.6
40,258,-1.12937e+07,726281,-206047
40,259,1.31147e+07,1.2337e+06,259344
40,260,-2.19383e+06,-1.13111e+07,228181
40,261,1.32149e+07,-3.24566e+06,-428661
40,262,-7.93853e+06,3.82273e+06,-373751
40,263,1.02341e+07,-6.05011e+06,-859406
40,264,-587172,7.77639e+06,352634
40,265,9.22606e+06,7.19938e+06,982189
40,266,1.31414e+07,2.14097e+06,403145
40,267,-9.40374e+06,9.1506e+06,-1.13389e+06
40,268,5.84282e+06,4.86189e+06,517949
40,269,1.00729e+07,1.01017e+07,-754107
40,270,2.97194e+06,7.75541e+06,561121
40,271,-3.87364e+06,8.83067e+06,-526066
40,272,-8.76383e+06,7.97469e+06,579170
40,273,2.30244e+06,-8.33057e+06,179223
40,274,-6.92588e+06,3.78652e+06,574501
40,275,-1.40954e+07,2.86473e+06,-55120.8
40,276,-1.20865e+07,-7.61459e+06,-1.33841e+06
40,277,-57088.7,1.43002e+07,222025
40,278,8.06591e+06,2.0336e+06,-313611
40,279,-2.50181e+06,1.29844e+07,-740913
40,280,-8.59209e+06,-1.10036e+06,825922
40,281,-9.87066e+06,-3.98374e+06,768853
40,282,4.28699e+06,1.04245e+07,-451910
40,283,-7.73023e+06,5.48515e+06,-138743
40,284,-8.01368e+06,1.07372e+07,-85115.5
40,285,-8.77224e+06,8.14821e+06,806980
40,286,-3.4232e+06,1.11765e+07,500627
40,287,-1.09041e+07,-2.64843e+06,-42433.2
40,288,1.29971e+06,-1.08641e+07,-870412
40,289,8.47213e+06,4.64637e+06,489640
40,290,7.49652e+06,-5.29574e+06,48768.8
40,291,1.32857e+07,-1.54356e+06,910217
40,292,-1.17888e+07,7.43071e+06,144141
40,293,2.74147e+06,8.60506e+06,9944.05
40,294,-6.45624e+06,9.82845e+06,163299
40,295,-1.31232e+07,-5.11823e+06,622404
40,296,1.342e+07,-728174,277390
40,297,1.30845e+07,-2.89889e+06,1.19415e+06
40,298,-6.91372e+06,4.26565e+06,-285912
40,299,-4.92401e+06,-5.90287e+06,362681
40,300,9.69976e+06,9.74001e+06,1.03675e+06
40,301,-3.22762e+06,-1.16642e+07,995972
40,302,-6.35216e+06,1.01488e+07,779436
40,303,9.59641e+06,2.36243e+06,654294
40,304,1.71437e+06,-9.60617e+06,-267811
40,305,2.41656e+06,1.36133e+07,1.31602e+06
40,306,9.8216e+06,8.87432e+06,174122
40,307,-1.4645e+07,2.47648e+06,-945505
40,308,-1.08101e+07,-1.0968e+06,525487
40,309,-1.04179e+07,7.03506e+06,-709569
40,310,-1.07983e+07,5.52046e+06,-893368
40,311,-4.92095e+06,-1.33148e+07,520234
40,312,-1.32761e+07,-2.72934e+06,855052
40,313,9.91528e+06,4.72331e+06,-208101
40,314,-1.79414e+06,-1.07978e+07,-862827
40,315,-982240,8.05174e+06,-378844
40,316,-287263,1.28498e+07,342168
40,317,-9.67823e+06,-5.07742e+06,739989
40,318,1.59397e+06,-1.0109e+07,-159538
40,319,9.54558e+06,-2.26874e+06,-619963
40,320,1.30278e+06,-7.583e+06,-665554
40,321,-1.26837e+07,5.04283e+06,1.13677e+06
40,322,-9.63287e+06,-8.30821e+06,1.14601e+06
40,323,9.79682e+06,-2.63962e+06,-741751
40,324,-1.60229e+06,1.0751e+07,86595.6
40,325,4.73742e+06,-6.78637e+06,573979
40,326,8.07485e+06,1.22087e+07,361090
40,327,-6.23482e+06,8.80535e+06,-320362
40,328,-2.63264e+06,-9.95832e+06,202442
40,329,9.33373e+06,5.1069e+06,-900365
40,330,6.89683e+06,-1.10391e+06,-692708
40,331,-3.35022e+06,7.05507e+06,480482
40,332,3.85992e+06,-1.41698e+07,559932
40,333,9.38414e+06,5.97269e+06,1.02192e+06
40,334,-8.20959e+06,-1.01438e+07,676570
40,335,-8.11119e+06,-9.81629e+06,1.2275e+06
40,336,-8.42146e+06,-1.14535e+07,549458
40,337,-3.29348e+06,-6.60678e+06,-674322
40,338,1.17039e+07,191687,130626
40,339,-4.36672e+06,9.82831e+06,-817586
40,340,4.30626e+06,1.20648e+07,-987459
40,341,3.15519e+06,-9.86966e+06,508113
40,342,-7.22326e+06,1.77912e+06,33351.8
40,343,-6.94102e+06,-9.97461e+06,-328858
40,344,-1.13966e+07,1.11931e+06,883309
40,345,-1.05633e+07,3.8414e+06,-214695
40,346,4.07818e+06,-1.08372e+07,88913.8
40,347,-704180,-1.2273e+07,49577.4
40,348,7.61513e+06,-7.10243e+06,-171770
40,349,1.06349e+07,-395468,-1.06698e+06
40,350,-6.48726e+06,5.41803e+06,732692
40,351,7.49322e+06,745269,-674951
40,352,7.41988e+06,2.0893e+06,-31148.2
40,353,-1.81899e+06,1.15007e+07,-236845
40,354,-4.24302e+06,6.46577e+06,34806.1
40,355,1.28483e+07,498498,-84051.2
40,356,5.85064e+06,-7.31562e+06,403921
40,357,-2.22532e+06,1.14595e+07,959976
40,358,5.48978e+06,4.90107e+06,-159395
40,359,7.75726e+06,-1.87843e+06,475928
40,360,-7.52079e+06,-4.99754e+06,873388
40,361,-1.11767e+07,-8.47703e+06,1.135e+06
40,362,-408502,-1.48515e+07,-1.29575e+06
40,363,5.56259e+06,-8.54722e+06,-549885
40,364,9.73295e+06,9.48349e+06,-1.23455e+06
40,365,9.70256e+06,2.54482e+06,919614
40,366,4.47685e+06,-1.28474e+07,353161
40,367,-8.63558e+06,-1.27397e+06,169758
40,368,-963551,1.11587e+07,34148.1
40,369,1.08951e+07,-3239.07,867623
40,370,-7.48248e+06,-7.64025e+06,530436
40,371,5.91553e+06,-4.20922e+06,523370
40,372,-8.4106e+06,6.53096e+06,-483729
40,373,1.02988e+07,3.20729e+06,760857
40,374,-3.72142e+06,6.22955e+06,627374
40,375,-2.74444e+06,1.25699e+07,-636903
40,376,-2.05278e+06,-6.70503e+06,-633916
40,377,1.0965e+07,-2.40905e+06,-878445
40,378,1.40912e+07,-537615,-1.23969e+06
40,379,-1.39217e+07,-1.63066e+06,1.14199e+06
40,380,-5.86326e+06,-9.97452e+06,101287
40,381,-1.18598e+06,-1.38652e+07,59164.1
40,382,192915,1.39113e+07,-954834
40,383,-4.40957e+06,6.99872e+06,-432451
40,384,1.12207e+07,9.07198e+06,574500
40,385,6.42583e+06,-5.52995e+06,783977
40,386,7.90638e+06,-7.16711e+06,-1.05933e+06
40,387,1.58903e+06,1.34206e+07,1.10698e+06
40,388,-6.45504e+06,-2.70764e+06,359251
40,389,2.90513e+06,8.55866e+06,-753205
40,390,-8.81338e+06,-3.76332e+06,-737463
40,391,9.95902e+06,827381,637584
40,392,-1.94324e+06,7.75067e+06,-771490
40,393,5.82106e+06,-8.68529e+06,-225493
40,394,477301,-8.4085e+06,486738
40,395,1.37134e+06,-8.24334e+06,749153
40,396,1.37476e+06,-8.20959e+06,347226
40,397,9.95425e+06,4.05813e+06,-916345
40,398,1.37962e+07,-634467,486424
40,399,-6.13683e+06,-8.60097e+06,199442
40,400,9.09959e+06,4.26185e+06,646803
40,401,4.40685e+06,-8.93487e+06,-493365
40,402,3.53104e+06,6.05372e+06,-44054.5
40,403,1.14968e+07,8.86539e+06,1.03009e+06
40,404,5.36151e+06,-9.84146e+06,-452067
40,405,2.17626e+06,-1.35257e+07,-740256
40,406,5.62485e+06,-5.71161e+06,744341
40,407,-545903,-7.20566e+06,592672
40,408,1.35446e+07,-2.84501e+06,720509
40,409,-4.2289e+06,9.64536e+06,-377630
40,410,-105252,-1.2772e+07,-766225
40,411,-2.834e+06,-1.36529e+07,174985
40,412,-1.02836e+07,-3.12309e+06,-733379
40,413,7.08013e+06,4.8977e+06,-596978
40,414,-1.03379e+07,-2.25161e+06,-1.02312e+06
40,415,-3.86647e+06,1.2756e+07,1.10022e+06
40,416,5.6183e+06,1.36269e+07,-111725
40,417,-5.52832e+06,-4.30761e+06,150286
40,418,-8.26784e+06,-3.47105e+06,-492478
40,419,-4.56926e+06,-6.90714e+06,-288273
40,420,-1.07511e+07,4.53195e+06,1.13352e+06
40,421,-8.04782e+06,1.52715e+06,295588
40,422,1.00638e+07,-1.35342e+06,450781
40,423,774678,-1.21811e+07,1.10781e+06
40,424,-2.07737e+06,-1.40926e+07,710362
40,425,6.34538e+06,5.14109e+06,115747
40,426,-7.11867e+06,484427,-413421
40,427,1.82859e+06,-9.55687e+06,860593
40,428,-7.31392e+06,-1.90259e+06,578869
40,429,3.71669e+06,-6.69459e+06,-217663
40,430,9.49777e+06,-1.08663e+06,-572405
40,431,5.62857e+06,-1.1153e+07,-1.14942e+06
40,432,1.18291e+07,-3.47253e+06,-928125
40,433,-1.16042e+07,-8.12508e+06,330384
40,434,-3.80735e+06,1.12307e+07,1.03458e+06
40,435,-1.01195e+07,-1.04621e+07,825863
40,436,-1.18557e+07,927490,382549
40,437,-9.19123e+06,-6.75358e+06,648011
40,438,1.04042e+07,2.98085e+06,-728200
40,439,-1.40517e+06,-1.04127e+07,195984
40,440,-1.21241e+07,1.35115e+06,282389
40,441,-9.49796e+06,1.53213e+06,470227
40,442,-1.28119e+07,5.43374e+06,-1.27351e+06
40,443,8.17653e+06,1.36455e+06,254028
40,444,-9.24369e+06,-2.80047e+06,-12982.4
40,445,-6.4362e+06,4.11721e+06,-427131
40,446,2.72395e+06,9.95745e+06,703794
40,447,8.20325e+06,-1.77212e+06,-141082
40,448,-9.33247e+06,-1.01044e+07,647833
40,449,-1.31264e+07,-625601,113791
40,450,-9.28097e+06,-6.02086e+06,-1.04408e+06
40,451,-7.82161e+06,-6.48798e+06,198580
40,452,-7.27694e+06,-1.11077e+07,1.31107e+06
40,453,-6.0753e+06,6.99961e+06,-215259
40,454,5.72317e+06,-9.0545e+06,-566392
40,455,-1.10609e+07,7.21359e+06,269004
40,456,-8.57919e+06,8.4764e+06,30423
40,457,9.2365e+06,4.56612e+06,-129451
40,458,-6.59387e+06,4.1252e+06,144457
40,459,-5.84605e+06,-1.0016e+07,-940629
40,460,-4.86503e+06,1.12039e+07,-246610
40,461,1.38253e+07,1.00547e+06,245106
40,462,-9.51983e+06,6.92731e+06,-619664
40,463,6.791e+06,-5.71679e+06,-102884
40,464,-9.22655e+06,2.79866e+06,326644
40,465,-7.84097e+06,2.27708e+06,143440
40,466,-445853,1.45761e+07,-410571
40,467,-7.74341e+06,-6.3763e+06,-287403
40,468,2.47239e+06,-1.09838e+07,462625
40,469,7.13881e+06,-7.79543e+06,122883
40,470,1.09524e+07,2.63853e+06,1.09981e+06
40,471,652327,7.92507e+06,-714412
40,472,1.68204e+06,1.19777e+07,-774985
40,473,5.95729e+06,4.89039e+06,130437
40,474,-1.01322e+07,7.32995e+06,-50271.5
40,475,1.23783e+07,1.59012e+06,-441573
40,476,-1.28313e+07,-7.30889e+06,-726381
40,477,-6.34665e+06,9.19625e+06,72042.7
40,478,5.14883e+06,6.10424e+06,-569909
40,479,-1.33972e+06,-1.44234e+07,-979496
40,480,-740661,-8.45444e+06,-584217
40,481,8.69046e+06,-1.7554e+06,-434028
40,482,1.22077e+07,-1.4134e+06,-308969
40,483,-44332.2,7.12455e+06,471732
40,484,1.82862e+06,-1.37543e+07,-1.07566e+06
40,485,1.17627e+07,-6.33774e+06,268856
40,486,6.92996e+06,-1.27583e+07,484977
40,487,-6.92256e+06,9.29624e+06,-790867
40,488,-5.11587e+06,1.06421e+07,866752
40,489,438897,-1.48902e+07,-1.2227e+06
40,490,7.03016e+06,6.09645e+06,280081
40,491,1.18157e+07,-5.70435e+06,-162227
40,492,1.03723e+07,-9.7005e+06,-519392
40,493,-1.00515e+07,9.65834e+06,-566560
40,494,-5.96841e+06,1.06272e+07,317423
40,495,-1.085e+07,-4.82708e+06,-284008
40,496,-9.21798e+06,-6.68625e+06,104032
40,497,1.04829e+07,1.2218e+06,183733
40,498,-4.98505e+06,-6.68175e+06,432541
40,499,-1.05053e+07,-3.12e+06,991981
40,500,1.19134e+07,-6.86598e+06,863898
40,501,4.42882e+06,6.50722e+06,41884.7
40,502,-8.90646e+06,1.0373e+06,-189378
40,503,18995.3,-1.13848e+07,490857
40,504,5.12573e+06,-9.92324e+06,-154411
40,505,1.26274e+07,6.30775e+06,1.28692e+06
40,506,-9.06684e+06,8.18552e+06,-740633
40,507,3.45506e+06,1.02424e+07,-722235
40,508,-1.17701e+07,-1.95868e+06,405993
40,509,-1.40945e+07,-3.11662e+06,233645
40,510,-1.26852e+06,-7.61061e+06,-154366
40,511,6.76331e+06,-1.31796e+07,66599
40,512,5.27917e+06,-5.97298e+06,478203
40,513,-2.64358e+06,8.0387e+06,496872
40,514,7.50829e+06,-3.94366e+06,-127956
40,515,3.35673e+06,-6.92314e+06,-194541
40,516,8.33192e+06,7.41956e+06,-1.11331e+06
40,517,-1.20222e+07,-1.38612e+06,226381
40,518,-7.87886e+06,-1.07421e+07,-867620
40,519,8.33803e+06,-5.28499e+06,533305
40,520,-647435,1.14259e+07,-453187
40,521,7.81093e+06,-1.02012e+07,440601
40,522,1.62587e+06,-1.33446e+07,-943237
40,523,5.73109e+06,8.65092e+06,-549846
40,524,-1.37873e+07,2.14896e+06,98665.3
40,525,-3.4681e+06,7.66758e+06,-454205
40,526,-5.37676e+06,-6.76235e+06,-420188
40,527,1.11365e+07,4.5372e+06,-862863
40,528,-7.37661e+06,-5.48227e+06,323216
40,529,-1.00076e+07,3.27942e+06,473068
40,530,-4.10609e+06,5.80729e+06,453540
40,531,-6.34333e+06,9.93451e+06,957887
40,532,-1.45559e+06,1.30948e+07,382904
40,533,-9.70376e+06,6.64676e+06,-312979
40,534,-7.04543e+06,-6.73676e+06,-112241
40,535,-6.38904e+06,-1.20109e+07,-1.17291e+06
40,536,-1.83832e+06,1.19791e+07,224947
40,537,1.26427e+06,1.23762e+07,-107325
40,538,7.96872e+06,3.0155e+06,-207010
40,539,9.90305e+06,-21110.4,-106223
40,540,-8.29955e+06,-4.89589e+06,-794022
40,541,-9.54588e+06,-1.1145e+07,748482
40,542,-7.1947e+06,4.26322e+06,-129246
40,543,1.35598e+07,327532,-540448
40,544,-1.46933e+07,2.12284e+06,-348827
40,545,7.85966e+06,-993219,-762319
40,546,1.728e+06,-1.27641e+07,-660844
40,547,1.01804e+07,7.00555e+06,-600845
40,548,8.94322e+06,-9.8444e+06,288581
40,549,5.73271e+06,9.40287e+06,-964478
40,550,837200,7.89307e+06,-251253
40,551,-5.91895e+06,8.10191e+06,-523950
40,552,5.25975e+06,-9.73735e+06,-487805
40,553,1.03017e+07,-1.02125e+07,-982674
40,554,-1.17532e+07,-6.20185e+06,176930
40,555,-1.01209e+07,-330505,-208202
40,556,-7.6715e+06,-8.31192e+06,394380
40,557,-1.76535e+06,-1.10913e+07,-806953
40,558,3.88781e+06,-7.77236e+06,-308436
40,559,3.82149e+06,6.06951e+06,-396512
40,560,-1.29965e+07,-6.66032e+06,1.26693e+06
40,561,-1.15245e+07,1.26106e+06,-432010
40,562,7.39199e+06,9.21501e+06,942774
40,563,-5.7916e+06,1.22818e+07,1.2329e+06
40,564,-6.61505e+06,-1.18402e+07,-1.02781e+06
40,565,-1.07901e+07,-663214,-578648
40,566,1.56409e+06,-7.45578e+06,-576537
40,567,1.08897e+07,-4.33599e+06,883161
40,568,5.67518e+06,-7.21069e+06,-919672
40,569,-5.51837e+06,-4.5292e+06,-192912
40,570,-9.15366e+06,-4.20334e+06,-621495
40,571,-8.66471e+06,562078,441688
40,572,-3.73043e+06,1.13579e+07,-166540
40,573,7.31841e+06,4.0247e+06,472453
40,574,3.7517e+06,8.30875e+06,349394
40,575,-7.81124e+06,-9.0131e+06,-647198
40,576,1.34198e+06,8.74e+06,-577505
40,577,7.25638e+06,-9.84907e+06,549107
40,578,-1.11405e+07,7.32051e+06,410852
40,579,-9.66284e+06,-1.82625e+06,-36107.7
40,580,-6.53726e+06,5.24148e+06,779075
40,581,5.78791e+06,6.87577e+06,-146298
40,582,-1.14672e+07,-6.76507e+06,482043
40,583,-6.04963e+06,-5.98853e+06,-300448
40,584,-9.22568e+06,-1.00599e+07,-822991
40,585,7.16188e+06,2.27523e+06,-193153
40,586,-5.32678e+06,-7.41119e+06,-1215.47
40,587,5.16499e+06,7.49572e+06,-679673
40,588,350604,1.39065e+07,422164
40,589,-9.99286e+06,-9.00354e+06,968818
40,590,9.79851e+06,-2.49823e+06,-743019
40,591,-3.9774e+06,-6.69429e+06,690962
40,592,1.18317e+07,6.41325e+06,-594158
40,593,-492394,1.44114e+07,811648
40,594,-1.35966e+07,166598,-309088
40,595,1.27518e+06,1.04917e+07,824526
40,596,7.98462e+06,-6.92928e+06,-835225
40,597,-1.39849e+07,4.98073e+06,-1.34606e+06
40,598,128889,-7.2995e+06,232091
40,599,1.03981e+07,8.38745e+06,-1.24429e+06
40,600,-8.57834e+06,6.99436e+06,-84218
40,601,1.46611e+07,-2.50977e+06,1.31914e+06
40,602,-8.29856e+06,1.03534e+07,-233173
40,603,5.71433e+06,-9.81194e+06,-981634
40,604,8.89646e+06,5.37556e+06,30462.4
40,605,3.08466e+06,-1.38304e+07,-771979
40,606,-7.1282e+06,-1.28984e+07,-1.44745e+06
40,607,-877294,8.96709e+06,-777766
40,608,-1.45239e+07,1.78113e+06,1.16067e+06
40,609,6.57265e+06,6.96652e+06,-49141.8
40,610,-7.87365e+06,401547,663828
40,611,-8.12067e+06,-7.62576e+06,-766023
40,612,5.44001e+06,4.94048e+06,144711
40,613,-5.72363e+06,5.23977e+06,77688
40,614,4.99033e+06,8.77985e+06,-457058
40,615,-6.27674e+06,-1.29896e+07,-11402
40,616,7.09765e+06,-31084.2,243255
40,617,7.09257e+06,-6.35679e+06,-460336
40,618,-7.25329e+06,-8.70986e+06,-632835
40,619,44142.6,-1.48262e+07,171420
40,620,7.86285e+06,3.0658e+06,-303680
40,621,-1.80306e+06,1.28997e+07,103032
40,622,9.83371e+06,8.21693e+06,475054
40,623,7.60866e+06,-1.39277e+06,-17941.5
40,624,-4.73551e+06,6.69967e+06,-142000
40,625,-313241,-1.30585e+07,292444
40,626,4.29369e+06,6.53786e+06,-636462
40,627,8.4894e+06,-7.92915e+06,-153776
40,628,-7.62092e+06,-3.21373e+06,516053
40,629,9.65204e+06,-8.59012e+06,-574234
40,630,6.41259e+06,-5.65142e+06,269294
40,631,-189480,-9.46681e+06,597308
40,632,-4.3134e+06,-1.11081e+07,-297288
40,633,-1.11131e+07,-1.94622e+06,786440
40,634,6.96948e+06,-1.17415e+07,-1.33939e+06
40,635,934303,-1.29545e+07,463488
40,636,7.31709e+06,-1.08056e+07,-77456.1
40,637,7.62574e+06,7.94651e+06,-252465
40,638,2.53254e+06,-1.18602e+07,-686516
40,639,-3.94094e+06,-7.03379e+06,-805382
40,640,8.21268e+06,1.80374e+06,-560709
40,641,-6.60973e+06,5.26289e+06,-164978
40,642,-1.39364e+07,-1.1057e+06,624987
40,643,913298,7.77332e+06,317632
40,644,-7.41402e+06,324373,147384
40,645,1.16508e+07,1.93109e+06,-420264
40,646,6.97244e+06,9.86802e+06,472383
40,647,1.28864e+07,-1.23742e+06,-751984
40,648,-1.34563e+07,-1.94917e+06,-344127
40,649,-435656,-7.95611e+06,-421052
40,650,9.09233e+06,4.04957e+06,600447
40,651,-1.12361e+06,-1.3074e+07,-526553
40,652,-5.22738e+06,-6.5599e+06,-6427.59
40,653,-3.02495e+06,-7.82096e+06,825867
40,654,-585801,-1.29119e+07,1.16706e+06
40,655,-7.75046e+06,-3.6899e+06,825557
40,656,-2.28745e+06,-8.00067e+06,142740
40,657,-3.53408e+06,-1.10997e+07,1.00316e+06
40,658,1.2334e+07,4.77974e+06,934574
40,659,-6.4895e+06,5.94979e+06,-67350.5
40,660,-1.00178e+07,4.05097e+06,947364
40,661,-8.38511e+06,-9.40076e+06,-1.13701e+06
40,662,1.20834e+07,-7.47584e+06,797052
40,663,6.47956e+06,2.76734e+06,-387221
40,664,-6.62251e+06,4.5275e+06,679255
40,665,1.07044e+07,1.15378e+06,-467978
40,666,7.08509e+06,1.95372e+06,-329614
40,667,2.37981e+06,-8.84914e+06,872482
40,668,-9.07859e+06,4.06244e+06,686715
40,669,4.83449e+06,7.73605e+06,644996
40,670,-5.17277e+06,-5.25193e+06,91325.4
40,671,-4.12287e+06,8.83875e+06,530619
40,672,342725,7.67559e+06,357186
40,673,7.69943e+06,8.34377e+06,869203
40,674,4.98651e+06,-8.8187e+06,583414
40,675,-1.1939e+07,177697,1.1485e+06
40,676,-982381,-8.08484e+06,-503336
40,677,-3.72897e+06,8.91933e+06,866330
40,678,5.79901e+06,1.34769e+07,-1.40664e+06
40,679,-1.11769e+07,6.06632e+06,-1.04794e+06
40,680,-1.18505e+07,-3.69283e+06,1.19637e+06
40,681,-7.41491e+06,4.77441e+06,75008
40,682,-1.2638e+07,-4.23977e+06,301006
40,683,5.26222e+06,-7.06376e+06,-125677
40,684,-3.91737e+06,-7.10654e+06,-460976
40,685,5.25398e+06,-5.73847e+06,-61947.8
40,686,-3.49182e+06,1.24942e+07,745273
40,687,-5.0808e+06,5.99657e+06,753256
40,688,-1.33451e+07,6075.68,-427724
40,689,-1.33454e+07,-4.09129e+06,721998
40,690,1.28865e+07,1.6874e+06,-973146
40,691,6.26515e+06,1.05411e+07,-600018
40,692,-1.3446e+07,-5.57217e+06,730398
40,693,-1.07291e+07,-3.92994e+06,-929293
40,694,-2.22842e+06,9.48891e+06,-212972
40,695,-9.4412e+06,9.48965e+06,-129305
40,696,8.33043e+06,5.84845e+06,-119926
40,697,3.04573e+06,7.97499e+06,-694281
40,698,722865,-9.81703e+06,-440263
40,699,-5.71025e+06,-7.56892e+06,-577253
40,700,-1.40319e+07,-2.00886e+06,-148533
40,701,5.55906e+06,1.0021e+07,260060
40,702,8.04555e+06,-5.73991e+06,-655287
40,703,-8.83752e+06,-6.56375e+06,-1.03007e+06
40,704,-818019,-9.85542e+06,634312
40,705,3.09689e+06,-8.94281e+06,887597
40,706,1.0078e+07,9.48449e+06,663956
40,707,9.54767e+06,-430708,-27975.3
40,708,-951306,-7.91766e+06,-282215
40,709,1.48741e+07,-1.68646e+06,467551
40,710,-2.82758e+06,-7.49663e+06,-653161
40,711,3.46629e+06,-6.33681e+06,-419384
40,712,9.92746e+06,-1.4091e+06,-327206
40,713,8.26479e+06,-4.35855e+06,-728581
40,714,1.3013e+07,-750643,1.04824e+06
40,715,-4.99313e+06,1.113e+07,-599761
40,716,1.0021e+07,-9.12619e+06,68939.8
40,717,6.58858e+06,6.01952e+06,-738163
40,718,-1.12516e+07,5.91323e+06,1.03259e+06
40,719,4.44562e+06,1.21248e+07,293871
40,720,-9.14207e+06,-5.10787e+06,498855
40,721,7.64683e+06,-1.10445e+07,-661430
40,722,-182043,-7.22437e+06,-569638
40,723,9.50037e+06,493244,345668
40,724,-4.41396e+06,-7.02538e+06,818154
40,725,6.56271e+06,3.78836e+06,-241805
40,726,2.77799e+06,1.36458e+07,-388920
40,727,919457,-7.4907e+06,-138309
40,728,1.08605e+07,-7.24515e+06,-698336
40,729,1.24195e+07,5.07505e+06,1.07235e+06
40,730,8.71106e+06,-8.46318e+06,-1.2179e+06
40,731,-6.60313e+06,5.11145e+06,-201162
40,732,-6.65151e+06,5.74598e+06,-653341
40,733,3.56841e+06,-9.66433e+06,-43111.4
40,734,-6.40263e+06,3.09695e+06,-673961
40,735,1.00908e+07,1.07133e+07,611609
40,736,6.97979e+06,-1.30173e+07,589049
40,737,1.36456e+07,-1.34491e+06,332790
40,738,-7.77005e+06,-8.44173e+06,74964.5
40,739,-1.15384e+07,3.51401e+06,-679796
40,740,7.10562e+06,3.57261e+06,-376510
40,741,-6.58713e+06,-3.28826e+06,-318234
40,742,1.20241e+07,6.30305e+06,-743652
40,743,-1.02715e+07,-7.62663e+06,-1.11697e+06
40,744,1.01974e+07,-9.60676e+06,-475318
40,745,9.7117e+06,-407456,245255
40,746,6.11837e+06,-9.42912e+06,-482860
40,747,-1.41247e+06,1.03199e+07,602880
40,748,-6.06948e+06,-9.8533e+06,-573638
40,749,-8.74451e+06,362648,415942
40,750,1.0885e+07,2.51434e+06,824757
40,751,7.27344e+06,-1.76199e+06,-712327
40,752,1.07649e+07,6.37963e+06,1.02993e+06
40,753,6.7624e+06,8.30521e+06,-340999
40,754,3.71346e+06,7.40659e+06,744106
40,755,2.79229e+06,-1.0182e+07,294782
40,756,8.2151e+06,9.28018e+06,-659406
40,757,1.30948e+07,-2.20437e+06,-630673
40,758,-9.03957e+06,1.28022e+06,885850
40,759,-7.75498e+06,4.80659e+06,715502
40,760,6.72104e+06,2.0338e+06,146038
40,761,781178,1.42374e+07,-86565.6
40,762,-1.04877e+07,1.54338e+06,259736
40,763,-1.02553e+07,3.24969e+06,-55306
40,764,-1.13253e+07,-2.92756e+06,829724
40,765,3.94622e+06,-6.23474e+06,507920
40,766,-9.08541e+06,1.88381e+06,-114014
40,767,-7.10723e+06,5.03835e+06,-795655
40,768,3.99313e+06,-8.30391e+06,-397090
40,769,-1.31956e+07,-2.88176e+06,1.02797e+06
40,770,1.13434e+07,2.38394e+06,406744
40,771,-7.06773e+06,1.95037e+06,630721
40,772,-6.57828e+06,5.08248e+06,382211
40,773,-6.49887e+06,-1.24472e+07,-679578
40,774,-3.80612e+06,1.17858e+07,541302
40,775,-2.39818e+06,-1.43954e+07,1.06091e+06
40,776,-1.11286e+06,-6.91278e+06,461760
40,777,5.27541e+06,-5.06887e+06,-355980
40,778,4.05283e+06,-1.16299e+07,400741
40,779,-6.19167e+06,-4.64116e+06,76683
40,780,-1.18225e+07,7.85394e+06,-508055
40,781,-1.12028e+07,6.58204e+06,379705
40,782,9.43035e+06,-7.69155e+06,240190
40,783,6.87116e+06,8.57047e+06,-845661
40,784,3.62772e+06,7.38907e+06,226910
40,785,-1.26269e+07,-2.63977e+06,849956
40,786,6.54422e+06,-1.34069e+07,581718
40,787,-1.07212e+07,3.31207e+06,-934652
40,788,8.73068e+06,-5.22687e+06,627464
40,789,-8.57339e+06,1.54242e+06,552257
40,790,-5.90463e+06,4.65775e+06,529670
40,791,8.91553e+06,5.0184e+06,87007.8
40,792,-1.15807e+07,-7.63888e+06,-760140
40,793,-9.6585e+06,2.85889e+06,159647
40,794,1.04663e+07,7.76999e+06,1.01775e+06
40,795,-5.05865e+06,4.93485e+06,-669309
40,796,-9.96602e+06,-1.89106e+06,23691.3
40,797,-4.82301e+06,-6.74347e+06,-756471
40,798,1.24325e+07,-4.09189e+06,-419521
40,799,-8.19478e+06,7.46306e+06,-1.0968e+06
40,800,2.86157e+06,-9.67073e+06,193574
40,801,4.71315e+06,-6.22762e+06,48522.2
40,802,-1.19167e+07,-6.82514e+06,163925
40,803,3.61776e+06,6.91855e+06,738731
40,804,8.77401e+06,-973180,56317.2
40,805,6.37943e+06,4.94693e+06,-470286
40,806,-1.24665e+07,7.21142e+06,-301201
40,807,5.51425e+06,7.74284e+06,-23087.6
40,808,4.35776e+06,-6.75399e+06,-208257
40,809,-9.90362e+06,1.36969e+06,-111688
40,810,-1.42453e+07,-4.39619e+06,-1.23049e+06
40,811,6.64713e+06,9.75324e+06,-1.1103e+06
40,812,2.37636e+06,-1.45046e+07,1.41553e+06
40,813,-1.05254e+07,-2.41697e+06,-717208
40,814,4.96779e+06,-7.47072e+06,-258002
40,815,-3.24525e+06,-1.31929e+07,-878308
40,816,-4.64361e+06,-1.00205e+07,-585659
40,817,-1.30152e+07,-3.99665e+06,-912789
40,818,1.16334e+07,218741,-814423
40,819,3.36621e+06,1.30865e+07,763865
40,820,-4.2304e+06,1.21537e+07,-448403
40,821,-1.29888e+07,2.97867e+06,615527
40,822,5.13754e+06,-6.36117e+06,344863
40,823,9.43964e+06,1.06792e+07,265149
40,824,-7.3256e+06,9.24129e+06,-97940.2
40,825,112892,-7.30278e+06,71987.2
40,826,-2.87082e+06,-6.88756e+06,-49534.6
40,827,7.16618e+06,-1.07634e+06,652088
40,828,9.08445e+06,6.35896e+06,565044
40,829,-3.77207e+06,1.02643e+07,-18764.5
40,830,-1.02258e+07,-4.5167e+06,-131385
40,831,1.04453e+07,-5.57841e+06,-326210
40,832,1.02303e+07,-7.7017e+06,-112725
40,833,-8.29541e+06,-6.51179e+06,192761
40,834,-1.32718e+07,1.7498e+06,1.33247e+06
40,835,7.45955e+06,447852,209427
40,836,299671,9.37615e+06,-352936
40,837,8.78392e+06,1.99811e+06,851682
40,838,-601467,-8.73331e+06,459947
40,839,1.40871e+07,2.95718e+06,1.07293e+06
40,840,-7.36174e+06,-8.45817e+06,324008
40,841,-6.96885e+06,1.16132e+07,631648
40,842,3.24372e+06,-1.06936e+07,1.09961e+06
40,843,8.5764e+06,-9329.49,-704797
40,844,6.65571e+06,2.21687e+06,-221844
40,845,1.07918e+07,5.25778e+06,-1.19049e+06
40,846,6.51136e+06,-1.29211e+07,895762
40,847,-4.12504e+06,-1.34114e+07,-1.11234e+06
40,848,-1.45655e+06,-1.00783e+07,-447519
40,849,1.23046e+07,2.14342e+06,-484425
40,850,-7.50781e+06,-8.56766e+06,175500
40,851,1.25219e+07,710204,-1.00297e+06
40,852,-5.58386e+06,-1.27398e+07,-1.07883e+06
40,853,449581,1.37291e+07,-59719.3
40,854,-1.74438e+06,-7.96846e+06,272145
40,855,5.88646e+06,-6.38898e+06,-171412
40,856,5.15183e+06,7.77868e+06,-436469
40,857,-6.04385e+06,-3.83821e+06,490367
40,858,1.93767e+06,1.11757e+07,-1.0607e+06
40,859,-7.65974e+06,4.1367e+06,452181
40,860,-1.3234e+06,-8.37609e+06,623097
40,861,4.8377e+06,-9.46652e+06,116185
40,862,-1.1891e+07,-2.21997e+06,-89080.7
40,863,-3.16765e+06,8.28458e+06,-372613
40,864,8.19398e+06,8.02109e+06,957831
40,865,-1.05021e+07,7.20413e+06,-870735
40,866,6.47329e+06,-1.24611e+07,623023
40,867,-7.63124e+06,5.03677e+06,-727674
40,868,2.02518e+06,-8.25992e+06,365789
40,869,9.45776e+06,-6.96611e+06,195593
40,870,-5.96029e+06,8.87925e+06,944236
40,871,7.05513e+06,-2.94608e+06,499920
40,872,-7.2395e+06,-3.44645e+06,588470
40,873,9.75457e+06,-6.14572e+06,1.0239e+06
40,874,-7.59154e+06,7.0198e+06,904309
40,875,9.0542e+06,8.39797e+06,-1.13344e+06
40,876,1.05017e+07,-4.66154e+06,792149
40,877,7.77216e+06,9.6515e+06,-609490
40,878,5.5324e+06,1.285e+07,-620274
40,879,-3.32413e+06,-7.28252e+06,712254
40,880,-9.07722e+06,1.14013e+06,245754
40,881,1.17295e+07,9.34298e+06,-4285.97
40,882,6.8958e+06,-7.35343e+06,-48438
40,883,-5.00865e+06,-6.07875e+06,426681
40,884,4.66736e+06,-5.22948e+06,-440310
40,885,-9.9663e+06,5.54624e+06,501267
40,886,6.99337e+06,-7.09015e+06,459263
40,887,3.70922e+06,-1.15868e+07,618509
40,888,-5.91082e+06,4.21659e+06,626596
40,889,-356743,-7.96194e+06,758273
40,890,-2.78932e+06,-6.87316e+06,-47205.7
40,891,9.83423e+06,6.1236e+06,-1.06158e+06
40,892,5.68198e+06,-1.09263e+07,695238
40,893,9.0371e+06,6.8544e+06,426682
40,894,7.7005e+06,-4.49175e+06,603750
40,895,1.20439e+07,-3.76777e+06,-1.18592e+06
40,896,-6.40498e+06,1.11367e+07,1.0455e+06
40,897,-1.16476e+06,-9.03269e+06,688889
40,898,-6.03666e+06,4.14608e+06,384221
40,899,-1.3984e+06,1.05303e+07,-595744
40,900,5.24169e+06,-6.11139e+06,121274
40,901,-5.82536e+06,4.89443e+06,-201165
40,902,-7.87167e+06,3.07033e+06,-283677
40,903,-407674,-9.71107e+06,-538309
40,904,-1.08549e+07,-5.42231e+06,165224
40,905,-1.16342e+07,-3.89442e+06,932217
40,906,-1.17731e+07,-3.82135e+06,817386
40,907,-3.25329e+06,1.13727e+07,-693603
40,908,6.79126e+06,-4.616e+06,345100
40,909,-1.14199e+07,-8.93328e+06,-77123.6
40,910,-3.26766e+06,-6.72502e+06,122845
40,911,804116,1.48997e+07,91720.9
40,912,-7.32027e+06,-9.76829e+06,149620
40,913,3.468e+06,1.27384e+07,596065
40,914,9.61697e+06,-7.05818e+06,829516
40,915,-1.81632e+06,9.30148e+06,915417
40,916,9.44653e+06,-6.00361e+06,-753382
40,917,4.65987e+06,-1.11603e+07,1.08486e+06
40,918,-1.25819e+06,-9.61656e+06,75259.6
40,919,-2.47319e+06,-7.05906e+06,284285
40,920,-1.44239e+07,28195,-778835
40,921,-6.48946e+06,3.45291e+06,-291125
40,922,-8.1206e+06,1.01977e+07,1.1738e+06
40,923,-1.04698e+07,-1.02394e+07,1.25846e+06
40,924,-1.24306e+07,-4.00591e+06,-836060
40,925,-9.77546e+06,-4.20274e+06,775711
40,926,8.82573e+06,-6.30095e+06,378187
40,927,8.09593e+06,32390.1,44067.7
40,928,-5.24333e+06,-8.637e+06,-791706
40,929,-1.20898e+07,-101388,-225650
40,930,-1.44232e+07,-2.2726e+06,-821016
40,931,9.4313e+06,-4.94575e+06,-690654
40,932,8.61458e+06,985046,-844693
40,933,-1.30727e+06,-1.35666e+07,-395201
40,934,-1.0054e+07,7.48616e+06,1.13833e+06
40,935,-1.16207e+07,9.00195e+06,1.04301e+06
40,936,-5.05554e+06,1.21565e+07,-706157
40,937,2.32368e+06,-1.03635e+07,979969
40,938,8.22341e+06,-1.02049e+07,270148
40,939,3.15116e+06,-1.33113e+07,-336571
40,940,4.06169e+06,-1.06187e+07,-1.03479e+06
40,941,5.69274e+06,1.2202e+07,39536.6
40,942,-545799,1.34378e+07,-684215
40,943,8.17766e+06,-6.04815e+06,-1.0193e+06
40,944,7.85734e+06,1.17594e+07,1.39054e+06
40,945,-1.46362e+07,275808,37237.9
40,946,-6.9415e+06,-8.29486e+06,-887111
40,947,6.67501e+06,2.8568e+06,-80721.4
40,948,-6.40635e+06,-6.54696e+06,904681
40,949,-8.90444e+06,-4.74379e+06,-170259
40,950,1.13531e+07,-7.73738e+06,1.03874e+06
40,951,1.45026e+07,2.74894e+06,1.00464e+06
40,952,1.50462e+06,1.28724e+07,1.1859e+06
40,953,-3.24024e+06,-7.50344e+06,-449883
40,954,-1.76332e+06,-1.03004e+07,132320
40,955,-5.02096e+06,9.1032e+06,707103
40,956,-7.47046e+06,3.19272e+06,657055
40,957,-1.1297e+07,7.83453e+06,724007
40,958,1.05478e+07,-8.56095e+06,120907
40,959,-565972,8.61001e+06,-352586
40,960,1.14462e+07,2.63756e+06,319607
40,961,-3.02117e+06,9.41346e+06,751555
40,962,8.66918e+06,6.19867e+06,697249
40,963,-773988,-7.32947e+06,403817
40,964,4.6782e+06,-8.63503e+06,30747
40,965,1.01915e+07,3.24959e+06,-449352
40,966,-1.13709e+07,8.9125e+06,134930
40,967,-9.3176e+06,-6.23803e+06,-986055
40,968,-1.40315e+06,-9.77961e+06,-592182
40,969,8.58858e+06,824430,-107831
40,970,1.32239e+07,4.70243e+06,-868036
40,971,-821341,-9.44136e+06,266527
40,972,842120,-1.02907e+07,226359
40,973,6.06322e+06,-1.27863e+07,-700078
40,974,6.27299e+06,6.6842e+06,-298876
40,975,-1.25402e+07,8.1813e+06,-837813
40,976,-1.25437e+07,-3.66356e+06,-917150
40,977,-8.74781e+06,4.91225e+06,509587
40,978,-1.15701e+06,7.07146e+06,25194.4
40,979,-6.13133e+06,-6.79295e+06,-33171.1
40,980,9.46932e+06,-2.85487e+06,261390
40,981,-7.35039e+06,-3.22562e+06,450870
40,982,5.72609e+06,1.12366e+07,1.19494e+06
40,983,5.50454e+06,9.02233e+06,-676730
40,984,2.8368e+06,-7.22699e+06,-587598
40,985,4.9503e+06,-6.28099e+06,-248466
40,986,6.7442e+06,2.60135e+06,-517741
40,987,-4.17398e+06,-7.61833e+06,-595980
40,988,1.02237e+06,-7.88044e+06,271782
40,989,-9.89653e+06,-3.43363e+06,-393974
40,990,-1.08345e+07,-703094,-244837
40,991,1.4134e+07,1.64919e+06,803816
40,992,2.62762e+06,-7.5488e+06,185209
40,993,1.11166e+07,8.08423e+06,162128
40,994,-2.75379e+06,-1.06585e+07,75479.8
40,995,-1.033e+07,4.62389e+06,-432821
40,996,7.78095e+06,7.50706e+06,1.00055e+06
40,997,1.21999e+07,-3.51576e+06,-694492
40,998,5.26714e+06,-1.29994e+07,497094
40,999,-5.07812e+06,1.08464e+07,758750
40,1000,9.82199e+06,4.96258e+06,-411958
40,1001,8.69534e+06,-1.14974e+07,1.39352e+06
40,1002,-48376.1,1.19966e+07,-810092
40,1003,8.38835e+06,1.33173e+06,-185624
40,1004,-7.36692e+06,4.23871e+06,740898
40,1005,7.69429e+06,-7.05937e+06,220306
40,1006,-5.73338e+06,6.86741e+06,-745836
40,1007,-3.99746e+06,-8.76379e+06,-826032
40,1008,-6.50995e+06,5.62459e+06,831580
40,1009,-1.14764e+06,-1.319e+07,-1.01817e+06
40,1010,3.13016e+06,-1.28701e+07,267825
40,1011,-6.95758e+06,1.31361e+07,1.31517e+06
40,1012,1.42627e+07,1.24751e+06,-142827
40,1013,1.16839e+07,9.11076e+06,141587
40,1014,-1.38383e+07,-5.25695e+06,-919429
40,1015,3.06098e+06,1.12484e+07,45930.8
40,1016,-5.79774e+06,-4.90217e+06,25475.9
40,1017,-8.63525e+06,-9.6113e+06,128174
40,1018,7.55356e+06,9.97969e+06,238693
40,1019,7.57186e+06,-3.50999e+06,-721903
40,1020,-3.24831e+06,-9.92464e+06,-87648.6
40,1021,-7.20076e+06,-2.82146e+06,218971
40,1022,-8.99529e+06,8.86485e+06,160779
40,1023,-4.7649e+06,-9.47324e+06,177176
40,1024,-211188,1.11486e+07,-1.11398e+06
40,1025,6.02953e+06,5.83747e+06,-85414.1
40,1026,2.493e+06,1.15871e+07,1.04324e+06
40,1027,1.28897e+06,-6.9326e+06,176442
40,1028,9.40306e+06,3.35978e+06,254567
40,1029,9.38425e+06,-3.69265e+06,84665.2
40,1030,2.46275e+06,1.42918e+07,655090
40,1031,-556074,-1.19056e+07,-680758
40,1032,-1.23052e+07,-81694.6,597979
40,1033,7.55157e+06,-5.90021e+06,-798287
40,1034,8.81596e+06,-1.0132e+07,853198
40,1035,-1.03199e+07,3.94229e+06,1.09981e+06
40,1036,-8.36413e+06,-2.82505e+06,301327
40,1037,3.36809e+06,1.21426e+07,388154
40,1038,1.27694e+07,4.38451e+06,1.11357e+06
40,1039,-4.68427e+06,5.47096e+06,-699020
40,1040,6.61071e+06,-3.77797e+06,-220915
40,1041,1.99743e+06,1.02026e+07,201852
40,1042,-8.33246e+06,8.28722e+06,-392498
40,1043,-1.06051e+07,9.26122e+06,-18298.7
40,1044,2.38223e+06,-8.95307e+06,-189967
40,1045,-478657,1.10458e+07,1.0815e+06
40,1046,1.47782e+06,-9.21331e+06,-135262
40,1047,2.92037e+06,-8.13687e+06,-287653
40,1048,1.20732e+07,-6.85912e+06,1.00088e+06
40,1049,1.98713e+06,-7.00259e+06,-128975
40,1050,-8.8672e+06,-1.07804e+07,932715
40,1051,-1.06466e+07,-2.63453e+06,-781173
40,1052,-1.1713e+07,6.24097e+06,212.648
40,1053,-1.06492e+07,-7.89588e+06,-793345
40,1054,-9.9315e+06,6.22604e+06,-71428.5
40,1055,1.49773e+06,7.06267e+06,-316090
40,1056,1.26499e+07,1.14528e+06,-231723
40,1057,1.08395e+07,9.46787e+06,47271.4
40,1058,1.24975e+07,-4.47961e+06,655682
40,1059,6.10293e+06,-1.12102e+07,-137319
40,1060,1.33686e+07,893039,1.14027e+06
40,1061,-9.86111e+06,-3.70416e+06,-516673
40,1062,1.13299e+07,6.17707e+06,963362
40,1063,2.66094e+06,1.3336e+07,842259
40,1064,-8.7925e+06,-9.96128e+06,-336123
40,1065,777903,9.13299e+06,-332529
40,1066,1.24384e+07,6.84555e+06,935086
40,1067,-9.64551e+06,-1.58111e+06,576135
40,1068,-8.0748e+06,1.15279e+07,-107397
40,1069,1.02476e+07,1.11089e+06,-420774
40,1070,-9.17247e+06,5.43756e+06,473470
40,1071,-1.0069e+07,414714,-141837
40,1072,8.59449e+06,-9.65324e+06,82420.3
40,1073,-4.07222e+06,1.2677e+07,110155
40,1074,-8.49986e+06,4.77933e+06,453435
40,1075,9.99774e+06,9.86906e+06,378335
40,1076,8.39838e+06,8.0565e+06,-671188
40,1077,4.492e+06,8.34326e+06,-485901
40,1078,-4.91091e+06,7.69621e+06,455542
40,1079,1.15488e+07,-758999,-197340
40,1080,9.16429e+06,-9.25227e+06,466282
40,1081,487044,-1.02654e+07,-609605
40,1082,-9.12876e+06,-3.03295e+06,145035
40,1083,6.84664e+06,-2.13484e+06,281922
40,1084,1.01094e+07,-4.24598e+06,-133535
40,1085,-1.47374e+07,-1.3529e+06,-1.14382e+06
40,1086,-5.45455e+06,-1.19092e+07,715771
40,1087,2.63101e+06,-1.43691e+07,325299
40,1088,-6.23061e+06,-1.23763e+07,-254620
40,1089,2.25659e+06,1.38899e+07,604386
40,1090,-1.42754e+06,-1.39689e+07,554234
40,1091,-1.27205e+07,2.60631e+06,973370
40,1092,5.79987e+06,6.37654e+06,-369802
40,1093,-1.1186e+07,-987952,720855
40,1094,-1.01609e+07,745674,-994412
40,1095,-5.92175e+06,-8.34157e+06,-994056
40,1096,2.14354e+06,8.95545e+06,-845524
40,1097,4.2739e+06,9.9416e+06,526370
40,1098,-1.30967e+07,-4.08704e+06,1.3257e+06
40,1099,-1.04919e+07,-1.13558e+06,1.03558e+06
40,1100,8.34049e+06,-2.85484e+06,-807888
40,1101,9.44503e+06,4.72297e+06,484349
40,1102,-2.96321e+06,-1.14876e+07,-297825
40,1103,9.47462e+06,3.04353e+06,-298642
40,1104,-1.05981e+07,9.75277e+06,955809
40,1105,-9.76002e+06,9.66235e+06,362580
40,1106,5.96573e+06,4.91802e+06,-699312
40,1107,-1.05187e+07,5.00245e+06,111872
40,1108,-6.76852e+06,8.87518e+06,396249
40,1109,1.29679e+07,1.42265e+06,-764603
40,1110,-9.75935e+06,8.12561e+06,412762
40,1111,-7.70744e+06,5.97638e+06,-666579
40,1112,-6.9781e+06,-5.78644e+06,-121130
40,1113,8.10655e+06,-1.04099e+07,109883
40,1114,-4.78358e+06,1.2157e+07,-222156
40,1115,-9.7393e+06,8.15128e+06,224794
40,1116,-6.68358e+06,-5.18821e+06,612481
40,1117,-2.01957e+06,-1.37852e+07,685250
40,1118,-9.72793e+06,-6.00624e+06,-838990
40,1119,-1.00819e+07,2.95701e+06,965886
40,1120,-9.87023e+06,-3.4279e+06,69466.3
40,1121,101290,-1.20754e+07,-664616
40,1122,5.37148e+06,-9.86155e+06,-82823
40,1123,-4.96504e+06,-7.75523e+06,596857
40,1124,1.5483e+06,-7.32799e+06,482096
40,1125,1.06393e+07,-868416,612608
40,1126,46707.9,-1.31571e+07,-920766
40,1127,-8.56361e+06,1.68722e+06,-412064
40,1128,8.03466e+06,-6.4452e+06,668867
40,1129,7.73461e+06,-9.20218e+06,682847
40,1130,2.91471e+06,1.00164e+07,29620.1
40,1131,-1.19551e+07,4.79987e+06,429787
40,1132,196896,-7.73711e+06,484339
40,1133,1.24065e+07,-2.35345e+06,826016
40,1134,1.30665e+07,-5.55679e+06,856704
40,1135,1.23753e+07,677492,-84696.4
40,1136,-4.0761e+06,1.08194e+07,-420699
40,1137,1.15236e+07,-9.05161e+06,1.0249e+06
40,1138,1.01491e+07,1.13232e+06,-859113
40,1139,9.37729e+06,1.19748e+06,-915407
40,1140,-3.68711e+06,-1.38397e+07,-547446
40,1141,-7.97427e+06,-873047,-795699
40,1142,-1.25844e+07,7.21227e+06,-283323
40,1143,9.06432e+06,4.50243e+06,279972
40,1144,-5.53896e+06,-1.15733e+07,-929282
40,1145,-1.04075e+07,-5.12113e+06,856024
40,1146,-7.11857e+06,7.0663e+06,237738
40,1147,-1.18828e+07,2.08202e+06,-137364
40,1148,7.22465e+06,-8.23231e+06,-85047.2
40,1149,-1.44494e+07,-578450,1.30254e+06
40,1150,-9.01257e+06,1.02204e+07,992659
40,1151,7.14779e+06,-3.31218e+06,207321
40,1152,-4.32392e+06,-6.00766e+06,703601
40,1153,-7.00217e+06,-2.82157e+06,374149
40,1154,-1.16468e+07,6.74412e+06,-797118
40,1155,-6.28638e+06,-3.78628e+06,-69056.5
40,1156,1.34545e+07,5.61708e+06,540801
40,1157,3.13981e+06,6.47885e+06,-66784.2
40,1158,-3.9363e+06,-9.84557e+06,871634
40,1159,1.16315e+07,-3.2501e+06,923378
40,1160,6.07062e+06,-9.96831e+06,332834
40,1161,-154393,-7.60205e+06,-616915
40,1162,-3.20397e+06,-1.12617e+07,-1.01741e+06
40,1163,7.76679e+06,-4.2302e+06,205676
40,1164,-3.00994e+06,-8.44855e+06,173533
40,1165,1.09163e+07,-1.39619e+06,403871
40,1166,3.33156e+06,-9.40119e+06,768429
40,1167,2.16527e+06,7.69e+06,-453604
40,1168,-9.85029e+06,-7.73805e+06,298108
40,1169,2.55969e+06,-1.42581e+07,-1.07982e+06
40,1170,-9.08353e+06,3.61929e+06,-203415
40,1171,9.74967e+06,-7.57289e+06,-479023
40,1172,3.03161e+06,-1.10035e+07,-191223
40,1173,-8.249e+06,1.02227e+06,-740933
40,1174,1.28622e+07,6.77622e+06,-178933
40,1175,1.11862e+07,-790672,-749989
40,1176,7.86377e+06,721910,-544471
40,1177,-5.68817e+06,-6.50966e+06,-484868
40,1178,3.58404e+06,-6.20042e+06,-192385
40,1179,-3.41427e+06,9.17032e+06,932815
40,1180,6.86417e+06,-4.75146e+06,462371
40,1181,7.59655e+06,-337251,-347686
40,1182,3.97459e+06,-6.69063e+06,321631
40,1183,6.45095e+06,1.00446e+07,-51331.6
40,1184,-4.58703e+06,1.24148e+07,-498625
40,1185,2.93256e+06,6.36221e+06,526462
40,1186,1.05021e+07,-790303,-219645
40,1187,-2.75781e+06,1.24142e+07,-346411
40,1188,-5.11015e+06,6.82431e+06,80503.9
40,1189,-7.47011e+06,-1.29005e+07,-897674
40,1190,4.93981e+06,5.45501e+06,91999.5
40,1191,1.22362e+07,-4.56463e+06,-1.26844e+06
40,1192,-1.10319e+07,1.79328e+06,348866
40,1193,-4.19649e+06,-1.06758e+07,362712
40,1194,2.70694e+06,-7.43637e+06,-597056
40,1195,-1.09952e+07,6.12933e+06,34865.5
40,1196,1.10701e+07,-8.88977e+06,903678
40,1197,-711671,-1.10583e+07,28576
40,1198,-1.15065e+07,7.78965e+06,1.31051e+06
40,1199,-546727,-1.44342e+07,-637591
40,1200,5.13811e+06,-6.17791e+06,-538340
40,1201,-1.38194e+07,582340,-258493
40,1202,-1.11686e+07,-8.80799e+06,217942
40,1203,-8.0734e+06,8.12137e+06,654774
40,1204,8.43793e+06,-3.11491e+06,709886
40,1205,-986941,-9.64854e+06,141995
40,1206,9.64788e+06,-433562,-919440
40,1207,-8.91116e+06,-1.40463e+06,39590.6
40,1208,362436,-1.17023e+07,289133
40,1209,1.10571e+07,4.117e+06,-291357
40,1210,-1.12724e+06,8.78399e+06,96200.2
40,1211,-2.60778e+06,8.17859e+06,-451565
40,1212,1.37834e+07,-4.76713e+06,320706
40,1213,3.42154e+06,-1.39813e+07,258939
40,1214,1.29761e+06,-6.92536e+06,285224
40,1215,1.0167e+06,-1.18786e+07,30805.7
40,1216,1.16849e+07,-4.79069e+06,-313700
40,1217,-1.25429e+07,1.69836e+06,441593
40,1218,1.25015e+07,3.90626e+06,384075
40,1219,-4.00085e+06,-7.85349e+06,-55800.1
40,1220,9.25674e+06,9.38816e+06,333116
40,1221,5.75511e+06,-7.17001e+06,789309
40,1222,4.4646e+06,-1.42698e+07,759340
40,1223,-4.72359e+06,7.33446e+06,-59847.2
40,1224,1.14404e+07,-6.50727e+06,-819223
40,1225,-4.61246e+06,-1.36154e+07,318492
40,1226,7.98041e+06,3.19989e+06,117678
40,1227,2.75105e+06,1.18975e+07,137862
40,1228,7.21878e+06,-1.1763e+07,1.18235e+06
40,1229,-4.34625e+06,8.91145e+06,494844
40,1230,8.76416e+06,5.67139e+06,-453625
40,1231,-2.97482e+06,9.90587e+06,-347122
40,1232,8.95814e+06,2.66724e+06,256238
40,1233,-6.50907e+06,-9.7897e+06,-724213
40,1234,-6.65573e+06,-6.58604e+06,186521
40,1235,-6.69362e+06,8.74546e+06,911373
40,1236,-9.40578e+06,2.4199e+06,345991
40,1237,-6.68447e+06,9.16451e+06,-145975
40,1238,-2.5624e+06,1.3073e+07,-954651
40,1239,5.75887e+06,-7.52192e+06,-780179
40,1240,-1.43175e+07,-3.99147e+06,1.44569e+06
40,1241,-1.39149e+07,4.02611e+06,-874474
40,1242,238974,8.30842e+06,349321
40,1243,-5.21442e+06,7.55919e+06,-94037.7
40,1244,5.08947e+06,1.3295e+07,-1.41373e+06
40,1245,6.34204e+06,-3.96156e+06,220503
40,1246,3.80904e+06,8.34879e+06,-377638
40,1247,7.47771e+06,-2.56602e+06,449552
40,1248,7.25055e+06,-7.84955e+06,-535748
40,1249,8.05373e+06,-9.86083e+06,-364759
40,1250,-3.86323e+06,1.24642e+07,-525155
40,1251,-7.40056e+06,2.61299e+06,360574
40,1252,-1.13794e+07,-8.96005e+06,1.05363e+06
40,1253,6.09311e+06,1.21363e+07,-38514.7
40,1254,-3.00135e+06,-7.3114e+06,712596
40,1255,-531591,-8.07654e+06,213982
40,1256,-9.14358e+06,7.24182e+06,-337972
40,1257,1.17079e+06,7.23348e+06,-712151
40,1258,8.99257e+06,7.35764e+06,868249
40,1259,-3.24315e+06,-1.07029e+07,-199358
40,1260,1.07927e+07,-3.80781e+06,-957111
40,1261,1.953e+06,-8.78817e+06,-723702
40,1262,-5.11118e+06,5.59777e+06,-619188
40,1263,1.49214e+06,1.15481e+07,923246
40,1264,-3.90812e+06,-1.26756e+07,310251
40,1265,2.11959e+06,1.37061e+07,1.03673e+06
40,1266,70449.7,-1.33148e+07,163109
40,1267,-8.06377e+06,3.89367e+06,526122
40,1268,1.74549e+06,-7.03118e+06,-376625
40,1269,5.8716e+06,5.60623e+06,-769393
40,1270,1.96562e+06,1.09604e+07,1.09322e+06
40,1271,7.31923e+06,8.983e+06,437563
40,1272,-210639,-1.41296e+07,-1.19981e+06
40,1273,4.06066e+06,-1.35382e+07,-967302
40,1274,-6.81091e+06,-2.8855e+06,-509239
40,1275,-8.74871e+06,1.04519e+07,1.12798e+06
40,1276,4.4984e+06,1.0579e+07,-829865
40,1277,1.10418e+06,-1.15407e+07,653275
40,1278,2.33828e+06,8.85987e+06,-887997
40,1279,1.09116e+07,5.9577e+06,-197003
40,1280,1.09849e+07,-4.32371e+06,-444460
40,1281,-4.86835e+06,-7.56454e+06,214470
40,1282,8.77932e+06,-3.96711e+06,665289
40,1283,323646,8.78598e+06,21618.2
40,1284,1.2614e+07,3.81667e+06,509763
40,1285,1.18073e+06,1.21206e+07,441813
40,1286,1.38258e+07,4.40997e+06,-523614
40,1287,8.58109e+06,-5.98247e+06,969593
40,1288,253836,-1.05497e+07,66804.2
40,1289,-2.22116e+06,1.10635e+07,-639321
40,1290,-8.59221e+06,-3.46066e+06,-874503
40,1291,7.72524e+06,1.19572e+07,-797688
40,1292,-2.51698e+06,-1.0821e+07,-900024
40,1293,9.39507e+06,-1.60325e+06,-453182
40,1294,5.12043e+06,-7.96166e+06,-853511
40,1295,-7.95888e+06,7.16627e+06,-392932
40,1296,7.64245e+06,5.26298e+06,-343672
40,1297,1.71467e+06,-7.14005e+06,-149358
40,1298,8.42943e+06,-6.33748e+06,333387
40,1299,6.71128e+06,-2.17492e+06,-370872
40,1300,1.18284e+06,-7.77155e+06,749.922
40,1301,-220265,1.04675e+07,99377.1
40,1302,7.63353e+06,-5.09967e+06,-523240
40,1303,-1.29964e+07,-5.32385e+06,923910
40,1304,-3.95524e+06,-1.20631e+07,-446096
40,1305,1.88525e+06,8.64551e+06,632907
40,1306,-1.26742e+07,4.7266e+06,-996141
40,1307,-7.18176e+06,-7.04125e+06,-91692.1
40,1308,1.32163e+07,27543.5,-817341
40,1309,-9.78419e+06,4.25439e+06,-417276
40,1310,7.72415e+06,3.68743e+06,663659
40,1311,-1.03228e+07,-52968.1,862549
40,1312,8.84602e+06,9.80979e+06,172814
40,1313,3.31747e+06,-9.99113e+06,472303
40,1314,-6.92765e+06,1.04047e+07,763227
40,1315,3.73149e+06,6.40799e+06,-243667
40,1316,419519,7.58644e+06,502047
40,1317,-5.10241e+06,1.36472e+07,-686629
40,1318,-1.85864e+06,9.00979e+06,-855936
40,1319,3.0488e+06,1.40874e+07,-230599
40,1320,4.67159e+06,-5.30685e+06,326785
40,1321,3.08396e+06,-1.42337e+07,-542827
40,1322,-2.63735e+06,-8.58375e+06,-243995
40,1323,1.14647e+07,692224,-1.00876e+06
40,1324,-1.02109e+07,-4.7668e+06,567058
40,1325,-7.98425e+06,-952196,-491675
40,1326,-6.69003e+06,3.86887e+06,-520769
40,1327,-3.85932e+06,7.86874e+06,-421870
40,1328,6.32935e+06,4.36121e+06,-471807
40,1329,-4.96415e+06,-5.48513e+06,-314598
40,1330,-4.78174e+06,7.89851e+06,300604
40,1331,1.01466e+06,-1.39137e+07,635197
40,1332,-3.52646e+06,-1.02869e+07,114728
40,1333,1.97534e+06,8.49627e+06,-355227
40,1334,-1.35771e+07,-4.39544e+06,668016
40,1335,-8.29285e+06,5.11833e+06,-730890
40,1336,4.15744e+06,-7.26363e+06,141940
40,1337,3.40556e+06,-9.06959e+06,-491378
40,1338,-8.48026e+06,1.21301e+07,-481695
40,1339,6.6273e+06,6.75999e+06,-737448
40,1340,8.77195e+06,-8.42758e+06,707463
40,1341,-7.68768e+06,-2.56323e+06,-640164
40,1342,-3.83073e+06,-6.28724e+06,51718
40,1343,7.3668e+06,1.94675e+06,748190
40,1344,-6.90284e+06,2.18474e+06,6682.74
40,1345,3.60729e+06,7.06752e+06,-235093
40,1346,-1.30635e+07,-808140,361023
40,1347,1.89048e+06,-1.47596e+07,-195334
40,1348,-7.58463e+06,-7.35596e+06,349472
40,1349,-6.52594e+06,-8.80015e+06,-1.04693e+06
40,1350,-2.13069e+06,1.0188e+07,-773128
40,1351,-6.03287e+06,-4.93848e+06,36774.2
40,1352,-8.92418e+06,1.37025e+06,-14020.2
40,1353,-4.70117e+06,-7.13757e+06,480435
40,1354,-1.05266e+07,-8.18077e+06,31028.1
40,1355,-2.04665e+06,7.17738e+06,-607976
40,1356,9.53801e+06,1.11526e+07,-1.02358e+06
40,1357,1.33045e+07,-4.65924e+06,750080
40,1358,7.0317e+06,367827,-171535
40,1359,8.05471e+06,1.22331e+06,-58515
40,1360,-6.69465e+06,1.29037e+07,468611
40,1361,-317023,1.22083e+07,367454
40,1362,6.06477e+06,6.22614e+06,350085
40,1363,7.89063e+06,137824,-499957
40,1364,-1.00739e+07,5.99045e+06,-877232
40,1365,-4.95306e+06,-5.23849e+06,442465
40,1366,-1.36564e+07,1.26698e+06,761745
40,1367,-1.76445e+06,-1.22565e+07,-18325.8
40,1368,4.34494e+06,-1.12553e+07,-246389
40,1369,-1.11135e+07,-7.51855e+06,-897792
40,1370,-4.91041e+06,5.26205e+06,67159.2
40,1371,9.37071e+06,9.98561e+06,823081
40,1372,7.92474e+06,1.13828e+07,976794
40,1373,-1.95197e+06,-1.47791e+07,849872
40,1374,-1.16492e+07,-9.36107e+06,-574427
40,1375,-1.01576e+07,-9.1909e+06,222441
40,1376,629996,-8.97555e+06,-754216
40,1377,-6.77386e+06,1.26557e+07,-1.07048e+06
40,1378,1.00897e+07,3.01954e+06,388956
40,1379,7.57654e+06,-1.19888e+07,-1.05878e+06
40,1380,3.36209e+06,-7.23885e+06,678423
40,1381,-1.06768e+07,-181369,-388198
40,1382,-8.50137e+06,-1.13008e+07,-599174
40,1383,7.41166e+06,-5.69342e+06,-911621
40,1384,-8.91415e+06,-3.44926e+06,-673337
40,1385,3.34302e+06,-6.95076e+06,609222
40,1386,1.10623e+07,-7.89068e+06,144325
40,1387,-1.02126e+07,8.81478e+06,448717
40,1388,2.0549e+06,1.47648e+07,-328275
40,1389,6.79757e+06,8.39557e+06,-907045
40,1390,1.35211e+07,-1.76152e+06,-259819
40,1391,6.90701e+06,3.35288e+06,601678
40,1392,-4.78699e+06,9.58117e+06,-50408.8
40,1393,-9.51384e+06,390927,685647
40,1394,-3.77339e+06,-1.11109e+07,-317607
40,1395,-6.24058e+06,-1.12566e+07,-981046
40,1396,-729841,1.15367e+07,703773
40,1397,1.03726e+07,-92731.6,-847026
40,1398,-5.89898e+06,-1.18353e+07,708048
40,1399,-9.44148e+06,205312,560463
40,1400,1.05669e+06,8.79673e+06,90421.6
40,1401,-2.48986e+06,1.08987e+07,-451618
40,1402,1.50874e+06,-9.0943e+06,280029
40,1403,1.35295e+07,-1.87754e+06,-70570.4
40,1404,7.092e+06,2.52301e+06,-307553
40,1405,-1.42591e+07,-2.31215e+06,-659709
40,1406,-8.14386e+06,-6.12259e+06,311669
40,1407,8.18171e+06,-900758,73663
40,1408,6.49756e+06,-4.76317e+06,-686599
40,1409,1.42502e+07,-90755.3,571489
40,1410,-7.02881e+06,1.10693e+07,1.16087e+06
40,1411,-993579,-1.11532e+07,951838
40,1412,7.56819e+06,-1.27069e+07,-582915
40,1413,-1.00186e+07,-1.07269e+07,1.26718e+06
40,1414,-4.58244e+06,1.15273e+07,-322477
40,1415,3.06928e+06,-1.09752e+07,-414954
40,1416,-6.76262e+06,9.44292e+06,734335
40,1417,9.37107e+06,5.18524e+06,-716185
40,1418,-7.46107e+06,-266362,-588548
40,1419,7.45644e+06,-2.58346e+06,588838
40,1420,1.05412e+07,-690450,-1.05922e+06
40,1421,-8.7037e+06,-8.13195e+06,-101365
40,1422,-9.8449e+06,2.56752e+06,-173003
40,1423,8.28387e+06,9.78485e+06,-776108
40,1424,-941369,8.39152e+06,42633.8
40,1425,5.54108e+06,-5.60744e+06,-319450
40,1426,-3.46768e+06,-7.50244e+06,-765277
40,1427,-3.59308e+06,-1.13869e+07,-681406
40,1428,-5.01307e+06,5.32339e+06,-587800
40,1429,-502500,7.90938e+06,-324160
40,1430,-4.66636e+06,-1.02233e+07,208485
40,1431,3.58394e+06,7.33478e+06,619226
40,1432,8.01829e+06,-8.19205e+06,-294494
40,1433,-1.17386e+07,-1.99806e+06,-430859
40,1434,-1.0732e+07,-417533,-643347
40,1435,2.69607e+06,-9.09616e+06,790456
40,1436,-3.69739e+06,9.14062e+06,-601613
40,1437,-5.69054e+06,1.09822e+07,1.21022e+06
40,1438,-7.71633e+06,5.71715e+06,198428
40,1439,-1.32074e+07,2.33322e+06,-207454
40,1440,1.48706e+07,1.19394e+06,1.18109e+06
40,1441,2.11079e+06,-7.91433e+06,193113
40,1442,6.98668e+06,-6.71253e+06,-946513
40,1443,-7.92658e+06,-3.8446e+06,-261524
40,1444,1.16743e+07,2.02237e+06,-910454
40,1445,2.71444e+06,7.54309e+06,-65164
40,1446,1.08919e+07,-7.07465e+06,872327
40,1447,-8.07796e+06,2.83119e+06,-514938
40,1448,-9.06958e+06,-473301,-786086
40,1449,8.13955e+06,-3.19812e+06,-59235.9
40,1450,1.04795e+07,1.21475e+06,-533273
40,1451,6.9287e+06,1.20827e+07,-236428
40,1452,-7.05178e+06,656227,-679894
40,1453,6.33078e+06,-1.19626e+07,779644
40,1454,5.0562e+06,-7.76569e+06,79658.3
40,1455,-6.83038e+06,-7.22573e+06,-972525
40,1456,-106976,-8.13246e+06,-416260
40,1457,-8.97793e+06,7.58714e+06,835343
40,1458,1.10089e+07,-9.59584e+06,-670371
40,1459,-8.44261e+06,1.08444e+06,-840982
40,1460,-6.70009e+06,-2.65396e+06,29447.8
40,1461,4.24926e+06,1.43221e+07,-723238
40,1462,6.99946e+06,-3.65495e+06,438888
40,1463,1.12482e+07,-7.60635e+06,67612.8
40,1464,-5.35172e+06,9.159e+06,189243
40,1465,-1.01793e+07,2.93403e+06,927844
40,1466,4.47943e+06,-1.41611e+07,763303
40,1467,6.03637e+06,1.08272e+07,-1.09573e+06
40,1468,-1.42831e+06,-1.23925e+07,-1.13317e+06
40,1469,1.1994e+07,7.98919e+06,-617396
40,1470,5.74398e+06,1.09107e+07,-1.09907e+06
40,1471,1.22835e+06,-9.56931e+06,-166517
40,1472,-1.05627e+07,-6.04083e+06,-1.16607e+06
40,1473,1.42871e+07,4.02466e+06,1.39266e+06
40,1474,1.11151e+07,-2.37081e+06,-877216
40,1475,5.05283e+06,9.63478e+06,-979401
40,1476,2.90052e+06,1.15807e+07,209374
40,1477,-4.13607e+06,6.71494e+06,444388
40,1478,-7.10603e+06,-7.71912e+06,309424
40,1479,-6.42801e+06,1.21441e+07,514879
40,1480,-1.60714e+06,-1.46048e+07,-29763.4
40,1481,-544631,-1.20304e+07,270416
40,1482,2.13093e+06,6.79348e+06,442256
40,1483,-792162,-9.14405e+06,-234693
40,1484,1.00468e+07,4.84133e+06,-711816
40,1485,1.14317e+07,-9.16314e+06,446281
40,1486,-4.5754e+06,-9.6439e+06,253192
40,1487,1.06657e+07,4.41771e+06,306631
40,1488,1.3086e+07,-260980,-1.28376e+06
40,1489,-1.14547e+07,-5.80209e+06,-169341
40,1490,-6.89627e+06,4.08881e+06,-233414
40,1491,-863230,-9.37549e+06,378023
40,1492,1.09359e+07,-4.17823e+06,-351582
40,1493,-4.75034e+06,-7.56677e+06,-538576
40,1494,1.24468e+06,9.40286e+06,-819014
40,1495,-610155,1.36062e+07,-73463.2
40,1496,-2.00922e+06,-7.06221e+06,-248705
40,1497,-1.11411e+07,6.56985e+06,-787868
40,1498,7.39455e+06,8.2846e+06,-132033
40,1499,8.2208e+06,-4.76474e+06,-836220
40,1500,4.9324e+06,1.15335e+07,-454100
40,1501,8.77241e+06,-5.41772e+06,-531138
40,1502,-3.48873e+06,6.87159e+06,-610140
40,1503,-7.01838e+06,-3.8354e+06,-703733
40,1504,-1.30861e+06,-7.12567e+06,-200343
40,1505,-470671,7.98605e+06,227248
40,1506,-9.17796e+06,46147.2,-695450
40,1507,-4.93758e+06,1.06082e+07,297134
40,1508,-1.01334e+07,-8.85314e+06,-549913
40,1509,-4.45808e+06,7.84788e+06,-606043
40,1510,2.40746e+06,-8.09692e+06,-194665
40,1511,-8.56477e+06,-6.05048e+06,187993
40,1512,3.945e+06,-6.40624e+06,-485820
40,1513,2.0396e+06,-1.26089e+07,549225
40,1514,1.15539e+07,1.30454e+06,-324708
40,1515,-9.12889e+06,7.48872e+06,859700
40,1516,-2.81061e+06,9.03299e+06,-442888
40,1517,-8.93659e+06,-3.65217e+06,399787
40,1518,4.56812e+06,-1.13815e+07,948281
40,1519,1.33897e+07,1.82557e+06,638008
40,1520,5.60461e+06,6.60704e+06,239911
40,1521,8.82921e+06,3.59478e+06,-691838
40,1522,5.89657e+06,-3.72763e+06,-664607
40,1523,-7.635e+06,4.11263e+06,-248709
40,1524,1.37825e+07,3.78904e+06,34915
40,1525,1.14068e+07,-4.96454e+06,299496
40,1526,1.14975e+07,6.93411e+06,-306300
40,1527,7.69688e+06,-6.33302e+06,-695878
40,1528,-4.12599e+06,7.06626e+06,-730621
40,1529,8.31406e+06,-1.55868e+06,-121438
40,1530,-1.56876e+06,-1.19494e+07,-320689
40,1531,1.92497e+06,7.9423e+06,-305161
40,1532,-9.79398e+06,6.98539e+06,-1.19023e+06
40,1533,9.94863e+06,-5.06894e+06,697642
40,1534,4.00976e+06,-1.29884e+07,-479350
40,1535,7.97936e+06,1.04084e+07,413768
40,1536,1.19167e+07,2.16923e+06,698248
40,1537,-1.76606e+06,1.4088e+07,888134
40,1538,-6.01908e+06,-4.73671e+06,-21970.8
40,1539,1.02455e+07,-4.85157e+06,843214
40,1540,-2.18538e+06,1.3054e+07,1.09246e+06
40,1541,4.93132e+06,-6.01184e+06,-267147
40,1542,-3.33523e+06,-6.62774e+06,-398817
40,1543,-3.33021e+06,8.26927e+06,-779533
40,1544,8.39841e+06,553543,-91845.6
40,1545,-2.87524e+06,-7.10365e+06,-405286
40,1546,1.01876e+07,-1.03682e+07,-612422
40,1547,4.54675e+06,-1.23954e+07,1.28871e+06
40,1548,1.01305e+07,6.00732e+06,345910
40,1549,-7.55668e+06,-9.31021e+06,-462642
40,1550,1.34622e+07,-3.2771e+06,-782973
40,1551,2.34684e+06,7.32267e+06,493294
40,1552,-7.96928e+06,-9.51414e+06,-243754
40,1553,-4.35733e+06,1.07749e+07,-52987.8
40,1554,1.32269e+07,-1.34059e+06,1.15267e+06
40,1555,-1.19474e+07,8.16451e+06,-90317.6
40,1556,1.12415e+07,-5.71924e+06,-904483
40,1557,5.83937e+06,7.40662e+06,211236
40,1558,-4.56759e+06,8.23368e+06,-809695
40,1559,6.55092e+06,-7.26787e+06,-522660
40,1560,-8.42813e+06,-9.26968e+06,912228
40,1561,8.01294e+06,-844616,133080
40,1562,1.28008e+07,-7.70465e+06,-832920
40,1563,-563311,7.428e+06,41033.3
40,1564,3.90213e+06,7.40775e+06,-62603.7
40,1565,5.02179e+06,5.25032e+06,-122163
40,1566,-6.15627e+06,4.29262e+06,-38986.5
40,1567,7.40489e+06,-7.59868e+06,63775.5
40,1568,-9.20901e+06,5.4919e+06,681861
40,1569,8.72215e+06,-1.11446e+07,491344
40,1570,-1.63788e+06,7.89765e+06,-733816
40,1571,-7.48702e+06,-1.23346e+07,711456
40,1572,5.57865e+06,-7.6669e+06,-456047
40,1573,-5.21424e+06,4.68919e+06,99154.8
40,1574,7.17726e+06,-8.06479e+06,-853557
40,1575,-1.13595e+07,-1.17134e+06,-499493
40,1576,464814,-1.35552e+07,632033
40,1577,-2.16476e+06,-1.38209e+07,-750907
40,1578,-4.69312e+06,1.17233e+07,-651620
40,1579,12931.4,-7.57742e+06,319713
40,1580,240210,-8.84189e+06,740541
40,1581,564530,7.83421e+06,393193
40,1582,-6.30029e+06,-6.65462e+06,-769103
40,1583,-475870,-1.05996e+07,395867
40,1584,9.84584e+06,-9.23697e+06,738255
40,1585,1.20793e+07,2.67742e+06,86510.8
40,1586,2.88432e+06,-6.70281e+06,-261523
40,1587,-2.34882e+06,1.12383e+07,649233
40,1588,-1.14281e+07,8.18168e+06,1.02184e+06
40,1589,-8.83552e+06,-2.23253e+06,654729
40,1590,9.25478e+06,-2.4738e+06,-725565
40,1591,6.03485e+06,-3.7779e+06,-615189
40,1592,1.42689e+07,-4.27609e+06,-1.08317e+06
40,1593,4.26835e+06,1.04624e+07,-162337
40,1594,925495,7.43134e+06,-204671
40,1595,1.04172e+07,-1.22782e+06,646492
40,1596,-1.2468e+07,-3.18954e+06,876336
40,1597,-2.21409e+06,-9.41041e+06,957481
40,1598,-4.12525e+06,-8.55157e+06,654605
40,1599,-2.65219e+06,-1.40652e+07,-619764
40,1600,9.47782e+06,1.50949e+06,501024
40,1601,5.05216e+06,-5.29804e+06,-558948
40,1602,-8.31167e+06,948944,398078
40,1603,-7.64469e+06,2.71381e+06,-27805.1
40,1604,6.30228e+06,5.96671e+06,584525
40,1605,1.09297e+07,1.23788e+06,667183
40,1606,-1.15454e+07,-9.33372e+06,11010.1
40,1607,1.34529e+07,-3.90847e+06,713702
40,1608,-8.69182e+06,-5.98865e+06,424289
40,1609,-8.15711e+06,2.51397e+06,563567
40,1610,-1.04985e+07,6.27588e+06,399697
40,1611,-6.62504e+06,4.36233e+06,465257
40,1612,3.162e+06,8.13575e+06,788748
40,1613,-869183,8.59725e+06,813571
40,1614,-3.78311e+06,-1.2276e+07,908080
40,1615,-1.88464e+06,-7.69941e+06,5843.77
40,1616,-1.35983e+07,-918214,327781
40,1617,-1.07361e+07,1.23148e+06,579564
40,1618,-7.87537e+06,-9.09127e+06,-119581
40,1619,-57971.8,-1.12249e+07,732606
40,1620,1.125e+07,-5.55509e+06,804771
40,1621,-5.21498e+06,-1.01971e+07,978677
40,1622,5.61996e+06,-1.05402e+07,451190
40,1623,343028,1.14091e+07,-168912
40,1624,-7.89324e+06,-1.24494e+07,189838
40,1625,-1.22662e+07,-7.66381e+06,75441.2
40,1626,-2.81262e+06,-1.27432e+07,-801734
40,1627,-1.06472e+07,1.60401e+06,-262221
40,1628,-9.62703e+06,5.56207e+06,-669197
40,1629,9.13935e+06,4.74526e+06,156050
40,1630,-1.92017e+06,-1.36899e+07,-386031
40,1631,1.99583e+06,7.43311e+06,69972.8
40,1632,-8.23608e+06,-2.62441e+06,-464223
40,1633,-1.11338e+07,8.10862e+06,-701452
40,1634,-7.59758e+06,1.11082e+07,-1.04768e+06
40,1635,-9.9483e+06,-5.87332e+06,496260
40,1636,-8.45375e+06,2.82543e+06,-388031
40,1637,5.65965e+06,-5.13171e+06,349684
40,1638,-7.46339e+06,-5.7065e+06,-561769
40,1639,1.04012e+07,9.44922e+06,-1.39889e+06
40,1640,-9.42075e+06,-5.7074e+06,173928
40,1641,-3.18598e+06,6.71917e+06,-1190.39
40,1642,6.25714e+06,-6.04902e+06,-719952
40,1643,-3.68514e+06,-1.02441e+07,-519011
40,1644,5.93293e+06,-1.03974e+07,-742200
40,1645,-1.34498e+07,-4.93407e+06,-575494
40,1646,-4.20812e+06,9.55036e+06,470048
40,1647,6.81822e+06,-1.1428e+07,1.29676e+06
40,1648,-1.05755e+07,-8.10385e+06,-428515
40,1649,1.09032e+07,3.12879e+06,555738
40,1650,1.04095e+07,1.57036e+06,-923219
40,1651,-8.61193e+06,-5.27594e+06,-72282.5
40,1652,-1.18829e+07,1.24028e+06,386448
40,1653,6.45899e+06,5.90509e+06,168725
40,1654,1.06754e+07,2.07123e+06,-259921
40,1655,-7.63311e+06,-1.82151e+06,-163486
40,1656,4.29393e+06,-1.10937e+07,-476778
40,1657,-1.42771e+07,-3.4701e+06,347631
40,1658,-6.01625e+06,-1.08946e+07,27302.4
40,1659,9.70849e+06,3.68019e+06,-995136
40,1660,-5.1719e+06,8.39622e+06,-221454
40,1661,-313588,-8.08036e+06,577932
40,1662,-1.44901e+07,480769,582682
40,1663,-1.21574e+07,6.60207e+06,-527521
40,1664,-1.44009e+07,-1.63912e+06,-7959.48
40,1665,6.35912e+06,5.50016e+06,575845
40,1666,-5.66264e+06,1.04555e+07,-733866
40,1667,-9.74877e+06,-5.95639e+06,-670102
40,1668,1.18026e+07,7.16181e+06,-397403
40,1669,-2.1036e+06,1.22369e+07,814736
40,1670,3.34727e+06,-1.2439e+07,-983048
40,1671,-2.12409e+06,7.84187e+06,29355.2
40,1672,6.90444e+06,-1.09835e+07,530396
40,1673,-803826,-1.43956e+07,-558863
40,1674,-2.76246e+06,-8.67431e+06,-559651
40,1675,-7.50343e+06,-1.84052e+06,497318
40,1676,2.30969e+06,-7.44604e+06,486092
40,1677,1.00502e+07,4.04937e+06,-705994
40,1678,-2.77762e+06,-1.23098e+07,1.00736e+06
40,1679,8.09805e+06,8.34479e+06,-881948
40,1680,4.94718e+06,1.17637e+07,-438116
40,1681,1.07113e+07,1.93126e+06,-547090
40,1682,-2.14555e+06,1.00087e+07,-745512
40,1683,5.15996e+06,-1.17238e+07,-621682
40,1684,-1.00753e+07,8.52098e+06,17641.8
40,1685,215933,-1.38206e+07,844424
40,1686,7.18123e+06,3.68141e+06,635855
40,1687,-2.62894e+06,9.74415e+06,453710
40,1688,9.05219e+06,-1.02595e+07,-503671
40,1689,1.32514e+07,3.71307e+06,-1.24269e+06
40,1690,1.09579e+07,4.84416e+06,-420356
40,1691,-6.63829e+06,1.04221e+07,-792763
40,1692,-8.99118e+06,2.17619e+06,-45521.2
40,1693,237512,-1.32614e+07,-114536
40,1694,1.02102e+07,9.2078e+06,-673176
40,1695,-9.92016e+06,9.2459e+06,1.30891e+06
40,1696,3.03462e+06,-1.02899e+07,-209581
40,1697,-7.86944e+06,6.78369e+06,455383
40,1698,1.07458e+07,-3.70357e+06,-566621
40,1699,-6.29034e+06,4.61637e+06,182035
40,1700,-8.0675e+06,1.12945e+07,426989
40,1701,-7.06156e+06,-6.75571e+06,753340
40,1702,-7.4134e+06,4.75625e+06,871338
40,1703,-1.27256e+07,-5.71126e+06,46380.2
40,1704,-9.16751e+06,-1.26545e+06,645216
40,1705,-3.32567e+06,1.20072e+07,-744662
40,1706,4.15292e+06,8.0881e+06,-736565
40,1707,7.65333e+06,6.93931e+06,-678656
40,1708,5.58488e+06,9.86412e+06,-991009
40,1709,1.50759e+06,9.41927e+06,29188.5
40,1710,379295,-7.78408e+06,634130
40,1711,-1.25916e+07,-2.86699e+06,932998
40,1712,1.25116e+07,1.06214e+06,-265968
40,1713,-7.96932e+06,1.12026e+07,-1.28151e+06
40,1714,4.37044e+06,-1.21792e+07,-879574
40,1715,3.79769e+06,1.06299e+07,495143
40,1716,-3.94376e+06,8.25724e+06,632073
40,1717,-5.00234e+06,-9.58134e+06,-211013
40,1718,-6.40772e+06,-6.82531e+06,-646997
40,1719,2.28811e+06,9.7105e+06,390735
40,1720,1.45517e+07,-195901,-144713
40,1721,-8.5162e+06,2.9068e+06,625709
40,1722,8.33346e+06,-2.2955e+06,-273327
40,1723,8.03074e+06,-1.25009e+07,918029
40,1724,9.5079e+06,790222,-224861
40,1725,9.09008e+06,2.45039e+06,10098.3
40,1726,-6.58717e+06,-7.81567e+06,247708
40,1727,7.90397e+06,-858976,-498131
40,1728,-1.0528e+07,534935,660711
40,1729,-7.14345e+06,3.11079e+06,200145
40,1730,-5.84675e+06,-6.42909e+06,737729
40,1731,1.46051e+07,3.23584e+06,-791739
40,1732,-7.78508e+06,5.39191e+06,-488403
40,1733,8.32384e+06,-2.15324e+06,720983
40,1734,-4.15739e+06,6.09124e+06,-139801
40,1735,-5.94285e+06,-6.63684e+06,250070
40,1736,-571435,-1.37917e+07,117521
40,1737,-2.06697e+06,1.20506e+07,227537
40,1738,7.10656e+06,8.26404e+06,-561575
40,1739,8.40506e+06,-4.02729e+06,-502844
40,1740,-6.5385e+06,6.6262e+06,304841
40,1741,7.67309e+06,-1.98158e+06,580063
40,1742,-5.0975e+06,-1.03794e+07,-1.12108e+06
40,1743,2.98922e+06,-9.20376e+06,-819391
40,1744,-7.81031e+06,-4.95153e+06,-450686
40,1745,9.65998e+06,1.07415e+07,860168
40,1746,269043,-1.10525e+07,-418632
40,1747,7.10429e+06,-8.5492e+06,-73618
40,1748,-9.55297e+06,-2.47556e+06,429131
40,1749,9.86359e+06,-3.7142e+06,-432361
40,1750,718432,-1.07721e+07,408439
40,1751,1.39076e+07,-59347.2,-203435
40,1752,7.67711e+06,1.78205e+06,357615
40,1753,2.33889e+06,1.37622e+07,-954949
40,1754,3.57039e+06,-6.58705e+06,-282552
40,1755,-1.0181e+07,-432084,692661
40,1756,-8.97719e+06,-8.23337e+06,-791095
40,1757,-2.14552e+06,-1.08457e+07,1.04934e+06
40,1758,8.54369e+06,792312,-730184
40,1759,4.50316e+06,-8.88203e+06,-984470
40,1760,-5.28593e+06,9.20101e+06,-952028
40,1761,-567315,1.05821e+07,-313928
40,1762,-1.24608e+07,-1.93e+06,-948216
40,1763,-9.47669e+06,-1.1199e+07,780743
40,1764,7.1771e+06,2.49581e+06,-732011
40,1765,-7.42116e+06,4.09953e+06,740475
40,1766,-2.90852e+06,1.02511e+07,131963
40,1767,-5.90959e+06,-5.23504e+06,107985
40,1768,1.32897e+07,-889285,-664101
40,1769,9.42615e+06,-5.78412e+06,631330
40,1770,1.03041e+07,-3.41928e+06,-963653
40,1771,1.36573e+07,4.71236e+06,136675
40,1772,-1.34462e+06,1.40592e+07,-78380.3
40,1773,9.21983e+06,-2.58235e+06,620389
40,1774,-1.06552e+07,-6.81099e+06,811822
40,1775,-9.66264e+06,3.03307e+06,466047
40,1776,8.93995e+06,4.07872e+06,-838286
40,1777,5.62072e+06,-5.5839e+06,-43980.3
40,1778,-1.00642e+07,7.7269e+06,-612686
40,1779,2.92952e+06,-9.32523e+06,244750
40,1780,-6.00301e+06,-1.31987e+07,203514
40,1781,1.11746e+07,-3.97895e+06,684343
40,1782,-6.95139e+06,-1.8267e+06,270616
40,1783,2.75185e+06,1.2659e+07,952897
40,1784,1.00432e+06,1.45694e+07,1.1196e+06
40,1785,7.17859e+06,2.93294e+06,-575690
40,1786,4.42287e+06,-5.97407e+06,-656698
40,1787,7.11892e+06,5.77337e+06,-375068
40,1788,-3.53678e+06,-6.84405e+06,-565563
40,1789,5.83395e+06,-1.24505e+07,-1.34145e+06
40,1790,1.38724e+07,2.77217e+06,-737208
40,1791,-3.98566e+06,6.06722e+06,20114.5
40,1792,-7.20552e+06,1.12526e+07,549380
40,1793,312608,-8.48256e+06,-448360
40,1794,2.94503e+06,7.58002e+06,-517471
40,1795,6.40892e+06,-9.01846e+06,-932199
40,1796,-6.94569e+06,-1.05374e+07,941873
40,1797,-8.5665e+06,2.48936e+06,761234
40,1798,-9.52409e+06,7.69886e+06,-904268
40,1799,-7.79706e+06,-4.67526e+06,396762
40,1800,-6.30627e+06,-4.91453e+06,80462.6
40,1801,-3.84384e+06,-1.03987e+07,749176
40,1802,7.49662e+06,-5.93563e+06,-649751
40,1803,-1.15994e+06,8.27921e+06,-637016
40,1804,6.7504e+06,5.68346e+06,568361
40,1805,150216,-8.07739e+06,-731995
40,1806,-3.29938e+06,-1.41374e+07,-1.4365e+06
40,1807,-1.30173e+07,-1.38172e+06,732056
40,1808,-6.86791e+06,-8.79863e+06,639737
40,1809,1.02069e+07,429492,715948
40,1810,-9.99858e+06,-9633.65,-987191
40,1811,1.09049e+07,-679691,-484726
40,1812,-3.66167e+06,-9.45932e+06,639250
40,1813,-4.00732e+06,9.48807e+06,903924
40,1814,8.9105e+06,8.58181e+06,-1.06903e+06
40,1815,1.78362e+06,1.07078e+07,-534407
40,1816,1.17302e+07,7.65786e+06,603689
40,1817,863480,-9.11938e+06,407557
40,1818,-7.00498e+06,-711020,-508304
40,1819,9.79224e+06,-9.90461e+06,-227448
40,1820,-3.70181e+06,9.87425e+06,456993
40,1821,-1.35945e+06,9.77438e+06,-133717
40,1822,130131,-7.69428e+06,-751986
40,1823,4.75472e+06,1.11686e+07,-650144
40,1824,1.20628e+07,-299504,670777
40,1825,3.68857e+06,7.97118e+06,644177
40,1826,6.66539e+06,8.14658e+06,763637
40,1827,1.34352e+07,-1.13953e+06,1.10728e+06
40,1828,1.29535e+07,4.67456e+06,-1.09167e+06
40,1829,-1.12765e+07,-2.50554e+06,-97098.9
40,1830,-9.34241e+06,4.02714e+06,140964
40,1831,-779527,6.9733e+06,25628
40,1832,5.65657e+06,1.14569e+07,119786
40,1833,-1.19768e+07,4.09941e+06,-1.20071e+06
40,1834,-3.27666e+06,1.00337e+07,908984
40,1835,-4.34119e+06,-6.67809e+06,-713961
40,1836,-9.87261e+06,-3.74998e+06,-426863
40,1837,5.279e+06,9.22944e+06,-416628
40,1838,-4.0383e+06,1.12265e+07,955692
40,1839,-1.11839e+07,4.28352e+06,-1.10772e+06
40,1840,1.26385e+06,-1.09114e+07,-515288
40,1841,-375528,1.34208e+07,870424
40,1842,5.33934e+06,-5.5235e+06,-1249.06
40,1843,-1.15435e+06,9.30016e+06,-127389
40,1844,2.56225e+06,1.4724e+07,-1.18838e+06
40,1845,-1.16647e+07,601083,56512
40,1846,-1.5532e+06,1.21955e+07,1.01184e+06
40,1847,7.02772e+06,7.76518e+06,507776
40,1848,-5.08809e+06,1.10237e+07,295082
40,1849,-8.30175e+06,2.70426e+06,698599
40,1850,-6.28046e+06,5.03856e+06,517535
40,1851,-1.42013e+07,4.00764e+06,20655.1
40,1852,1.0617e+07,-4.54193e+06,828535
40,1853,-7.81806e+06,2.97427e+06,-60191.8
40,1854,-1.04846e+07,-8.19365e+06,410498
40,1855,1.32362e+07,6.9773e+06,-829668
40,1856,-6.09619e+06,8.19817e+06,-980093
40,1857,-2.97245e+06,-7.1163e+06,585779
40,1858,-1.07032e+07,-2.94336e+06,-544022
40,1859,373911,-1.31357e+07,232233
40,1860,6.94464e+06,5.18783e+06,-757004
40,1861,5.53093e+06,-1.03232e+07,840582
40,1862,2.52281e+06,-1.03637e+07,955598
40,1863,-7.50499e+06,5.26437e+06,792721
40,1864,8.41303e+06,-4.74946e+06,932016
40,1865,5.22239e+06,-1.11133e+07,613244
40,1866,-4.60833e+06,1.167e+07,-1.11415e+06
40,1867,-4.61358e+06,-8.5482e+06,-773535
40,1868,4.28861e+06,5.64451e+06,305769
40,1869,1.47199e+07,-1.35814e+06,-17798.7
40,1870,-935246,-1.39235e+07,2902.93
40,1871,7.324e+06,8.91517e+06,1.0123e+06
40,1872,-9.33699e+06,3.00861e+06,336801
40,1873,-521684,9.6539e+06,253361
40,1874,-1.0159e+06,-7.12797e+06,20175.6
40,1875,-7.82963e+06,-8.88947e+06,64074.5
40,1876,-4.48594e+06,-1.07467e+07,589913
40,1877,8.90188e+06,-9.19062e+06,-795608
40,1878,9.74238e+06,-3.04475e+06,-211065
40,1879,-7.82178e+06,-1.55438e+06,-623700
40,1880,8.6206e+06,187654,71295.4
40,1881,9.23219e+06,-34281.5,863621
40,1882,-937503,1.046e+07,711650
40,1883,-4.68324e+06,-1.17896e+07,999283
40,1884,-2.86156e+06,1.21742e+07,485050
40,1885,813535,-9.40879e+06,226130
40,1886,-7.56131e+06,-908558,-238572
40,1887,-7.54293e+06,-5.9748e+06,-341954
40,1888,1.18246e+07,5.88565e+06,423778
40,1889,-6.08172e+06,-1.20229e+07,-7465.53
40,1890,-4.68949e+06,1.37578e+07,-1.40196e+06
40,1891,1.01346e+07,2.39146e+06,947690
40,1892,2.36705e+06,-8.33686e+06,476144
40,1893,-6.10627e+06,-6.20588e+06,-788662
40,1894,1.07587e+07,1.24226e+06,914134
40,1895,2.35184e+06,1.45952e+07,-863935
40,1896,-502445,1.29794e+07,1.02833e+06
40,1897,-7.0362e+06,9.17937e+06,770549
40,1898,9.3968e+06,-5.53791e+06,935739
40,1899,8.27469e+06,404506,803873
40,1900,1.32879e+07,5.05668e+06,948279
40,1901,-848434,1.0598e+07,806683
40,1902,8.18024e+06,-2.51665e+06,-504208
40,1903,1.77008e+06,1.17767e+07,108755
40,1904,4.35814e+06,1.16855e+07,52087.7
40,1905,9.56915e+06,4.85603e+06,683877
40,1906,-8.5194e+06,-4.60748e+06,28628.1
40,1907,8.52331e+06,7.11835e+06,-169916
40,1908,-836783,-1.05614e+07,721374
40,1909,9.57095e+06,6.08997e+06,-597461
40,1910,5.69135e+06,6.06419e+06,-222976
40,1911,1.47033e+06,8.67657e+06,-785458
40,1912,5.50197e+06,4.52892e+06,-467436
40,1913,-1.03784e+07,-940792,-750148
40,1914,-5.8676e+06,8.55945e+06,-657738
40,1915,-6.95599e+06,1.14769e+06,261641
40,1916,5.7339e+06,6.65435e+06,680980
40,1917,1.24775e+06,9.09164e+06,656239
40,1918,-1.28994e+07,4.10521e+06,-29130.5
40,1919,7.56981e+06,4.37101e+06,128321
40,1920,-7.45272e+06,2.15033e+06,684648
40,1921,765409,1.45982e+07,362899
40,1922,7.82972e+06,-7.41177e+06,-493071
40,1923,3.40233e+06,6.14795e+06,-211329
40,1924,2.70164e+06,-9.12825e+06,343791
40,1925,-9.10406e+06,2.19891e+06,-758934
40,1926,1.30578e+07,-5.37276e+06,1.35898e+06
40,1927,6.19167e+06,1.24348e+07,-1.26408e+06
40,1928,1.00285e+07,-5.85509e+06,-750241
40,1929,2.68958e+06,-6.49656e+06,-595987
40,1930,-4.21736e+06,-9.39203e+06,-542292
40,1931,1.25463e+06,-7.56592e+06,199566
40,1932,-8.46888e+06,1.21993e+07,-1.30484e+06
40,1933,-1.2701e+07,-1.9755e+06,-737970
40,1934,3.57682e+06,1.27464e+07,-634099
40,1935,-6.41423e+06,4.33073e+06,-125407
40,1936,-2.58718e+06,-1.07736e+07,901677
40,1937,7.49775e+06,2.96985e+06,-778476
40,1938,-4.20736e+06,-6.96912e+06,370389
40,1939,300530,1.32787e+07,-515810
40,1940,9.91905e+06,4.42782e+06,241431
40,1941,-9.68607e+06,1.12574e+07,751567
40,1942,7.45927e+06,8.08294e+06,180874
40,1943,9.11605e+06,2.27514e+06,253510
40,1944,-7.95943e+06,1.13566e+07,-304290
40,1945,5.69231e+06,-1.29165e+07,607121
40,1946,7.72177e+06,-4.56265e+06,-620613
40,1947,1.17684e+07,2.39326e+06,345222
40,1948,-8.83621e+06,2.60726e+06,-285080
40,1949,-5.82136e+06,-5.99698e+06,639370
40,1950,4.9944e+06,1.37818e+07,637621
40,1951,-6.97926e+06,1.0077e+07,-1.1824e+06
40,1952,1.1863e+07,-3.98372e+06,330691
40,1953,-1.02903e+07,-1.89601e+06,-629161
40,1954,-64809.6,-1.29716e+07,-921055
40,1955,-1.89574e+06,1.38294e+07,1.35036e+06
40,1956,4.17007e+06,9.15378e+06,-298295
40,1957,9.42919e+06,4.66535e+06,164541
40,1958,-577057,-1.17147e+07,-1.10752e+06
40,1959,1.06192e+07,3.92341e+06,455564
40,1960,6.47742e+06,-3.65994e+06,300614
40,1961,-1.03783e+07,3.73231e+06,-815947
40,1962,6.51411e+06,-6.63416e+06,753421
40,1963,-5.6323e+06,-4.15561e+06,306893
40,1964,1.02757e+07,6.06295e+06,-674149
40,1965,4.65782e+06,-7.70397e+06,-66230.8
40,1966,1.0088e+07,-4.10326e+06,298587
40,1967,-1.36864e+07,3.61027e+06,-993925
40,1968,-1.39816e+07,3.48852e+06,-918695
40,1969,8.856e+06,3.20781e+06,-59692.6
40,1970,1.26789e+07,-5.38063e+06,1.19451e+06
40,1971,-6.06859e+06,5.16102e+06,-753407
40,1972,-8.90568e+06,1.05896e+07,362880
40,1973,-1.15909e+07,5.2143e+06,-492178
40,1974,1.43664e+07,-3.04088e+06,-618714
40,1975,1.06668e+07,-1.5856e+06,-1.07112e+06
40,1976,8.1636e+06,6.28301e+06,18862.4
40,1977,-6.15444e+06,3.71024e+06,-401485
40,1978,1.12461e+07,-39229.7,676634
40,1979,-8.88082e+06,-1.04414e+07,-1.26017e+06
40,1980,7.83225e+06,-3.67457e+06,-231597
40,1981,-2.0236e+06,-7.55668e+06,-313715
40,1982,9.1262e+06,154592,654616
40,1983,1.02086e+07,-1.01517e+06,307998
40,1984,1.26004e+07,2.76015e+06,-977915
40,1985,9.85175e+06,-6.95785e+06,298500
40,1986,5.81995e+06,5.56621e+06,554884
40,1987,-7.97315e+06,-1.30868e+06,-749680
40,1988,-3.31732e+06,-6.88226e+06,288991
40,1989,1.82541e+06,9.53963e+06,609973
40,1990,-8.32065e+06,-2.53654e+06,816536
40,1991,7.70865e+06,-2.69604e+06,-518309
40,1992,-8.39274e+06,7.84709e+06,1.07124e+06
40,1993,-7.54338e+06,5.17112e+06,885584
40,1994,-1.12704e+07,-429874,-546684
40,1995,1.24858e+07,1.36207e+06,-1.13449e+06
40,1996,-6.59665e+06,9.71929e+06,1.06768e+06
40,1997,-2.99768e+06,-1.38767e+07,904444
40,1998,8.51364e+06,8.90689e+06,654868
40,1999,-4.10437e+06,7.63011e+06,553635
40,2000,7.36894e+06,-8.53198e+06,-647590
40,2001,1.01303e+07,6.16249e+06,339292
40,2002,-1.11499e+07,-6.85014e+06,-612174
40,2003,5.08932e+06,5.16168e+06,177188
40,2004,3.6924e+06,1.398e+07,680094
40,2005,-1.37736e+07,-2.03882e+06,471482
40,2006,-1.12741e+06,1.34619e+07,-548975
40,2007,6.85836e+06,-1.30182e+06,583747
40,2008,1.14206e+07,6.44954e+06,-137694
40,2009,7.73941e+06,1.07097e+06,181456
40,2010,1.21472e+07,-8.23467e+06,577724
40,2011,-1.46421e+06,7.62899e+06,-279489
40,2012,4.43776e+06,-1.23273e+07,-301071
40,2013,9.85922e+06,3.0962e+06,-435937
40,2014,7.69985e+06,7.29946e+06,-99140.5
40,2015,-1.19077e+07,-6.928e+06,-1.16277e+06
40,2016,-8.46141e+06,1.08122e+06,-236242
40,2017,-9.65109e+06,-2.06003e+06,166530
40,2018,-7.40883e+06,1.11055e+07,816496
40,2019,9.03248e+06,3.55913e+06,105181
40,2020,1.08097e+07,-4.45388e+06,528841
40,2021,1.21428e+07,-7.62641e+06,299909
40,2022,-1.03624e+07,-4.17239e+06,1.07169e+06
40,2023,1.01968e+07,8.32719e+06,733751
40,2024,-7.98504e+06,2.44307e+06,-483820
40,2025,9.12994e+06,-8.54618e+06,-524553
40,2026,-2.57591e+06,7.20506e+06,263679
40,2027,-1.94782e+06,9.41156e+06,-607157
40,2028,-2.02368e+06,1.07802e+07,506999
40,2029,-3.65241e+06,-6.66785e+06,-399111
40,2030,-2.69211e+06,1.05659e+07,485987
40,2031,1.27339e+07,-7.0609e+06,242941
40,2032,4.6759e+06,-9.6173e+06,392158
40,2033,3.90135e+06,-7.51549e+06,-120380
40,2034,-1.9615e+06,8.27347e+06,-395404
40,2035,846341,1.10899e+07,-838731
40,2036,-6.76384e+06,-4.23611e+06,374745
40,2037,9.25972e+06,2.3194e+06,-712734
40,2038,-1.43123e+07,364421,-132928
40,2039,-676616,-7.27303e+06,40969.5
40,2040,6.45368e+06,5.70597e+06,-200840
40,2041,9.23973e+06,-1.01077e+07,281688
40,2042,9.45401e+06,8.65631e+06,225914
40,2043,3.52589e+06,1.1784e+07,936830
40,2044,-3.57934e+06,7.77309e+06,206265
40,2045,-3.55016e+06,-1.15365e+07,-938344
40,2046,-1.34559e+07,-3.04235e+06,-79117
40,2047,-682402,-1.47898e+07,-1.13321e+06
40,2048,1.06065e+07,7.50666e+06,-1.2315e+06
40,2049,1.02063e+07,-155926,-664451
40,2050,5.51885e+06,1.10692e+07,556341
40,2051,-4.4713e+06,-1.00759e+07,-655679
40,2052,1.29573e+07,-129350,429390
40,2053,9.76393e+06,-4.83763e+06,-1.05816e+06
40,2054,9.93589e+06,-8.05394e+06,-1.12395e+06
40,2055,2.73303e+06,1.02412e+07,140982
40,2056,-4.18037e+06,1.14572e+07,-97596.8
40,2057,-6.47564e+06,6.55389e+06,-628064
40,2058,1.40002e+07,1.10027e+06,1.07603e+06
40,2059,-5.88365e+06,9.953e+06,516027
40,2060,-1.1027e+07,-184337,-861441
40,2061,307900,1.00641e+07,-978016
40,2062,8.19658e+06,5.49703e+06,-480190
40,2063,6.04489e+06,4.81191e+06,-465329
40,2064,1.49873e+07,417059,415891
40,2065,7.24912e+06,-3.62123e+06,-659620
40,2066,-1.10319e+07,-9.51406e+06,-1.45777e+06
40,2067,-1.39736e+07,-2.1378e+06,-671413
40,2068,1.18667e+07,-5.63866e+06,-42848.5
40,2069,2.56233e+06,-9.16685e+06,346073
40,2070,-4.77539e+06,-1.32577e+07,-723363
40,2071,1.12841e+07,9.0065e+06,-670484
40,2072,-1.00741e+07,-4.6828e+06,-1.08003e+06
40,2073,-8.71418e+06,9.97105e+06,-247840
40,2074,-9.89318e+06,9.06731e+06,-1.2184e+06
40,2075,8.13363e+06,-2.0197e+06,-721423
40,2076,-9.82889e+06,-457335,-13218.1
40,2077,-7.02073e+06,-359887,-163287
40,2078,7.80014e+06,1.25428e+07,-430917
40,2079,-8.16252e+06,6.36402e+06,343300
40,2080,1.30205e+06,8.61724e+06,399595
40,2081,-9.57799e+06,5.36526e+06,-727198
40,2082,8.43015e+06,841046,-693451
40,2083,9.05327e+06,-7.00091e+06,-487340
40,2084,7.01362e+06,6.58387e+06,-214222
40,2085,6.48215e+06,-3.34331e+06,252403
40,2086,1.12011e+07,-9.86482e+06,-80620.1
40,2087,3.84054e+06,1.04754e+07,-84688.3
40,2088,1.33989e+07,4.66173e+06,1.03323e+06
40,2089,7.97385e+06,-5.50563e+06,856324
40,2090,-6.13249e+06,-1.07388e+07,-116835
40,2091,1.33193e+07,-3.04845e+06,752386
40,2092,-9.20747e+06,-7.61164e+06,836174
40,2093,3.98984e+06,-1.06039e+07,20128.8
40,2094,-5.78698e+06,4.76964e+06,-83267.3
40,2095,6.32749e+06,5.10943e+06,57651.3
40,2096,-2.78265e+06,7.14969e+06,375336
40,2097,-2.7269e+06,-1.4388e+07,1.44735e+06
40,2098,-3.63937e+06,1.20413e+07,432958
40,2099,-8.86063e+06,8.89998e+06,-1.21494e+06
40,2100,1.24708e+07,1.94346e+06,331174
40,2101,-7.49491e+06,-3.58701e+06,6498.9
40,2102,-4.85653e+06,5.18854e+06,143573
40,2103,1.06897e+07,-8.70988e+06,-44532.5
40,2104,-5.40725e+06,1.1625e+07,-404737
40,2105,-7.8e+06,-3.50164e+06,-317069
40,2106,-2.77189e+06,-7.14999e+06,318578
40,2107,8.62937e+06,4.80912e+06,-145580
40,2108,-4.92913e+06,-9.30687e+06,-388857
40,2109,8.76879e+06,-8.82913e+06,-653815
40,2110,-1.1335e+07,9.54003e+06,-690055
40,2111,8.43191e+06,5.99026e+06,-775490
40,2112,1.05699e+06,-1.02281e+07,824754
40,2113,9.57249e+06,7.74182e+06,423649
40,2114,4.35926e+06,-1.12424e+07,785324
40,2115,-1.20665e+07,6.96978e+06,551658
40,2116,9.12388e+06,232578,-593208
40,2117,3.94713e+06,5.86597e+06,390128
40,2118,-1.00415e+07,3.17193e+06,960714
40,2119,-5.57579e+06,1.32038e+07,-834852
40,2120,1.1574e+07,-7.49242e+06,114691
40,2121,-757365,1.19898e+07,723483
40,2122,-1.2e+07,-500734,-1.05919e+06
40,2123,-1.05554e+07,-9.64818e+06,-879940
40,2124,-5.00162e+06,-1.07438e+07,61069.1
40,2125,-1.09533e+07,-6.41554e+06,1.13964e+06
40,2126,5.63177e+06,4.82178e+06,-484166
40,2127,-7.4293e+06,-1.00314e+07,980654
40,2128,-1.27693e+07,-899526,1.26305e+06
40,2129,4.78965e+06,-7.77041e+06,-133602
40,2130,-1.50214e+06,-1.20926e+07,325992
40,2131,-7.70323e+06,2.57928e+06,99762.4
40,2132,-1.29662e+07,4.55816e+06,1.15361e+06
40,2133,-9.93605e+06,-3.40906e+06,623023
40,2134,1.13532e+07,-2.65109e+06,373908
40,2135,1.10187e+07,1.89288e+06,-192867
40,2136,155439,-9.37682e+06,-547560
40,2137,2.93637e+06,8.10198e+06,-646136
40,2138,7.31434e+06,-6.0211e+06,521245
40,2139,3.98865e+06,-1.22346e+07,-593771
40,2140,8.99859e+06,1.08448e+07,-461354
40,2141,9.17761e+06,7.22722e+06,537928
40,2142,2.41687e+06,-9.80455e+06,-14342.1
40,2143,-525789,-8.42035e+06,-418329
40,2144,9.60061e+06,5.21072e+06,257485
40,2145,-9.03795e+06,8.30766e+06,1.11858e+06
40,2146,-3.44008e+06,-1.35508e+07,597688
40,2147,-4.74572e+06,-7.65052e+06,-543816
40,2148,8.14558e+06,259400,199382
40,2149,-2.72613e+06,1.00837e+07,217072
40,2150,5.92576e+06,4.3731e+06,-689506
40,2151,-8.68715e+06,-6.6683e+06,-960500
40,2152,1.34039e+06,1.26905e+07,472815
40,2153,-5.15815e+06,-1.38844e+07,1.13725e+06
40,2154,-1.45395e+07,998084,589983
40,2155,-8.7395e+06,1.068e+07,-658963
40,2156,-1.94606e+06,-1.44192e+07,-816488
40,2157,3.28779e+06,-1.00691e+07,99675.6
40,2158,522951,-1.21848e+07,297610
40,2159,215862,-1.13069e+07,514938
40,2160,-7.84082e+06,9.13283e+06,-226729
40,2161,1.10817e+07,9.73093e+06,-683222
40,2162,5.8679e+06,-9.203e+06,-735086
40,2163,8.32024e+06,3.94454e+06,379391
40,2164,-6.98742e+06,5.52077e+06,-100227
40,2165,-1.20772e+07,7.26704e+06,-1.00167e+06
40,2166,1.0944e+07,-2.34274e+06,241023
40,2167,8.19632e+06,-1.2327e+07,-1.37765e+06
40,2168,-3.03553e+06,1.18848e+07,146237
40,2169,-5.57244e+06,7.32268e+06,780316
40,2170,6.25232e+06,-5.92703e+06,-811000
40,2171,4.9515e+06,-5.92882e+06,201596
40,2172,3.053e+06,1.26134e+07,96237.7
40,2173,-8.82153e+06,-9.40897e+06,-72993
40,2174,-6.35495e+06,-1.31772e+07,1.19557e+06
40,2175,-939152,-1.27584e+07,-1.07692e+06
40,2176,6.4081e+06,-7.49595e+06,-527715
40,2177,-3.89644e+06,6.88582e+06,-442531
40,2178,9.88216e+06,-1.04771e+07,-912.355
40,2179,-1.36075e+06,-7.36395e+06,184727
40,2180,-1.36772e+07,-5.53992e+06,-482976
40,2181,1.10784e+07,-1.20446e+06,437758
40,2182,490929,1.23514e+07,602613
40,2183,-5.54105e+06,1.17623e+07,-42344.8
40,2184,-776182,9.28253e+06,-885539
40,2185,-8.61676e+06,-3.32424e+06,-923288
40,2186,6.9887e+06,-6.08144e+06,173463
40,2187,-9.87014e+06,6.56772e+06,418526
40,2188,3.80888e+06,-7.59278e+06,-652136
40,2189,-6.82457e+06,1.01525e+07,605953
40,2190,-1.09364e+07,3.12183e+06,-752877
40,2191,1.19526e+07,-1.67248e+06,786905
40,2192,-5.51639e+06,5.01191e+06,635413
40,2193,-5.55216e+06,-9.48082e+06,908474
40,2194,-1.39842e+07,-378803,-174445
40,2195,-1.61969e+06,-9.57276e+06,-413720
40,2196,-5.77144e+06,6.88036e+06,-580291
40,2197,-9.2014e+06,-8.55051e+06,-43005.2
40,2198,8.61342e+06,-5.23185e+06,-951590
40,2199,1.08612e+07,-7.41714e+06,-141095
40,2200,1.07809e+07,-3.66456e+06,-655818
40,2201,-1.10439e+07,1.5209e+06,-538983
40,2202,1.10535e+07,-7.79791e+06,763461
40,2203,7.17165e+06,4.67543e+06,180474
40,2204,-3.2078e+06,-6.73152e+06,45337.2
40,2205,-1.02518e+07,-6.79799e+06,-190146
40,2206,-3.21172e+06,7.98534e+06,42153.6
40,2207,2.47644e+06,-1.19435e+07,652268
40,2208,-3.49576e+06,1.43063e+07,-1.26624e+06
40,2209,-149455,-9.76345e+06,-120826
40,2210,-1.278e+07,-4.32629e+06,1.16249e+06
40,2211,1.31297e+07,6.34484e+06,-127109
40,2212,-675333,1.18563e+07,-220684
40,2213,1.5789e+06,1.23181e+07,253291
40,2214,1.04742e+07,6.96692e+06,-6215.02
40,2215,-1.18777e+06,-9.00925e+06,-564689
40,2216,-1.28944e+07,5.73482e+06,-853303
40,2217,-8.95788e+06,5.48392e+06,-149282
40,2218,-1.15187e+07,-1.78312e+06,-817599
40,2219,-673852,-7.49401e+06,89799.3
40,2220,3.78032e+06,-9.11694e+06,-220924
40,2221,-4.78077e+06,1.24314e+07,-1.14047e+06
40,2222,-1.15131e+07,8.70961e+06,845958
40,2223,-5.36414e+06,-7.48364e+06,688441
40,2224,3.81933e+06,-6.25932e+06,104529
40,2225,-1.16648e+07,-1.94959e+06,887234
40,2226,-808040,7.28222e+06,551206
40,2227,1.29117e+07,1.66564e+06,44273.5
40,2228,-9.25988e+06,6.34899e+06,-455092
40,2229,3.03408e+06,1.20557e+07,744040
40,2230,-1.16671e+07,6.61475e+06,-580883
40,2231,-9.23088e+06,760884,406847
40,2232,-7.43319e+06,-6.49085e+06,-231898
40,2233,9.23041e+06,1.72332e+06,-934333
40,2234,-7.46774e+06,4.64792e+06,618656
40,2235,-1.66144e+06,1.32668e+07,-683621
40,2236,-4.92066e+06,7.31821e+06,-3175.43
40,2237,1.8274e+06,1.03202e+07,-775817
40,2238,3.76938e+06,6.01066e+06,291284
40,2239,-8.82368e+06,1.48469e+06,163329
40,2240,1.09211e+07,-8.88322e+06,692350
40,2241,-6.33225e+06,-3.57041e+06,416756
40,2242,-6.67575e+06,-2.4763e+06,509872
40,2243,1.07285e+07,526078,-1.05355e+06
40,2244,5.59213e+06,8.68256e+06,339695
40,2245,5.32267e+06,1.14561e+07,983425
40,2246,6.36107e+06,8.37977e+06,556377
40,2247,-8.34104e+06,-1.03422e+07,940704
40,2248,9.67583e+06,-8.52844e+06,-170524
40,2249,1.2966e+07,206943,583672
40,2250,-7.82132e+06,-1.19708e+06,138147
40,2251,8.21014e+06,-1.65939e+06,-543933
40,2252,7.39151e+06,-4.0334e+06,-58564.7
40,2253,-5.94312e+06,-4.58158e+06,152723
40,2254,7.44956e+06,-996071,66134.1
40,2255,-1.13511e+07,-1.68587e+06,254128
40,2256,-2.3761e+06,8.79931e+06,20660.9
40,2257,1.27253e+07,4.35732e+06,278172
40,2258,7.20583e+06,1.1287e+07,-1.30278e+06
40,2259,-7.91754e+06,-5.20821e+06,-686524
40,2260,-9.76487e+06,-3.59907e+06,205781
40,2261,-7.58411e+06,5.17445e+06,511403
40,2262,9.55526e+06,-1.09442e+07,186779
40,2263,-5.3255e+06,8.76207e+06,-770310
40,2264,-2.69002e+06,-7.36778e+06,-376839
40,2265,9.01821e+06,169986,-563445
40,2266,6.48985e+06,4.98522e+06,130550
40,2267,-8.13895e+06,8.84884e+06,85137.6
40,2268,5.70235e+06,-1.19618e+07,1.21683e+06
40,2269,-1.23663e+07,-5.57853e+06,-870249
40,2270,7.2376e+06,2.89178e+06,259490
40,2271,-1.3373e+07,-953829,-1.19699e+06
40,2272,1.04681e+07,-4.20659e+06,220225
40,2273,4.37228e+06,-1.26933e+07,1.16302e+06
40,2274,35730.6,-1.31432e+07,-699509
40,2275,-7.37395e+06,-1.11982e+06,-560835
40,2276,-3.84577e+06,1.41476e+07,1.03652e+06
40,2277,-4.69573e+06,8.90008e+06,877719
40,2278,-7.78368e+06,6.07856e+06,-779388
40,2279,-3.21222e+06,1.19372e+07,211628
40,2280,-2.01837e+06,-1.15416e+07,575029
40,2281,-5.61637e+06,9.56312e+06,749447
40,2282,-9.45036e+06,-712339,-187120
40,2283,-1.268e+07,5.53928e+06,-315226
40,2284,-9.84233e+06,-7.67334e+06,-982169
40,2285,-758074,-1.09858e+07,1.08698e+06
40,2286,-8.4112e+06,8.58001e+06,-658600
40,2287,5.71076e+06,-1.27417e+07,-743652
40,2288,-1.59535e+06,-8.45e+06,-318234
40,2289,5.21889e+06,7.86709e+06,-445804
40,2290,-868413,-1.03783e+07,-340976
40,2291,-2.35199e+06,9.33716e+06,-41805.1
40,2292,-8.42452e+06,479907,344573
40,2293,7.17372e+06,746083,-613810
40,2294,7.04399e+06,-8.74626e+06,-1.11542e+06
40,2295,1.12193e+07,9.12162e+06,990414
40,2296,-5.64694e+06,-9.27978e+06,23203.6
40,2297,5.70577e+06,-9.17245e+06,553169
40,2298,8.11482e+06,7.17988e+06,-834863
40,2299,-1.31414e+07,-2.6821e+06,-49379.6
40,2300,8.03835e+06,-9.49473e+06,320663
40,2301,1.47963e+06,-1.30136e+07,-376568
40,2302,3.15857e+06,-8.63014e+06,-225693
40,2303,1.27407e+07,6.20472e+06,-1.25524e+06
40,2304,-8.40976e+06,-1.17038e+07,-347069
40,2305,-5.91335e+06,-1.16224e+07,81362.8
40,2306,3.22809e+06,-7.06801e+06,569433
40,2307,5.15721e+06,-6.57157e+06,632118
40,2308,-6.13049e+06,-9.60221e+06,-268307
40,2309,-1.3509e+06,-9.13083e+06,668922
40,2310,-1.21526e+07,-1.12124e+06,-833653
40,2311,-7.06593e+06,2.19062e+06,-668017
40,2312,-8.70606e+06,7.57389e+06,593960
40,2313,-7.72843e+06,-5.42951e+06,71157.3
40,2314,6.17521e+06,3.36325e+06,-294702
40,2315,8.29215e+06,1.13364e+07,592700
40,2316,3.92909e+06,-1.42351e+07,-759798
40,2317,1.17732e+07,8.05792e+06,-90892.4
40,2318,-8.72979e+06,-1.10703e+07,-243488
40,2319,-6.79683e+06,6.40991e+06,16701
40,2320,9.38402e+06,-1.58332e+06,826038
40,2321,-1.24073e+07,6.38798e+06,534126
40,2322,8.56393e+06,-1.13527e+07,-243660
40,2323,6.88517e+06,3.87005e+06,121662
40,2324,7.30934e+06,-9.68121e+06,-503579
40,2325,-6.23293e+06,5.53576e+06,-244057
40,2326,-3.52418e+06,-7.24856e+06,14002.2
40,2327,-7.85615e+06,1.00564e+07,-444961
40,2328,7.87636e+06,-7.2943e+06,-989555
40,2329,-9.27643e+06,9.67678e+06,952194
40,2330,-7.97683e+06,1.07765e+07,520072
40,2331,6.74834e+06,-4.79027e+06,-158006
40,2332,-2.67304e+06,-1.02814e+07,682416
40,2333,-4.46378e+06,-7.68668e+06,-191939
40,2334,-3.41778e+06,-9.34158e+06,-224403
40,2335,5.22656e+06,-8.21647e+06,-777918
40,2336,-133486,1.23483e+07,-1.20017e+06
40,2337,-6.34608e+06,-5.39123e+06,348280
40,2338,6.88341e+06,1.9173e+06,575987
40,2339,6.14052e+06,-4.43629e+06,-411939
40,2340,-4.93504e+06,1.19046e+07,926090
40,2341,-1.03751e+07,7.07617e+06,-1.06657e+06
40,2342,-9.34468e+06,-8.7447e+06,-1.27637e+06
40,2343,2.83622e+06,-6.47327e+06,-340021
40,2344,-1.16263e+07,3.19458e+06,877770
40,2345,1.43012e+07,-70661.4,-992032
40,2346,-1.61526e+06,1.38073e+07,252491
40,2347,1.09042e+07,1.48554e+06,954669
40,2348,-2.60563e+06,-7.15469e+06,434172
40,2349,8.63535e+06,1.01962e+07,-140095
40,2350,-4.64024e+06,1.28213e+07,-87940.2
40,2351,-8.97327e+06,1.81436e+06,711238
40,2352,-9.90019e+06,-3.89574e+06,-204290
40,2353,1.05958e+07,1.26488e+06,-461692
40,2354,-6.80762e+06,-7.9839e+06,-104786
40,2355,-7.55894e+06,6.06248e+06,-499681
40,2356,-1.41634e+07,-2.16485e+06,-1.39862e+06
40,2357,7.08706e+06,-905340,-398074
40,2358,1.24275e+07,5.00435e+06,1.131e+06
40,2359,-1.24653e+07,-6.21324e+06,-1.37197e+06
40,2360,-7.69992e+06,4.77875e+06,-72351.1
40,2361,9.12107e+06,2.18871e+06,169029
40,2362,-2.53335e+06,1.08538e+07,-1.0326e+06
40,2363,-1.4864e+07,1.47658e+06,765389
40,2364,1.01528e+07,3.0842e+06,-404143
40,2365,5.25982e+06,-7.97869e+06,294758
40,2366,9.05981e+06,-1.58654e+06,-328278
40,2367,1.49566e+07,-149084,-924818
40,2368,-9.47997e+06,566870,311680
40,2369,1.10511e+07,-1.89946e+06,502544
40,2370,6.68969e+06,5.54702e+06,327441
40,2371,2.21315e+06,-7.9599e+06,-312200
40,2372,9.56385e+06,914443,386304
40,2373,1.42e+06,-7.77771e+06,-12850.4
40,2374,-1.13164e+07,-6.84985e+06,-1.10713e+06
40,2375,1.17853e+07,5.77717e+06,-55900.7
40,2376,405149,-8.34074e+06,688566
40,2377,-1.12078e+07,-2.17613e+06,603166
40,2378,6.25681e+06,-3.20065e+06,-425372
40,2379,-1.06946e+06,-1.48121e+07,815295
40,2380,-1.2094e+07,1.93871e+06,175445
40,2381,-5.02853e+06,-5.3867e+06,185728
40,2382,-1.40608e+07,-717823,-1.19339e+06
40,2383,-5.05048e+06,-7.97159e+06,-492364
40,2384,4.20166e+06,-8.23281e+06,155822
40,2385,-4.83257e+06,9.94446e+06,510888
40,2386,-484674,-9.25483e+06,-798452
40,2387,-1.39141e+07,-181514,-171123
40,2388,-8.25727e+06,-8.50789e+06,-873927
40,2389,-2.33292e+06,1.27962e+07,1.05563e+06
40,2390,-7.86841e+06,1.0991e+07,832895
40,2391,7.74404e+06,6.02087e+06,908419
40,2392,-1.18181e+07,3.10176e+06,-249796
40,2393,9.5343e+06,-850467,-700231
40,2394,-9.49941e+06,601612,-41866
40,2395,4.60635e+06,9.7063e+06,-764039
40,2396,7.87838e+06,-4.37414e+06,-698449
40,2397,844113,-1.3007e+07,808447
40,2398,-1.36846e+06,1.40049e+07,-775869
40,2399,-1.26263e+06,1.06377e+07,502233
40,2400,8.68167e+06,-8.35005e+06,-1.00737e+06
40,2401,-4.06032e+06,1.3733e+07,-26649.7
40,2402,932067,-1.04662e+07,-167387
40,2403,1.19937e+07,-8.16325e+06,1.08176e+06
40,2404,4.83689e+06,-5.80786e+06,425853
40,2405,5.90558e+06,5.10067e+06,-623339
40,2406,-6.63327e+06,-2.41475e+06,669719
40,2407,-1.00555e+07,-2.89386e+06,981912
40,2408,5.90463e+06,-6.84676e+06,83849.2
40,2409,-6.58409e+06,9.49567e+06,142298
40,2410,991622,-7.5131e+06,-326289
40,2411,-9.64855e+06,1.02337e+07,-1.00632e+06
40,2412,6.21805e+06,1.09024e+07,637225
40,2413,2.91903e+06,-1.43846e+07,-1.406e+06
40,2414,-3.73454e+06,-1.11662e+07,767327
40,2415,-7.42127e+06,630206,52646.5
40,2416,-3.92445e+06,7.37314e+06,-99807.2
40,2417,1.24327e+07,-5.66187e+06,350913
40,2418,-512714,1.00995e+07,977834
40,2419,1.33166e+07,-6.54927e+06,848700
40,2420,4.16452e+06,-8.65492e+06,-175157
40,2421,-45087.5,-9.58024e+06,-807008
40,2422,-7.08757e+06,2.08616e+06,-80262.9
40,2423,9.7592e+06,1.02115e+07,-1.06612e+06
40,2424,7.94987e+06,1.79409e+06,-699340
40,2425,-1.12417e+07,4.89693e+06,646940
40,2426,-7.8705e+06,-1.26287e+07,-1.34137e+06
40,2427,5.94108e+06,-5.11025e+06,43064.9
40,2428,8.5852e+06,-1.04819e+07,1.16159e+06
40,2429,-1.36602e+07,-5.12871e+06,-464051
40,2430,-1.39304e+07,-4.49995e+06,-1.2789e+06
40,2431,-1.01883e+07,-6.53538e+06,959981
40,2432,-7.28492e+06,9.75186e+06,1.13811e+06
40,2433,-8.9837e+06,-9.94452e+06,-555263
40,2434,-4.56745e+06,-8.84182e+06,-853715
40,2435,-1.76996e+06,-8.87877e+06,-36164.2
40,2436,5.71998e+06,8.46761e+06,-118812
40,2437,-1.37655e+06,1.30287e+07,-1.30003e+06
40,2438,1.22008e+07,-1.88297e+06,263754
40,2439,-3.67251e+06,7.03739e+06,584333
40,2440,-6.73149e+06,-5.7592e+06,-172385
40,2441,3.61128e+06,-7.86302e+06,420341
40,2442,817847,1.22257e+07,-987448
40,2443,-1.08522e+07,-4.06005e+06,-722905
40,2444,6.33009e+06,3.85976e+06,732459
40,2445,1.17887e+07,-6.0358e+06,-808629
40,2446,9.0025e+06,1.16014e+07,26669.7
40,2447,-8.17986e+06,1.09102e+07,-204997
40,2448,5.54162e+06,5.80207e+06,191779
40,2449,2.34827e+06,-1.21792e+07,140593
40,2450,1.20725e+07,1.26332e+06,-821237
40,2451,1.31079e+07,7.02111e+06,531883
40,2452,-1.46705e+06,-8.27257e+06,346132
40,2453,-1.36355e+06,8.76401e+06,274502
40,2454,3.20868e+06,9.58722e+06,468636
40,2455,5.29411e+06,-6.30548e+06,24141.2
40,2456,-2.42442e+06,-7.46169e+06,30048.7
40,2457,-8.40968e+06,4.14777e+06,-378246
40,2458,4.4667e+06,7.92935e+06,-249740
40,2459,-3.40532e+06,-8.33296e+06,331046
40,2460,2.16192e+06,-1.07744e+07,751185
40,2461,-8.36406e+06,-8.07681e+06,-505097
40,2462,1.39545e+07,2.35894e+06,-428611
40,2463,1.10562e+07,6.3477e+06,-808796
40,2464,-1.07892e+07,-4.52844e+06,559448
40,2465,9.12397e+06,9.86627e+06,-1.29828e+06
40,2466,-4.18942e+06,1.1791e+07,315305
40,2467,-8.10008e+06,1.30466e+06,7256.15
40,2468,-1.16185e+07,-1.20393e+06,-10064.8
40,2469,8.56522e+06,4.40037e+06,-792023
40,2470,-6.65564e+06,8.0826e+06,33777.3
40,2471,-3.33228e+06,-8.80432e+06,686179
40,2472,3.03161e+06,8.85901e+06,-719890
40,2473,-1.12533e+07,3.89054e+06,-743770
40,2474,7.08986e+06,9.95844e+06,132740
40,2475,-861971,-1.11396e+07,-996536
40,2476,-3.88957e+06,-1.35324e+07,-800171
40,2477,-7.79601e+06,3.26034e+06,537130
40,2478,-1.35648e+07,-1.97576e+06,990783
40,2479,6.77494e+06,1.8382e+06,578940
40,2480,-1.26252e+07,3.80381e+06,669283
40,2481,2.23299e+06,-1.44392e+07,1.00193e+06
40,2482,6.21986e+06,1.1479e+07,872179
40,2483,6.85593e+06,-5.12656e+06,-70760.9
40,2484,-1.2375e+07,-17769.3,-1.00691e+06
40,2485,9.26137e+06,-680557,857744
40,2486,9.54108e+06,42682.3,660190
40,2487,1.14133e+07,3.18512e+06,953243
40,2488,7.92297e+06,-8.2438e+06,765736
40,2489,-4.15709e+06,-1.30039e+07,-569784
40,2490,-3.70817e+06,8.90346e+06,-928321
40,2491,-3.44709e+06,-1.11089e+07,824396
40,2492,-7.68916e+06,-2.48978e+06,-797349
40,2493,7.20419e+06,2.8651e+06,349612
40,2494,-1.30772e+06,-7.52628e+06,-382558
40,2495,5.597e+06,-1.27922e+07,1.28197e+06
40,2496,1.29077e+07,-5.5084e+06,1.00852e+06
40,2497,5.81673e+06,1.11026e+07,-572586
40,2498,-6.75138e+06,-5.4902e+06,6296.87
40,2499,1.33852e+07,-3.8726e+06,-265139
40,2500,1.09046e+07,-1.72247e+06,-494263
40,2501,1.84379e+06,1.32023e+07,483931
40,2502,6.90321e+06,-5.81865e+06,110964
40,2503,1.08294e+06,8.41821e+06,-10435.4
40,2504,2.02044e+06,-1.45532e+07,-34349.3
40,2505,-9.14585e+06,-3.20114e+06,481537
40,2506,-6.18976e+06,1.1725e+07,586746
40,2507,1.18731e+07,-2.87752e+06,1.05574e+06
40,2508,-1.99172e+06,-1.31515e+07,-601441
40,2509,-1.24467e+07,5.85137e+06,-626850
40,2510,5.38535e+06,-8.48356e+06,-707075
40,2511,-1.06005e+07,258314,-985232
40,2512,4.20919e+06,-7.4391e+06,565961
40,2513,6.77673e+06,-6.4065e+06,507200
40,2514,151383,-1.02983e+07,952706
40,2515,522187,1.06174e+07,941512
40,2516,9.18641e+06,7.45182e+06,171927
40,2517,6.96956e+06,-8.51613e+06,67541
40,2518,-3.82732e+06,-8.19162e+06,76957.3
40,2519,-7.78981e+06,-4.19205e+06,569381
40,2520,-4.69058e+06,-5.49597e+06,-217236
40,2521,-7.45426e+06,5.62227e+06,-294978
40,2522,-2.33565e+06,1.34417e+07,636564
40,2523,7.47475e+06,-2.04822e+06,189500
40,2524,-3.98018e+06,1.20095e+07,-222414
40,2525,8.12192e+06,-3.36213e+06,-20902.8
40,2526,-952913,-1.20019e+07,-310376
40,2527,-5.51173e+06,-1.14972e+07,524646
40,2528,-8.24408e+06,7.12609e+06,-606165
40,2529,-1.04242e+07,-8.72884e+06,-151306
40,2530,1.38005e+07,4.5024e+06,1.0182e+06
40,2531,1.14721e+07,-9.58893e+06,929421
40,2532,911935,9.94178e+06,469114
40,2533,3.98235e+06,8.53816e+06,540260
40,2534,8.27427e+06,-4.62351e+06,646479
40,2535,2.07483e+06,-1.35837e+07,1.04865e+06
40,2536,-1.06075e+07,-8.24468e+06,-548846
40,2537,7.78588e+06,-1.1762e+07,-76501.8
40,2538,-4.45827e+06,-5.75938e+06,-655831
40,2539,1.40165e+07,-3.22404e+06,-894231
40,2540,1.02432e+07,6.98497e+06,569415
40,2541,-3.86461e+06,-8.97886e+06,-248497
40,2542,-6.9195e+06,4.2876e+06,-631457
40,2543,1.11691e+07,3.18735e+06,63450.4
40,2544,7.5538e+06,-1.18463e+07,1.07757e+06
40,2545,1.12212e+07,8.92348e+06,-1.06636e+06
40,2546,9.11354e+06,-6.8563e+06,1.08497e+06
40,2547,-4.77153e+06,5.60128e+06,-422622
40,2548,-8.1047e+06,-1.01773e+07,-990818
40,2549,-4.05276e+06,-1.00661e+07,605987
40,2550,5.71942e+06,-4.30724e+06,99125.3
40,2551,5.0033e+06,-1.25056e+07,-836457
40,2552,-1.1231e+06,-7.78231e+06,-540778
40,2553,-1.83385e+06,-1.36446e+07,942552
40,2554,-4.05669e+06,8.46483e+06,321436
40,2555,-763098,-7.19505e+06,486208
40,2556,1.21482e+06,-1.02277e+07,-671015
40,2557,9.44786e+06,-1.27078e+06,929804
40,2558,1.02636e+07,-4.22926e+06,50453.7
40,2559,-1.25145e+06,9.21382e+06,800382
40,2560,-7.21221e+06,-4.2655e+06,93001.7
40,2561,-1.29026e+07,-166368,-587983
40,2562,-5.85707e+06,-5.94743e+06,365619
40,2563,-602576,-1.15108e+07,-827643
40,2564,-1.20739e+07,-7.12751e+06,-1.0482e+06
40,2565,6.18675e+06,-8.68309e+06,849295
40,2566,-1.92601e+06,-8.88173e+06,-728311
40,2567,-6.62792e+06,-2.9702e+06,282903
40,2568,-7.33031e+06,1.10992e+07,-1.31686e+06
40,2569,1.07191e+07,1.32116e+06,-883056
40,2570,-8.96375e+06,3.44861e+06,-423721
40,2571,1.08456e+07,4.1866e+06,-827611
40,2572,7.69216e+06,9.92543e+06,351069
40,2573,-6.36035e+06,3.82552e+06,-479138
40,2574,-7.03833e+06,-3.47259e+06,673532
40,2575,-6.68404e+06,3.24944e+06,308408
40,2576,3.94546e+06,-9.9241e+06,-685004
40,2577,-1.11536e+07,9.52838e+06,-464923
40,2578,-1.27979e+07,-5.66796e+06,46028.2
40,2579,-1.10997e+07,-6.34786e+06,-864237
40,2580,8.09525e+06,9.35389e+06,757532
40,2581,-1.08515e+07,1.02354e+07,-164806
40,2582,7.28603e+06,932792,620054
40,2583,-7.64423e+06,2.40349e+06,505741
40,2584,-1.39805e+07,-1.93192e+06,183554
40,2585,1.20468e+07,-2.74194e+06,253686
40,2586,1.13634e+07,1.28323e+06,-960454
40,2587,1.07602e+07,-4.29634e+06,851057
40,2588,-1.45713e+07,-2.79024e+06,855209
40,2589,-8.02055e+06,-1.11267e+07,-442441
40,2590,6.93656e+06,-8.21412e+06,-433287
40,2591,1.6044e+06,1.42822e+07,717729
40,2592,205538,-1.20418e+07,-150891
40,2593,-9.56544e+06,-1.08284e+07,-612047
40,2594,-3.00192e+06,1.1719e+07,-499491
40,2595,6.32194e+06,-8.00057e+06,607.291
40,2596,-9.80894e+06,7.61419e+06,-587415
40,2597,-1.14704e+07,-9.00365e+06,1.26863e+06
40,2598,4.96823e+06,7.02659e+06,613128
40,2599,4.61012e+06,1.15479e+07,-573871
40,2600,-1.29008e+07,3.6144e+06,457079
40,2601,-7.1531e+06,6.25317e+06,935094
40,2602,-8.93715e+06,-636072,617843
40,2603,-7.8122e+06,4.28775e+06,205067
40,2604,-1.05561e+07,2.4888e+06,-298226
40,2605,-8.12666e+06,-8.40003e+06,358359
40,2606,-4.89804e+06,-5.72202e+06,684106
40,2607,-2.21442e+06,-1.11087e+07,128500
40,2608,1.25732e+07,-5.71329e+06,-873260
40,2609,-8.33999e+06,6.36782e+06,-198883
40,2610,3.36591e+06,-7.22425e+06,-741623
40,2611,-5.68356e+06,-9.65851e+06,-656252
40,2612,7.70702e+06,-1.1982e+07,-82383.1
40,2613,611910,1.02602e+07,472980
40,2614,-3.14706e+06,-7.39329e+06,550850
40,2615,6.07359e+06,-6.35348e+06,-822357
40,2616,1.03739e+07,9.83689e+06,416833
40,2617,4.8884e+06,-7.55756e+06,22132.3
40,2618,-7.16123e+06,-3.74357e+06,-148797
40,2619,9.21484e+06,-8.1315e+06,-222699
40,2620,9.25111e+06,1.11528e+06,139424
40,2621,-7.37417e+06,7.04385e+06,-647333
40,2622,1.04038e+07,-765749,-422071
40,2623,2.18653e+06,-1.15784e+07,587534
40,2624,-7.19465e+06,-6.36155e+06,714152
40,2625,-6.65528e+06,2.5102e+06,-392278
40,2626,-8.84939e+06,4.86154e+06,498362
40,2627,-7.69708e+06,-904729,99436.7
40,2628,-998461,-1.09048e+07,-254487
40,2629,-1.44862e+07,1.44757e+06,207342
40,2630,-2.35921e+06,1.33484e+07,-1.15427e+06
40,2631,-1.25731e+07,1.11583e+06,1.00292e+06
40,2632,-1.20969e+07,8.62927e+06,-251303
40,2633,-4.85319e+06,9.0254e+06,577750
40,2634,-1.29292e+07,1.51686e+06,-1.18862e+06
40,2635,-2.74003e+06,9.05266e+06,588995
40,2636,2.91285e+06,-7.12383e+06,260327
40,2637,-1.17956e+07,5.10089e+06,462067
40,2638,1.64799e+06,-1.17567e+07,-126365
40,2639,-6.46685e+06,-8.58682e+06,-844104
40,2640,1.03247e+07,-1.582e+06,-968554
40,2641,-3.97626e+06,8.65505e+06,254204
40,2642,-5.19077e+06,-5.84993e+06,-634371
40,2643,-767925,-7.71686e+06,-272682
40,2644,1.43614e+07,3.65244e+06,-162677
40,2645,-4.9093e+06,6.14603e+06,785875
40,2646,1.33975e+07,4.42604e+06,178492
40,2647,2.82894e+06,1.18181e+07,-863824
40,2648,1.39358e+07,-2.54478e+06,1.39801e+06
40,2649,-6.69085e+06,-1.15081e+07,-410794
40,2650,7.21713e+06,4.22932e+06,323365
40,2651,6.31315e+06,-1.16293e+07,1.09737e+06
40,2652,1.40197e+07,195660,-718241
40,2653,-1.10883e+07,-6.95974e+06,-625518
40,2654,1.19949e+07,-8.69409e+06,-1.10257e+06
40,2655,-2.43892e+06,-6.7827e+06,149999
40,2656,1.23427e+06,1.43837e+07,-1.20264e+06
40,2657,8.93469e+06,1.34124e+06,-840659
40,2658,-8.73357e+06,1.13442e+07,-255381
40,2659,-1.22002e+06,7.02879e+06,434914
40,2660,520112,-1.1912e+07,-125857
40,2661,-9.44175e+06,756355,-335182
40,2662,-4.25474e+06,1.30276e+07,437998
40,2663,-2.85001e+06,-7.54825e+06,668030
40,2664,-1.09029e+07,-4.56072e+06,1.09281e+06
40,2665,-955714,1.19708e+07,-498820
40,2666,-924912,-1.25988e+07,-496650
40,2667,9.72777e+06,-284857,-776114
40,2668,9.33901e+06,4.14158e+06,656734
40,2669,-3.27851e+06,-6.97658e+06,-685071
40,2670,7.02474e+06,-1.01944e+07,-250515
40,2671,-9.23821e+06,6.27566e+06,-445765
40,2672,-2.06937e+06,1.32522e+07,598373
40,2673,-270337,8.64084e+06,-282715
40,2674,-1.1288e+07,3.07464e+06,573942
40,2675,8.6528e+06,859050,481198
40,2676,1.25504e+07,5.16035e+06,301010
40,2677,2.97038e+06,-9.5462e+06,749805
40,2678,2.56299e+06,-1.35531e+07,-637481
40,2679,-1.30966e+07,-3.02409e+06,-1.20535e+06
40,2680,1.0016e+07,-3.5411e+06,825516
40,2681,4770.29,-7.80365e+06,477520
40,2682,-9.06167e+06,1.35925e+06,386720
40,2683,7.80758e+06,7.02604e+06,432617
40,2684,-8.02937e+06,-1.17988e+07,782214
40,2685,3.77993e+06,9.1099e+06,281613
40,2686,6.32033e+06,-7.21909e+06,-725272
40,2687,-8.45878e+06,6.09796e+06,915650
40,2688,8.17562e+06,792372,-430404
40,2689,3.20864e+06,1.31585e+07,-702447
40,2690,-1.44282e+06,-7.87851e+06,-691406
40,2691,-2.21392e+06,9.39175e+06,106414
40,2692,-1.24748e+07,-2.84755e+06,1.10562e+06
40,2693,-9.56523e+06,1.10158e+07,810966
40,2694,1.0239e+07,-7.86284e+06,-134391
40,2695,-9.80291e+06,5.45046e+06,787087
40,2696,295858,8.8299e+06,-225043
40,2697,-8.07232e+06,-3.55203e+06,-645541
40,2698,8.31457e+06,-4.71822e+06,-173513
40,2699,9.66083e+06,8.65292e+06,-655243
40,2700,1.31945e+06,-1.33905e+07,-306373
40,2701,1.24482e+07,-7.57673e+06,1.3511e+06
40,2702,3.13604e+06,9.93694e+06,263936
40,2703,8.61867e+06,8.99525e+06,714446
40,2704,-7.12519e+06,468324,-241198
40,2705,-5.16362e+06,1.18159e+07,843899
40,2706,3.41593e+06,-1.11938e+07,1.14883e+06
40,2707,1.23426e+07,-937439,-1.16969e+06
40,2708,7.38472e+06,6.28047e+06,-461033
40,2709,1.33829e+07,2.98166e+06,55338.9
40,2710,-1.06031e+07,-4.54697e+06,-56987.3
40,2711,8.72854e+06,1.00554e+07,-504615
40,2712,-4.10131e+06,-1.11961e+07,-228563
40,2713,-1.2182e+07,6.89989e+06,-272235
40,2714,-6.80897e+06,-2.58592e+06,303897
40,2715,-2.96888e+06,7.32429e+06,444730
40,2716,263668,9.91805e+06,341718
40,2717,6.9421e+06,-4.98677e+06,-675274
40,2718,-1.26164e+07,-194336,935095
40,2719,-3.24327e+06,-7.32277e+06,115348
40,2720,-1.08249e+07,336052,480997
40,2721,1.20088e+07,8.01001e+06,-1.39133e+06
40,2722,1.02667e+07,8.58333e+06,1.30655e+06
40,2723,-6.76785e+06,-9.82838e+06,-719364
40,2724,-4.56254e+06,-7.63303e+06,730003
40,2725,4.55185e+06,1.4103e+07,-1.08625e+06
40,2726,5.25479e+06,-5.27414e+06,-305597
40,2727,842263,6.96032e+06,-223595
40,2728,-1.47065e+07,-2.40552e+06,-881001
40,2729,-4.88611e+06,8.30306e+06,-927908
40,2730,-2.44758e+06,-7.67762e+06,-612816
40,2731,-5.44502e+06,6.95669e+06,455561
40,2732,-4.13646e+06,-1.08997e+07,156225
40,2733,1.24143e+07,453550,1.07304e+06
40,2734,-6.70597e+06,4.13038e+06,427062
40,2735,9.98247e+06,-3.19631e+06,-67925.8
40,2736,5.39944e+06,-1.28462e+07,1.34448e+06
40,2737,1.16743e+07,-8.42515e+06,667282
40,2738,7.63896e+06,6.34281e+06,374661
40,2739,-1.95358e+06,-1.46451e+07,1.26986e+06
40,2740,6.77461e+06,1.15817e+07,-673488
40,2741,4.55199e+06,8.60376e+06,158911
40,2742,1.27686e+06,-1.47467e+07,-226799
40,2743,-3.00607e+06,6.36162e+06,37620.3
40,2744,7.17943e+06,6.3632e+06,-109780
40,2745,7.71713e+06,-4.62618e+06,-717835
40,2746,7.36871e+06,547260,-253968
40,2747,-1.27569e+06,-1.22162e+07,-114796
40,2748,-8.11926e+06,9.4615e+06,418515
40,2749,-5.8432e+06,4.39664e+06,425487
40,2750,-2.61002e+06,-1.3144e+07,-793493
40,2751,8.94938e+06,53253.3,-711078
40,2752,5.5683e+06,6.34306e+06,-290886
40,2753,-8.68009e+06,-151690,-41613.8
40,2754,1.38172e+07,3.28722e+06,-511807
40,2755,-9.16377e+06,-7.39149e+06,-46786.3
40,2756,1.23766e+07,5.38784e+06,852736
40,2757,7.10272e+06,8.30172e+06,844259
40,2758,6.07363e+06,1.05125e+07,-1.13547e+06
40,2759,-6.10429e+06,-5.34296e+06,-520718
40,2760,8.64029e+06,1.65553e+06,392312
40,2761,4.11367e+06,-1.28008e+07,-1.00323e+06
40,2762,-6.46094e+06,-1.26243e+07,1.12976e+06
40,2763,-9.83683e+06,3.84129e+06,601434
40,2764,-7.61864e+06,-1.30157e+06,520393
40,2765,1.31749e+07,-3.49588e+06,540737
40,2766,8.55221e+06,1.37605e+06,-35642.7
40,2767,432108,1.107e+07,-832913
40,2768,1.2788e+06,-1.15624e+07,1.15086e+06
40,2769,3.75397e+06,-1.25119e+07,304273
40,2770,-9.30373e+06,-1.15727e+07,1.07161e+06
40,2771,1.32608e+07,-6.01736e+06,-345398
40,2772,3.31859e+06,6.83701e+06,-671198
40,2773,2.85904e+06,7.29941e+06,-249054
40,2774,-2.4648e+06,-1.10581e+07,-655586
40,2775,-3.28534e+06,-1.19355e+07,145123
40,2776,1.07434e+07,9.28447e+06,-918101
40,2777,7.11098e+06,7.62804e+06,138241
40,2778,-2.44195e+06,9.86744e+06,-671680
40,2779,-7.37055e+06,-6.27774e+06,146703
40,2780,5.64799e+06,6.04362e+06,-784946
40,2781,5.35387e+06,-4.61786e+06,-644440
40,2782,9.04676e+06,-9.06695e+06,-1.0317e+06
40,2783,1.02312e+07,-2.20973e+06,700330
40,2784,1.10626e+06,-1.08371e+07,727217
40,2785,7.78379e+06,-5.92805e+06,-57758.6
40,2786,1.11939e+07,223763,769757
40,2787,9.84989e+06,901929,249567
40,2788,-7.15242e+06,-1.03442e+07,1.18003e+06
40,2789,-1.32088e+07,4.16787e+06,-1.21389e+06
40,2790,-3.79354e+06,-1.01183e+07,232757
40,2791,-1.11243e+07,1.95957e+06,-466071
40,2792,-9.19331e+06,-282927,-625023
40,2793,-4.592e+06,8.57155e+06,169413
40,2794,3.87405e+06,-6.4605e+06,93910.7
40,2795,-3.36569e+06,-1.18887e+07,-515488
40,2796,1.04091e+07,-2.67673e+06,573686
40,2797,-133470,-1.47248e+07,-956630
40,2798,-6.49133e+06,-3.78335e+06,-213550
40,2799,3.48766e+06,-8.51385e+06,-244698
40,2800,5.80341e+06,-7.53806e+06,659663
40,2801,5.0935e+06,-8.4037e+06,690296
40,2802,9.3453e+06,4.42496e+06,-1.03384e+06
40,2803,-6.40477e+06,9.10397e+06,1.11013e+06
40,2804,1.15382e+06,-1.30739e+07,1.19813e+06
40,2805,-6.04307e+06,1.27066e+07,-941226
40,2806,-9.51166e+06,8.81314e+06,-69564
40,2807,1.02071e+07,-6.38886e+06,-194843
40,2808,-1.74718e+06,1.31405e+07,525069
40,2809,5.04597e+06,-4.82554e+06,-657064
40,2810,1.20882e+07,3.85554e+06,-593520
40,2811,-9.71618e+06,5.06443e+06,-675986
40,2812,-1.0883e+06,-9.6036e+06,327180
40,2813,170167,-7.54254e+06,-675682
40,2814,-958986,1.13011e+07,198886
40,2815,9.06519e+06,-586664,-345704
40,2816,-1.85336e+06,8.7128e+06,707485
40,2817,-1.22463e+06,-1.19852e+07,1.00936e+06
40,2818,-774174,-1.42479e+07,-863296
40,2819,3.72004e+06,1.32173e+07,667479
40,2820,928075,-1.24501e+07,81600.7
40,2821,1.16217e+07,-3.26414e+06,-964946
40,2822,-7.0404e+06,-6.27378e+06,877392
40,2823,7.60966e+06,1.38207e+06,-688497
40,2824,6.36254e+06,-3.80237e+06,327944
40,2825,-1.22377e+07,-1.98203e+06,699702
40,2826,-6.59188e+06,4.95297e+06,-16473.7
40,2827,-7.02849e+06,3.55878e+06,-289056
40,2828,4.51732e+06,5.70217e+06,384180
40,2829,6.63802e+06,-2.57531e+06,-589739
40,2830,1.08567e+07,-7.75478e+06,1.18001e+06
40,2831,-3.46939e+06,1.34932e+07,-465204
40,2832,6.4454e+06,8.11724e+06,-993054
40,2833,-1.3076e+07,-4.85938e+06,303341
40,2834,-7.13714e+06,-1.25131e+07,550072
40,2835,9.74332e+06,9.03923e+06,-371750
40,2836,1.31097e+07,-6.65511e+06,1.13146e+06
40,2837,6.78957e+06,-8.10563e+06,-957345
40,2838,-7.16365e+06,3.96597e+06,-27181.4
40,2839,-5.84637e+06,6.95715e+06,-613560
40,2840,3.20454e+06,-1.04261e+07,352038
40,2841,-7.84978e+06,320993,310503
40,2842,-8.88389e+06,6.87907e+06,273953
40,2843,1.20796e+07,8.45667e+06,-324374
40,2844,-8.93357e+06,-4.98058e+06,-712449
40,2845,-2.12041e+06,8.1056e+06,765577
40,2846,-6.57304e+06,-1.10382e+07,815360
40,2847,5.30587e+06,-6.01306e+06,152018
40,2848,4.12544e+06,-8.74032e+06,585356
40,2849,1.01031e+07,9.26059e+06,1.29016e+06
40,2850,-9.30577e+06,1.12782e+07,-1.27254e+06
40,2851,8.33539e+06,-91989,104999
40,2852,-2.59211e+06,9.49393e+06,-478519
40,2853,-1.08319e+07,5.74253e+06,1.14429e+06
40,2854,3.47665e+06,-1.19652e+07,-516698
40,2855,-7.62298e+06,287323,-282805
40,2856,8.31503e+06,-2.25829e+06,-96475.6
40,2857,2.39077e+06,8.04186e+06,-367984
40,2858,-1.90218e+06,1.48646e+07,-513257
40,2859,-3.56629e+06,1.17245e+07,-697180
40,2860,-3.42434e+06,7.4987e+06,-650693
40,2861,2.68628e+06,-6.60528e+06,-516835
40,2862,4.10158e+06,-1.25545e+07,100152
40,2863,5.58842e+06,7.64148e+06,448522
40,2864,-6.3804e+06,-9.87176e+06,-1.15853e+06
40,2865,1.3094e+07,6.02843e+06,-384048
40,2866,1.0216e+07,343021,-5948.62
40,2867,5.97121e+06,-1.15307e+07,987043
40,2868,-7.22143e+06,-8.11558e+06,-915483
40,2869,5.93109e+06,9.14586e+06,-284186
40,2870,-8.66174e+06,4.21656e+06,137981
40,2871,-1.12905e+07,8.54118e+06,1.36636e+06
40,2872,-1.30146e+07,-1.16745e+06,376442
40,2873,4.61378e+06,-6.31003e+06,128677
40,2874,-9.56223e+06,-1.13686e+07,994048
40,2875,-7.73775e+06,1.09189e+07,-643817
40,2876,-1.02585e+07,1.88311e+06,-542508
40,2877,-1.35324e+07,-3.93198e+06,1.35242e+06
40,2878,-1.25342e+07,-4.8127e+06,1.20347e+06
40,2879,8.53142e+06,-6.99842e+06,-313070
40,2880,-8.8552e+06,4.70765e+06,93491.4
40,2881,-1.14194e+07,16239.7,-443193
40,2882,-1.21241e+07,-7.79782e+06,-265993
40,2883,1.60205e+06,-1.20517e+07,1.12325e+06
40,2884,8.21724e+06,7.30631e+06,-130237
40,2885,8.78709e+06,-6.32959e+06,-227823
40,2886,-1.45159e+07,1.14506e+06,1.38374e+06
40,2887,5.84154e+06,-3.92832e+06,607905
40,2888,1.4588e+07,1.41559e+06,-963630
40,2889,1.19884e+07,2.17237e+06,-1.06588e+06
40,2890,-8.71567e+06,-959847,80460.4
40,2891,3.22042e+06,6.52254e+06,-427.819
40,2892,6.80791e+06,9.57578e+06,-237689
40,2893,1.41672e+07,118967,1.38477e+06
40,2894,-1.12111e+07,8.45785e+06,524217
40,2895,-5.93965e+06,-8.44587e+06,-393605
40,2896,-1.16272e+07,-1.98916e+06,-1.12503e+06
40,2897,1.32585e+07,1.21786e+06,-551032
40,2898,-5.21322e+06,4.70244e+06,-614359
40,2899,-1.24541e+07,7.04301e+06,-115893
40,2900,-6.61768e+06,-7.20517e+06,556878
40,2901,97677.8,-1.21447e+07,988107
40,2902,-6.18133e+06,-1.24341e+07,-793257
40,2903,-1.20702e+07,-697020,525479
40,2904,-401859,-1.36248e+07,946165
40,2905,7.28999e+06,1.77229e+06,-362356
40,2906,6.5316e+06,-1.2604e+07,518966
40,2907,-1.60567e+06,-1.24537e+07,1.11426e+06
40,2908,-9.59288e+06,-9.71088e+06,452512
40,2909,-4.55571e+06,-7.42246e+06,-131138
40,2910,3.11973e+06,-7.60908e+06,16843.9
40,2911,-3.13843e+06,1.44832e+07,-57285.6
40,2912,7.50373e+06,7.46267e+06,-156350
40,2913,4.73398e+06,7.99532e+06,-404916
40,2914,-607936,-8.80618e+06,-830420
40,2915,1.03539e+06,-1.18947e+07,-46022.3
40,2916,-3.56741e+06,-1.3987e+07,716253
40,2917,1.73491e+06,-8.37896e+06,568860
40,2918,2.00187e+06,9.68283e+06,-227276
40,2919,-1.1324e+07,6.18392e+06,611039
40,2920,2.99421e+06,-7.30954e+06,-389936
40,2921,-7.40197e+06,-5.04608e+06,-771752
40,2922,-802810,7.1655e+06,54847.9
40,2923,8.2991e+06,-1.15974e+07,-27245.4
40,2924,-7.03965e+06,-1.89582e+06,298520
40,2925,7.26402e+06,6.43424e+06,-429874
40,2926,-7.99084e+06,1.044e+07,821278
40,2927,4.71005e+06,8.31399e+06,-122560
40,2928,1.05046e+07,1.3193e+06,-812241
40,2929,6.21938e+06,5.75755e+06,-268564
40,2930,-1.46736e+07,-1.06497e+06,375369
40,2931,-4.60072e+06,8.66023e+06,-937761
40,2932,-1.09414e+07,882767,-752183
40,2933,-1.31024e+07,377251,-422172
40,2934,-7.63348e+06,-2.89768e+06,412946
40,2935,1.53861e+06,9.12723e+06,40589.1
40,2936,-3.87363e+06,-7.27391e+06,173550
40,2937,7.42028e+06,2.03613e+06,185014
40,2938,7.85582e+06,5.05535e+06,484946
40,2939,-9.25792e+06,2.12772e+06,-500284
40,2940,-4.02707e+06,1.1268e+07,1.12313e+06
40,2941,8.06824e+06,9.70646e+06,-210278
40,2942,-9.76963e+06,-2.39913e+06,688806
40,2943,1.07077e+07,4.61984e+06,362526
40,2944,1.62277e+06,-6.8734e+06,235233
40,2945,-2.74677e+06,9.0457e+06,564394
40,2946,-8.12474e+06,1.04743e+07,-533241
40,2947,1.14077e+07,842094,-956761
40,2948,2.89417e+06,7.46828e+06,19239.2
40,2949,-8.37348e+06,-1.2301e+07,-1.30885e+06
40,2950,-1.11763e+07,-8955.54,-796536
40,2951,-1.33906e+07,4.99551e+06,1.41812e+06
40,2952,-7.87994e+06,-6.67689e+06,-817885
40,2953,497716,1.05983e+07,712938
40,2954,6.15799e+06,-1.17413e+07,593239
40,2955,3.94222e+06,1.30797e+07,-131012
40,2956,-7.96245e+06,-9.66578e+06,542132
40,2957,6.97672e+06,5.30351e+06,731884
40,2958,6.31195e+06,9.5671e+06,673279
40,2959,6.72883e+06,1.26073e+07,908322
40,2960,1.34283e+07,-5.2448e+06,1.19672e+06
40,2961,-7.19272e+06,8.73631e+06,-1.11853e+06
40,2962,-6.87396e+06,2.96443e+06,-150627
40,2963,-6.86815e+06,4.93948e+06,-550960
40,2964,-4.3215e+06,1.30929e+07,271796
40,2965,1.03199e+07,3.74883e+06,973418
40,2966,-5.30101e+06,9.85661e+06,-766239
40,2967,9.58692e+06,1.50731e+06,-264794
40,2968,7.96673e+06,-7.93473e+06,421468
40,2969,4.49229e+06,6.48865e+06,-113380
40,2970,8.36611e+06,1.76304e+06,521935
40,2971,3.73018e+06,-6.08608e+06,-508487
40,2972,-1.16127e+07,-9.14472e+06,695103
40,2973,5.31219e+06,-5.80111e+06,534063
40,2974,-1.22052e+07,-408597,541220
40,2975,-5.70289e+06,-4.11177e+06,488813
40,2976,7.49305e+06,6.39973e+06,-155894
40,2977,9.85107e+06,8.16468e+06,-752955
40,2978,2.64151e+06,-7.70935e+06,-713807
40,2979,-8.50698e+06,9.12644e+06,638718
40,2980,1.09163e+07,9.85246e+06,-546086
40,2981,-1.58571e+06,1.33654e+07,-767574
40,2982,1.35736e+07,-881452,154726
40,2983,-7.55467e+06,5.25819e+06,-607875
40,2984,2.14246e+06,-1.28814e+07,981385
40,2985,-6.54036e+06,-3.01352e+06,-411622
40,2986,2.3706e+06,-9.41485e+06,-598530
40,2987,-6.60865e+06,-1.00844e+07,1.09781e+06
40,2988,4.577e+06,-1.23822e+07,83421.7
40,2989,-7.70421e+06,3.57661e+06,84029.1
40,2990,-9.53923e+06,-7.96079e+06,-263450
40,2991,4.2421e+06,8.06855e+06,353430
40,2992,-4.44454e+06,-1.13179e+07,-310005
40,2993,825186,-9.0482e+06,497533
40,2994,-7.95329e+06,-7.07027e+06,-269173
40,2995,6.6632e+06,-1.07019e+07,474745
40,2996,-1.07844e+07,2.61193e+06,315850
40,2997,-1.15119e+07,-4.70074e+06,310733
40,2998,7.48838e+06,-2.03406e+06,451450
40,2999,-9.083e+06,-4.06371e+06,-903043
40,3000,-338963,7.31686e+06,277798
40,3001,-1.27909e+07,-5.22509e+06,88785.2
40,3002,5.15355e+06,8.78937e+06,-778972
40,3003,1.18486e+07,-5.55229e+06,-109159
40,3004,1.06271e+07,-6.06185e+06,-1.00501e+06
40,3005,-9.61992e+06,-8.9821e+06,259635
40,3006,-3.51592e+06,-8.63591e+06,550162
40,3007,-7.6377e+06,-1.93057e+06,-629145
40,3008,-1.39259e+07,-887879,860461
40,3009,6.81303e+06,7.18695e+06,-910349
40,3010,66079.5,9.25126e+06,111627
40,3011,-7.06673e+06,-1.22657e+06,-155134
40,3012,-3.19018e+06,-1.11661e+07,311446
40,3013,9.4435e+06,1.14938e+07,-209035
40,3014,-9.13701e+06,4.95304e+06,340496
40,3015,-1.08224e+07,-1.43936e+06,-147674
40,3016,1.34952e+07,-6.36896e+06,-574076
40,3017,4.44184e+06,-6.47724e+06,782995
40,3018,-6.03689e+06,7.08034e+06,823645
40,3019,-3.80832e+06,1.21024e+07,205638
40,3020,5.70298e+06,-1.33715e+07,703570
40,3021,5.4178e+06,1.16728e+07,836700
40,3022,8.44924e+06,-3.65442e+06,-249170
40,3023,-1.6299e+06,1.37651e+07,40267.4
40,3024,-3.94503e+06,-6.77223e+06,527233
40,3025,-1.25242e+07,-2.07511e+06,-1.15795e+06
40,3026,-3.78147e+06,-1.39465e+07,711046
40,3027,34591.3,-1.33565e+07,-157282
40,3028,-8.91265e+06,-9.23839e+06,910265
40,3029,1.29058e+07,3.66391e+06,-324984
40,3030,5.64392e+06,4.59261e+06,147473
40,3031,1.00579e+07,9.72406e+06,-136839
40,3032,5.81486e+06,-1.30501e+07,56192.7
40,3033,-1.29745e+07,-2.0905e+06,-899930
40,3034,2.74908e+06,7.50693e+06,-238274
40,3035,4.63983e+06,-1.36774e+07,-194099
40,3036,-1.31675e+06,1.0856e+07,447077
40,3037,708028,1.33471e+07,-1.22806e+06
40,3038,-1.09833e+07,-4.80626e+06,-234652
40,3039,-1.1452e+07,-4.01703e+06,-605782
40,3040,-9.24342e+06,4.19911e+06,773339
40,3041,1.1612e+07,-8.9701e+06,643551
40,3042,-4.11009e+06,-1.08849e+07,1.02423e+06
40,3043,-8.71179e+06,-2.23383e+06,341059
40,3044,-410078,1.24254e+07,215636
40,3045,-1.32142e+07,1.85955e+06,783564
40,3046,9.25114e+06,-3.46547e+06,67013
40,3047,1.14658e+07,2.53235e+06,-775309
40,3048,-1.06783e+07,5.61272e+06,19693.1
40,3049,4.03349e+06,-6.31331e+06,426413
40,3050,-5.41214e+06,-6.50985e+06,539389
40,3051,-4.70768e+06,1.11694e+07,378496
40,3052,-3.85687e+06,7.76721e+06,-451003
40,3053,8.71993e+06,7.36259e+06,991291
40,3054,1.61412e+06,9.53249e+06,-6668.95
40,3055,-8.92871e+06,-2.26637e+06,-279068
40,3056,-1.08961e+06,7.98202e+06,-99127.8
40,3057,1.23714e+06,-7.13388e+06,176290
40,3058,-1.12479e+07,-3.59692e+06,213282
40,3059,1.4384e+07,990649,-1.3074e+06
40,3060,3.98244e+06,7.52602e+06,-543352
40,3061,-1.19754e+07,2.87581e+06,1.21504e+06
40,3062,-3.52655e+06,8.034e+06,851984
40,3063,-1.34482e+07,2.35741e+06,149072
40,3064,-1.36484e+07,1.4165e+06,-807598
40,3065,-1.31598e+07,-3.41136e+06,-944756
40,3066,-9.54122e+06,5.50095e+06,831432
40,3067,5.87088e+06,-5.44698e+06,19545.8
40,3068,5.15325e+06,8.83348e+06,410835
40,3069,-1.0354e+07,1.00009e+07,-744569
40,3070,3.48819e+06,-1.08351e+07,-1.13316e+06
40,3071,-9.75942e+06,-7.05622e+06,-438112
40,3072,-49147.9,1.05935e+07,614705
40,3073,-1.17691e+07,-2.69419e+06,-259509
40,3074,4.35613e+06,-8.25146e+06,-90645.8
40,3075,-1.0882e+07,-1.6811e+06,-113682
40,3076,6.37218e+06,6.38357e+06,-725443
40,3077,1.93e+06,1.28643e+07,-1.15886e+06
40,3078,7.39813e+06,1.11438e+07,334814
40,3079,6.61038e+06,7.10947e+06,-165996
40,3080,4.10802e+06,-5.81367e+06,19199.5
40,3081,376172,8.10424e+06,-84365.2
40,3082,-1.27041e+06,8.41552e+06,58499.3
40,3083,-1.12601e+07,7.71227e+06,592552
40,3084,2.72538e+06,1.3719e+07,860322
40,3085,-8.26625e+06,1.00292e+07,1.27632e+06
40,3086,-545261,9.07083e+06,495084
40,3087,-5.30227e+06,9.01154e+06,-672692
40,3088,3.18828e+06,-1.27283e+07,174669
40,3089,-6.27209e+06,1.32234e+07,-821477
40,3090,886694,-1.23693e+07,-682858
40,3091,3.08595e+06,-6.92178e+06,723877
40,3092,-2.33815e+06,1.18694e+07,1.20544e+06
40,3093,-1.40464e+07,-1.40211e+06,919652
40,3094,1.24655e+07,-5.17036e+06,921469
40,3095,-9.24429e+06,-7.88333e+06,-79303.1
40,3096,3.57816e+06,-1.14113e+07,1.12494e+06
40,3097,-9.49418e+06,-5.01589e+06,-118505
40,3098,-8.24675e+06,-9.1132e+06,-1.1887e+06
40,3099,9.44929e+06,6.15773e+06,-1.0713e+06
40,3100,-947481,1.32891e+07,-424670
40,3101,2.9433e+06,6.90077e+06,398586
40,3102,8.17722e+06,-7.27654e+06,-224932
40,3103,-5.48002e+06,7.31676e+06,389072
40,3104,9.56205e+06,-6.27604e+06,233696
40,3105,2.66871e+06,-1.05687e+07,978024
40,3106,-253171,9.84094e+06,228774
40,3107,1.09794e+07,-499734,-82715
40,3108,7.53675e+06,-778988,521085
40,3109,7.10893e+06,-4.51558e+06,-268316
40,3110,8.47431e+06,-5.34063e+06,60312.9
40,3111,-5.71308e+06,5.73389e+06,359552
40,3112,-6.91929e+06,-4.7401e+06,327541
40,3113,-3.11032e+06,-9.21121e+06,748267
40,3114,-8.14493e+06,7.03681e+06,-535989
40,3115,8.77486e+06,-7.92882e+06,-414812
40,3116,-8.60808e+06,5.41422e+06,123649
40,3117,4.11159e+06,-7.80304e+06,-360583
40,3118,-1.25763e+07,-1.2777e+06,217153
40,3119,-510277,-8.40517e+06,-524788
40,3120,-7.47433e+06,-2.56129e+06,330700
40,3121,6.56317e+06,3.38986e+06,447348
40,3122,174330,1.34676e+07,310408
40,3123,-6.88035e+06,-7.95514e+06,764460
40,3124,1.62678e+06,-7.46376e+06,-10642.1
40,3125,-6.31174e+06,-9.57959e+06,971767
40,3126,7.25016e+06,1.66329e+06,-478923
40,3127,-3.03333e+06,-1.45754e+07,341374
40,3128,5.54146e+06,-4.84687e+06,460722
40,3129,-6.71595e+06,1.02725e+07,-1.05665e+06
40,3130,-1.95984e+06,-1.14353e+07,-943401
40,3131,-2.95917e+06,1.16845e+07,637478
40,3132,7.61854e+06,8.36831e+06,60009.9
40,3133,4.06395e+06,9.29248e+06,693607
40,3134,-2.96621e+06,6.40092e+06,-689241
40,3135,-2.53557e+06,7.31014e+06,-691090
40,3136,9.92869e+06,6.30886e+06,474733
40,3137,6.79167e+06,2.97749e+06,-288637
40,3138,-8.7552e+06,-1.11186e+07,765231
40,3139,4.32671e+06,-6.83963e+06,-798217
40,3140,-6.29955e+06,-6.00317e+06,-217052
40,3141,1.44899e+07,3.01228e+06,1.48058e+06
40,3142,-1.10519e+07,-4.52566e+06,-1.05464e+06
40,3143,8.29267e+06,-3.9441e+06,-267647
40,3144,1.22779e+07,194594,-582207
40,3145,-3.59729e+06,-1.10098e+07,-777898
40,3146,-7.9535e+06,1.94289e+06,-186897
40,3147,1.13701e+07,5.5609e+06,1.19862e+06
40,3148,-5.53271e+06,-4.47164e+06,89033.2
40,3149,4.46537e+06,6.71484e+06,472271
40,3150,-3.11698e+06,1.37506e+07,-174923
40,3151,8.71209e+06,4.56179e+06,340680
40,3152,-4.78386e+06,1.26628e+07,1.33112e+06
40,3153,-3.74793e+06,-6.61911e+06,-78704.1
40,3154,-1.02521e+07,2.53369e+06,-509943
40,3155,-2.0321e+06,-1.2549e+07,-553515
40,3156,-5.77484e+06,1.23888e+07,615679
40,3157,3.63738e+06,7.0834e+06,-293292
40,3158,-6.98027e+06,-9.45006e+06,-243517
40,3159,-5.54727e+06,5.22045e+06,287503
40,3160,6.38437e+06,1.05229e+07,-1.21537e+06
40,3161,1.00442e+07,8.21926e+06,-1.08646e+06
40,3162,-6.52221e+06,2.60116e+06,4579.24
40,3163,-3.67557e+06,1.15184e+07,509039
40,3164,4.35977e+06,-7.12602e+06,119982
40,3165,2.67529e+06,1.1317e+07,-992720
40,3166,-7.81779e+06,-7.28035e+06,-866863
40,3167,1.4518e+07,-1.57984e+06,132757
40,3168,6.04027e+06,1.32204e+07,-1.3836e+06
40,3169,-6.04975e+06,-4.06281e+06,-639986
40,3170,9.0377e+06,1.15392e+07,-572674
40,3171,2.42847e+06,1.33431e+07,-697706
40,3172,-2.2089e+06,1.19162e+07,-685460
40,3173,-8.99069e+06,256158,840503
40,3174,-3.16152e+06,1.32818e+07,-373113
40,3175,1.06297e+07,-1.1633e+06,-701451
40,3176,-1.00666e+06,-9.76582e+06,913261
40,3177,883375,8.1856e+06,-451861
40,3178,-5.49337e+06,-4.59759e+06,244437
40,3179,1.05083e+07,5.31609e+06,-1.0169e+06
40,3180,-2.43919e+06,8.31873e+06,497096
40,3181,7.8754e+06,2.53516e+06,-175339
40,3182,-9.8969e+06,2.88618e+06,674776
40,3183,-1.93749e+06,-7.53499e+06,-252069
40,3184,8.7361e+06,-3.65002e+06,-476512
40,3185,-2.14042e+06,1.19501e+07,17342.5
40,3186,9.91425e+06,-8.80528e+06,899467
40,3187,-153083,1.16504e+07,375771
40,3188,1.26322e+07,1.0803e+06,-154124
40,3189,-1.37196e+07,677622,-518382
40,3190,7.59456e+06,1.17019e+07,-819880
40,3191,-7.67775e+06,9.84858e+06,532248
40,3192,-402135,8.23248e+06,-566556
40,3193,-1.22276e+07,8.00625e+06,-475942
40,3194,3.80053e+06,6.01242e+06,-112095
40,3195,-7.50473e+06,-805711,-67856.4
40,3196,-6.86114e+06,-1.12025e+07,-141999
40,3197,-999633,-8.73277e+06,365444
40,3198,7.18891e+06,-3.93485e+06,-715346
40,3199,2.56486e+06,6.95787e+06,608139
40,3200,2.86886e+06,-1.07679e+07,-607010
40,3201,-7.04699e+06,8.31353e+06,715402
40,3202,-28320.1,7.16364e+06,-498120
40,3203,-1.36264e+07,2.59357e+06,-265712
40,3204,1.04471e+07,-1.60686e+06,741466
40,3205,-3.3981e+06,1.21567e+07,-846406
40,3206,-1.28117e+07,6.48041e+06,-635643
40,3207,9.48277e+06,-5.09468e+06,-243113
40,3208,3.98418e+06,-1.07878e+07,-167570
40,3209,8.83148e+06,-28897.6,808301
40,3210,-4.98182e+06,-1.28011e+07,-563802
40,3211,-2.49679e+06,1.40615e+07,860139
40,3212,-1.12924e+07,-8.80551e+06,868904
40,3213,4.44821e+06,1.25618e+07,447660
40,3214,-7.70075e+06,-674503,-522617
40,3215,5.34053e+06,-8.78614e+06,1.00468e+06
40,3216,-9.29557e+06,-2.16225e+06,21556.8
40,3217,-1.45186e+07,1.74962e+06,582578
40,3218,-1.01807e+07,1.00818e+07,1.15467e+06
40,3219,1.30763e+07,-5.84845e+06,-658040
40,3220,7.18423e+06,-7.23906e+06,-287264
40,3221,8.50449e+06,8.11598e+06,-1.04579e+06
40,3222,-8.92981e+06,-5.12034e+06,-220870
40,3223,-1.15366e+07,-1.33788e+06,431465
40,3224,-1.09448e+07,5.37847e+06,-182916
40,3225,-8.06812e+06,-960743,141594
40,3226,-5.16641e+06,9.48566e+06,479008
40,3227,6.64289e+06,-3.61454e+06,-726705
40,3228,-1.43359e+07,3.2359e+06,-256690
40,3229,9.00309e+06,843044,-407382
40,3230,-3.97558e+06,-6.79224e+06,-284711
40,3231,3.28372e+06,1.2677e+07,1.05034e+06
40,3232,8.24714e+06,7.55087e+06,-221720
40,3233,2.42475e+06,8.30756e+06,11019.3
40,3234,1.06364e+07,-6.32552e+06,5350.12
40,3235,1.3786e+07,-5.06661e+06,1.07417e+06
40,3236,6.75947e+06,8.65578e+06,-620118
40,3237,-1.08207e+07,5.52823e+06,-859616
40,3238,1.07253e+07,1.42954e+06,506394
40,3239,-4.99723e+06,-5.69388e+06,444124
40,3240,-7.9548e+06,-1.2261e+06,449407
40,3241,4.49018e+06,7.89245e+06,-296320
40,3242,-1.00416e+07,-5.41057e+06,-843426
40,3243,-1.46773e+06,1.05339e+07,728468
40,3244,5.25227e+06,-7.9253e+06,-135794
40,3245,-1.27669e+07,-1.0372e+06,312454
40,3246,1.41463e+06,-1.00628e+07,-152005
40,3247,-1.054e+07,-1.42785e+06,706719
40,3248,-7.3469e+06,9.82477e+06,417981
40,3249,1.10879e+07,-4.87225e+06,828124
40,3250,-6.8085e+06,1.00759e+07,680547
40,3251,1.15571e+07,-831355,-585498
40,3252,6.77892e+06,3.51145e+06,213704
40,3253,1.44941e+07,390813,655079
40,3254,-1.12679e+06,-1.21995e+07,-354333
40,3255,1.2952e+07,3.96837e+06,692540
40,3256,-9.05658e+06,1.05375e+06,588897
40,3257,3.37912e+06,8.51926e+06,332346
40,3258,-1.11832e+07,-1.25972e+06,-547762
40,3259,-6.29034e+06,3.61822e+06,-571698
40,3260,1.37136e+07,3.86047e+06,-194738
40,3261,5.94325e+06,4.43291e+06,235465
40,3262,1.18055e+07,2.72725e+06,-1.2127e+06
40,3263,917245,-7.57426e+06,128972
40,3264,-7.2945e+06,242946,309420
40,3265,1.28495e+07,-5.41366e+06,-481343
40,3266,375310,8.06574e+06,446158
40,3267,-1.4476e+07,2.88513e+06,-574856
40,3268,-3.75602e+06,9.72083e+06,-507792
40,3269,1.16532e+07,1.3959e+06,-564721
40,3270,1.19518e+07,2.67917e+06,-1.02321e+06
40,3271,6.8987e+06,-6.28765e+06,494757
40,3272,-7.15993e+06,-382523,-323030
40,3273,-1.93022e+06,-1.20029e+07,883663
40,3274,1.07529e+07,-125951,1.03523e+06
40,3275,-1.24274e+07,-6.56415e+06,-286698
40,3276,9.8508e+06,1.01259e+06,-497016
40,3277,-9.96596e+06,-7.88229e+06,1.06052e+06
40,3278,3.8895e+06,6.28123e+06,427507
40,3279,7.04875e+06,6.83661e+06,977859
40,3280,-1.1268e+07,7.00938e+06,859256
40,3281,3.31107e+06,-1.19707e+07,783886
40,3282,-5.26092e+06,-5.54103e+06,-755590
40,3283,6.21671e+06,-3.91676e+06,40472.1
40,3284,6.96766e+06,-1.07794e+07,1.15705e+06
40,3285,-1.3892e+07,1.24171e+06,-457664
40,3286,-6.83366e+06,4.59191e+06,-219756
40,3287,-5.57425e+06,-9.97198e+06,1.096e+06
40,3288,-7.75624e+06,-1.02077e+07,-422915
40,3289,-2.01709e+06,6.98012e+06,390128
40,3290,-1.76207e+06,-8.45962e+06,137819
40,3291,-892866,8.32724e+06,-6187.9
40,3292,2.09483e+06,-1.01212e+07,484756
40,3293,5.30158e+06,-1.03128e+07,145316
40,3294,2.79708e+06,1.44331e+07,629938
40,3295,-2.05343e+06,9.72488e+06,-635996
40,3296,2.21684e+06,1.1182e+07,-683841
40,3297,4.96184e+06,-1.40558e+07,740692
40,3298,1.3139e+07,-2.37034e+06,195651
40,3299,5.87939e+06,-6.48273e+06,424985
40,3300,-1.02101e+07,1.45292e+06,-183013
40,3301,-8.14973e+06,1.18447e+07,1.33644e+06
40,3302,-9.58197e+06,-1.05885e+07,227970
40,3303,9.83416e+06,1.39923e+06,-740897
40,3304,-1.2833e+07,2.08917e+06,-911911
40,3305,8.70717e+06,-2.67418e+06,-241996
40,3306,-5.00356e+06,1.33544e+07,123261
40,3307,-7.0454e+06,-1.28315e+06,196007
40,3308,-7.66734e+06,-4.46109e+06,261046
40,3309,2.28996e+06,-1.22745e+07,-471276
40,3310,1.14541e+07,-1.08913e+06,917927
40,3311,-1.11575e+07,9.41233e+06,838506
40,3312,1.0238e+07,6.13244e+06,774218
40,3313,3.68233e+06,1.18124e+07,-1.04225e+06
40,3314,1.19003e+07,6.68718e+06,-1.11799e+06
40,3315,6.68473e+06,7.94582e+06,860795
40,3316,-9.61897e+06,-4.73887e+06,920112
40,3317,-6.99208e+06,8.7779e+06,667583
40,3318,-4.62046e+06,9.46479e+06,470405
40,3319,3.67507e+06,-1.2836e+07,1.27927e+06
40,3320,1.87885e+06,-1.31256e+07,949493
40,3321,-4.77059e+06,5.11411e+06,332273
40,3322,4.96643e+06,1.06915e+07,-462891
40,3323,-8.69598e+06,-4.23668e+06,642224
40,3324,223627,-1.44242e+07,990923
40,3325,-8.43686e+06,6.67546e+06,-230829
40,3326,8.30547e+06,8.55974e+06,189602
40,3327,-1.14629e+07,4.37817e+06,1.11498e+06
40,3328,1.98959e+06,1.16977e+07,-49313
40,3329,-5.72304e+06,1.09546e+07,-1.04135e+06
40,3330,1.1122e+07,-3.52595e+06,-34827.3
40,3331,7.42286e+06,-1.21213e+07,-1.00385e+06
40,3332,-1.17127e+07,4.77762e+06,-632279
40,3333,-343434,-1.24652e+07,-799291
40,3334,319121,-1.42583e+07,1.23911e+06
40,3335,8.94435e+06,-3.2991e+06,-250655
40,3336,903139,-7.37064e+06,302160
40,3337,-1.17209e+07,506348,-1.1007e+06
40,3338,-1.05111e+07,5.78108e+06,144433
40,3339,1.02466e+07,-1.95986e+06,217188
40,3340,1.20531e+07,-4.84864e+06,237998
40,3341,6.85473e+06,1.81466e+06,286838
40,3342,-7.96136e+06,-4.64319e+06,-549203
40,3343,-9.10494e+06,-536085,869750
40,3344,1.1027e+07,-4.42024e+06,1.09434e+06
40,3345,-3.50145e+06,7.91223e+06,467428
40,3346,-1.37372e+07,-1.88853e+06,1.37214e+06
40,3347,-2.46427e+06,6.6486e+06,174529
40,3348,7.82307e+06,7.37398e+06,-284264
40,3349,-4.23927e+06,-5.79685e+06,564754
40,3350,-4.18106e+06,-1.34435e+07,-96372.2
40,3351,7.04556e+06,8.56528e+06,-352679
40,3352,3.91627e+06,-7.51333e+06,704050
40,3353,-1.32696e+06,-1.11847e+07,-854130
40,3354,-3.24096e+06,-1.14167e+07,-112089
40,3355,6.59965e+06,-6.02429e+06,434252
40,3356,6.0847e+06,-1.27535e+07,1.39016e+06
40,3357,7.14739e+06,4.66115e+06,-278118
40,3358,-7.89772e+06,-1.44777e+06,213539
40,3359,-911863,1.15516e+07,949367
40,3360,-4.38316e+06,5.66497e+06,313629
40,3361,-1.14119e+07,6.3799e+06,-1.26696e+06
40,3362,1.08906e+07,4.81551e+06,-935642
40,3363,-4.88217e+06,1.11766e+07,-370744
40,3364,1.07797e+07,-1.2095e+06,1.01243e+06
40,3365,-1.25677e+06,1.02453e+07,-407621
40,3366,-8.90277e+06,-2.10506e+06,195460
40,3367,-9.25529e+06,5.74265e+06,-629481
40,3368,-6.08956e+06,8.99172e+06,90321.6
40,3369,-8.1251e+06,-9.36873e+06,-93018.8
40,3370,-2.71163e+06,1.10694e+07,-1.08746e+06
40,3371,-429760,1.19857e+07,405340
40,3372,1.12732e+07,-6.31548e+06,1.18709e+06
40,3373,7.07861e+06,-120635,259012
40,3374,1.20366e+07,1.38997e+06,876743
40,3375,4.48007e+06,-6.77922e+06,-789272
40,3376,-1.12324e+07,4.62152e+06,-727630
40,3377,-7.39241e+06,2.60617e+06,-591242
40,3378,-7.49697e+06,-7.86866e+06,712456
40,3379,1.12979e+07,5.15899e+06,-478492
40,3380,8.1208e+06,-4.4887e+06,683462
40,3381,8.83916e+06,4.52562e+06,784083
40,3382,8.77846e+06,-1.09982e+07,972625
40,3383,4.54956e+06,9.84125e+06,-48802.4
40,3384,-1.09475e+07,445705,84942.6
40,3385,-6.2445e+06,6.56507e+06,-119215
40,3386,-7.79459e+06,1.94503e+06,499158
40,3387,-1.16901e+07,6.99761e+06,51243.9
40,3388,-3.04985e+06,-6.59718e+06,-138561
40,3389,7.58447e+06,-7.3529e+06,-80611.7
40,3390,707135,7.13465e+06,-34926.6
40,3391,6.83779e+06,-7.82931e+06,87578.8
40,3392,-1.23267e+07,2.17008e+06,-151038
40,3393,-9.08835e+06,5.39702e+06,81544.2
40,3394,7.14071e+06,-5.47593e+06,-300374
40,3395,6.52164e+06,4.87389e+06,-794328
40,3396,3.71262e+06,9.64564e+06,-991527
40,3397,-4.51403e+06,-1.01647e+07,-923342
40,3398,-175430,-1.06356e+07,1.03649e+06
40,3399,166613,1.23249e+07,534087
40,3400,2.56214e+06,1.14718e+07,826613
40,3401,1.01703e+07,-2.21604e+06,464204
40,3402,-1.41545e+06,-1.20738e+07,-53242.9
40,3403,6.75008e+06,-8.72926e+06,399372
40,3404,1.10578e+07,-8.77051e+06,1.34893e+06
40,3405,-1.2567e+07,-412355,-840248
40,3406,-3.48422e+06,1.21411e+07,-548580
40,3407,6.47634e+06,-6.07887e+06,654546
40,3408,-1.19052e+07,1.80148e+06,414559
40,3409,-1.03494e+07,5.78092e+06,-285380
40,3410,-8.38164e+06,-5.55989e+06,297042
40,3411,1.04195e+07,-1.82038e+06,-882146
40,3412,-8.62421e+06,4.50703e+06,-942753
40,3413,-1.7288e+06,9.76792e+06,11971.5
40,3414,-1.18442e+06,-9.6187e+06,19244.8
40,3415,291738,-8.00714e+06,-643193
40,3416,1.25419e+07,-5.52218e+06,-486776
40,3417,4.04021e+06,-1.37776e+07,1.21581e+06
40,3418,874889,1.22607e+07,971728
40,3419,1.67252e+06,8.2985e+06,-387664
40,3420,-9.35853e+06,-1.12135e+06,402471
40,3421,1.20761e+07,7.75227e+06,1.30752e+06
40,3422,1.34727e+07,4.98397e+06,-401357
40,3423,-1.0159e+07,-8.86664e+06,753350
40,3424,-1.26987e+07,28487,-1.16828e+06
40,3425,1.10582e+07,3.73438e+06,242117
40,3426,-1.13648e+07,-6.98008e+06,1.32997e+06
40,3427,172459,-1.06397e+07,355899
40,3428,-3.2058e+06,-1.45488e+07,-1.00245e+06
40,3429,-7.0186e+06,-1.27879e+07,-1.28882e+06
40,3430,9.25428e+06,-8.04021e+06,188874
40,3431,4.46443e+06,-8.74264e+06,555054
40,3432,6.20944e+06,9.4882e+06,-565073
40,3433,4.66367e+06,-1.20225e+07,-569571
40,3434,8.65164e+06,4.8838e+06,424258
40,3435,6.60191e+06,2.30991e+06,-694960
40,3436,-1.06664e+07,5.82371e+06,-492246
40,3437,4.82539e+06,1.34593e+07,-316382
40,3438,-1.31186e+07,6.22751e+06,158838
40,3439,2.19341e+06,-7.32038e+06,-117975
40,3440,-543230,1.33915e+07,-207784
40,3441,1.30978e+07,-1.9417e+06,-1.16905e+06
40,3442,-4.43796e+06,1.27486e+07,136983
40,3443,-6.87029e+06,-6.29308e+06,-272384
40,3444,9.30656e+06,2.5323e+06,-681889
40,3445,1.4314e+07,61258.7,803833
40,3446,-7.74508e+06,5.11912e+06,444862
40,3447,-1.42013e+07,3.85854e+06,971164
40,3448,1.05001e+07,-1.03997e+07,-807185
40,3449,-7.06415e+06,43488.8,44266.8
40,3450,-2.12977e+06,8.33007e+06,456146
40,3451,-4.64503e+06,9.70531e+06,263864
40,3452,1.71441e+06,-1.20722e+07,-838336
40,3453,-1.03138e+07,-7.71758e+06,-1.14264e+06
40,3454,-9.95384e+06,8.68781e+06,-448309
40,3455,-6.21612e+06,8.56026e+06,-342182
40,3456,9.34969e+06,9.60623e+06,1.26525e+06
40,3457,4.44514e+06,1.05068e+07,-842790
40,3458,-7.65831e+06,-8.82591e+06,-1.04718e+06
40,3459,2.77143e+06,-8.4658e+06,-804176
40,3460,-7.36468e+06,-1.17173e+07,-181498
40,3461,9.64459e+06,1.43594e+06,634895
40,3462,-3.24028e+06,7.4685e+06,112459
40,3463,-8.95019e+06,-112514,554228
40,3464,1.02672e+07,-3.14623e+06,747322
40,3465,-7.96829e+06,5.46672e+06,-148139
40,3466,-2.96912e+06,1.15821e+07,1.12522e+06
40,3467,-9.71078e+06,6.81676e+06,344123
40,3468,4.43162e+06,-9.14521e+06,137850
40,3469,2.97595e+06,6.68383e+06,534584
40,3470,1.09796e+07,-3.28773e+06,-982293
40,3471,2.99946e+06,8.86811e+06,100769
40,3472,5.31693e+06,8.53816e+06,287153
40,3473,-1.98797e+06,1.1114e+07,-45667.4
40,3474,3.3741e+06,1.25077e+07,-536799
40,3475,61443.8,-9.74529e+06,677028
40,3476,-3.12872e+06,9.47779e+06,778717
40,3477,-6.97397e+06,-1.31932e+07,1.46695e+06
40,3478,-1.04098e+06,-1.22325e+07,-273384
40,3479,6.24374e+06,8.3697e+06,674773
40,3480,-1.01595e+07,-1.02636e+07,-451689
40,3481,-1.06531e+06,8.15311e+06,-402302
40,3482,1.12376e+07,-3.79073e+06,-1.07418e+06
40,3483,-5.4724e+06,-4.36788e+06,-302287
40,3484,-6.73893e+06,1.23079e+07,-590358
40,3485,5.40181e+06,7.39147e+06,149230
40,3486,-7.55207e+06,3.55172e+06,-65105.9
40,3487,7.08541e+06,1.05848e+06,28934.7
40,3488,1.18029e+07,-4.24324e+06,-805897
40,3489,7.31097e+06,2.7909e+06,-100038
40,3490,6.65077e+06,-9.961e+06,437626
40,3491,-8.45165e+06,1.78387e+06,710130
40,3492,-9.5718e+06,-187611,880163
40,3493,45492.9,-1.28618e+07,-637514
40,3494,8.83651e+06,5.32183e+06,219736
40,3495,4.26435e+06,-6.54842e+06,491921
40,3496,6.89658e+06,8.84794e+06,-1.06739e+06
40,3497,-1.06698e+07,-8.04328e+06,563936
40,3498,-9.38269e+06,-826689,465822
40,3499,-8.43631e+06,-6.55341e+06,619536
40,3500,7.86845e+06,3.76237e+06,55483.7
40,3501,1.07443e+06,-7.41249e+06,328326
40,3502,-8.78537e+06,-1.09018e+07,-1.21483e+06
40,3503,3.45912e+06,-8.31449e+06,-600130
40,3504,2.60365e+06,-1.23083e+07,-427553
40,3505,-8.83295e+06,-3.63981e+06,691248
40,3506,8.29325e+06,-2.91197e+06,174180
40,3507,1.24816e+07,8.1291e+06,-1.11446e+06
40,3508,9.15179e+06,-1.00768e+07,-148473
40,3509,8.69178e+06,-9.20427e+06,-1.1598e+06
40,3510,7.20524e+06,-9.07719e+06,-236044
40,3511,2.92125e+06,-8.94938e+06,-309171
40,3512,6.86998e+06,-1.46463e+06,129311
40,3513,6.3511e+06,-1.19187e+07,-1.17393e+06
40,3514,-3.39332e+06,7.64213e+06,-299806
40,3515,-8.61276e+06,-8.73966e+06,-13274.6
40,3516,-6.59254e+06,5.6615e+06,75728.6
40,3517,7.30244e+06,7.87424e+06,321132
40,3518,-5.66649e+06,5.03141e+06,318258
40,3519,-6.33957e+06,-3.3203e+06,-236718
40,3520,2.28821e+06,6.66134e+06,622172
40,3521,1.1169e+07,50337.8,55423.4
40,3522,-8.97401e+06,6.93824e+06,-431065
40,3523,-5.21608e+06,7.34927e+06,-72334.2
40,3524,1.06319e+06,8.46061e+06,-389675
40,3525,-5.85149e+06,-8.79932e+06,753763
40,3526,3.51225e+06,8.60526e+06,-225159
40,3527,1.41039e+07,1.09293e+06,503384
40,3528,5.51988e+06,9.29495e+06,-387029
40,3529,6.5205e+06,-5.90905e+06,-31886
40,3530,-9.42859e+06,-6.58478e+06,321141
40,3531,1.0859e+07,1.4734e+06,-362279
40,3532,-3.32929e+06,-7.75328e+06,-749643
40,3533,2.57239e+06,1.11718e+07,1.03167e+06
40,3534,-4.62537e+06,8.46897e+06,818765
40,3535,1.0069e+07,-2.13148e+06,-982125
40,3536,-4.50322e+06,-8.27619e+06,737741
40,3537,8.31136e+06,-3.58038e+06,170298
40,3538,-1.08228e+07,7.87721e+06,-771290
40,3539,1.31341e+07,-5.63006e+06,-6929.41
40,3540,5.23801e+06,4.72071e+06,102898
40,3541,-5.90857e+06,4.08784e+06,-282441
40,3542,1.18669e+07,4.56544e+06,-28651.3
40,3543,-8.44972e+06,-7.99247e+06,-220599
40,3544,-3.62926e+06,-8.68442e+06,655076
40,3545,1.15071e+07,-4.97652e+06,545024
40,3546,6.27165e+06,1.15186e+07,-211039
40,3547,-677936,1.08592e+07,62089.2
40,3548,-3.31982e+06,-8.71539e+06,-55397.3
40,3549,1.06345e+07,-844960,-229453
40,3550,-4.3579e+06,8.85319e+06,780400
40,3551,-8.71188e+06,-6.63618e+06,-699877
40,3552,-1.98531e+06,1.114e+07,522207
40,3553,-2.77611e+06,-1.33604e+07,628735
40,3554,-2.37741e+06,-1.08409e+07,-171584
40,3555,-924359,1.21316e+07,-1.04933e+06
40,3556,-1.00577e+07,2.20049e+06,-501832
40,3557,1.13554e+07,5.91157e+06,-710492
40,3558,-1.20636e+07,4.78423e+06,533037
40,3559,1.10599e+07,-3.28593e+06,225648
40,3560,-4.51787e+06,5.47843e+06,-507315
40,3561,1.12952e+07,8.92141e+06,-323276
40,3562,5.2501e+06,-7.06538e+06,-337016
40,3563,1.44053e+07,3.78368e+06,-1.10922e+06
40,3564,3.54003e+06,-8.02602e+06,665016
40,3565,7.34e+06,1.82182e+06,369912
40,3566,5.16861e+06,6.14571e+06,-768946
40,3567,-931767,7.31154e+06,-642328
40,3568,5.16578e+06,-8.49824e+06,-345474
40,3569,1.05203e+07,7.31981e+06,408591
40,3570,250306,-9.50557e+06,-692720
40,3571,443774,1.417e+07,-416484
40,3572,-1.27545e+07,-7.09744e+06,-391898
40,3573,-7.12258e+06,1.26863e+07,-1.1813e+06
40,3574,-1.8814e+06,1.48189e+07,1.05104e+06
40,3575,-690747,-8.29564e+06,40681.7
40,3576,-1.39028e+07,-5.01696e+06,-1.40818e+06
40,3577,7.03009e+06,9.48969e+06,705850
40,3578,-1.37659e+07,1.33405e+06,784152
40,3579,-8.1583e+06,119577,-172985
40,3580,1.1347e+07,3.50318e+06,599205
40,3581,-3.96263e+06,-6.48267e+06,-733451
40,3582,6.02424e+06,1.22544e+07,42318.4
40,3583,-1.28579e+06,-8.99481e+06,-324643
40,3584,-3.0008e+06,1.24233e+07,645798
40,3585,-1.8014e+06,7.01748e+06,-1978.3
40,3586,2.58844e+06,6.86086e+06,638351
40,3587,-739964,-1.4778e+07,-733841
40,3588,-5.29806e+06,-7.34661e+06,-693776
40,3589,2.07542e+06,1.43646e+07,1.45501e+06
40,3590,1.70936e+06,-1.07769e+07,-1.08972e+06
40,3591,-1.98361e+06,1.39619e+07,473772
40,3592,6.71606e+06,1.16532e+07,-154635
40,3593,-4.39412e+06,1.00304e+07,-39947.2
40,3594,-6.31329e+06,7.14551e+06,322913
40,3595,1.10241e+06,1.19721e+07,957600
40,3596,-1.38642e+07,-1.012e+06,-185566
40,3597,-2.40494e+06,-9.71581e+06,343662
40,3598,-3.8061e+06,-7.66624e+06,-423912
40,3599,-1.94922e+06,-6.87464e+06,206796
40,3600,-1.00682e+07,-1.89772e+06,918457
40,3601,-6.20812e+06,-9.93714e+06,-1.02431e+06
40,3602,-2.88844e+06,7.81085e+06,65552
40,3603,-5.91857e+06,1.18069e+07,-379410
40,3604,-532822,8.99714e+06,810924
40,3605,6.53193e+06,1.01519e+07,536839
40,3606,-6.18549e+06,-1.11401e+07,-932398
40,3607,7.86284e+06,6.56536e+06,649324
40,3608,-1.221e+07,-787230,-384210
40,3609,6.44112e+06,5.44909e+06,793675
40,3610,7.85525e+06,3.40307e+06,792272
40,3611,3.5096e+06,-1.07878e+07,-1.03778e+06
40,3612,-9.3838e+06,6.67996e+06,627010
40,3613,-6.11679e+06,3.97426e+06,436464
40,3614,-1.05208e+07,-3.67864e+06,-899682
40,3615,-3.30515e+06,-7.34441e+06,281894
40,3616,-3.30536e+06,-1.44599e+07,-20041.6
40,3617,1.08424e+07,8.63044e+06,-140518
40,3618,7.18168e+06,5.88366e+06,489523
40,3619,-1.02986e+07,-4.09986e+06,-196713
40,3620,7.79419e+06,7.29629e+06,369273
40,3621,4.48241e+06,-9.42918e+06,-634770
40,3622,-5.02708e+06,-7.00221e+06,597145
40,3623,-1.30032e+06,-1.06449e+07,1.07425e+06
40,3624,-318437,-1.49016e+07,714684
40,3625,4.73405e+06,-7.63014e+06,-170367
40,3626,1.27072e+07,7.37991e+06,-188553
40,3627,-9.59153e+06,6.21234e+06,-662070
40,3628,674983,-1.17196e+07,340078
40,3629,-748820,-8.83353e+06,-431163
40,3630,-2.7882e+06,-7.90469e+06,575225
40,3631,-1.05822e+07,-2.3681e+06,-427909
40,3632,7.18554e+06,8.21155e+06,997272
40,3633,-6.41032e+06,-1.17701e+07,102368
40,3634,-1.3325e+07,214854,-533348
40,3635,-4.72106e+06,-6.76885e+06,710103
40,3636,3.24236e+06,7.56259e+06,-109203
40,3637,-3.8761e+06,1.28678e+07,-661874
40,3638,-1.15617e+07,-2.87401e+06,-1.05037e+06
40,3639,-4.52997e+06,-6.16689e+06,-53334.9
40,3640,-6.18758e+06,-1.3331e+07,-1.44457e+06
40,3641,-9.4143e+06,5.32247e+06,-852188
40,3642,5.06934e+06,-1.34405e+07,-776117
40,3643,8.79977e+06,2.07226e+06,-367590
40,3644,-1.03293e+07,5.33496e+06,1.09406e+06
40,3645,-6.06907e+06,-4.28566e+06,532905
40,3646,1.08223e+07,450055,-557522
40,3647,9.39289e+06,-1.76758e+06,788609
40,3648,6.87394e+06,-1.28658e+07,-432883
40,3649,1.41697e+07,-1.41958e+06,-427095
40,3650,-8.59291e+06,-2.89285e+06,-567791
40,3651,6.91524e+06,-2.12676e+06,616986
40,3652,-7.08152e+06,4.29689e+06,548887
40,3653,-9.82945e+06,7.34973e+06,599731
40,3654,1.27699e+07,-6.14684e+06,-343422
40,3655,7.28109e+06,-4.10959e+06,-682434
40,3656,7.93117e+06,1.0009e+07,-282516
40,3657,5.34669e+06,8.75181e+06,868789
40,3658,5.68524e+06,-4.08537e+06,537962
40,3659,-2.44303e+06,-9.2055e+06,-471059
40,3660,-1.20219e+07,-5.10212e+06,-522003
40,3661,-3.51045e+06,-9.54317e+06,827426
40,3662,-7.11203e+06,-3.74158e+06,-395881
40,3663,1.20203e+07,5.92543e+06,506627
40,3664,-6.72565e+06,-5.00031e+06,563200
40,3665,467701,-1.30322e+07,46535.9
40,3666,-1.18585e+07,-7.58506e+06,1.17806e+06
40,3667,-1.13351e+07,-667951,-631026
40,3668,6.99885e+06,8.90644e+06,838858
40,3669,1.23632e+07,-262103,-1.01089e+06
40,3670,6.58293e+06,-6.02448e+06,-186880
40,3671,7.06362e+06,-8.07754e+06,46822
40,3672,6.79811e+06,-5.11981e+06,-800085
40,3673,1.33788e+07,4.62436e+06,469650
40,3674,-1.76078e+06,-7.3323e+06,-704336
40,3675,-1.34272e+07,2.69184e+06,-1.11579e+06
40,3676,-1.26152e+07,619575,-781557
40,3677,-6.32454e+06,3.22897e+06,-589301
40,3678,-1.13384e+06,7.66748e+06,202133
40,3679,1.00502e+07,4.92043e+06,1.05118e+06
40,3680,-1.03191e+06,1.40193e+07,-1.06367e+06
40,3681,-1.41484e+07,3.30346e+06,-548908
40,3682,1.79695e+06,-1.07498e+07,-723724
40,3683,180135,-1.31384e+07,103391
40,3684,9.23118e+06,1.04245e+07,265894
40,3685,-9.46072e+06,4.7403e+06,-523952
40,3686,7.58679e+06,6.46236e+06,-495354
40,3687,-1.40835e+06,-9.0293e+06,-827000
40,3688,1.94302e+06,1.20108e+07,-1.01968e+06
40,3689,1.23815e+06,9.32418e+06,97847.8
40,3690,9.64544e+06,-1.82614e+06,912408
40,3691,3.17601e+06,-1.0008e+07,-1.02507e+06
40,3692,-235829,-1.13619e+07,-643891
40,3693,3.922e+06,6.37991e+06,-87034.6
40,3694,-8.26276e+06,7.33721e+06,-132634
40,3695,1.55423e+06,-1.06153e+07,-848563
40,3696,-4.7311e+06,-1.22548e+07,635307
40,3697,-1.26755e+07,2.1371e+06,-742661
40,3698,1.09611e+07,-2.71067e+06,199889
40,3699,6.44467e+06,2.86842e+06,696949
40,3700,7.16732e+06,2.44365e+06,-222486
40,3701,-6.36276e+06,1.33095e+07,-265882
40,3702,1.18588e+07,2.04877e+06,959219
40,3703,-1.09336e+07,2.06318e+06,803933
40,3704,-1.30342e+07,6.56308e+06,-957299
40,3705,-1.11866e+07,7.51137e+06,1.17656e+06
40,3706,1.07731e+07,9.76251e+06,1.33107e+06
40,3707,-5.79963e+06,-8.02736e+06,-923848
40,3708,-8.71119e+06,-1.10939e+07,405039
40,3709,-1.41826e+07,-961893,-254402
40,3710,-441278,-1.38659e+07,1.24893e+06
40,3711,-1.08725e+07,9.62421e+06,-153943
40,3712,-4.58274e+06,-7.79772e+06,-244983
40,3713,9.41317e+06,9.32463e+06,-1.01837e+06
40,3714,7.30591e+06,4.59967e+06,207185
40,3715,4.11918e+06,7.02131e+06,-792885
40,3716,5.25297e+06,-1.21386e+07,-895287
40,3717,-1.18811e+07,5.02171e+06,-672283
40,3718,4.97904e+06,1.08692e+07,614647
40,3719,7.18347e+06,-1.57485e+06,-630706
40,3720,9.59791e+06,-6.47942e+06,-1.13382e+06
40,3721,-6.65637e+06,8.74081e+06,176489
40,3722,7.96599e+06,3.74167e+06,221605
40,3723,-7.23055e+06,-7.36012e+06,-597792
40,3724,-8.88577e+06,-3.91087e+06,180749
40,3725,-2.12502e+06,9.73925e+06,-451324
40,3726,-4.07373e+06,7.32612e+06,-504213
40,3727,-1.08476e+07,-5.28668e+06,-283364
40,3728,483299,9.59432e+06,68101.4
40,3729,-5.43529e+06,-1.32637e+07,701173
40,3730,-8.29676e+06,1.08049e+07,-1.19386e+06
40,3731,4.28266e+06,1.11877e+07,165398
40,3732,2.92975e+06,-1.25691e+07,-511681
40,3733,-7.85735e+06,-7.80767e+06,708561
40,3734,1.30058e+07,-757637,-1.28568e+06
40,3735,-649818,1.04495e+07,-797224
40,3736,1.4263e+07,33886.6,-912269
40,3737,-1.44106e+06,7.14744e+06,488623
40,3738,8.62761e+06,3.50878e+06,-835489
40,3739,9.57191e+06,-4.09205e+06,-445850
40,3740,8.19876e+06,6.42658e+06,-13386.9
40,3741,-1.89301e+06,1.24186e+07,-510940
40,3742,1.36855e+07,1.11374e+06,374813
40,3743,-3.28111e+06,9.60094e+06,319797
40,3744,-1.263e+07,-5.09065e+06,-1.28063e+06
40,3745,-1.04547e+07,2.23458e+06,93625.5
40,3746,1.22464e+07,1.72829e+06,4977.44
40,3747,-6.67373e+06,9.60982e+06,394037
40,3748,-3.85928e+06,7.89502e+06,815249
40,3749,-5.78786e+06,7.88702e+06,187162
40,3750,1.47037e+07,-1.35484e+06,235241
40,3751,5.86179e+06,-3.84108e+06,98358.6
40,3752,4.9645e+06,-8.59537e+06,-198812
40,3753,3.41157e+06,-6.42232e+06,66643.6
40,3754,-317103,9.69835e+06,181988
40,3755,-4.12296e+06,7.61702e+06,236442
40,3756,-1.36885e+07,-3.09287e+06,727799
40,3757,-6.51266e+06,-1.13521e+07,-665748
40,3758,-1.28629e+07,5.20617e+06,-1.26831e+06
40,3759,1.14216e+06,-8.8504e+06,-770541
40,3760,-2.52877e+06,-7.75183e+06,641167
40,3761,1.85001e+06,1.18786e+07,-1.07641e+06
40,3762,1.13216e+07,3.72306e+06,268678
40,3763,7.42339e+06,-4.73444e+06,-43838.8
40,3764,5.51815e+06,-6.8305e+06,-432098
40,3765,4.9993e+06,-8.01458e+06,-361262
40,3766,-6.11005e+06,8.23126e+06,-787771
40,3767,-864312,-7.25696e+06,212017
40,3768,-2.86319e+06,8.7667e+06,822629
40,3769,-1.47012e+07,2.26184e+06,900750
40,3770,-3.97975e+06,1.22112e+07,-1.13668e+06
40,3771,4.52459e+06,-6.75689e+06,376075
40,3772,8.21788e+06,9.16517e+06,344535
40,3773,8.56984e+06,-9.92764e+06,-1.28064e+06
40,3774,1.23457e+07,1.72197e+06,515947
40,3775,7.0039e+06,9.82751e+06,642792
40,3776,3.74276e+06,-6.54362e+06,-358925
40,3777,1.11993e+07,-5.56216e+06,-400643
40,3778,-1.07574e+07,2.28518e+06,-754067
40,3779,-274552,-1.16786e+07,976033
40,3780,-1.37503e+07,-1.0875e+06,604500
40,3781,-1.33628e+07,323262,-1.02998e+06
40,3782,5.97382e+06,-8.63691e+06,202944
40,3783,4.82924e+06,1.17899e+07,1.18641e+06
40,3784,-5.58486e+06,-8.51775e+06,-982823
40,3785,1.87822e+06,-7.75955e+06,748917
40,3786,9.23239e+06,2.46901e+06,-265902
40,3787,2.23716e+06,6.7708e+06,360040
40,3788,1.22485e+07,7.75257e+06,167852
40,3789,5.57711e+06,7.08522e+06,-507088
40,3790,1.05637e+07,4.84361e+06,-152867
40,3791,-1.42969e+06,7.93881e+06,-499226
40,3792,-3.44636e+06,-1.35957e+07,1.03534e+06
40,3793,-4.14144e+06,9.17339e+06,-240343
40,3794,-827644,-7.09723e+06,-214552
40,3795,-7.59865e+06,-5.71164e+06,-121160
40,3796,-9.35527e+06,1.15235e+07,338134
40,3797,9.48814e+06,-295242,-104173
40,3798,8.26498e+06,8.78256e+06,562354
40,3799,-8.73736e+06,2.6381e+06,700431
40,3800,-1.32036e+07,6.53293e+06,987794
40,3801,4.51402e+06,-5.89458e+06,192194
40,3802,8.54029e+06,-6.74676e+06,752713
40,3803,2.66599e+06,-8.95729e+06,-749899
40,3804,-5.91169e+06,-1.21769e+07,-1.11812e+06
40,3805,-1.07871e+07,-6.24119e+06,235653
40,3806,-1.22988e+06,9.23261e+06,489306
40,3807,-8.62313e+06,2.73922e+06,352499
40,3808,-6.15711e+06,-4.51622e+06,136405
40,3809,-8.70194e+06,8.93631e+06,-127260
40,3810,3.68079e+06,-8.88102e+06,-711257
40,3811,-9.54493e+06,-1.11266e+07,1.13653e+06
40,3812,-5.34762e+06,8.89243e+06,833165
40,3813,5.56995e+06,5.43871e+06,-312357
40,3814,-9.67964e+06,-1.10331e+07,159074
40,3815,-1.10787e+07,6.05647e+06,652162
40,3816,4.90478e+06,-8.86906e+06,-471879
40,3817,-9.08687e+06,-1.55868e+06,-127624
40,3818,-8.18072e+06,9.00661e+06,-656208
40,3819,-9.85764e+06,-4.24064e+06,-768159
40,3820,-5.04546e+06,1.02797e+07,-246293
40,3821,8.49357e+06,-3.60879e+06,338389
40,3822,-5.34548e+06,-7.33692e+06,633591
40,3823,5.129e+06,-8.80364e+06,-705117
40,3824,-1.30718e+07,-3.61144e+06,-752043
40,3825,1.02277e+07,-516780,581206
40,3826,8.5318e+06,7.85808e+06,-190640
40,3827,8.09249e+06,4.17106e+06,76815
40,3828,-6.15674e+06,-1.26802e+07,-706199
40,3829,1.09302e+07,-3.81607e+06,516378
40,3830,1.22882e+07,-2.25574e+06,747557
40,3831,-4.87134e+06,6.41903e+06,751327
40,3832,8.17791e+06,7.23256e+06,-90363.7
40,3833,1.25681e+07,37208.4,-442747
40,3834,8.24865e+06,-7.43975e+06,-321553
40,3835,7.55922e+06,-2.20482e+06,-18191.4
40,3836,-7.76642e+06,-7.74477e+06,-1.09237e+06
40,3837,-9.47296e+06,1.09064e+07,-297794
40,3838,-6.23225e+06,5.59836e+06,509596
40,3839,1.24081e+07,-5.05276e+06,-259292
40,3840,-1.26208e+07,-804516,769782
40,3841,-8.73478e+06,9.2104e+06,-414719
40,3842,-7.83315e+06,-4.39297e+06,835158
40,3843,6.92422e+06,5.05954e+06,-653704
40,3844,-7.9727e+06,1.05763e+07,-730771
40,3845,-5.79528e+06,-7.9306e+06,91882.6
40,3846,-7.06596e+06,1.08502e+07,-124213
40,3847,6.87195e+06,3.72302e+06,-58959.7
40,3848,-6.93972e+06,-6.30117e+06,-858789
40,3849,5.49385e+06,-5.77887e+06,105684
40,3850,7.12652e+06,-1.05074e+07,-91819.5
40,3851,-1.28761e+07,-2.23398e+06,-725282
40,3852,-9.68939e+06,324932,-355081
40,3853,-5.26258e+06,8.09684e+06,-729545
40,3854,7.23925e+06,2.48561e+06,-596315
40,3855,-7.938e+06,-5.6282e+06,-607484
40,3856,5.26133e+06,-1.30859e+07,57896.3
40,3857,-8.67285e+06,9.33063e+06,-1.18338e+06
40,3858,9.69038e+06,1.0349e+07,1.2734e+06
40,3859,-4.18465e+06,1.07922e+07,-10358.4
40,3860,1.08522e+07,1.84859e+06,-318243
40,3861,-1.28599e+07,-1.04287e+06,-660466
40,3862,6.5099e+06,-7.16518e+06,49450.6
40,3863,1.09484e+07,-2.45211e+06,-402007
40,3864,4.321e+06,-9.9218e+06,560737
40,3865,5.0868e+06,7.56858e+06,366086
40,3866,8.11413e+06,-3.97727e+06,-670985
40,3867,8.88626e+06,3.46724e+06,387919
40,3868,-9.08526e+06,-1.07514e+07,1.23538e+06
40,3869,6.6676e+06,4.43846e+06,542600
40,3870,6.92773e+06,-1.19575e+07,827184
40,3871,1.74667e+06,9.70564e+06,847520
40,3872,-7.74368e+06,5.41394e+06,377160
40,3873,4.16016e+06,-8.33154e+06,-802453
40,3874,-1.05554e+07,-8.13765e+06,194559
40,3875,-2.05042e+06,1.04679e+07,-76631.3
40,3876,-9.02849e+06,-5.53521e+06,-462798
40,3877,4.42595e+06,6.19654e+06,303272
40,3878,4.6842e+06,-5.43455e+06,278835
40,3879,6.93445e+06,-1.11228e+07,-990787
40,3880,-1.35253e+07,-616847,1.04588e+06
40,3881,1.38919e+07,2.34736e+06,-330080
40,3882,-4.65207e+06,-1.01893e+07,-479164
40,3883,-6.80413e+06,5.9173e+06,1692.11
40,3884,1.32369e+06,-1.45477e+07,-206483
40,3885,3.37753e+06,6.62332e+06,-65486.8
40,3886,-1.00393e+07,9.04103e+06,104008
40,3887,1.22026e+07,-7.08766e+06,-802947
40,3888,-2.7869e+06,6.7939e+06,287470
40,3889,1.27724e+07,6.95658e+06,-1.37548e+06
40,3890,54988.3,-1.4005e+07,1.3831e+06
40,3891,-8.89905e+06,4.88692e+06,-666118
40,3892,-6.8317e+06,-4.01466e+06,-214989
40,3893,5.9736e+06,-4.74495e+06,-460447
40,3894,-2.82922e+06,1.26508e+07,812192
40,3895,592015,-7.89953e+06,-637661
40,3896,-808096,-1.05218e+07,-690482
40,3897,6.31135e+06,-6.77316e+06,714193
40,3898,3.34644e+06,6.53067e+06,-562032
40,3899,8.33747e+06,-1.2935e+06,87119.7
40,3900,1.07146e+07,-798129,122363
40,3901,-6.30665e+06,1.05433e+07,-289659
40,3902,1.0527e+07,5.20002e+06,-573589
40,3903,8.49926e+06,1.13247e+06,63248.6
40,3904,-8.71666e+06,7.46479e+06,-531087
40,3905,7.92167e+06,9.29993e+06,45473.8
40,3906,6.53755e+06,1.13842e+07,665418
40,3907,1.20283e+07,4.99925e+06,-1.25735e+06
40,3908,4.94089e+06,1.39093e+07,952228
40,3909,-1.28113e+06,1.13916e+07,-849724
40,3910,-9.29249e+06,5.82037e+06,436269
40,3911,5.04079e+06,-1.32954e+07,-641770
40,3912,7.18269e+06,-1.19936e+07,1.20266e+06
40,3913,1.49073e+06,-1.05629e+07,195522
40,3914,9.44352e+06,-64648.4,-874161
40,3915,6.62641e+06,-4.94191e+06,-727951
40,3916,-2.82919e+06,-1.3746e+07,-1.30403e+06
40,3917,546274,-1.04189e+07,173365
40,3918,9.91202e+06,-1.05542e+07,-484743
40,3919,7.30703e+06,-2.35485e+06,26522.9
40,3920,3.34593e+06,-6.79569e+06,558851
40,3921,-1.15304e+07,3.69848e+06,392817
40,3922,1.0002e+07,-7.66452e+06,1.15186e+06
40,3923,3.55348e+06,-1.04807e+07,1.03083e+06
40,3924,8.09621e+06,1.22091e+06,604927
40,3925,8.16189e+06,2.52163e+06,-581313
40,3926,1.67793e+06,9.92452e+06,-392108
40,3927,-3.97452e+06,-1.4245e+07,627936
40,3928,-577147,-7.72722e+06,370940
40,3929,1.4265e+06,1.21934e+07,-188951
40,3930,-6.41713e+06,-1.21667e+07,640743
40,3931,-1.11743e+07,3.41105e+06,605735
40,3932,-3.21823e+06,-6.78146e+06,748317
40,3933,-3.55233e+06,1.27426e+07,-588126
40,3934,9.92812e+06,-7.32235e+06,192304
40,3935,5.7751e+06,9.60662e+06,483190
40,3936,1.2383e+07,-2.37346e+06,-504034
40,3937,-1.20361e+07,5.04513e+06,152606
40,3938,2.1482e+06,1.33533e+07,-425122
40,3939,-1.17775e+07,-5.83295e+06,-1.07356e+06
40,3940,-8.76874e+06,-5.60411e+06,853993
40,3941,3.18371e+06,-7.86489e+06,-627618
40,3942,98937.5,8.912e+06,673824
40,3943,2.24811e+06,-8.29268e+06,-65598.3
40,3944,8.13033e+06,-1.25764e+07,718416
40,3945,-9.11293e+06,-1.05394e+07,959006
40,3946,7.26789e+06,5.45394e+06,210631
40,3947,-9.48817e+06,4.44427e+06,56034.1
40,3948,-6.72915e+06,-7.18986e+06,-926959
40,3949,1.31842e+07,-6.50873e+06,1.28309e+06
40,3950,-9.62651e+06,-2.22033e+06,899458
40,3951,3.76637e+06,-1.37084e+07,-263481
40,3952,3.29587e+06,-1.10206e+07,-522449
40,3953,5.85202e+06,-1.04779e+07,498136
40,3954,-9.16741e+06,-5.67964e+06,1.05709e+06
40,3955,2.85126e+06,-1.14543e+07,535219
40,3956,-2.41934e+06,-1.23772e+07,-114976
40,3957,-1.05752e+07,1.91059e+06,-1.00582e+06
40,3958,4.79532e+06,7.50003e+06,689073
40,3959,5.70738e+06,7.18157e+06,-698643
40,3960,1.25796e+07,711818,-72300.2
40,3961,4.87242e+06,-6.24101e+06,727531
40,3962,-1.37745e+07,5.02929e+06,423905
40,3963,-7.12775e+06,9.40018e+06,-131952
40,3964,2.40998e+06,-7.10717e+06,-389077
40,3965,-1.06319e+07,1.04875e+06,129694
40,3966,-4.62539e+06,-1.27211e+07,441537
40,3967,9.09432e+06,6.5574e+06,-219710
40,3968,1.46417e+07,-195795,675444
40,3969,6.90453e+06,5.48646e+06,-150279
40,3970,-2.21219e+06,-1.36335e+07,1.0624e+06
40,3971,7.94726e+06,8.84504e+06,-917719
40,3972,-6.60024e+06,-3.28921e+06,-379231
40,3973,-4.8062e+06,-1.19352e+07,-468192
40,3974,6.55151e+06,5.26524e+06,399005
40,3975,-4.93812e+06,9.3531e+06,755508
40,3976,-1.16307e+07,-1.56154e+06,571547
40,3977,-5.08154e+06,-1.25327e+07,-162254
40,3978,1.61725e+06,-9.90322e+06,35925.8
40,3979,9.86668e+06,-7.82264e+06,1.04958e+06
40,3980,3.25341e+06,8.61764e+06,-439918
40,3981,-9.05512e+06,9.30432e+06,-849174
40,3982,-3.88293e+06,6.72633e+06,-565795
40,3983,-3.05193e+06,-7.62503e+06,-790859
40,3984,4.66437e+06,-6.40288e+06,546961
40,3985,8.05163e+06,5.27543e+06,394680
40,3986,9.38186e+06,3.02678e+06,-675449
40,3987,-6.68242e+06,-4.52835e+06,643691
40,3988,-1.27108e+07,-4.05848e+06,-207724
40,3989,-1.12777e+07,3.90318e+06,-606416
40,3990,8.85598e+06,-8.72164e+06,-316048
40,3991,-1.25535e+07,5.55998e+06,-270925
40,3992,-2.1427e+06,-6.88751e+06,443775
40,3993,6.93566e+06,1.01215e+07,-975374
40,3994,-9.57174e+06,6.52067e+06,-164210
40,3995,-2.19379e+06,-1.4576e+07,-260052
40,3996,6.91323e+06,1.81722e+06,264076
40,3997,-3.38428e+06,-1.32749e+07,-257856
40,3998,7.11977e+06,-1.1686e+06,703383
40,3999,1.01831e+07,5.11285e+06,93354
40,4000,-5.81765e+06,-1.28714e+07,621800
40,4001,5.81897e+06,4.97935e+06,-571432
40,4002,-1.39871e+07,-2.51179e+06,829551
40,4003,7.22593e+06,-3.20829e+06,508155
40,4004,6.37537e+06,-6.049e+06,-415897
40,4005,-1.04675e+06,8.54999e+06,707473
40,4006,-7.00531e+06,1.24811e+07,588327
40,4007,4.53032e+06,-1.15382e+07,-504673
40,4008,-5.24011e+06,-9.70748e+06,-1.0481e+06
40,4009,-3.09044e+06,-9.51231e+06,-495135
40,4010,1.4297e+07,2.95999e+06,1.34124e+06
40,4011,8.23151e+06,2.89787e+06,-362229
40,4012,428034,-1.32609e+07,-773372
40,4013,-5.13649e+06,-6.86529e+06,-71844.4
40,4014,1.31464e+07,2.23553e+06,294477
40,4015,1.28336e+07,-305051,459135
40,4016,6.70773e+06,5.77519e+06,249406
40,4017,9.14734e+06,-6.41759e+06,506651
40,4018,-9.24297e+06,6.10286e+06,-211802
40,4019,8.72315e+06,1.23076e+06,131931
40,4020,1.97643e+06,8.4469e+06,-650853
40,4021,8.28232e+06,1.96276e+06,296561
40,4022,-9.35465e+06,-4.08436e+06,279579
40,4023,1.33493e+07,6.33905e+06,-242598
40,4024,-8.87585e+06,1.03183e+06,752861
40,4025,-6.52519e+06,-1.10015e+07,-150288
40,4026,1.2063e+07,2.7259e+06,213288
40,4027,-6.70761e+06,9.23008e+06,-681797
40,4028,1.25742e+07,4.66221e+06,-1.15689e+06
40,4029,-420926,1.05031e+07,516285
40,4030,1.93563e+06,-1.19099e+07,-423183
40,4031,8.54944e+06,-9.68412e+06,-399815
40,4032,7.98097e+06,-5.47766e+06,-873640
40,4033,6.98893e+06,6.81005e+06,-921656
40,4034,-7.28904e+06,3.03997e+06,295237
40,4035,5.67404e+06,-7.38572e+06,-116163
40,4036,1.41763e+07,-3.97796e+06,805453
40,4037,-3.63084e+06,-1.39493e+07,1.14265e+06
40,4038,-5.23517e+06,7.17334e+06,449399
40,4039,5.62208e+06,-8.71009e+06,784249
40,4040,4.41222e+06,-8.27237e+06,-649060
40,4041,-9.56452e+06,-1.34906e+06,-528798
40,4042,-1.01071e+07,-5.72161e+06,-681455
40,4043,-8.87587e+06,-9.98046e+06,-486956
40,4044,6.58137e+06,-5.89826e+06,594040
40,4045,8.53672e+06,2.22463e+06,537710
40,4046,9.46408e+06,7.25069e+06,208282
40,4047,1.8763e+06,-1.04322e+07,-617239
40,4048,5.66833e+06,8.93451e+06,970648
40,4049,-877227,-1.31912e+07,503091
40,4050,9.28469e+06,-4.57108e+06,-885859
40,4051,2.68937e+06,1.31455e+07,-472361
40,4052,2.507e+06,-1.08439e+07,754546
40,4053,-9.66723e+06,6.4536e+06,1.04053e+06
40,4054,3.19403e+06,-8.38209e+06,200958
40,4055,1.00087e+07,344664,-106926
40,4056,7.10965e+06,5.80836e+06,-781609
40,4057,-7.15423e+06,-6.63636e+06,659488
40,4058,-7.6593e+06,3.60822e+06,-182881
40,4059,4.2894e+06,-1.02449e+07,119138
40,4060,-1.36495e+07,-1.82034e+06,286007
40,4061,4.8626e+06,-9.26269e+06,888642
40,4062,5.40244e+06,-1.07891e+07,-1.06679e+06
40,4063,5.12673e+06,1.32766e+07,-693510
40,4064,7.29287e+06,-1.30339e+06,522003
40,4065,8.38113e+06,-1.15931e+07,-58558.3
40,4066,1.41683e+07,-2.53163e+06,7388.3
40,4067,-4.30472e+06,-7.1749e+06,797569
40,4068,9.16367e+06,-1.04844e+07,1.21104e+06
40,4069,2.53843e+06,-1.39084e+07,617515
40,4070,-6.40395e+06,-6.49077e+06,39170.2
40,4071,-1.3848e+07,501862,-1.03346e+06
40,4072,-2.80193e+06,-6.45795e+06,70201.8
40,4073,4.47042e+06,8.54933e+06,-64200.3
40,4074,-4.26556e+06,6.53049e+06,-188337
40,4075,-1.05268e+07,1.98519e+06,-520877
40,4076,-8.65649e+06,1.07236e+07,-745974
40,4077,-3.93961e+06,7.39078e+06,-725766
40,4078,-5.54229e+06,-4.69152e+06,172915
40,4079,1.10607e+06,-1.11343e+07,-1.03398e+06
40,4080,1.18497e+07,8.32025e+06,504086
40,4081,6.07113e+06,-5.31248e+06,17274.4
40,4082,-5.45994e+06,-5.31778e+06,-750128
40,4083,-7.5277e+06,-1.08266e+07,-758615
40,4084,9.96254e+06,748221,387067
40,4085,-8.47417e+06,-4.38509e+06,873672
40,4086,9.38743e+06,-309012,249289
40,4087,-8.33346e+06,3.19932e+06,429410
40,4088,9.47867e+06,4.62923e+06,-699986
40,4089,-7.76335e+06,-1.08349e+07,186128
40,4090,4.59003e+06,-6.92221e+06,767085
40,4091,6.29711e+06,3.70382e+06,562759
40,4092,-9.78716e+06,-9.25626e+06,1.20183e+06
40,4093,2.34909e+06,1.19297e+07,556287
40,4094,1.21159e+07,-852503,-695625
40,4095,2.45269e+06,-1.15188e+07,-379314
40,4096,7.81237e+06,-6.29934e+06,-192254
40,4097,9.34205e+06,-7.49614e+06,-695770
40,4098,-4.21349e+06,-1.4245e+07,-11521.3
40,4099,1.00722e+07,-2.70591e+06,-614349
40,4100,-3.61605e+06,8.76878e+06,-400340
40,4101,1.07052e+07,-478728,834698
40,4102,-8.63035e+06,4.24571e+06,326021
40,4103,3.31063e+06,-6.29992e+06,541132
40,4104,-9.95609e+06,9.63844e+06,-105305
40,4105,-5.90346e+06,3.9428e+06,-56134.9
40,4106,1.12925e+07,-8.59926e+06,1.32684e+06
40,4107,1.40436e+07,942682,398278
40,4108,-1.36162e+06,7.42124e+06,118086
40,4109,-6.88867e+06,-1.04949e+07,-1.13509e+06
40,4110,5.17652e+06,5.83854e+06,-638603
40,4111,-2.90624e+06,-7.8893e+06,556808
40,4112,-3.36672e+06,-9.68355e+06,-615642
40,4113,-8.8415e+06,1.18075e+07,1.0219e+06
40,4114,9.73512e+06,-1.07574e+07,-1.25924e+06
40,4115,8.68494e+06,8.48663e+06,-1.20424e+06
40,4116,6.53347e+06,-3.4528e+06,604533
40,4117,-8.30515e+06,-2.81825e+06,799961
40,4118,-8.76143e+06,6.60745e+06,-36755.4
40,4119,-1.31951e+07,1.67019e+06,754242
40,4120,-384742,1.04403e+07,-362620
40,4121,-7.60196e+06,-171346,-535623
40,4122,-1.19359e+07,6.25049e+06,714672
40,4123,8.70149e+06,-1.16939e+07,1.31956e+06
40,4124,5.62482e+06,1.00303e+07,1.00371e+06
40,4125,9.34231e+06,-1.03431e+07,538961
40,4126,1.19092e+07,1.34221e+06,594940
40,4127,-766823,7.69389e+06,79569.8
40,4128,1.05119e+07,1.29776e+06,687077
40,4129,-5.62436e+06,-1.28533e+07,115225
40,4130,1.05489e+07,1.01936e+07,698449
40,4131,-6.10532e+06,5.20952e+06,137141
40,4132,1.28711e+07,528565,-617170
40,4133,-1.10087e+07,-2.55547e+06,311080
40,4134,-9.03845e+06,-2.62814e+06,-584510
40,4135,-7.3917e+06,-4.17496e+06,314877
40,4136,5.5021e+06,5.75593e+06,103933
40,4137,-7.31047e+06,5.51774e+06,-181755
40,4138,8.4002e+06,351296,594483
40,4139,-4.4279e+06,-1.19239e+07,118289
40,4140,1.16748e+07,-4.74157e+06,417610
40,4141,-8.11862e+06,-4.15529e+06,-105161
40,4142,-1.13229e+07,-1.50137e+06,820809
40,4143,4.34948e+06,1.13639e+07,-1.06595e+06
40,4144,1.03102e+07,1.26962e+06,-377563
40,4145,-7.20566e+06,6.78684e+06,951572
40,4146,-1.16344e+06,9.33319e+06,-698165
40,4147,6.10323e+06,9.25369e+06,257812
40,4148,-7.15141e+06,-4.06074e+06,537080
40,4149,-6.56706e+06,3.2789e+06,-57133.8
40,4150,-1.31006e+07,2.4485e+06,180001
40,4151,-1.23121e+07,-5.09409e+06,-377661
40,4152,-671267,-7.63629e+06,569634
40,4153,1.32885e+07,-6.36552e+06,877402
40,4154,2.61525e+06,-1.18618e+07,-164971
40,4155,-7.02213e+06,9.42235e+06,-407354
40,4156,-1.25526e+07,3.50195e+06,-750937
40,4157,5.66666e+06,-6.4826e+06,306078
40,4158,-9.37504e+06,6.42846e+06,-157259
40,4159,-7.22774e+06,1.79222e+06,440185
40,4160,-7.65356e+06,6.52374e+06,-976790
40,4161,1.04842e+07,1.93721e+06,149977
40,4162,6.12929e+06,-9.19768e+06,180753
40,4163,-9.49955e+06,-1.23787e+06,382690
40,4164,-5.38876e+06,-5.53505e+06,644713
40,4165,-6.36681e+06,-6.87976e+06,602999
40,4166,-1.97418e+06,-1.09094e+07,-419147
40,4167,-4.43988e+06,-8.3314e+06,387900
40,4168,2.06961e+06,1.43473e+07,-92133.5
40,4169,7.7513e+06,4.57851e+06,-174176
40,4170,-1.53476e+06,9.86584e+06,-405467
40,4171,9.85813e+06,-431553,558823
40,4172,5.47379e+06,-5.22708e+06,201678
40,4173,-7.87763e+06,1.17236e+07,-100220
40,4174,-2.21111e+06,1.39468e+07,1.17602e+06
40,4175,1.35434e+07,-1.43932e+06,-478843
40,4176,-4.54323e+06,7.5942e+06,806517
40,4177,-8.75487e+06,-4.08944e+06,-186101
40,4178,3.3004e+06,9.61911e+06,75393.9
40,4179,1.30249e+07,4.41699e+06,1.07268e+06
40,4180,-8.99406e+06,-8.41947e+06,310226
40,4181,-8.18786e+06,4.52179e+06,560321
40,4182,-9.28733e+06,1.49941e+06,-906249
40,4183,-1.1297e+07,6.16219e+06,65255.4
40,4184,7.91055e+06,-120969,-312506
40,4185,-1.04061e+07,-6.0964e+06,688277
40,4186,615392,-9.32793e+06,-219630
40,4187,-4.56766e+06,-9.2014e+06,584529
40,4188,1.00999e+07,-7.06144e+06,-529754
40,4189,9.50248e+06,1.05489e+07,453095
40,4190,-1.13721e+07,140668,-430206
40,4191,5.59303e+06,9.50233e+06,-288171
40,4192,-6.85351e+06,-3.64854e+06,-628628
40,4193,6.96535e+06,4.47787e+06,-196483
40,4194,1.15303e+07,-7.37181e+06,-1.17449e+06
40,4195,-4.62207e+06,-1.11566e+07,81548.1
40,4196,1.02986e+06,1.22928e+07,-25545.1
40,4197,8.41765e+06,5.62462e+06,254195
40,4198,-1.9703e+06,1.07831e+07,-57676.4
40,4199,4.42135e+06,-1.24338e+07,394705
40,4200,-9.42864e+06,-5.14116e+06,-246946
40,4201,-6.21725e+06,5.05419e+06,48576.8
40,4202,1.09191e+07,-4.40085e+06,653524
40,4203,3.49956e+06,7.40454e+06,-655378
40,4204,-3.27665e+06,-1.24195e+07,1.25318e+06
40,4205,5.37755e+06,-9.79599e+06,170815
40,4206,-2.3172e+06,-1.37937e+07,399764
40,4207,-1.70889e+06,-1.13921e+07,-185086
40,4208,7.45031e+06,2.21527e+06,-32585.3
40,4209,1.02515e+07,5.81054e+06,-502414
40,4210,-8.72686e+06,-3.92028e+06,-423965
40,4211,3.695e+06,6.81113e+06,-505659
40,4212,-3.15289e+06,1.3362e+07,589784
40,4213,1.14432e+07,-1.41902e+06,-524157
40,4214,7.72257e+06,2.91956e+06,-427857
40,4215,1.05913e+07,6.55639e+06,-636461
40,4216,-1.1849e+07,-7.05697e+06,-1.19016e+06
40,4217,6.69867e+06,3.03188e+06,650959
40,4218,7.90532e+06,-1.12495e+07,1.1692e+06
40,4219,-62142.2,1.10398e+07,-217797
40,4220,9.23341e+06,-8.79226e+06,-165499
40,4221,1.03297e+07,-4.45228e+06,-884612
40,4222,7.31231e+06,1.18193e+07,-44854.7
40,4223,-6.8097e+06,-5.48964e+06,102420
40,4224,6.74906e+06,-7.42642e+06,320749
40,4225,7.25398e+06,1.04637e+07,977467
40,4226,1.13451e+06,8.23563e+06,-619209
40,4227,8.16218e+06,-6.62119e+06,-520634
40,4228,5.88022e+06,-8.07279e+06,235297
40,4229,2.69413e+06,1.27186e+07,563174
40,4230,8.81e+06,-427284,105597
40,4231,9.07611e+06,8.66691e+06,-626244
40,4232,-6.43371e+06,4.93837e+06,-350151
40,4233,9.81934e+06,8.28422e+06,648093
40,4234,1.89368e+06,7.10524e+06,429506
40,4235,-1.27793e+07,1.68497e+06,-1.1631e+06
40,4236,-1.00195e+07,6.3667e+06,-435715
40,4237,-1.12265e+07,4.46847e+06,-986964
40,4238,2.75382e+06,-1.40031e+07,-1.2694e+06
40,4239,9.55172e+06,5.80067e+06,754815
40,4240,5.33737e+06,1.05794e+07,-1.13906e+06
40,4241,-7.21667e+06,-638400,339550
40,4242,1.14262e+06,7.87969e+06,-275002
40,4243,-6.95523e+06,5.29944e+06,104209
40,4244,1.21628e+07,-2.57932e+06,1.07383e+06
40,4245,-904996,-1.14785e+07,1.04088e+06
40,4246,7.61312e+06,565367,-719494
40,4247,1.16682e+06,-1.14435e+07,-305807
40,4248,-1.12374e+07,-1.40377e+06,-919623
40,4249,9.43688e+06,1.42466e+06,-744290
40,4250,6.6406e+06,-1.17197e+07,814341
40,4251,3.66218e+06,-1.22723e+07,438059
40,4252,-5.9293e+06,-1.08434e+07,34704
40,4253,-970156,-9.85118e+06,-398712
40,4254,-1.04493e+07,4.38459e+06,-506482
40,4255,-1.02507e+06,1.47512e+07,-564204
40,4256,3.92294e+06,-7.30485e+06,143523
40,4257,5.31736e+06,-1.06442e+07,-373853
40,4258,2.45344e+06,8.17992e+06,397385
40,4259,2.99022e+06,1.15006e+07,-844788
40,4260,-5.29275e+06,-5.89972e+06,-794521
40,4261,-5.68054e+06,4.32809e+06,273187
40,4262,-1.14569e+07,5.12565e+06,479793
40,4263,1.10593e+07,-1.36679e+06,-753232
40,4264,-1.17762e+07,410337,-720794
40,4265,-2.29783e+06,1.27916e+07,-307478
40,4266,105194,9.99721e+06,-138521
40,4267,-141846,-1.07708e+07,571430
40,4268,-6.72075e+06,-4.77209e+06,654124
40,4269,-7.79108e+06,1.0429e+06,393642
40,4270,9.45085e+06,7.2139e+06,-245845
40,4271,1.10351e+07,-41893.2,-710124
40,4272,-1.07118e+07,1.026e+07,-889989
40,4273,-7.59629e+06,-6.95016e+06,-590434
40,4274,5.87985e+06,-7.18627e+06,929383
40,4275,5.44091e+06,7.82304e+06,559155
40,4276,9.3514e+06,7.12529e+06,1.05309e+06
40,4277,-5.16455e+06,-5.60781e+06,-115897
40,4278,2.3858e+06,1.11935e+07,430690
40,4279,-1.42334e+07,3.58381e+06,67388
40,4280,7.0763e+06,-5.36319e+06,838803
40,4281,-1.26985e+07,-3.73025e+06,1.21234e+06
40,4282,-8.18917e+06,825637,61868.1
40,4283,3.7681e+06,-1.02589e+07,372517
40,4284,-4.79673e+06,6.41401e+06,-257696
40,4285,-3.19198e+06,1.10392e+07,-881144
40,4286,7.41276e+06,-9.66958e+06,1.05417e+06
40,4287,3.07254e+06,-1.44186e+07,-1.06406e+06
40,4288,-1.12988e+07,7.94121e+06,635397
40,4289,5.5463e+06,-9.78661e+06,-167570
40,4290,-6.89666e+06,-2.89164e+06,-491956
40,4291,-1.44751e+07,-2.69242e+06,157702
40,4292,-9.94637e+06,-1.02004e+07,-562333
40,4293,-9.33676e+06,-360018,686045
40,4294,1.2996e+07,-2.86907e+06,-1.14218e+06
40,4295,7.86528e+06,4.64639e+06,458916
40,4296,6.40494e+06,5.00114e+06,100174
40,4297,-1.98901e+06,-1.00979e+07,-26719.2
40,4298,-9.3698e+06,4.45275e+06,772764
40,4299,-5.3025e+06,8.66255e+06,-327996
40,4300,5.69109e+06,-6.38281e+06,-605055
40,4301,-3.18053e+06,1.38633e+07,1.13854e+06
40,4302,-1.14784e+07,-6.75589e+06,451542
40,4303,-8.45142e+06,-4.55038e+06,-398605
40,4304,1.19348e+06,-1.01348e+07,-522920
40,4305,-9.90261e+06,9.48245e+06,88203.2
40,4306,-5.88684e+06,-1.32836e+07,423186
40,4307,1.11468e+07,-6.0375e+06,-638045
40,4308,-9.74053e+06,6.74746e+06,-1.16029e+06
40,4309,-3.8878e+06,6.99391e+06,103962
40,4310,3.80021e+06,-1.35274e+07,149866
40,4311,-1.9857e+06,7.324e+06,-202187
40,4312,1.08951e+07,4.96621e+06,72291.7
40,4313,-3.71178e+06,-1.36925e+07,843801
40,4314,3.1207e+06,1.20171e+07,-969016
40,4315,-4.36842e+06,-1.29157e+07,204673
40,4316,-6.57855e+06,-5.34629e+06,-796500
40,4317,-3.28085e+06,7.24182e+06,-89404.1
40,4318,5.59982e+06,5.65228e+06,359472
40,4319,-1.12454e+07,-2.66675e+06,-109925
40,4320,1.39975e+07,4.75218e+06,-945394
40,4321,7.79616e+06,9.35562e+06,217682
40,4322,1.1359e+07,-1.8476e+06,883961
40,4323,1.08377e+07,9.6706e+06,1.07129e+06
40,4324,-5.16726e+06,-6.14014e+06,353228
40,4325,-5.33505e+06,-6.29783e+06,-740321
40,4326,8.32889e+06,-4.19592e+06,-612922
40,4327,-7.1367e+06,2.31844e+06,526644
40,4328,-4.90181e+06,5.79386e+06,607629
40,4329,-3.21883e+06,7.25071e+06,441907
40,4330,5.80401e+06,-9.709e+06,-880260
40,4331,1.3233e+07,-5.49976e+06,-989353
40,4332,7.26934e+06,-160528,-25787.7
40,4333,-8.46366e+06,-7.86998e+06,670159
40,4334,4.44102e+06,1.27245e+07,-710442
40,4335,6.12446e+06,-1.26014e+07,329610
40,4336,-1.17732e+06,-1.4887e+07,-849539
40,4337,-1.19035e+07,6.81025e+06,-1.27574e+06
40,4338,1.07381e+06,-9.47029e+06,879390
40,4339,-68175.1,9.20819e+06,117118
40,4340,-71703.6,-1.34924e+07,161785
40,4341,362362,1.20446e+07,-162476
40,4342,6.91874e+06,-5.7808e+06,-699718
40,4343,-1.03453e+06,1.23947e+07,-60742.7
40,4344,-4.40563e+06,8.28622e+06,-449886
40,4345,-8.81499e+06,9.5672e+06,589251
40,4346,-1.01063e+07,-3.35375e+06,92163.7
40,4347,-1.00748e+07,1.08163e+07,-865073
40,4348,6.29429e+06,1.27984e+07,955251
40,4349,-4.19653e+06,-7.02365e+06,-572427
40,4350,-1.31065e+07,-5.90764e+06,-491019
40,4351,-5.80421e+06,5.67264e+06,332762
40,4352,-10486.2,1.00785e+07,155995
40,4353,4.98589e+06,9.03328e+06,-714949
40,4354,1.25164e+07,-1.77587e+06,-675360
40,4355,1.11149e+07,7.08598e+06,-312215
40,4356,-1.54313e+06,1.09451e+07,65372.8
40,4357,1.32437e+07,-4.58863e+06,-1.12198e+06
40,4358,9.11792e+06,-929766,-420945
40,4359,-503047,1.25264e+07,-360174
40,4360,5.48489e+06,-6.5006e+06,651836
40,4361,4.41801e+06,-8.2649e+06,-265664
40,4362,687691,-7.76043e+06,150192
40,4363,-442296,9.14293e+06,872991
40,4364,5.29005e+06,-1.28125e+07,-1.03303e+06
40,4365,2.64707e+06,1.27094e+07,1.2431e+06
40,4366,-4.67636e+06,5.7559e+06,-105751
40,4367,1.60345e+06,-1.34945e+07,-339782
40,4368,6.08192e+06,-9.72607e+06,-1.10855e+06
40,4369,1.26934e+07,-4.16332e+06,-1.2537e+06
40,4370,-4.35349e+06,5.90933e+06,-606003
40,4371,-1.19798e+06,-1.07669e+07,144918
40,4372,-4.58946e+06,-7.23245e+06,316658
40,4373,8.55385e+06,1.16449e+07,556022
40,4374,-1.42815e+07,-356889,-394921
40,4375,5.80839e+06,-6.01857e+06,-176835
40,4376,8.47149e+06,-1.16379e+07,-355179
40,4377,1.13667e+07,2.20379e+06,-548595
40,4378,-5.34003e+06,-1.14972e+07,-371806
40,4379,974733,1.34332e+07,-104313
40,4380,-6.0072e+06,8.89781e+06,978677
40,4381,-1.21357e+07,-3.28894e+06,26437.9
40,4382,-5.9445e+06,5.74878e+06,285696
40,4383,6.03076e+06,-1.30599e+07,-574525
40,4384,8.92516e+06,5.41352e+06,-832067
40,4385,-1.05068e+07,-2.27336e+06,-507579
40,4386,-3.27768e+06,-1.16814e+07,-487617
40,4387,3.37962e+06,1.26223e+07,115632
40,4388,-1.2976e+07,-3.30245e+06,1.09477e+06
40,4389,-6.18426e+06,-4.18567e+06,92163.4
40,4390,6.34118e+06,-1.05048e+07,554536
40,4391,-3.43344e+06,1.28688e+07,-299691
40,4392,-1.12146e+07,-4.16558e+06,1.10618e+06
40,4393,-5.2707e+06,6.66078e+06,123536
40,4394,1.26781e+07,-5.78664e+06,-457115
40,4395,-6.7756e+06,3.29734e+06,-159129
40,4396,-1.35941e+07,6.05282e+06,-578428
40,4397,-8.05151e+06,5.76496e+06,637477
40,4398,-3.35846e+06,6.83447e+06,711738
40,4399,-96775.9,-8.22098e+06,-236056
40,4400,9.29852e+06,7.01126e+06,-451021
40,4401,1.01734e+06,1.09595e+07,92148.2
40,4402,-4.90025e+06,-7.22449e+06,707157
40,4403,1.30627e+06,7.55374e+06,528504
40,4404,1.04945e+07,5.92686e+06,-32896.7
40,4405,2.45281e+06,8.28925e+06,763419
40,4406,-4.11952e+06,-1.24086e+07,-683196
40,4407,5.65174e+06,-5.53405e+06,-783724
40,4408,-1.99723e+06,9.90449e+06,142177
40,4409,-3.62097e+06,8.21993e+06,629560
40,4410,7.01029e+06,9.50859e+06,535339
40,4411,-8.00999e+06,3.28139e+06,253750
40,4412,-7.01785e+06,5.89541e+06,429346
40,4413,-1.41499e+07,-2.84835e+06,-1.41898e+06
40,4414,-7.95385e+06,5.557e+06,-312086
40,4415,-6.84258e+06,-7.91161e+06,-793900
40,4416,-9.14736e+06,-710329,-338426
40,4417,-1.36146e+07,6.02443e+06,1.10301e+06
40,4418,7.44691e+06,-1.19895e+07,-1.28237e+06
40,4419,9.86596e+06,1.06518e+07,-1.35576e+06
40,4420,3.26874e+06,9.76174e+06,-650873
40,4421,-175237,9.29465e+06,343596
40,4422,-8.0662e+06,-2.53182e+06,824620
40,4423,-6.34386e+06,-8.25762e+06,980116
40,4424,-7.1837e+06,3.70183e+06,566577
40,4425,-1.14721e+07,-8.73945e+06,-1.03013e+06
40,4426,6.29934e+06,1.27326e+07,-418065
40,4427,-9.52558e+06,3.00164e+06,580052
40,4428,-2.31133e+06,-1.31545e+07,-1.28021e+06
40,4429,59745,-1.1518e+07,-127540
40,4430,6.70141e+06,-1.29193e+07,402200
40,4431,-4.05585e+06,-6.27803e+06,616145
40,4432,5.49189e+06,-8.39123e+06,-374798
40,4433,-6.68838e+06,-9.42075e+06,411380
40,4434,1.13746e+06,1.39984e+07,-667905
40,4435,5.37161e+06,1.14331e+07,-90254.2
40,4436,4.28634e+06,5.73006e+06,255835
40,4437,9.55254e+06,8.7592e+06,-706394
40,4438,-7.21355e+06,2.8865e+06,-581659
40,4439,-926233,-1.04504e+07,384861
40,4440,-4.00423e+06,-8.294e+06,789436
40,4441,-4.89207e+06,8.46771e+06,139683
40,4442,-4.96016e+06,-7.443e+06,594971
40,4443,-4.3452e+06,-9.74483e+06,324125
40,4444,2.68124e+06,6.77567e+06,574213
40,4445,2.95936e+06,-1.41536e+07,1.22098e+06
40,4446,-130415,9.44585e+06,-218550
40,4447,2.99829e+06,-6.7742e+06,719022
40,4448,-1.27018e+07,-4.80667e+06,-556287
40,4449,-5.84169e+06,6.27998e+06,286371
40,4450,9.756e+06,-4.01547e+06,748448
40,4451,5.07558e+06,5.94177e+06,275365
40,4452,2.51998e+06,-8.47819e+06,161548
40,4453,-8.79057e+06,906503,-165943
40,4454,1.36122e+07,3.01228e+06,1.10591e+06
40,4455,-717232,-1.21352e+07,-1.21307e+06
40,4456,-1.00879e+07,-6.54605e+06,89468.5
40,4457,-1.23658e+07,-4.76772e+06,948007
40,4458,3.30338e+06,-8.20277e+06,-567669
40,4459,1.26439e+07,-4.72426e+06,-443649
40,4460,-5.89371e+06,-9.52322e+06,-943940
40,4461,-7.18124e+06,8.22968e+06,814918
40,4462,-4.05421e+06,-1.34071e+07,436325
40,4463,-8.73779e+06,9.44543e+06,-245705
40,4464,1.0653e+07,-4.10959e+06,511764
40,4465,1.69869e+06,-1.1277e+07,-294477
40,4466,-1.09828e+07,6.63483e+06,-565724
40,4467,-4.36821e+06,-1.1045e+07,-96680.6
40,4468,-3.73427e+06,-1.08848e+07,616592
40,4469,-8.78548e+06,1.10372e+07,1.27711e+06
40,4470,3.06516e+06,-1.16936e+07,483153
40,4471,7.65556e+06,3.99627e+06,390899
40,4472,-3.0439e+06,-1.06624e+07,-51342.9
40,4473,-2.32911e+06,9.19756e+06,437591
40,4474,-1.76388e+06,-9.04141e+06,-213735
40,4475,8.02088e+06,1.04134e+07,-776355
40,4476,-1.14958e+07,-4.82011e+06,-738995
40,4477,-2.52181e+06,1.39955e+07,-224479
40,4478,-6.74891e+06,5.35995e+06,-14390.8
40,4479,1.38532e+06,-9.25688e+06,-198505
40,4480,3.1986e+06,1.24272e+07,-315596
40,4481,690153,-7.02859e+06,177681
40,4482,-1.30554e+07,3.50731e+06,811260
40,4483,1.21552e+07,510563,-599682
40,4484,-7.84443e+06,-7.58229e+06,-950021
40,4485,-1.21063e+07,-3.63589e+06,65162.5
40,4486,-7.53987e+06,-5.43546e+06,-880633
40,4487,-462584,-7.49873e+06,-267527
40,4488,2.27316e+06,9.50727e+06,-106280
40,4489,-2.59144e+06,6.94847e+06,40197.5
40,4490,1.07201e+07,227673,-238518
40,4491,-1.00651e+07,-484206,-624741
40,4492,-1.24695e+07,-6.32952e+06,-862094
40,4493,1.29278e+07,3.06215e+06,1.28603e+06
40,4494,-1.20708e+07,-6.85043e+06,-1.08103e+06
40,4495,-1.87341e+06,8.50676e+06,-451329
40,4496,1.04018e+07,-3.51459e+06,-122566
40,4497,-4.39687e+06,-1.1443e+07,912531
40,4498,-6.15292e+06,3.8515e+06,413462
40,4499,1.22207e+07,-5.75477e+06,548090
40,4500,-8.90263e+06,-590629,-836551
40,4501,-1.13868e+07,-4.29156e+06,406112
40,4502,-5.34204e+06,-1.34068e+07,-518413
40,4503,5.4578e+06,-6.61252e+06,-524533
40,4504,1.95788e+06,8.05855e+06,14654.8
40,4505,7.46974e+06,-2.74732e+06,743844
40,4506,1.42354e+07,3.79114e+06,1.318e+06
40,4507,1.40753e+07,-5.09964e+06,511960
40,4508,8.88205e+06,8.9011e+06,942930
40,4509,-3.3421e+06,6.64853e+06,732726
40,4510,6.82997e+06,7.75393e+06,972412
40,4511,5.51949e+06,1.37685e+07,1.08408e+06
40,4512,-7.6027e+06,6.66731e+06,-480129
40,4513,-1.12654e+06,7.2415e+06,-655224
40,4514,-7.37449e+06,-1.23125e+07,1.11185e+06
40,4515,8.44128e+06,9.4739e+06,1.12082e+06
40,4516,-8.35815e+06,1.14256e+07,-1.10194e+06
40,4517,-1.4785e+06,-1.25064e+07,1.00143e+06
40,4518,4.43087e+06,5.95175e+06,145700
40,4519,1.16332e+07,2.73595e+06,-246331
40,4520,-646144,-1.16476e+07,-429041
40,4521,4.46795e+06,-9.86163e+06,985274
40,4522,-443454,8.7973e+06,776450
40,4523,-1.75595e+06,-1.0012e+07,228196
40,4524,-5.06244e+06,-7.7779e+06,288712
40,4525,9.32365e+06,7.03854e+06,1.16048e+06
40,4526,-6.3726e+06,-7.92978e+06,786188
40,4527,1.79918e+06,-1.01825e+07,978363
40,4528,-8.29031e+06,5.29898e+06,799577
40,4529,8.06118e+06,1.75323e+06,675743
40,4530,1.3356e+07,-2.09831e+06,-1.19747e+06
40,4531,6.32513e+06,5.28736e+06,302371
40,4532,-7.66702e+06,8.97211e+06,-1.04716e+06
40,4533,-1.0825e+07,-5.36385e+06,-937004
40,4534,4.28808e+06,1.35941e+07,694684
40,4535,-1.22395e+07,-6.92471e+06,-712516
40,4536,7.30225e+06,-6.02407e+06,-382011
40,4537,1.28923e+07,-569961,1.29412e+06
40,4538,5.40333e+06,-9.82617e+06,1.10279e+06
40,4539,-409678,9.95932e+06,-770314
40,4540,5.14741e+06,-6.28783e+06,144119
40,4541,3.64234e+06,-1.34985e+07,485970
40,4542,1.12264e+07,3.76748e+06,883127
40,4543,-9.48138e+06,-4.01284e+06,-987064
40,4544,1.19881e+07,-8.13577e+06,125392
40,4545,-3.00539e+06,-1.12098e+07,-546462
40,4546,-3.77189e+06,-7.89306e+06,-693205
40,4547,-1.0627e+07,232463,-252245
40,4548,-5.42823e+06,6.51208e+06,-275377
40,4549,-4.76796e+06,-9.85304e+06,1.02781e+06
40,4550,5.88942e+06,-5.62756e+06,-351611
40,4551,-1.11566e+07,-3.62342e+06,133582
40,4552,-9.56084e+06,8.47832e+06,-462456
40,4553,2.36012e+06,1.35911e+07,-883259
40,4554,1.44802e+06,6.97628e+06,26382.8
40,4555,-556125,1.12531e+07,-965953
40,4556,872810,-1.28634e+07,1.28778e+06
40,4557,1.27685e+07,-6.15597e+06,846314
40,4558,8.06627e+06,8.7769e+06,291608
40,4559,5.78922e+06,-4.68549e+06,-27056.2
40,4560,1.18315e+07,4.27333e+06,86152.7
40,4561,-2.31001e+06,9.1199e+06,-207572
40,4562,-6.90974e+06,1.15289e+06,-18802.5
40,4563,-1.32474e+07,4.20891e+06,-379358
40,4564,-1.33923e+07,-6.66187e+06,-81921.8
40,4565,4.21214e+06,-1.01204e+07,-349330
40,4566,628845,-1.00569e+07,-862385
40,4567,-1.26939e+07,5.71126e+06,226304
40,4568,-1.53609e+06,1.29292e+07,1.0183e+06
40,4569,-1.47738e+07,319060,1.29451e+06
40,4570,5.69902e+06,-4.07186e+06,-264563
40,4571,1.03814e+06,9.42872e+06,-347169
40,4572,7.3568e+06,-4.60707e+06,693849
40,4573,4.62927e+06,6.27446e+06,565149
40,4574,4.72497e+06,9.03009e+06,21740.7
40,4575,1.73734e+06,1.01761e+07,455938
40,4576,9.58863e+06,7.22645e+06,1.02378e+06
40,4577,-256405,1.14452e+07,-673102
40,4578,-7.30539e+06,3.41992e+06,-588633
40,4579,5.92442e+06,8.45194e+06,323706
40,4580,-1.25654e+07,-4.27705e+06,478131
40,4581,-9.19238e+06,-1.12161e+07,-394042
40,4582,6.95382e+06,-7.95656e+06,-781640
40,4583,-8.3639e+06,-4.71226e+06,338681
40,4584,-5.63831e+06,1.1797e+07,-927505
40,4585,1.2842e+07,6.92666e+06,-1.18197e+06
40,4586,4.83696e+06,-9.81608e+06,601236
40,4587,8.9599e+06,1.13968e+07,-360355
40,4588,6.14349e+06,-6.92484e+06,-21551.7
40,4589,-1.58728e+06,-7.03635e+06,-160451
40,4590,8.97436e+06,-6.7607e+06,-546958
40,4591,-1.01104e+06,8.86005e+06,-288701
40,4592,-2.27659e+06,-7.50796e+06,-459329
40,4593,2.86794e+06,1.41034e+07,-703842
40,4594,1.35458e+06,-9.2769e+06,-135696
40,4595,3.15047e+06,-1.31321e+07,1.16274e+06
40,4596,1.22621e+07,4.38681e+06,879698
40,4597,1.44595e+07,-358557,-1.08593e+06
40,4598,3.48745e+06,1.137e+07,-565199
40,4599,1.28648e+07,-1.58752e+06,245902
40,4600,1.371e+07,986714,-1.27734e+06
40,4601,-9.14775e+06,7.35541e+06,916673
40,4602,-8.67763e+06,3.65459e+06,52536.9
40,4603,7.85109e+06,-4.76544e+06,-65118.9
40,4604,6.29548e+06,-8.26047e+06,-390625
40,4605,9.56123e+06,9.54838e+06,-858302
40,4606,8.19159e+06,-1.20892e+07,-327424
40,4607,1.14002e+07,-4.01815e+06,-697228
40,4608,-7.17192e+06,-2.02817e+06,-533236
40,4609,6.74167e+06,-5.10677e+06,-835473
40,4610,-1.34315e+07,-1.65971e+06,160480
40,4611,-1.13058e+07,4.93921e+06,-950194
40,4612,506386,-7.79411e+06,-435920
40,4613,7.16529e+06,-615895,692480
40,4614,9.84178e+06,1.85386e+06,455367
40,4615,9.46628e+06,9.78127e+06,-994050
40,4616,1.20587e+07,-6.19052e+06,789014
40,4617,-7.45199e+06,4.30142e+06,173468
40,4618,1.75057e+06,8.08738e+06,-359323
40,4619,-1.10094e+07,-995072,695606
40,4620,1.1248e+07,-6.50847e+06,866379
40,4621,-4.65068e+06,7.7416e+06,764.126
40,4622,6.00086e+06,-3.76629e+06,-646838
40,4623,-8.57422e+06,-4.27209e+06,34169.6
40,4624,-1.19931e+07,-2.33224e+06,-662727
40,4625,7.32946e+06,-4.49717e+06,-406025
40,4626,-8.01496e+06,4.56516e+06,-666029
40,4627,-5.40473e+06,-9.62675e+06,632031
40,4628,7.42628e+06,1.02916e+07,-111497
40,4629,7.22266e+06,1.11568e+06,-87438.3
40,4630,-3.41461e+06,-8.343e+06,404380
40,4631,1.16295e+06,-1.40575e+07,-1.27778e+06
40,4632,-1.69328e+06,9.82565e+06,-227025
40,4633,6.60088e+06,4.99976e+06,34732.8
40,4634,-3.57847e+06,-1.22505e+07,-125198
40,4635,-1.10836e+07,-1.38725e+06,428079
40,4636,-1.54745e+06,-7.21855e+06,121280
40,4637,8.06623e+06,2.86138e+06,-671114
40,4638,835111,-1.11603e+07,-370132
40,4639,9.27212e+06,-3.78937e+06,-575365
40,4640,-4.57152e+06,6.3454e+06,384696
40,4641,-1.04393e+07,5.82994e+06,1.11439e+06
40,4642,1.18167e+07,5.08564e+06,629821
40,4643,-3.95772e+06,-5.99125e+06,-415861
40,4644,-4.81287e+06,1.1576e+07,936829
40,4645,-6.89165e+06,-6.80689e+06,-414824
40,4646,2.98283e+06,-1.40048e+07,-735688
40,4647,-9.26038e+06,1.12663e+07,443039
40,4648,1.27206e+07,2.0731e+06,1.18622e+06
40,4649,3.35022e+06,9.13679e+06,683466
40,4650,1.06415e+07,6.7211e+06,-965722
40,4651,1.11977e+07,5.94368e+06,1.06002e+06
40,4652,-6.80955e+06,1.09887e+07,-354406
40,4653,-7.27215e+06,8.29887e+06,626090
40,4654,-1.265e+07,-7.6767e+06,-159688
40,4655,-4.77484e+06,-7.36366e+06,325722
40,4656,1.22222e+07,2.32744e+06,995105
40,4657,-92522.7,-9.69141e+06,503870
40,4658,-9.77688e+06,7.30016e+06,264485
40,4659,846108,-7.24911e+06,-585215
40,4660,7.91646e+06,6.35392e+06,685147
40,4661,-3.90425e+06,-1.07052e+07,416191
40,4662,9.06864e+06,1.03034e+07,438575
40,4663,1.13141e+07,2.46936e+06,-692206
40,4664,8.08091e+06,4.26384e+06,-265438
40,4665,-6.70122e+06,-2.64897e+06,-415862
40,4666,8.00358e+06,-4.72869e+06,5234.98
40,4667,-7.28253e+06,-5.51635e+06,-545511
40,4668,7.45456e+06,1.28441e+06,684445
40,4669,4.14925e+06,-1.20431e+07,1.22876e+06
40,4670,-971490,-1.44095e+07,560539
40,4671,7.53352e+06,6.10053e+06,142889
40,4672,1.11591e+07,-3.20171e+06,-133320
40,4673,-1.10321e+07,-5.87809e+06,-809112
40,4674,-1.13038e+07,-3.15786e+06,-14301.6
40,4675,5.50269e+06,9.64828e+06,-81113.3
40,4676,-1.18326e+07,547224,-26797.6
40,4677,2.49068e+06,7.19659e+06,-272583
40,4678,-8.43611e+06,-5.95736e+06,751588
40,4679,8.20406e+06,1.0659e+06,-83945.6
40,4680,-9.79982e+06,-3.58128e+06,696173
40,4681,1.06802e+07,8.04034e+06,1.16313e+06
40,4682,-5.00456e+06,-6.08517e+06,271591
40,4683,-1.42804e+06,1.23496e+07,-421916
40,4684,3.30003e+06,1.08462e+07,-1.09076e+06
40,4685,-1.1269e+07,2.25096e+06,360256
40,4686,4.64677e+06,-6.69954e+06,-577501
40,4687,-1.34916e+07,4.19944e+06,140738
40,4688,-4.56969e+06,1.33855e+07,-901159
40,4689,122123,1.05652e+07,58823.2
40,4690,6.26228e+06,-6.73978e+06,197424
40,4691,2.67841e+06,-6.46522e+06,-237496
40,4692,-7.2672e+06,6.2091e+06,248984
40,4693,-7.0758e+06,-7.7717e+06,-743511
40,4694,-1.67246e+06,-1.46478e+07,-737073
40,4695,-1.12575e+07,-5.99513e+06,-998783
40,4696,8.051e+06,2.42955e+06,520485
40,4697,-4.855e+06,1.02944e+07,-851972
40,4698,-1.0685e+07,-1.96171e+06,438901
40,4699,-1.36245e+07,5.6692e+06,-277333
40,4700,4.84561e+06,-8.67436e+06,-683812
40,4701,-1.26051e+06,-9.62271e+06,-942635
40,4702,-5.65001e+06,-7.38293e+06,-584453
40,4703,-9.40403e+06,559011,-146870
40,4704,7.3401e+06,-2.68513e+06,-713825
40,4705,1.16105e+07,5.84276e+06,-85004.2
40,4706,5.07513e+06,6.6683e+06,-627805
40,4707,-1.05164e+07,-1.27875e+06,-777950
40,4708,-935750,1.48052e+07,-122105
40,4709,-8.71865e+06,55893.7,446598
40,4710,-2.71589e+06,1.08191e+07,-561653
40,4711,9.46936e+06,9.00447e+06,-339858
40,4712,-695348,8.16264e+06,-569628
40,4713,-1.38212e+06,-1.40252e+07,171720
40,4714,-8.75524e+06,-839893,36629.6
40,4715,1.07586e+07,4.52347e+06,1.10691e+06
40,4716,9.66382e+06,-4.52821e+06,-1.04935e+06
40,4717,6.95096e+06,5.66575e+06,483803
40,4718,5.35775e+06,-7.89341e+06,634882
40,4719,-6.02332e+06,-1.07615e+07,493871
40,4720,-9.53532e+06,7.89865e+06,452872
40,4721,-7.19107e+06,1.21554e+07,1.25983e+06
40,4722,-4.3795e+06,5.57518e+06,-522110
40,4723,3.45395e+06,-7.19943e+06,669266
40,4724,1.30897e+07,-1.70964e+06,-749635
40,4725,-7.99816e+06,-1.33588e+06,534067
40,4726,7.31667e+06,98695.7,149527
40,4727,-9.972e+06,1.09781e+07,-124500
40,4728,3.66445e+06,-1.24733e+07,-694690
40,4729,9.82536e+06,-1.04882e+07,-1.38897e+06
40,4730,-8.0279e+06,-92007.3,-62653.9
40,4731,1.05784e+07,6.95845e+06,366870
40,4732,989792,1.18895e+07,101139
40,4733,5.07227e+06,7.16273e+06,128324
40,4734,1.0028e+06,1.47796e+07,-428675
40,4735,-1.20453e+06,8.97052e+06,-173375
40,4736,1.2133e+07,3.25574e+06,1.15152e+06
40,4737,5.59561e+06,-4.76184e+06,580256
40,4738,7.11022e+06,8.64716e+06,145836
40,4739,7.71848e+06,-9.22549e+06,122420
40,4740,5.60805e+06,-8.5657e+06,987561
40,4741,8.7292e+06,-8.46348e+06,240081
40,4742,-4.52316e+06,-1.16614e+07,512488
40,4743,-8.38134e+06,-4.61206e+06,180062
40,4744,-5.79384e+06,7.53827e+06,498930
40,4745,6.69095e+06,9.51898e+06,786730
40,4746,-1.3769e+07,2.75096e+06,-818280
40,4747,1.08995e+07,-9.65649e+06,-745023
40,4748,-7.32861e+06,2.55149e+06,273688
40,4749,-8.34521e+06,-977693,-125275
40,4750,-1.28552e+07,5.85101e+06,95402.5
40,4751,-4.69683e+06,1.38548e+07,-617683
40,4752,-2.52142e+06,1.31274e+07,888412
40,4753,5.73081e+06,5.20163e+06,622094
40,4754,-1.96283e+06,-1.11378e+07,-621850
40,4755,4.47837e+06,-7.02018e+06,-235374
40,4756,1.04269e+07,2.1065e+06,-242765
40,4757,5.89803e+06,-1.17566e+07,523049
40,4758,-1.25163e+07,-722262,96093.4
40,4759,-8464.05,1.29225e+07,-694452
40,4760,1.4303e+07,2.73137e+06,-1.0517e+06
40,4761,-642728,-1.15445e+07,87605
40,4762,9.77099e+06,-1.09738e+06,400954
40,4763,1.31414e+07,3.62469e+06,-720570
40,4764,3.85426e+06,9.18081e+06,-852318
40,4765,-8.53634e+06,-2.11356e+06,344287
40,4766,1.26518e+07,3.73225e+06,-189970
40,4767,-7.35994e+06,3.07666e+06,-105273
40,4768,8.72372e+06,-6.64342e+06,669756
40,4769,9.23983e+06,-7.79101e+06,431500
40,4770,-1.23888e+07,-5.49004e+06,68336.4
40,4771,1.26556e+07,1.80429e+06,486898
40,4772,-3.02778e+06,-1.40925e+07,-1.33903e+06
40,4773,3.88924e+06,-9.19214e+06,917748
40,4774,5.60232e+06,-8.20483e+06,723926
40,4775,4.75464e+06,-6.41074e+06,-280480
40,4776,-1.13295e+07,-3.07645e+06,382898
40,4777,-1.20868e+07,4.46394e+06,1.00252e+06
40,4778,3.19145e+06,-1.30922e+07,-112517
40,4779,-7.27743e+06,51139.1,580673
40,4780,8.48277e+06,-649511,523919
40,4781,-5.39418e+06,-1.14718e+07,220627
40,4782,-1.13386e+07,5.79805e+06,880707
40,4783,1.89934e+06,-1.24048e+07,734818
40,4784,7.14951e+06,2.91971e+06,465109
40,4785,-7.76006e+06,-4.70424e+06,-102119
40,4786,6.85021e+06,2.08726e+06,468761
40,4787,-1.16445e+07,-1.99799e+06,1.05254e+06
40,4788,-701248,8.34458e+06,430120
40,4789,-1.09951e+07,7.21013e+06,1.18897e+06
40,4790,1.44126e+07,1.34164e+06,-949863
40,4791,-7.087e+06,1.15107e+07,-1.09591e+06
40,4792,-1.28044e+07,3.52231e+06,-20154.1
40,4793,-4.26867e+06,-7.33956e+06,86969.6
40,4794,-4.8833e+06,7.14201e+06,167572
40,4795,1.2725e+07,-6.71066e+06,-610538
40,4796,2.27801e+06,-1.26571e+07,795208
40,4797,1.15068e+07,1.00202e+06,604911
40,4798,5.62807e+06,5.47409e+06,165765
40,4799,484293,1.4854e+07,433483
40,4800,7.7379e+06,-5.38571e+06,176279
40,4801,-936338,8.60837e+06,-116879
40,4802,6.87345e+06,4.03702e+06,286999
40,4803,-1.26871e+06,-1.01472e+07,-798899
40,4804,-1.11704e+07,3.90296e+06,-1.04853e+06
40,4805,9.71142e+06,5.84382e+06,743777
40,4806,-1.11766e+07,-4.43228e+06,-882799
40,4807,-9.29528e+06,147703,247768
40,4808,8.42843e+06,751733,-262663
40,4809,4.12099e+06,1.0051e+07,-17016.8
40,4810,-9.38942e+06,2.44864e+06,-296021
40,4811,1.15034e+07,3.42268e+06,-790933
40,4812,-6.67468e+06,8.0531e+06,-226667
40,4813,1.02801e+07,-8.61581e+06,-674705
40,4814,-1.32761e+07,3.28771e+06,-619040
40,4815,6.89611e+06,-1.31077e+07,1.46872e+06
40,4816,4.93737e+06,6.72846e+06,5634.99
40,4817,5.53993e+06,1.07323e+07,871985
40,4818,-9.6647e+06,5.76561e+06,229677
40,4819,1.1523e+07,3.41865e+06,1.20547e+06
40,4820,9.05565e+06,3.96801e+06,697588
40,4821,6.22991e+06,-1.3543e+07,1.05075e+06
40,4822,1.06687e+07,-5.39634e+06,-1.11311e+06
40,4823,-6.05108e+06,-1.15968e+07,-1.18136e+06
40,4824,-1.12672e+07,-1.3134e+06,434648
40,4825,2.86392e+06,-7.0404e+06,-548685
40,4826,7.77127e+06,-6.83386e+06,125252
40,4827,9.49409e+06,3.23735e+06,345632
40,4828,1.27617e+07,-7.64877e+06,646943
40,4829,227000,7.82383e+06,-490514
40,4830,633260,9.81051e+06,-502741
40,4831,-5.2041e+06,1.07311e+07,422677
40,4832,-9.22593e+06,-1.127e+07,733601
40,4833,-6.48689e+06,1.12099e+07,-1.26017e+06
40,4834,-1.78037e+06,7.21889e+06,281764
40,4835,1.37706e+07,-3.42245e+06,-1.34948e+06
40,4836,-6.73818e+06,1.32733e+07,1.02253e+06
40,4837,7.67664e+06,3.50749e+06,-205262
40,4838,2.30613e+06,1.36447e+07,-959136
40,4839,1.32377e+07,-5.16787e+06,-1.38965e+06
40,4840,-4.87056e+06,1.18539e+07,-321162
40,4841,-9.74339e+06,4.54863e+06,32193.6
40,4842,-1.14274e+07,2.26404e+06,469777
40,4843,-1.19158e+07,4.4404e+06,-910714
40,4844,1.97452e+06,-1.19586e+07,334815
40,4845,1.27166e+06,1.16303e+07,339633
40,4846,8.58901e+06,-4.45223e+06,297413
40,4847,-9.11229e+06,1.29177e+06,638695
40,4848,-9.50879e+06,-1.79944e+06,347774
40,4849,5.79637e+06,1.16755e+07,169838
40,4850,1.40503e+07,-2.6098e+06,446377
40,4851,-1.33313e+07,-6.58371e+06,-170664
40,4852,8.36237e+06,7.76348e+06,-224274
40,4853,6.38946e+06,-8.52422e+06,551419
40,4854,-6.95852e+06,9.51547e+06,-738684
40,4855,-3.93313e+06,-8.94469e+06,-463263
40,4856,-8.04079e+06,6.59666e+06,552809
40,4857,-4.19083e+06,-1.34243e+07,-445614
40,4858,6.28525e+06,8.3391e+06,-693992
40,4859,5.44672e+06,6.25941e+06,-532147
40,4860,6.39271e+06,5.77989e+06,241697
40,4861,1.09263e+07,-1.0074e+07,-1.35421e+06
40,4862,6.7615e+06,-7.84516e+06,-757846
40,4863,-1.13433e+07,-7.73569e+06,1.18714e+06
40,4864,-5.99965e+06,-1.26508e+07,442040
40,4865,6.2763e+06,6.03081e+06,-147225
40,4866,6.61667e+06,5.31357e+06,-335487
40,4867,1.37662e+07,1.70996e+06,-575565
40,4868,-1.03286e+07,-941402,-661196
40,4869,-1.28407e+07,-7.18386e+06,65059
40,4870,-7.04716e+06,325225,476701
40,4871,-5.39703e+06,6.8454e+06,-837992
40,4872,1.34044e+07,6.19929e+06,1.1786e+06
40,4873,-7.95456e+06,-5.18987e+06,340637
40,4874,-7.71457e+06,2.53955e+06,-283444
40,4875,3.96216e+06,-6.27617e+06,-676487
40,4876,-4.99586e+06,1.11334e+07,-752199
40,4877,-1.08937e+07,-5.77196e+06,-455642
40,4878,16184,1.10744e+07,806770
40,4879,23847.5,9.49856e+06,478631
40,4880,-1.10969e+06,7.05191e+06,-177776
40,4881,1.34346e+07,-4.09465e+06,608384
40,4882,-6.74657e+06,-8.61041e+06,-188114
40,4883,8.99493e+06,-2.59926e+06,-721347
40,4884,8.01654e+06,-5.56976e+06,435772
40,4885,7.10654e+06,1.34625e+06,23865.6
40,4886,-1.02603e+07,3.57586e+06,-429643
40,4887,-2.26082e+06,1.47205e+07,-29663.5
40,4888,4.68415e+06,9.08461e+06,-608442
40,4889,9.17539e+06,-1.09949e+07,-862911
40,4890,3.33917e+06,1.35968e+07,354384
40,4891,5.76444e+06,-4.98304e+06,-684806
40,4892,2.35428e+06,-1.11604e+07,-875598
40,4893,9.80607e+06,2.91123e+06,373928
40,4894,-8.6751e+06,-3.68242e+06,817357
40,4895,8.9202e+06,3.09275e+06,331630
40,4896,1.28585e+07,-3.25313e+06,-909052
40,4897,5.85352e+06,-8.25304e+06,621573
40,4898,-1.68947e+06,1.18676e+07,-517986
40,4899,7.16475e+06,-3.50261e+06,-522081
40,4900,-9.86692e+06,-6.05987e+06,-301977
40,4901,-4.57642e+06,-8.68592e+06,-219293
40,4902,-7.42935e+06,5.12212e+06,555713
40,4903,-9.49899e+06,-1.12297e+07,830647
40,4904,-7.76067e+06,-8.08797e+06,1.09743e+06
40,4905,9.46506e+06,4.46087e+06,958780
40,4906,-1.07944e+07,7.7399e+06,1.28529e+06
40,4907,-6.96286e+06,6.8422e+06,214197
40,4908,-2.65552e+06,-8.77994e+06,-637612
40,4909,-7.60705e+06,-1.99323e+06,87222.3
40,4910,7.71433e+06,-1.46674e+06,115026
40,4911,-3.34795e+06,7.47842e+06,492294
40,4912,3.99768e+06,1.04094e+07,-887353
40,4913,-5.66512e+06,8.77069e+06,325602
40,4914,-10823.2,1.43657e+07,1.02224e+06
40,4915,1.18013e+07,-8.08478e+06,1.29679e+06
40,4916,-1.13087e+07,-7.79447e+06,-247642
40,4917,7.78403e+06,-7.66574e+06,-434060
40,4918,5.00685e+06,6.56521e+06,540419
40,4919,-1.30786e+07,-32731.9,-589187
40,4920,1.20018e+07,3.19508e+06,169456
40,4921,1.01214e+07,-1.15823e+06,15399.1
40,4922,-2.43901e+06,-1.11546e+07,-35300.6
40,4923,-8.45447e+06,-2.30095e+06,780204
40,4924,-4.14554e+06,-9.35508e+06,980978
40,4925,-7.18253e+06,-1.15772e+07,643447
40,4926,1.40216e+07,-3.40134e+06,1.35711e+06
40,4927,-9.12145e+06,7.75562e+06,-879853
40,4928,9.50227e+06,-3.28434e+06,785126
40,4929,-1.08213e+07,-2.81401e+06,-427405
40,4930,-2.11032e+06,-1.04226e+07,-207481
40,4931,-8.13713e+06,-2.42633e+06,-466657
40,4932,-1.15152e+07,9.20912e+06,1.21066e+06
40,4933,3.02336e+06,8.26661e+06,205732
40,4934,-1.19765e+07,-5.58746e+06,-714784
40,4935,-5.15318e+06,-5.1472e+06,-537978
40,4936,-4.13158e+06,-8.79163e+06,-782365
40,4937,7.27326e+06,3.28029e+06,793706
40,4938,8.51288e+06,-5.413e+06,-416567
40,4939,2.29286e+06,1.28223e+07,-4363.7
40,4940,5.69715e+06,-1.23199e+07,799697
40,4941,3.04175e+06,1.3245e+07,-48329.3
40,4942,8.55275e+06,-6.70887e+06,-441688
40,4943,-1.38229e+07,4.18901e+06,490604
40,4944,-7.87011e+06,4.65381e+06,383704
40,4945,1.01562e+07,-4.45315e+06,526188
40,4946,8.86807e+06,-7.33579e+06,381132
40,4947,43049.1,1.21759e+07,-256033
40,4948,9.83191e+06,-7.65084e+06,-459711
40,4949,-7.0707e+06,-5.0542e+06,-753831
40,4950,-3.46853e+06,-1.22286e+07,-368750
40,4951,-1.41295e+07,-411332,412159
40,4952,-7.64684e+06,4.05181e+06,628047
40,4953,-6.89443e+06,5.30281e+06,-316448
40,4954,-2.30007e+06,7.86799e+06,-438260
40,4955,-590039,-1.43669e+07,-529036
40,4956,1.29467e+07,2.04101e+06,69519.9
40,4957,6.57581e+06,6.11004e+06,689983
40,4958,4.02414e+06,-7.59311e+06,-149081
40,4959,-473428,-7.0974e+06,136974
40,4960,-2.16986e+06,9.47271e+06,-830290
40,4961,-1.44777e+07,332558,-1.20307e+06
40,4962,-2.72419e+06,1.36559e+07,-826331
40,4963,-8.35626e+06,-3.88231e+06,-786505
40,4964,8.73979e+06,-6.40084e+06,-676309
40,4965,-7.8222e+06,5.64803e+06,166329
40,4966,-1.14061e+07,8.62643e+06,-1.23521e+06
40,4967,3.35045e+06,9.18733e+06,296831
40,4968,-2.17593e+06,6.89895e+06,65300.6
40,4969,-8.63499e+06,-3.14951e+06,-709369
40,4970,-3.89073e+06,1.39584e+07,1.2287e+06
40,4971,2.16473e+06,-9.34701e+06,-487270
40,4972,-5.72882e+06,1.09501e+07,22634.1
40,4973,-1.03818e+07,-6.76086e+06,188991
40,4974,-254692,7.5205e+06,108038
40,4975,-334960,7.12837e+06,-386542
40,4976,-8.7089e+06,-2.26152e+06,147437
40,4977,-1.08684e+07,9.17011e+06,1.21601e+06
40,4978,1.05191e+07,-6.15704e+06,813965
40,4979,-7.90047e+06,9.66602e+06,-646861
40,4980,8.42821e+06,-2.3226e+06,803659
40,4981,9.65376e+06,-8.33453e+06,1.0711e+06
40,4982,-7.45996e+06,-8.20734e+06,-180191
40,4983,9.98306e+06,2.72047e+06,-136918
40,4984,-1.10064e+07,5.60993e+06,921665
40,4985,6.28354e+06,7.31317e+06,601355
40,4986,404306,1.23847e+07,90321.4
40,4987,9.5612e+06,-3.58879e+06,219191
40,4988,-8.23603e+06,-395844,598588
40,4989,6.97429e+06,-1.02003e+07,-617248
40,4990,714476,-1.40739e+07,645548
40,4991,7.60164e+06,-6.13535e+06,269547
40,4992,-9.0161e+06,1.04212e+07,-978103
40,4993,-9.34913e+06,2.42523e+06,64510.5
40,4994,-1.05281e+07,-3.39096e+06,756891
40,4995,-3.61804e+06,7.50959e+06,648799
40,4996,-9.82002e+06,-5.9532e+06,-50373.5
40,4997,3.42004e+06,1.08658e+07,106754
40,4998,-1.35627e+07,-6.2065e+06,-1.36271e+06
40,4999,-1.07496e+07,7.89853e+06,-925306
