>>> Compiling on general-dy-general-cr-21...
    Done.
>>> Running VTune...
Step 0:
Body 0: (5.41775e+06,1.22028e+07,747635)
Body 1: (-1.10658e+07,3.91249e+06,-941038)
Body 2: (-5.3504e+06,9.20473e+06,-761759)
Body 3: (1.1435e+07,4.2379e+06,541814)
Body 4: (1.4438e+07,75888.9,1.42594e+06)
Body 5: (-9.07225e+06,-7.67289e+06,-1.17521e+06)
Body 6: (-7.09505e+06,-1.12099e+06,-143880)
Body 7: (7.26412e+06,-1.20137e+06,-393885)
Body 8: (-5.67807e+06,-5.23449e+06,-181576)
Body 9: (-1.45063e+07,3.06894e+06,1.06924e+06)
Body 10: (-1.17911e+07,3.78438e+06,-1.20932e+06)
Body 11: (-1.33977e+07,-5.6331e+06,-333125)
Body 12: (845044,7.06783e+06,-369015)
Body 13: (-9.58054e+06,-7.93271e+06,830114)
Body 14: (-6.48895e+06,5.28679e+06,-532653)
Body 15: (-1.16098e+07,5.89496e+06,-761424)
Body 16: (1.12913e+07,2.25663e+06,789486)
Body 17: (-8.35348e+06,6.45925e+06,903252)
Body 18: (-5.93398e+06,1.13605e+07,180587)
Body 19: (1.08117e+07,-2.68512e+06,768851)
Body 20: (-1.25738e+07,-3.2082e+06,225170)
Body 21: (-1.15016e+07,-9.16605e+06,-659329)
Body 22: (4.72836e+06,8.03876e+06,-906296)
Body 23: (-8.19957e+06,6.36218e+06,-428894)
Body 24: (2.23796e+06,6.74469e+06,300550)
Body 25: (-1.04351e+07,-8.20254e+06,1.13441e+06)
Body 26: (1.04841e+07,-6.19721e+06,853999)
Body 27: (8.74166e+06,5.98124e+06,-273721)
Body 28: (-6.21937e+06,-1.06681e+07,225506)
Body 29: (-8.52035e+06,-3.45779e+06,-215343)
Body 30: (8.59776e+06,-1.19963e+07,654938)
Body 31: (-344060,8.84367e+06,-815764)
Body 32: (9.72447e+06,8.1442e+06,-153903)
Body 33: (6.83551e+06,-5.24125e+06,-42430.8)
Body 34: (-3.84687e+06,-1.08123e+07,-829266)
Body 35: (-1.14448e+07,-2.93234e+06,-702461)
Body 36: (-1.1814e+07,-8.46181e+06,566401)
Body 37: (-9.95857e+06,-9.88556e+06,-573854)
Body 38: (-7.5432e+06,2.10545e+06,-441474)
Body 39: (7.67535e+06,-6.90719e+06,-362902)
Body 40: (-4.92942e+06,6.23766e+06,648314)
Body 41: (-5.46862e+06,-7.31266e+06,-915226)
Body 42: (-3.31244e+06,9.22159e+06,-658159)
Body 43: (-1.12138e+07,1.06613e+06,433748)
Body 44: (330512,9.12918e+06,-606933)
Body 45: (-8.16956e+06,-3.12961e+06,-168278)
Body 46: (-192003,7.50705e+06,-380492)
Body 47: (-2.93934e+06,-1.21899e+07,-884010)
Body 48: (-1.57471e+06,1.48305e+07,1.42596e+06)
Body 49: (1.00611e+07,2.12626e+06,-318740)
Body 50: (-5.08742e+06,-1.09505e+07,74705.4)
Body 51: (-9.99951e+06,-3.4577e+06,196177)
Body 52: (-5.22083e+06,5.57329e+06,-394157)
Body 53: (-1.31314e+07,2.47372e+06,1.29598e+06)
Body 54: (4.12951e+06,-9.29656e+06,607702)
Body 55: (-8.18821e+06,-429164,321276)
Body 56: (-6.36455e+06,1.22956e+07,-775471)
Body 57: (4.63729e+06,-1.18052e+07,-384003)
Body 58: (7.23428e+06,-2.82908e+06,-159150)
Body 59: (5.83571e+06,-9.48344e+06,391428)
Body 60: (3.27079e+06,1.24591e+07,106783)
Body 61: (1.67934e+06,1.24268e+07,-816346)
Body 62: (-1.47588e+07,-1.55354e+06,-710418)
Body 63: (1.46182e+07,-3.22185e+06,174527)
Body 64: (5.27216e+06,1.30204e+07,-621659)
Body 65: (7.17863e+06,-1.03196e+07,897381)
Body 66: (7.77969e+06,-6.61349e+06,717835)
Body 67: (3.19337e+06,-1.41202e+07,489468)
Body 68: (-8.0657e+06,8.3375e+06,1.02379e+06)
Body 69: (-3.13097e+06,1.44426e+07,-575561)
Body 70: (-1.02699e+07,3.44329e+06,1.07467e+06)
Body 71: (8.35245e+06,959625,-10267.6)
Body 72: (-5.63176e+06,6.26008e+06,411536)
Body 73: (-4.56011e+06,1.19249e+07,108625)
Body 74: (-7.23771e+06,-8.35864e+06,-552274)
Body 75: (1.16168e+07,-1.54383e+06,-31073.6)
Body 76: (-1.30515e+07,5.70119e+06,-427176)
Body 77: (-5.90971e+06,-1.05914e+07,884933)
Body 78: (-8.84048e+06,38090.8,127320)
Body 79: (1.25947e+07,3.5453e+06,1.29839e+06)
Body 80: (-1.98708e+06,1.05423e+07,824436)
Body 81: (1.2416e+07,-3.76509e+06,-439347)
Body 82: (-1.0214e+07,-4.99386e+06,1.09559e+06)
Body 83: (-2.60847e+06,7.12583e+06,-469687)
Body 84: (-9.10636e+06,838021,-232902)
Body 85: (5.65202e+06,-8.39457e+06,872505)
Body 86: (1.9225e+06,7.31033e+06,258832)
Body 87: (-264295,9.85736e+06,-403950)
Body 88: (5.5568e+06,-7.77317e+06,-695650)
Body 89: (-1.19681e+07,-4.13043e+06,-515553)
Body 90: (-409961,1.03476e+07,230998)
Body 91: (7.64595e+06,256394,195727)
Body 92: (7.71381e+06,3.69326e+06,-176574)
Body 93: (5.58471e+06,-4.81393e+06,-698667)
Body 94: (-1.07684e+07,4.37709e+06,400085)
Body 95: (5.37768e+06,7.92892e+06,926130)
Body 96: (8.76006e+06,-1.0526e+07,-684599)
Body 97: (-2.4082e+06,6.90244e+06,54219)
Body 98: (4.51896e+06,-8.47349e+06,-439088)
Body 99: (-1.41627e+07,3.89154e+06,1.00627e+06)
Body 100: (-7.25982e+06,4.51301e+06,341276)
Body 101: (5.41755e+06,5.98272e+06,760172)
Body 102: (1.22918e+07,3.24982e+06,-257316)
Body 103: (-385091,-1.04481e+07,-521391)
Body 104: (7.3998e+06,4.12894e+06,-121498)
Body 105: (1.16389e+07,4.46207e+06,1.03751e+06)
Body 106: (667424,1.04828e+07,-855078)
Body 107: (7.75849e+06,-3.37228e+06,234005)
Body 108: (-6.12979e+06,-9.29309e+06,-143234)
Body 109: (1.22648e+07,3.79722e+06,169583)
Body 110: (6.01434e+06,5.66909e+06,-261461)
Body 111: (6.41133e+06,4.31632e+06,-291651)
Body 112: (6.67212e+06,1.31737e+07,-1.43046e+06)
Body 113: (4.59071e+06,-1.22701e+07,-402832)
Body 114: (-6.28115e+06,-8.62982e+06,-967407)
Body 115: (1.10386e+07,-9.51967e+06,-697598)
Body 116: (6.51158e+06,-2.88591e+06,1481.3)
Body 117: (-4.55459e+06,-1.03545e+07,262148)
Body 118: (1.36325e+07,-4.97497e+06,1.06767e+06)
Body 119: (3.80798e+06,-1.14679e+07,428347)
Body 120: (7.99129e+06,8.35925e+06,720715)
Body 121: (-9.51176e+06,-9.63245e+06,868730)
Body 122: (3.27385e+06,1.17519e+07,-551884)
Body 123: (-6.22867e+06,6.04488e+06,-802607)
Body 124: (-6.18309e+06,1.02146e+07,371993)
Body 125: (-4.19263e+06,-9.16455e+06,-321348)
Body 126: (-9.07614e+06,219394,350416)
Body 127: (8.98573e+06,-3.77156e+06,-900692)
Body 128: (1.01305e+07,-2.08624e+06,99238.5)
Body 129: (-9.43617e+06,-4.34045e+06,157731)
Body 130: (8.91852e+06,9.23319e+06,-642349)
Body 131: (7.81976e+06,-8.62679e+06,144076)
Body 132: (-3.79061e+06,-8.05078e+06,427295)
Body 133: (-6.40896e+06,6.18356e+06,61142.8)
Body 134: (-8.43458e+06,7.00402e+06,-443968)
Body 135: (7.33026e+06,2.56809e+06,714311)
Body 136: (-8.40669e+06,1.08424e+07,1.25693e+06)
Body 137: (-1.234e+07,1.355e+06,-17316.1)
Body 138: (6.42322e+06,4.18203e+06,157057)
Body 139: (2.63598e+06,1.10748e+07,1.01861e+06)
Body 140: (9.98253e+06,8.63832e+06,1.14058e+06)
Body 141: (1.4731e+07,-371484,-1.31236e+06)
Body 142: (-1.23513e+07,-3.67137e+06,530742)
Body 143: (-5.58135e+06,-1.36162e+07,993238)
Body 144: (7.35781e+06,-1.18323e+07,-205975)
Body 145: (-6.97612e+06,5.28774e+06,687514)
Body 146: (-8.13203e+06,-689505,-435850)
Body 147: (7.58429e+06,-8.79929e+06,885418)
Body 148: (7.44158e+06,-4.86725e+06,163433)
Body 149: (-2.53975e+06,-9.46692e+06,-35939)
Body 150: (-2.7819e+06,-9.61697e+06,-503541)
Body 151: (-8.82762e+06,3.84919e+06,-474808)
Body 152: (-9.21271e+06,-4.4467e+06,493401)
Body 153: (5.79926e+06,-1.17708e+07,641414)
Body 154: (970343,1.2408e+07,-248395)
Body 155: (9.3837e+06,5.38999e+06,61402.4)
Body 156: (3.36418e+06,-9.88607e+06,1.00118e+06)
Body 157: (-5.03274e+06,1.02293e+07,-1.04398e+06)
Body 158: (1.25648e+07,-6.99272e+06,-710958)
Body 159: (1.11509e+07,5.72639e+06,-838064)
Body 160: (-2.40481e+06,8.35225e+06,864746)
Body 161: (-9.38431e+06,8.34986e+06,596104)
Body 162: (1.37898e+07,-3.65527e+06,-1.26481e+06)
Body 163: (7.94759e+06,6.31445e+06,-333753)
Body 164: (-5.03853e+06,-6.66522e+06,-186742)
Body 165: (-889622,8.78679e+06,-246742)
Body 166: (-8.65448e+06,2.61151e+06,-848039)
Body 167: (-7.83912e+06,4.88414e+06,189889)
Body 168: (6.11376e+06,6.78716e+06,-776120)
Body 169: (-1.25781e+07,7.25882e+06,235755)
Body 170: (1.24188e+07,7.11532e+06,1.08025e+06)
Body 171: (5.81376e+06,9.8188e+06,-202553)
Body 172: (-1.30593e+07,1.6134e+06,1.28116e+06)
Body 173: (-20217.8,-1.00116e+07,-214302)
Body 174: (-1.23197e+07,-5.71656e+06,-1.18864e+06)
Body 175: (4.83483e+06,5.41604e+06,-708393)
Body 176: (-2.71567e+06,-7.10113e+06,52225.6)
Body 177: (1.11133e+07,-6.73997e+06,221366)
Body 178: (575117,-1.27922e+07,-312890)
Body 179: (2.47909e+06,8.56613e+06,-443675)
Body 180: (2.42891e+06,8.84408e+06,695100)
Body 181: (1.24783e+07,3.79287e+06,-603827)
Body 182: (-7.177e+06,75290.9,-34149.3)
Body 183: (-4.84286e+06,1.27338e+07,863218)
Body 184: (1.25029e+07,7.7664e+06,860012)
Body 185: (-1.16269e+07,1.45953e+06,-186251)
Body 186: (-8.48425e+06,-1.01809e+07,809534)
Body 187: (-1.04834e+07,-9.51794e+06,1.36483e+06)
Body 188: (-7.74905e+06,-8.98368e+06,130072)
Body 189: (-1.13473e+06,-7.6439e+06,73332)
Body 190: (8.96876e+06,-5.64732e+06,-428504)
Body 191: (-3.60281e+06,-1.05721e+07,663045)
Body 192: (5.83444e+06,-8.92081e+06,573850)
Body 193: (7.21525e+06,2.14622e+06,181913)
Body 194: (2.47722e+06,9.45907e+06,155778)
Body 195: (-9.46517e+06,-2.26409e+06,-77627.3)
Body 196: (-9.45678e+06,6.8363e+06,461557)
Body 197: (-2.77716e+06,-7.96918e+06,-149118)
Body 198: (-1.38676e+07,-1.33699e+06,1.32222e+06)
Body 199: (1.92296e+06,1.16332e+07,759897)
Body 200: (-5.59902e+06,7.94283e+06,-912644)
Body 201: (-1.11185e+07,-2.44908e+06,-327998)
Body 202: (9.76026e+06,1.02389e+07,-480853)
Body 203: (8.00422e+06,5.25044e+06,-36097.7)
Body 204: (-1.2439e+07,-918367,-857039)
Body 205: (9.98969e+06,169205,737282)
Body 206: (-6.25253e+06,-4.39014e+06,745338)
Body 207: (1.00196e+07,-5.17478e+06,-595716)
Body 208: (-1.28145e+07,-2.55591e+06,576667)
Body 209: (4.47545e+06,5.99159e+06,-549738)
Body 210: (6.98414e+06,-1.03448e+07,623648)
Body 211: (4.86897e+06,-5.35918e+06,-211276)
Body 212: (8.03388e+06,6.22906e+06,483048)
Body 213: (-7.76354e+06,-3.30728e+06,575917)
Body 214: (-7.51201e+06,-1.70314e+06,-411379)
Body 215: (-9.61039e+06,1.57948e+06,-282316)
Body 216: (-1.20894e+07,1.55374e+06,205278)
Body 217: (-1.20514e+07,-4.58078e+06,223156)
Body 218: (-8.33318e+06,7.93906e+06,-374316)
Body 219: (-1.1059e+07,-8.87305e+06,-725577)
Body 220: (-5.2989e+06,9.57641e+06,951712)
Body 221: (1.08207e+06,6.97427e+06,-190100)
Body 222: (6.4365e+06,-8.75385e+06,-897592)
Body 223: (1.26017e+07,4.60121e+06,919895)
Body 224: (7.35789e+06,854462,291943)
Body 225: (1.1929e+07,-9.05479e+06,227653)
Body 226: (1.42664e+07,480535,1.36036e+06)
Body 227: (-1.84194e+06,-1.07468e+07,700665)
Body 228: (-1.24387e+07,-2.78911e+06,-59609.1)
Body 229: (3.79629e+06,1.31101e+07,1.28124e+06)
Body 230: (3.94831e+06,1.20427e+07,599260)
Body 231: (-2.97395e+06,-1.08214e+07,601612)
Body 232: (-7.66368e+06,-301265,664329)
Body 233: (-7.94236e+06,-5.3243e+06,-250137)
Body 234: (-1.01398e+07,-3.20292e+06,104047)
Body 235: (-3.42432e+06,-7.87206e+06,-709204)
Body 236: (8.08548e+06,144745,-621156)
Body 237: (-8.45767e+06,-6.66247e+06,634435)
Body 238: (4.64534e+06,-6.32065e+06,386201)
Body 239: (9.32743e+06,-4.1738e+06,1.00657e+06)
Body 240: (-6.25144e+06,5.91841e+06,736013)
Body 241: (1.2173e+07,3.80061e+06,718764)
Body 242: (48296.1,-1.3599e+07,815662)
Body 243: (5.27885e+06,1.25142e+07,-718640)
Body 244: (1.00998e+07,-6.59425e+06,-443604)
Body 245: (-4.77949e+06,-1.06857e+07,-112501)
Body 246: (1.02673e+07,-7.48554e+06,315440)
Body 247: (-1.04912e+07,4.24339e+06,175395)
Body 248: (-7.64604e+06,6.19814e+06,62713.5)
Body 249: (982629,7.46831e+06,64555.5)
Body 250: (-5.19648e+06,9.05613e+06,481779)
Body 251: (6.24764e+06,1.08426e+07,949431)
Body 252: (-581849,-1.09468e+07,160390)
Body 253: (231165,-1.49669e+07,620000)
Body 254: (8.21161e+06,1.03419e+07,-781236)
Body 255: (-1.26872e+07,474396,647131)
Body 256: (-7.61484e+06,-1.78402e+06,-189585)
Body 257: (-8.45876e+06,-6.48072e+06,4876.92)
Body 258: (-1.1276e+07,962976,-206094)
Body 259: (1.31334e+07,1.01449e+06,259381)
Body 260: (-2.42428e+06,-1.12639e+07,228229)
Body 261: (1.31616e+07,-3.45541e+06,-428716)
Body 262: (-7.81808e+06,4.06315e+06,-373929)
Body 263: (1.01144e+07,-6.24803e+06,-859571)
Body 264: (-301823,7.79253e+06,352876)
Body 265: (9.36752e+06,7.0142e+06,982387)
Body 266: (1.31747e+07,1.92473e+06,403201)
Body 267: (-9.24892e+06,9.30697e+06,-1.13405e+06)
Body 268: (6.02347e+06,4.63592e+06,518332)
Body 269: (1.02214e+07,9.95136e+06,-754191)
Body 270: (3.22865e+06,7.65195e+06,561439)
Body 271: (-3.63692e+06,8.93067e+06,-526257)
Body 272: (-8.60607e+06,8.1446e+06,579284)
Body 273: (2.03952e+06,-8.39869e+06,179314)
Body 274: (-6.78512e+06,4.03301e+06,574880)
Body 275: (-1.4052e+07,3.07076e+06,-55126.8)
Body 276: (-1.21975e+07,-7.43535e+06,-1.33856e+06)
Body 277: (154074,1.42994e+07,222049)
Body 278: (8.12897e+06,1.76411e+06,-313789)
Body 279: (-2.28599e+06,1.30241e+07,-741017)
Body 280: (-8.62214e+06,-831325,826332)
Body 281: (-9.95946e+06,-3.75598e+06,769059)
Body 282: (4.50589e+06,1.03317e+07,-452013)
Body 283: (-7.57718e+06,5.69455e+06,-138796)
Body 284: (-7.83776e+06,1.08663e+07,-85127)
Body 285: (-8.61369e+06,8.31555e+06,807133)
Body 286: (-3.19928e+06,1.12426e+07,500730)
Body 287: (-1.09579e+07,-2.41618e+06,-42443)
Body 288: (1.06007e+06,-1.089e+07,-870627)
Body 289: (8.5925e+06,4.4196e+06,489817)
Body 290: (7.34128e+06,-5.50877e+06,48789.4)
Body 291: (1.32588e+07,-1.75999e+06,910341)
Body 292: (-1.16733e+07,7.61077e+06,144158)
Body 293: (2.99341e+06,8.52058e+06,9948.46)
Body 294: (-6.26033e+06,9.95432e+06,163331)
Body 295: (-1.31989e+07,-4.9195e+06,622477)
Body 296: (1.34064e+07,-945558,277427)
Body 297: (1.30356e+07,-3.11104e+06,1.19431e+06)
Body 298: (-6.76246e+06,4.50137e+06,-286086)
Body 299: (-5.14147e+06,-5.71426e+06,362941)
Body 300: (9.85094e+06,9.58701e+06,1.03688e+06)
Body 301: (-3.44787e+06,-1.1601e+07,996154)
Body 302: (-6.15554e+06,1.02692e+07,779584)
Body 303: (9.6538e+06,2.11527e+06,654514)
Body 304: (1.46217e+06,-9.64769e+06,-267905)
Body 305: (2.62724e+06,1.35741e+07,1.31618e+06)
Body 306: (9.96736e+06,8.71022e+06,174146)
Body 307: (-1.4609e+07,2.68033e+06,-945599)
Body 308: (-1.08318e+07,-855652,525620)
Body 309: (-1.02903e+07,7.22041e+06,-709685)
Body 310: (-1.06921e+07,5.72334e+06,-893530)
Body 311: (-5.11913e+06,-1.32399e+07,520293)
Body 312: (-1.3318e+07,-2.51673e+06,855164)
Body 313: (1.00164e+07,4.50463e+06,-208152)
Body 314: (-2.03142e+06,-1.07556e+07,-863040)
Body 315: (-703513,8.08073e+06,-379076)
Body 316: (-64573.4,1.28528e+07,342221)
Body 317: (-9.78788e+06,-4.86249e+06,740173)
Body 318: (1.34694e+06,-1.01448e+07,-159586)
Body 319: (9.48338e+06,-2.51572e+06,-620176)
Body 320: (1.01869e+06,-7.62619e+06,-666027)
Body 321: (-1.26024e+07,5.24269e+06,1.13692e+06)
Body 322: (-9.77727e+06,-8.13769e+06,1.14619e+06)
Body 323: (9.72862e+06,-2.88052e+06,-741981)
Body 324: (-1.36233e+06,1.0784e+07,86617.6)
Body 325: (4.50738e+06,-6.94112e+06,574308)
Body 326: (8.24807e+06,1.20923e+07,361128)
Body 327: (-6.03484e+06,8.94351e+06,-320445)
Body 328: (-2.87236e+06,-9.89176e+06,202502)
Body 329: (9.44848e+06,4.89113e+06,-900607)
Body 330: (6.84255e+06,-1.40039e+06,-693363)
Body 331: (-3.09009e+06,7.17265e+06,480810)
Body 332: (3.65854e+06,-1.42231e+07,559989)
Body 333: (9.51019e+06,5.76971e+06,1.02216e+06)
Body 334: (-8.38009e+06,-1.00033e+07,676669)
Body 335: (-8.28201e+06,-9.67251e+06,1.22769e+06)
Body 336: (-8.59107e+06,-1.13268e+07,549521)
Body 337: (-3.55323e+06,-6.47057e+06,-674863)
Body 338: (1.17053e+07,-41712.7,130653)
Body 339: (-4.14337e+06,9.92444e+06,-817799)
Body 340: (4.51541e+06,1.1988e+07,-987611)
Body 341: (2.91812e+06,-9.94224e+06,508261)
Body 342: (-7.14751e+06,2.06193e+06,33378.3)
Body 343: (-7.12774e+06,-9.84198e+06,-328918)
Body 344: (-1.13711e+07,1.35356e+06,883500)
Body 345: (-1.04795e+07,4.06433e+06,-214744)
Body 346: (3.8577e+06,-1.09176e+07,88932.5)
Body 347: (-931434,-1.22578e+07,49586.1)
Body 348: (7.44416e+06,-7.28132e+06,-171819)
Body 349: (1.06229e+07,-639354,-1.06727e+06)
Body 350: (-6.30802e+06,5.62548e+06,733084)
Body 351: (7.5162e+06,455761,-675461)
Body 352: (7.49252e+06,1.81101e+06,-31170.4)
Body 353: (-1.58749e+06,1.15349e+07,-236894)
Body 354: (-4e+06,6.61871e+06,34830.7)
Body 355: (1.28549e+07,275895,-84064.2)
Body 356: (5.64466e+06,-7.47558e+06,404081)
Body 357: (-1.99582e+06,1.15016e+07,960171)
Body 358: (5.68125e+06,4.67754e+06,-159525)
Body 359: (7.68581e+06,-2.15165e+06,476233)
Body 360: (-7.66415e+06,-4.77452e+06,873770)
Body 361: (-1.1304e+07,-8.30642e+06,1.13513e+06)
Body 362: (-615167,-1.48443e+07,-1.29588e+06)
Body 363: (5.35145e+06,-8.68087e+06,-550054)
Body 364: (9.88254e+06,9.32742e+06,-1.23471e+06)
Body 365: (9.76323e+06,2.30063e+06,919908)
Body 366: (4.27186e+06,-1.2917e+07,353207)
Body 367: (-8.67077e+06,-1.00602e+06,169841)
Body 368: (-725609,1.11767e+07,34156)
Body 369: (1.08922e+07,-244775,867840)
Body 370: (-7.65482e+06,-7.46746e+06,530577)
Body 371: (5.7389e+06,-4.44672e+06,523814)
Body 372: (-8.25831e+06,6.72236e+06,-483860)
Body 373: (1.03683e+07,2.97461e+06,761053)
Body 374: (-3.46427e+06,6.37591e+06,627905)
Body 375: (-2.52665e+06,1.26154e+07,-637000)
Body 376: (-2.33851e+06,-6.61057e+06,-634510)
Body 377: (1.09114e+07,-2.64091e+06,-878646)
Body 378: (1.40815e+07,-749642,-1.23983e+06)
Body 379: (-1.39448e+07,-1.41897e+06,1.14212e+06)
Body 380: (-6.0644e+06,-9.85345e+06,101308)
Body 381: (-1.39913e+06,-1.38453e+07,59171.3)
Body 382: (406712,1.39066e+07,-954949)
Body 383: (-4.17231e+06,7.14255e+06,-432699)
Body 384: (1.13516e+07,8.90758e+06,574562)
Body 385: (6.24387e+06,-5.73438e+06,784392)
Body 386: (7.74048e+06,-7.34583e+06,-1.05961e+06)
Body 387: (1.80417e+06,1.33933e+07,1.10713e+06)
Body 388: (-6.56551e+06,-2.42698e+06,359592)
Body 389: (3.1549e+06,8.46964e+06,-753535)
Body 390: (-8.91123e+06,-3.52505e+06,-737734)
Body 391: (9.97664e+06,575641,637791)
Body 392: (-1.66866e+06,7.81421e+06,-771978)
Body 393: (5.61428e+06,-8.82027e+06,-225557)
Body 394: (202583,-8.41947e+06,487003)
Body 395: (1.09865e+06,-8.28394e+06,749567)
Body 396: (1.10115e+06,-8.25062e+06,347423)
Body 397: (1.00434e+07,3.83194e+06,-916583)
Body 398: (1.37846e+07,-848974,486484)
Body 399: (-6.33509e+06,-8.45591e+06,199497)
Body 400: (9.20339e+06,4.03259e+06,647010)
Body 401: (4.17864e+06,-9.04375e+06,-493527)
Body 402: (3.78817e+06,5.89603e+06,-44096.3)
Body 403: (1.16234e+07,8.69868e+06,1.0302e+06)
Body 404: (5.15089e+06,-9.95324e+06,-452172)
Body 405: (1.96313e+06,-1.35582e+07,-740350)
Body 406: (5.42077e+06,-5.90542e+06,744807)
Body 407: (-841070,-7.177e+06,593181)
Body 408: (1.34988e+07,-3.05458e+06,720597)
Body 409: (-4.00244e+06,9.74143e+06,-377736)
Body 410: (-328468,-1.27682e+07,-766345)
Body 411: (-3.04304e+06,-1.36078e+07,175006)
Body 412: (-1.03515e+07,-2.88947e+06,-733570)
Body 413: (7.23112e+06,4.67166e+06,-597281)
Body 414: (-1.03872e+07,-2.01167e+06,-1.02339e+06)
Body 415: (-3.65697e+06,1.28176e+07,1.10037e+06)
Body 416: (5.81002e+06,1.35463e+07,-111737)
Body 417: (-5.7084e+06,-4.06567e+06,150429)
Body 418: (-8.36723e+06,-3.2238e+06,-492700)
Body 419: (-4.79795e+06,-6.75013e+06,-288439)
Body 420: (-1.06583e+07,4.74593e+06,1.13375e+06)
Body 421: (-7.99104e+06,1.80023e+06,295763)
Body 422: (1.00273e+07,-1.60122e+06,450921)
Body 423: (546899,-1.21934e+07,1.10801e+06)
Body 424: (-2.28632e+06,-1.40602e+07,710442)
Body 425: (6.51744e+06,4.92093e+06,115817)
Body 426: (-7.09198e+06,781926,-413791)
Body 427: (1.577e+06,-9.60148e+06,860895)
Body 428: (-7.38137e+06,-1.62049e+06,579304)
Body 429: (3.46178e+06,-6.82973e+06,-217821)
Body 430: (9.46488e+06,-1.34257e+06,-572618)
Body 431: (5.42635e+06,-1.12527e+07,-1.14961e+06)
Body 432: (1.1763e+07,-3.68984e+06,-928285)
Body 433: (-1.17245e+07,-7.95037e+06,330422)
Body 434: (-3.5874e+06,1.13028e+07,1.03478e+06)
Body 435: (-1.02688e+07,-1.03156e+07,825950)
Body 436: (-1.18354e+07,1.15811e+06,382624)
Body 437: (-9.32909e+06,-6.5617e+06,648153)
Body 438: (1.04683e+07,2.74701e+06,-728386)
Body 439: (-1.64889e+06,-1.03768e+07,196039)
Body 440: (-1.20966e+07,1.5781e+06,282440)
Body 441: (-9.4535e+06,1.78557e+06,470399)
Body 442: (-1.27269e+07,5.62973e+06,-1.27366e+06)
Body 443: (8.21747e+06,1.0903e+06,254174)
Body 444: (-9.31483e+06,-2.55357e+06,-12987.1)
Body 445: (-6.27594e+06,4.35731e+06,-427442)
Body 446: (2.96258e+06,9.88898e+06,704001)
Body 447: (8.14051e+06,-2.04052e+06,-141160)
Body 448: (-9.48939e+06,-9.95709e+06,647914)
Body 449: (-1.3135e+07,-405481,113808)
Body 450: (-9.40909e+06,-5.81844e+06,-1.04433e+06)
Body 451: (-7.97908e+06,-6.29319e+06,198642)
Body 452: (-7.45878e+06,-1.09864e+07,1.31125e+06)
Body 453: (-5.87475e+06,7.16863e+06,-215347)
Body 454: (5.51555e+06,-9.18235e+06,-566542)
Body 455: (-1.09393e+07,7.39661e+06,269043)
Body 456: (-8.41598e+06,8.63839e+06,30428.7)
Body 457: (9.34397e+06,4.34177e+06,-129489)
Body 458: (-6.43746e+06,4.36501e+06,144557)
Body 459: (-6.047e+06,-9.89592e+06,-940824)
Body 460: (-4.6546e+06,1.12929e+07,-246654)
Body 461: (1.38391e+07,791441,245136)
Body 462: (-9.38108e+06,7.11397e+06,-619787)
Body 463: (6.61524e+06,-5.91913e+06,-102932)
Body 464: (-9.14856e+06,3.04365e+06,326763)
Body 465: (-7.75833e+06,2.54403e+06,143526)
Body 466: (-236830,1.4581e+07,-410615)
Body 467: (-7.90113e+06,-6.17965e+06,-287496)
Body 468: (2.23975e+06,-1.10336e+07,462731)
Body 469: (6.95571e+06,-7.95914e+06,122917)
Body 470: (1.10055e+07,2.40719e+06,1.10006e+06)
Body 471: (933514,7.89671e+06,-714871)
Body 472: (1.90887e+06,1.19436e+07,-775127)
Body 473: (6.13549e+06,4.66464e+06,130530)
Body 474: (-9.99819e+06,7.51168e+06,-50279.9)
Body 475: (1.2405e+07,1.36572e+06,-441648)
Body 476: (-1.29328e+07,-7.12769e+06,-726455)
Body 477: (-6.14856e+06,9.32978e+06,72059.6)
Body 478: (5.36121e+06,5.91838e+06,-570272)
Body 479: (-1.54825e+06,-1.44025e+07,-979601)
Body 480: (-1.01297e+06,-8.42602e+06,-584527)
Body 481: (8.63332e+06,-2.01727e+06,-434230)
Body 482: (1.21793e+07,-1.63939e+06,-309023)
Body 483: (254468,7.11995e+06,472156)
Body 484: (1.6162e+06,-1.37808e+07,-1.07579e+06)
Body 485: (1.16575e+07,-6.52918e+06,268893)
Body 486: (6.74511e+06,-1.2857e+07,485029)
Body 487: (-6.7332e+06,9.4342e+06,-791032)
Body 488: (-4.90569e+06,1.07406e+07,866923)
Body 489: (232388,-1.48948e+07,-1.22282e+06)
Body 490: (7.19876e+06,5.89626e+06,280195)
Body 491: (1.17181e+07,-5.90205e+06,-162250)
Body 492: (1.02264e+07,-9.8541e+06,-519451)
Body 493: (-9.90216e+06,9.81133e+06,-566628)
Body 494: (-5.76794e+06,1.07373e+07,317481)
Body 495: (-1.09421e+07,-4.61445e+06,-284063)
Body 496: (-9.35488e+06,-6.49322e+06,104055)
Body 497: (1.05084e+07,977333,183784)
Body 498: (-5.20373e+06,-6.51273e+06,432784)
Body 499: (-1.05712e+07,-2.88847e+06,992225)
Body 500: (1.18044e+07,-7.05151e+06,864006)
Body 501: (4.66111e+06,6.34275e+06,41912.8)
Body 502: (-8.87157e+06,1.30166e+06,-189464)
Body 503: (-217560,-1.13827e+07,490965)
Body 504: (4.91224e+06,-1.00306e+07,-154447)
Body 505: (1.27207e+07,6.11726e+06,1.28707e+06)
Body 506: (-8.91225e+06,8.35348e+06,-740765)
Body 507: (3.68405e+06,1.01622e+07,-722420)
Body 508: (-1.18058e+07,-1.73033e+06,406071)
Body 509: (-1.41384e+07,-2.91107e+06,233671)
Body 510: (-1.55111e+06,-7.55794e+06,-154476)
Body 511: (6.57803e+06,-1.3273e+07,66605.7)
Body 512: (5.06406e+06,-6.15622e+06,478510)
Body 513: (-2.38163e+06,8.12002e+06,497138)
Body 514: (7.37678e+06,-4.18426e+06,-128024)
Body 515: (3.09537e+06,-7.04372e+06,-194681)
Body 516: (8.48855e+06,7.23971e+06,-1.11357e+06)
Body 517: (-1.20462e+07,-1.15785e+06,226423)
Body 518: (-8.054e+06,-1.06114e+07,-867739)
Body 519: (8.19923e+06,-5.49769e+06,533485)
Body 520: (-411717,1.14367e+07,-453286)
Body 521: (7.63289e+06,-1.0335e+07,440669)
Body 522: (1.40972e+06,-1.33691e+07,-943362)
Body 523: (5.93591e+06,8.51158e+06,-550006)
Body 524: (-1.37527e+07,2.35992e+06,98677.1)
Body 525: (-3.2156e+06,7.77671e+06,-454453)
Body 526: (-5.58654e+06,-6.58996e+06,-420400)
Body 527: (1.12211e+07,4.32336e+06,-863024)
Body 528: (-7.53056e+06,-5.26863e+06,323352)
Body 529: (-9.92818e+06,3.51221e+06,473200)
Body 530: (-3.85817e+06,5.97465e+06,453950)
Body 531: (-6.14634e+06,1.00575e+07,958076)
Body 532: (-1.23677e+06,1.31172e+07,382959)
Body 533: (-9.57025e+06,6.83749e+06,-313042)
Body 534: (-7.21968e+06,-6.54955e+06,-112281)
Body 535: (-6.579e+06,-1.19079e+07,-1.17306e+06)
Body 536: (-1.61127e+06,1.20117e+07,224988)
Body 537: (1.48928e+06,1.23511e+07,-107343)
Body 538: (8.0613e+06,2.75811e+06,-207119)
Body 539: (9.89917e+06,-274835,-106258)
Body 540: (-8.42698e+06,-4.67291e+06,-794309)
Body 541: (-9.70311e+06,-1.10083e+07,748559)
Body 542: (-7.04994e+06,4.49835e+06,-129318)
Body 543: (1.35632e+07,110811,-540519)
Body 544: (-1.46622e+07,2.32773e+06,-348862)
Body 545: (7.81899e+06,-1.27334e+06,-762814)
Body 546: (1.50739e+06,-1.2792e+07,-660945)
Body 547: (1.03073e+07,6.81731e+06,-600948)
Body 548: (8.77993e+06,-9.99025e+06,288621)
Body 549: (5.93636e+06,9.27553e+06,-964712)
Body 550: (1.11839e+06,7.85802e+06,-251417)
Body 551: (-5.71362e+06,8.24788e+06,-524119)
Body 552: (5.04739e+06,-9.84903e+06,-487922)
Body 553: (1.01532e+07,-1.03602e+07,-982779)
Body 554: (-1.18537e+07,-6.00726e+06,176955)
Body 555: (-1.01259e+07,-79631.5,-208267)
Body 556: (-7.84418e+06,-8.14906e+06,394469)
Body 557: (-1.99995e+06,-1.10514e+07,-807138)
Body 558: (3.64372e+06,-7.88962e+06,-308589)
Body 559: (4.07017e+06,5.90541e+06,-396861)
Body 560: (-1.30903e+07,-6.474e+06,1.26706e+06)
Body 561: (-1.14966e+07,1.49385e+06,-432100)
Body 562: (7.57146e+06,9.06803e+06,942959)
Body 563: (-5.59524e+06,1.23724e+07,1.23306e+06)
Body 564: (-6.80321e+06,-1.1733e+07,-1.02795e+06)
Body 565: (-1.08022e+07,-420809,-578797)
Body 566: (1.28024e+06,-7.50956e+06,-576959)
Body 567: (1.08013e+07,-4.5515e+06,883339)
Body 568: (5.46615e+06,-7.37023e+06,-920055)
Body 569: (-5.70294e+06,-4.29421e+06,-193085)
Body 570: (-9.25561e+06,-3.97357e+06,-621693)
Body 571: (-8.64285e+06,832021,441908)
Body 572: (-3.51031e+06,1.14278e+07,-166572)
Body 573: (7.44732e+06,3.78054e+06,472716)
Body 574: (3.99101e+06,8.19638e+06,349544)
Body 575: (-7.98434e+06,-8.86004e+06,-647322)
Body 576: (1.60646e+06,8.69515e+06,-577776)
Body 577: (7.07137e+06,-9.98266e+06,549205)
Body 578: (-1.10189e+07,7.50225e+06,410909)
Body 579: (-9.70681e+06,-1.57542e+06,-36120.1)
Body 580: (-6.36143e+06,5.45329e+06,779503)
Body 581: (5.98905e+06,6.70116e+06,-146363)
Body 582: (-1.15768e+07,-6.5757e+06,482109)
Body 583: (-6.23889e+06,-5.79092e+06,-300607)
Body 584: (-9.38364e+06,-9.9126e+06,-823096)
Body 585: (7.24452e+06,1.99595e+06,-193301)
Body 586: (-5.53911e+06,-7.25375e+06,-1215.99)
Body 587: (5.38037e+06,7.34251e+06,-679965)
Body 588: (564549,1.38994e+07,422215)
Body 589: (-1.01371e+07,-8.84077e+06,968947)
Body 590: (9.73344e+06,-2.74044e+06,-743252)
Body 591: (-4.22013e+06,-6.54377e+06,691435)
Body 592: (1.19337e+07,6.22111e+06,-594238)
Body 593: (-282335,1.4417e+07,811736)
Body 594: (-1.35921e+07,383089,-309128)
Body 595: (1.51828e+06,1.04592e+07,824752)
Body 596: (7.82169e+06,-7.11254e+06,-835454)
Body 597: (-1.39141e+07,5.17507e+06,-1.34619e+06)
Body 598: (-166573,-7.29858e+06,232285)
Body 599: (1.05336e+07,8.2166e+06,-1.24446e+06)
Body 600: (-8.4246e+06,7.17869e+06,-84238.3)
Body 601: (1.46248e+07,-2.71321e+06,1.31927e+06)
Body 602: (-8.12635e+06,1.04891e+07,-233206)
Body 603: (5.50865e+06,-9.92878e+06,-981851)
Body 604: (9.02196e+06,5.16201e+06,30471.2)
Body 605: (2.87741e+06,-1.3875e+07,-772067)
Body 606: (-7.3091e+06,-1.27967e+07,-1.44759e+06)
Body 607: (-612646,8.98892e+06,-778110)
Body 608: (-1.4497e+07,1.98782e+06,1.16079e+06)
Body 609: (6.75787e+06,6.78687e+06,-49160.1)
Body 610: (-7.85392e+06,684758,664266)
Body 611: (-8.28232e+06,-7.44975e+06,-766202)
Body 612: (5.63351e+06,4.71841e+06,144830)
Body 613: (-5.5261e+06,5.4475e+06,77742.3)
Body 614: (5.20708e+06,8.65296e+06,-457203)
Body 615: (-6.46535e+06,-1.28967e+07,-11403.2)
Body 616: (7.08984e+06,-330625,243477)
Body 617: (6.91729e+06,-6.54694e+06,-460510)
Body 618: (-7.43378e+06,-8.55624e+06,-632977)
Body 619: (-163246,-1.48253e+07,171438)
Body 620: (7.95839e+06,2.80815e+06,-303844)
Body 621: (-1.58366e+06,1.29285e+07,103047)
Body 622: (9.97516e+06,8.04453e+06,475128)
Body 623: (7.55159e+06,-1.67416e+06,-17954.2)
Body 624: (-4.50509e+06,6.85658e+06,-142084)
Body 625: (-534053,-1.30513e+07,292487)
Body 626: (4.52897e+06,6.37693e+06,-636893)
Body 627: (8.32772e+06,-8.09871e+06,-153808)
Body 628: (-7.72428e+06,-2.9563e+06,516350)
Body 629: (9.50296e+06,-8.75468e+06,-574320)
Body 630: (6.2287e+06,-5.8533e+06,269435)
Body 631: (-448587,-9.45796e+06,597537)
Body 632: (-4.52817e+06,-1.10222e+07,-297345)
Body 633: (-1.11515e+07,-1.71189e+06,786618)
Body 634: (6.78319e+06,-1.18501e+07,-1.33956e+06)
Body 635: (713230,-1.29685e+07,463557)
Body 636: (7.13298e+06,-1.0928e+07,-77467.5)
Body 637: (7.79746e+06,7.77798e+06,-252527)
Body 638: (2.30801e+06,-1.19059e+07,-686641)
Body 639: (-4.18317e+06,-6.89228e+06,-805877)
Body 640: (8.26715e+06,1.5341e+06,-561015)
Body 641: (-6.43506e+06,5.47491e+06,-165067)
Body 642: (-1.39516e+07,-892764,625062)
Body 643: (1.19599e+06,7.73473e+06,317848)
Body 644: (-7.39528e+06,616874,147502)
Body 645: (1.16865e+07,1.70154e+06,-420347)
Body 646: (7.1587e+06,9.73368e+06,472470)
Body 647: (1.28632e+07,-1.45797e+06,-752097)
Body 648: (-1.34856e+07,-1.73462e+06,-344171)
Body 649: (-717601,-7.9355e+06,-421323)
Body 650: (9.19219e+06,3.81723e+06,600645)
Body 651: (-1.34299e+06,-1.30532e+07,-526629)
Body 652: (-5.44009e+06,-6.38446e+06,-6431.15)
Body 653: (-3.2798e+06,-7.71738e+06,826318)
Body 654: (-807150,-1.28999e+07,1.16723e+06)
Body 655: (-7.86331e+06,-3.44249e+06,825977)
Body 656: (-2.55225e+06,-7.92005e+06,142821)
Body 657: (-3.75587e+06,-1.10266e+07,1.00337e+06)
Body 658: (1.24115e+07,4.57459e+06,934705)
Body 659: (-6.30454e+06,6.14528e+06,-67382.7)
Body 660: (-9.92431e+06,4.27468e+06,947606)
Body 661: (-8.55129e+06,-9.24975e+06,-1.1372e+06)
Body 662: (1.19706e+07,-7.655e+06,797142)
Body 663: (6.59153e+06,2.48837e+06,-387582)
Body 664: (-6.45949e+06,4.75692e+06,679680)
Body 665: (1.07276e+07,911633,-468100)
Body 666: (7.15749e+06,1.66836e+06,-329884)
Body 667: (2.12465e+06,-8.91371e+06,872847)
Body 668: (-8.97227e+06,4.29192e+06,686942)
Body 669: (5.05631e+06,7.59279e+06,645272)
Body 670: (-5.37804e+06,-5.04131e+06,91399.9)
Body 671: (-3.88987e+06,8.94363e+06,530805)
Body 672: (630070,7.65721e+06,357442)
Body 673: (7.87162e+06,8.18142e+06,869395)
Body 674: (4.76674e+06,-8.9393e+06,583596)
Body 675: (-1.19333e+07,408198,1.14872e+06)
Body 676: (-1.25925e+06,-8.04622e+06,-503639)
Body 677: (-3.49115e+06,9.01495e+06,866640)
Body 678: (5.98947e+06,1.33933e+07,-1.40679e+06)
Body 679: (-1.10684e+07,6.26182e+06,-1.0481e+06)
Body 680: (-1.19158e+07,-3.4763e+06,1.19657e+06)
Body 681: (-7.26582e+06,4.99819e+06,75043.7)
Body 682: (-1.27058e+07,-4.03185e+06,301048)
Body 683: (5.04397e+06,-7.22109e+06,-125737)
Body 684: (-4.16023e+06,-6.96698e+06,-461257)
Body 685: (5.03923e+06,-5.92778e+06,-61990.8)
Body 686: (-3.27795e+06,1.25519e+07,745384)
Body 687: (-4.86057e+06,6.1762e+06,753756)
Body 688: (-1.33432e+07,224614,-427782)
Body 689: (-1.34064e+07,-3.88658e+06,722084)
Body 690: (1.29133e+07,1.46782e+06,-973289)
Body 691: (6.45995e+06,1.04228e+07,-600124)
Body 692: (-1.35246e+07,-5.37833e+06,730475)
Body 693: (-1.08078e+07,-3.70762e+06,-929494)
Body 694: (-1.97868e+06,9.54402e+06,-213048)
Body 695: (-9.28518e+06,9.64229e+06,-129323)
Body 696: (8.47165e+06,5.64179e+06,-119963)
Body 697: (3.299e+06,7.87345e+06,-694642)
Body 698: (468927,-9.83234e+06,-440414)
Body 699: (-5.91488e+06,-7.40998e+06,-577473)
Body 700: (-1.40603e+07,-1.79868e+06,-148550)
Body 701: (5.7641e+06,9.90444e+06,260116)
Body 702: (7.89546e+06,-5.94451e+06,-655507)
Body 703: (-8.97853e+06,-6.36935e+06,-1.03032e+06)
Body 704: (-1.07053e+06,-9.8311e+06,634525)
Body 705: (2.85096e+06,-9.02409e+06,887935)
Body 706: (1.02238e+07,9.32709e+06,664038)
Body 707: (9.53246e+06,-688568,-27985.8)
Body 708: (-1.23132e+06,-7.87884e+06,-282396)
Body 709: (1.48494e+07,-1.89133e+06,467596)
Body 710: (-3.08926e+06,-7.39247e+06,-653572)
Body 711: (3.20289e+06,-6.47374e+06,-419746)
Body 712: (9.8888e+06,-1.65825e+06,-327312)
Body 713: (8.1398e+06,-4.5875e+06,-728870)
Body 714: (1.29983e+07,-970992,1.0484e+06)
Body 715: (-4.78376e+06,1.12215e+07,-599868)
Body 716: (9.87367e+06,-9.28536e+06,68948.9)
Body 717: (6.76551e+06,5.81975e+06,-738498)
Body 718: (-1.11458e+07,6.11023e+06,1.03275e+06)
Body 719: (4.65355e+06,1.20464e+07,293916)
Body 720: (-9.25975e+06,-4.89113e+06,498997)
Body 721: (7.46677e+06,-1.11669e+07,-661519)
Body 722: (-478310,-7.21062e+06,-570127)
Body 723: (9.51018e+06,234607,345799)
Body 724: (-4.64556e+06,-6.87423e+06,818616)
Body 725: (6.70274e+06,3.53439e+06,-241986)
Body 726: (2.9873e+06,1.36015e+07,-388967)
Body 727: (630327,-7.5204e+06,-138414)
Body 728: (1.07363e+07,-7.42781e+06,-698438)
Body 729: (1.25002e+07,4.87287e+06,1.07249e+06)
Body 730: (8.5502e+06,-8.62557e+06,-1.21812e+06)
Body 731: (-6.43031e+06,5.32704e+06,-201274)
Body 732: (-6.47248e+06,5.94672e+06,-653653)
Body 733: (3.33396e+06,-9.74761e+06,-43124.3)
Body 734: (-6.26673e+06,3.363e+06,-674566)
Body 735: (1.02412e+07,1.05695e+07,611672)
Body 736: (6.79604e+06,-1.31141e+07,589108)
Body 737: (1.36227e+07,-1.55932e+06,332832)
Body 738: (-7.94182e+06,-8.28025e+06,74980.7)
Body 739: (-1.14693e+07,3.73314e+06,-679922)
Body 740: (7.2281e+06,3.31748e+06,-376754)
Body 741: (-6.71308e+06,-3.02243e+06,-318494)
Body 742: (1.21231e+07,6.11041e+06,-743749)
Body 743: (-1.04028e+07,-7.44653e+06,-1.11714e+06)
Body 744: (1.005e+07,-9.76086e+06,-475374)
Body 745: (9.6975e+06,-663158,245342)
Body 746: (5.91725e+06,-9.55653e+06,-482971)
Body 747: (-1.16713e+06,1.03504e+07,603053)
Body 748: (-6.26793e+06,-9.72819e+06,-573758)
Body 749: (-8.72907e+06,631983,416144)
Body 750: (1.09361e+07,2.28129e+06,824949)
Body 751: (7.19918e+06,-2.0436e+06,-712875)
Body 752: (1.0878e+07,6.18469e+06,1.0301e+06)
Body 753: (6.94976e+06,8.14897e+06,-341089)
Body 754: (3.95878e+06,7.27824e+06,744529)
Body 755: (2.55456e+06,-1.02441e+07,294864)
Body 756: (8.38341e+06,9.12834e+06,-659518)
Body 757: (1.30566e+07,-2.42003e+06,-630761)
Body 758: (-8.99869e+06,1.54071e+06,886225)
Body 759: (-7.61258e+06,5.02885e+06,715807)
Body 760: (6.80194e+06,1.74356e+06,146176)
Body 761: (992248,1.42242e+07,-86575.3)
Body 762: (-1.04491e+07,1.78556e+06,259807)
Body 763: (-1.01791e+07,3.48092e+06,-55320.5)
Body 764: (-1.13814e+07,-2.7012e+06,829892)
Body 765: (3.69495e+06,-6.38666e+06,508330)
Body 766: (-9.02848e+06,2.1397e+06,-114061)
Body 767: (-6.94758e+06,5.25608e+06,-796043)
Body 768: (3.7545e+06,-8.41438e+06,-397255)
Body 769: (-1.32402e+07,-2.6694e+06,1.02811e+06)
Body 770: (1.13892e+07,2.15398e+06,406829)
Body 771: (-6.98356e+06,2.23244e+06,631238)
Body 772: (-6.40531e+06,5.29861e+06,382428)
Body 773: (-6.6869e+06,-1.23472e+07,-679658)
Body 774: (-3.58964e+06,1.18534e+07,541395)
Body 775: (-2.60385e+06,-1.43596e+07,1.06102e+06)
Body 776: (-1.40934e+06,-6.85828e+06,462197)
Body 777: (5.06662e+06,-5.27734e+06,-356276)
Body 778: (3.83731e+06,-1.17028e+07,400811)
Body 779: (-6.35944e+06,-4.40823e+06,76737.1)
Body 780: (-1.17039e+07,8.02954e+06,-508113)
Body 781: (-1.10889e+07,6.77203e+06,379761)
Body 782: (9.28397e+06,-7.86753e+06,240233)
Body 783: (7.05716e+06,8.41786e+06,-845868)
Body 784: (3.87535e+06,7.26211e+06,227043)
Body 785: (-1.26705e+07,-2.42197e+06,850084)
Body 786: (6.35785e+06,-1.34962e+07,581776)
Body 787: (-1.06485e+07,3.53867e+06,-934866)
Body 788: (8.59951e+06,-5.43981e+06,627658)
Body 789: (-8.52129e+06,1.80764e+06,552528)
Body 790: (-5.72e+06,4.88245e+06,530074)
Body 791: (9.03526e+06,4.79933e+06,87034.3)
Body 792: (-1.16972e+07,-7.45911e+06,-760232)
Body 793: (-9.58401e+06,3.09921e+06,159698)
Body 794: (1.05964e+07,7.59152e+06,1.01789e+06)
Body 795: (-4.84471e+06,5.14475e+06,-669920)
Body 796: (-1.00096e+07,-1.64415e+06,23698.7)
Body 797: (-5.04531e+06,-6.5786e+06,-756899)
Body 798: (1.23617e+07,-4.3009e+06,-419582)
Body 799: (-8.03169e+06,7.63816e+06,-1.09706e+06)
Body 800: (2.61958e+06,-9.73898e+06,193636)
Body 801: (4.48212e+06,-6.39575e+06,48555.5)
Body 802: (-1.20223e+07,-6.63729e+06,163946)
Body 803: (3.86791e+06,6.78166e+06,739232)
Body 804: (8.74022e+06,-1.23981e+06,56344)
Body 805: (6.54751e+06,4.72198e+06,-470577)
Body 806: (-1.23597e+07,7.39276e+06,-301234)
Body 807: (5.7231e+06,7.58966e+06,-23096.4)
Body 808: (4.11842e+06,-6.90239e+06,-208388)
Body 809: (-9.86578e+06,1.61939e+06,-111725)
Body 810: (-1.43048e+07,-4.19847e+06,-1.23061e+06)
Body 811: (6.83744e+06,9.62068e+06,-1.11052e+06)
Body 812: (2.17103e+06,-1.45367e+07,1.41567e+06)
Body 813: (-1.05769e+07,-2.17978e+06,-717393)
Body 814: (4.7436e+06,-7.61491e+06,-258119)
Body 815: (-3.45499e+06,-1.31395e+07,-878422)
Body 816: (-4.86034e+06,-9.91706e+06,-585801)
Body 817: (-1.30769e+07,-3.78948e+06,-912906)
Body 818: (1.16354e+07,-15077,-814591)
Body 819: (3.57598e+06,1.30307e+07,763966)
Body 820: (-4.01958e+06,1.22249e+07,-448471)
Body 821: (-1.29382e+07,3.19136e+06,615612)
Body 822: (4.91734e+06,-6.53272e+06,345068)
Body 823: (9.59704e+06,1.05379e+07,265179)
Body 824: (-7.14191e+06,9.38389e+06,-97959.7)
Body 825: (-182573,-7.30121e+06,72047.6)
Body 826: (-3.13833e+06,-6.7697e+06,-49573.6)
Body 827: (7.11604e+06,-1.3681e+06,652641)
Body 828: (9.2197e+06,6.16111e+06,565179)
Body 829: (-3.54447e+06,1.03451e+07,-18769.2)
Body 830: (-1.03199e+07,-4.29718e+06,-131415)
Body 831: (1.0334e+07,-5.78196e+06,-326274)
Body 832: (1.00945e+07,-7.87878e+06,-112742)
Body 833: (-8.44492e+06,-6.31657e+06,192814)
Body 834: (-1.32415e+07,1.96541e+06,1.33265e+06)
Body 835: (7.4712e+06,156031,209591)
Body 836: (560027,9.36411e+06,-353075)
Body 837: (8.83885e+06,1.73838e+06,852058)
Body 838: (-870216,-8.71052e+06,460170)
Body 839: (1.41288e+07,2.75114e+06,1.07304e+06)
Body 840: (-7.53986e+06,-8.29968e+06,324083)
Body 841: (-6.78197e+06,1.17233e+07,631731)
Body 842: (3.01492e+06,-1.07602e+07,1.09986e+06)
Body 843: (8.57165e+06,-281508,-705159)
Body 844: (6.74463e+06,1.92888e+06,-222054)
Body 845: (1.08904e+07,5.05009e+06,-1.19071e+06)
Body 846: (6.32335e+06,-1.30141e+07,895858)
Body 847: (-4.32799e+06,-1.33472e+07,-1.11247e+06)
Body 848: (-1.70363e+06,-1.00394e+07,-447657)
Body 849: (1.23413e+07,1.92054e+06,-484506)
Body 850: (-7.68407e+06,-8.40985e+06,175539)
Body 851: (1.25326e+07,485323,-1.00313e+06)
Body 852: (-5.77899e+06,-1.26525e+07,-1.07896e+06)
Body 853: (664867,1.37204e+07,-59726.8)
Body 854: (-2.01634e+06,-7.90389e+06,272308)
Body 855: (5.68431e+06,-6.56934e+06,-171497)
Body 856: (5.36757e+06,7.63127e+06,-436644)
Body 857: (-6.19821e+06,-3.58321e+06,490801)
Body 858: (2.17034e+06,1.11328e+07,-1.06093e+06)
Body 859: (-7.52743e+06,4.37259e+06,452404)
Body 860: (-1.59316e+06,-8.32886e+06,623428)
Body 861: (4.61831e+06,-9.57539e+06,116216)
Body 862: (-1.19309e+07,-1.99387e+06,-89097.1)
Body 863: (-2.91585e+06,8.3764e+06,-372787)
Body 864: (8.35687e+06,7.85112e+06,958036)
Body 865: (-1.0374e+07,7.38729e+06,-870872)
Body 866: (6.28351e+06,-1.25578e+07,623097)
Body 867: (-7.48273e+06,5.25464e+06,-727982)
Body 868: (1.75831e+06,-8.32069e+06,365983)
Body 869: (9.31769e+06,-7.15229e+06,195632)
Body 870: (-5.75635e+06,9.01269e+06,944486)
Body 871: (6.93881e+06,-3.21008e+06,500283)
Body 872: (-7.35593e+06,-3.19001e+06,588840)
Body 873: (9.62736e+06,-6.34299e+06,1.02412e+06)
Body 874: (-7.42101e+06,7.19969e+06,904573)
Body 875: (9.20682e+06,8.23025e+06,-1.13363e+06)
Body 876: (1.0404e+07,-4.8756e+06,792318)
Body 877: (7.9474e+06,9.50765e+06,-609594)
Body 878: (5.72774e+06,1.27641e+07,-620348)
Body 879: (-3.57821e+06,-7.16092e+06,712702)
Body 880: (-9.04045e+06,1.40152e+06,245859)
Body 881: (1.18569e+07,9.18077e+06,-4286.39)
Body 882: (6.71016e+06,-7.52311e+06,-48453.5)
Body 883: (-5.22469e+06,-5.8939e+06,426965)
Body 884: (4.43817e+06,-5.42509e+06,-440725)
Body 885: (-9.84918e+06,5.75153e+06,501377)
Body 886: (6.811e+06,-7.26539e+06,459414)
Body 887: (3.49065e+06,-1.16545e+07,618620)
Body 888: (-5.73401e+06,4.45373e+06,627126)
Body 889: (-638406,-7.94415e+06,758756)
Body 890: (-3.0587e+06,-6.75742e+06,-47243.6)
Body 891: (9.9559e+06,5.92357e+06,-1.0618e+06)
Body 892: (5.47926e+06,-1.10293e+07,695359)
Body 893: (9.17831e+06,6.66402e+06,426777)
Body 894: (7.56235e+06,-4.72041e+06,604027)
Body 895: (1.1975e+07,-3.98122e+06,-1.18611e+06)
Body 896: (-6.21118e+06,1.12459e+07,1.04566e+06)
Body 897: (-1.42629e+06,-8.99498e+06,689184)
Body 898: (-5.86472e+06,4.38564e+06,384539)
Body 899: (-1.15534e+06,1.05596e+07,-595906)
Body 900: (5.02483e+06,-6.29074e+06,121350)
Body 901: (-5.63487e+06,5.11236e+06,-201314)
Body 902: (-7.76761e+06,3.3245e+06,-283830)
Body 903: (-663229,-9.69687e+06,-538499)
Body 904: (-1.09553e+07,-5.21625e+06,165254)
Body 905: (-1.17044e+07,-3.67785e+06,932381)
Body 906: (-1.1841e+07,-3.60504e+06,817526)
Body 907: (-3.02962e+06,1.14343e+07,-693740)
Body 908: (6.63068e+06,-4.84361e+06,345303)
Body 909: (-1.15479e+07,-8.76714e+06,-77131.9)
Body 910: (-3.5277e+06,-6.59217e+06,122941)
Body 911: (1.01046e+06,1.48871e+07,91730)
Body 912: (-7.50184e+06,-9.62948e+06,149646)
Body 913: (3.67946e+06,1.26789e+07,596149)
Body 914: (9.47849e+06,-7.24298e+06,829674)
Body 915: (-1.56164e+06,9.34748e+06,915763)
Body 916: (9.31644e+06,-6.20342e+06,-753557)
Body 917: (4.44754e+06,-1.12465e+07,1.08505e+06)
Body 918: (-1.51197e+06,-9.57985e+06,75286.5)
Body 919: (-2.74666e+06,-6.95706e+06,284507)
Body 920: (-1.44219e+07,238303,-778919)
Body 921: (-6.34585e+06,3.70992e+06,-291364)
Body 922: (-7.94673e+06,1.03337e+07,1.17397e+06)
Body 923: (-1.06144e+07,-1.00894e+07,1.25859e+06)
Body 924: (-1.24965e+07,-3.79522e+06,-836181)
Body 925: (-9.86936e+06,-3.97701e+06,775920)
Body 926: (8.68261e+06,-6.49663e+06,378284)
Body 927: (8.09207e+06,-248232,44094.8)
Body 928: (-5.45607e+06,-8.50409e+06,-791954)
Body 929: (-1.20895e+07,128259,-225692)
Body 930: (-1.44542e+07,-2.06609e+06,-821102)
Body 931: (9.31522e+06,-5.16089e+06,-690839)
Body 932: (8.64097e+06,715783,-845110)
Body 933: (-1.52236e+06,-1.35441e+07,-395251)
Body 934: (-9.91788e+06,7.66545e+06,1.13852e+06)
Body 935: (-1.14921e+07,9.16547e+06,1.04312e+06)
Body 936: (-4.85175e+06,1.22392e+07,-706257)
Body 937: (2.08447e+06,-1.04142e+07,980233)
Body 938: (8.05048e+06,-1.03418e+07,270187)
Body 939: (2.94068e+06,-1.33593e+07,-336614)
Body 940: (3.84004e+06,-1.07008e+07,-1.03501e+06)
Body 941: (5.8892e+06,1.21084e+07,39541.8)
Body 942: (-328294,1.34448e+07,-684307)
Body 943: (8.0266e+06,-6.24706e+06,-1.01961e+06)
Body 944: (8.03256e+06,1.16404e+07,1.3907e+06)
Body 945: (-1.46307e+07,484458,37241.7)
Body 946: (-7.12559e+06,-8.13715e+06,-887338)
Body 947: (6.78588e+06,2.58199e+06,-80790.3)
Body 948: (-6.59172e+06,-6.36009e+06,905060)
Body 949: (-9.01979e+06,-4.52043e+06,-170313)
Body 950: (1.12305e+07,-7.91418e+06,1.03887e+06)
Body 951: (1.45398e+07,2.54468e+06,1.00474e+06)
Body 952: (1.72426e+06,1.28448e+07,1.18608e+06)
Body 953: (-3.4945e+06,-7.3883e+06,-450151)
Body 954: (-2.00627e+06,-1.02558e+07,132358)
Body 955: (-4.80289e+06,9.22001e+06,707307)
Body 956: (-7.35598e+06,3.44793e+06,657451)
Body 957: (-1.11729e+07,8.01039e+06,724098)
Body 958: (1.04099e+07,-8.72805e+06,120923)
Body 959: (-294565,8.62345e+06,-352765)
Body 960: (1.14962e+07,2.41003e+06,319672)
Body 961: (-2.77869e+06,9.48776e+06,751807)
Body 962: (8.80895e+06,5.99824e+06,697436)
Body 963: (-1.06559e+06,-7.29262e+06,404145)
Body 964: (4.45255e+06,-8.75342e+06,30757.6)
Body 965: (1.02629e+07,3.01622e+06,-449472)
Body 966: (-1.12401e+07,9.07689e+06,134945)
Body 967: (-9.44784e+06,-6.0388e+06,-986280)
Body 968: (-1.65391e+06,-9.74025e+06,-592381)
Body 969: (8.61018e+06,553439,-107886)
Body 970: (1.32937e+07,4.50123e+06,-868138)
Body 971: (-1.07937e+06,-9.41526e+06,266629)
Body 972: (594225,-1.0308e+07,226426)
Body 973: (5.87083e+06,-1.28757e+07,-700158)
Body 974: (6.46258e+06,6.50094e+06,-299003)
Body 975: (-1.24263e+07,8.35321e+06,-837894)
Body 976: (-1.26037e+07,-3.45124e+06,-917283)
Body 977: (-8.62162e+06,5.13033e+06,509751)
Body 978: (-861653,7.11333e+06,25216.7)
Body 979: (-6.32466e+06,-6.61319e+06,-33185.2)
Body 980: (9.39284e+06,-3.09695e+06,261478)
Body 981: (-7.45889e+06,-2.96573e+06,451153)
Body 982: (5.92505e+06,1.11329e+07,1.19514e+06)
Body 983: (5.71247e+06,8.89204e+06,-676916)
Body 984: (2.56847e+06,-7.32647e+06,-588004)
Body 985: (4.72545e+06,-6.4517e+06,-248624)
Body 986: (6.84507e+06,2.3224e+06,-518185)
Body 987: (-4.4092e+06,-7.48451e+06,-596275)
Body 988: (740905,-7.91173e+06,271959)
Body 989: (-9.97455e+06,-3.19965e+06,-394086)
Body 990: (-1.08474e+07,-461114,-244900)
Body 991: (1.4157e+07,1.4389e+06,803907)
Body 992: (2.35926e+06,-7.63679e+06,185328)
Body 993: (1.12419e+07,7.90902e+06,162148)
Body 994: (-2.98613e+06,-1.05957e+07,75498.3)
Body 995: (-1.02307e+07,4.83942e+06,-432918)
Body 996: (7.94718e+06,7.33071e+06,1.00081e+06)
Body 997: (1.21359e+07,-3.73038e+06,-694602)
Body 998: (5.06896e+06,-1.30779e+07,497153)
Body 999: (-4.86839e+06,1.09421e+07,758894)
Body 1000: (9.92809e+06,4.74658e+06,-412059)
Body 1001: (8.52702e+06,-1.16227e+07,1.39367e+06)
Body 1002: (181919,1.19952e+07,-810244)
Body 1003: (8.42682e+06,1.06047e+06,-185723)
Body 1004: (-7.22665e+06,4.47338e+06,741288)
Body 1005: (7.52504e+06,-7.23941e+06,220369)
Body 1006: (-5.52618e+06,7.03505e+06,-746173)
Body 1007: (-4.22964e+06,-8.654e+06,-826331)
Body 1008: (-6.32904e+06,5.82719e+06,832001)
Body 1009: (-1.36579e+06,-1.31692e+07,-1.01831e+06)
Body 1010: (2.91654e+06,-1.29202e+07,267863)
Body 1011: (-6.77421e+06,1.32315e+07,1.3153e+06)
Body 1012: (1.42795e+07,1.03714e+06,-142842)
Body 1013: (1.18103e+07,8.94624e+06,141601)
Body 1014: (-1.39105e+07,-5.06258e+06,-919521)
Body 1015: (3.28602e+06,1.11847e+07,45940.2)
Body 1016: (-5.98049e+06,-4.67725e+06,25494.9)
Body 1017: (-8.79919e+06,-9.46137e+06,128193)
Body 1018: (7.73226e+06,9.84181e+06,238732)
Body 1019: (7.45156e+06,-3.75829e+06,-722305)
Body 1020: (-3.48222e+06,-9.84493e+06,-87673.7)
Body 1021: (-7.30039e+06,-2.55222e+06,219125)
Body 1022: (-8.83611e+06,9.02345e+06,160805)
Body 1023: (-4.98264e+06,-9.36046e+06,177224)
Body 1024: (27359.1,1.11505e+07,-1.11424e+06)
Body 1025: (6.2179e+06,5.63623e+06,-85461.3)
Body 1026: (2.71883e+06,1.15362e+07,1.04344e+06)
Body 1027: (992244,-6.98108e+06,176607)
Body 1028: (9.48499e+06,3.12075e+06,254651)
Body 1029: (9.28919e+06,-3.92546e+06,84692.2)
Body 1030: (2.66903e+06,1.42547e+07,655160)
Body 1031: (-786830,-1.18926e+07,-680889)
Body 1032: (-1.23046e+07,145820,598083)
Body 1033: (7.39023e+06,-6.10091e+06,-798580)
Body 1034: (8.65055e+06,-1.02735e+07,853313)
Body 1035: (-1.02319e+07,4.1652e+06,1.10007e+06)
Body 1036: (-8.44612e+06,-2.56918e+06,301470)
Body 1037: (3.58425e+06,1.20805e+07,388217)
Body 1038: (1.28381e+07,4.17873e+06,1.11371e+06)
Body 1039: (-4.45471e+06,5.65917e+06,-699623)
Body 1040: (6.46228e+06,-4.02632e+06,-221079)
Body 1041: (2.23986e+06,1.01521e+07,201911)
Body 1042: (-8.16656e+06,8.45066e+06,-392576)
Body 1043: (-1.04639e+07,9.42043e+06,-18300.8)
Body 1044: (2.12777e+06,-9.01684e+06,-190045)
Body 1045: (-239185,1.10535e+07,1.08175e+06)
Body 1046: (1.21914e+06,-9.251e+06,-135317)
Body 1047: (2.66336e+06,-8.22446e+06,-287798)
Body 1048: (1.1966e+07,-7.04437e+06,1.001e+06)
Body 1049: (1.70079e+06,-7.07743e+06,-129084)
Body 1050: (-9.03102e+06,-1.06435e+07,932826)
Body 1051: (-1.07018e+07,-2.40011e+06,-781365)
Body 1052: (-1.16083e+07,6.43355e+06,212.678)
Body 1053: (-1.07782e+07,-7.71875e+06,-793456)
Body 1054: (-9.8056e+06,6.42239e+06,-71443)
Body 1055: (1.78695e+06,6.99492e+06,-316364)
Body 1056: (1.26681e+07,921961,-231760)
Body 1057: (1.09768e+07,9.3083e+06,47276.6)
Body 1058: (1.24218e+07,-4.68516e+06,655773)
Body 1059: (5.90567e+06,-1.13154e+07,-137340)
Body 1060: (1.33813e+07,675634,1.14042e+06)
Body 1061: (-9.94481e+06,-3.47294e+06,-516817)
Body 1062: (1.14344e+07,5.98122e+06,963507)
Body 1063: (2.87275e+06,1.3292e+07,842367)
Body 1064: (-8.95549e+06,-9.81494e+06,-336169)
Body 1065: (1.04027e+06,9.10673e+06,-332670)
Body 1066: (1.25391e+07,6.6593e+06,935192)
Body 1067: (-9.68341e+06,-1.32873e+06,576335)
Body 1068: (-7.89951e+06,1.16487e+07,-107410)
Body 1069: (1.02713e+07,863395,-420899)
Body 1070: (-9.04535e+06,5.64634e+06,473597)
Body 1071: (-1.00554e+07,665891,-141882)
Body 1072: (8.4273e+06,-9.79948e+06,82432.8)
Body 1073: (-3.86331e+06,1.27422e+07,110170)
Body 1074: (-8.3716e+06,5.00041e+06,453594)
Body 1075: (1.01462e+07,9.7163e+06,378379)
Body 1076: (8.55855e+06,7.88605e+06,-671327)
Body 1077: (4.71852e+06,8.21716e+06,-486087)
Body 1078: (-4.68616e+06,7.83496e+06,455737)
Body 1079: (1.15309e+07,-993040,-197382)
Body 1080: (9.00577e+06,-9.40657e+06,466351)
Body 1081: (238311,-1.02741e+07,-609787)
Body 1082: (-9.20658e+06,-2.78753e+06,145088)
Body 1083: (6.75186e+06,-2.41743e+06,282171)
Body 1084: (1.00135e+07,-4.46725e+06,-133568)
Body 1085: (-1.47549e+07,-1.14636e+06,-1.14393e+06)
Body 1086: (-5.6542e+06,-1.18157e+07,715874)
Body 1087: (2.42524e+06,-1.44052e+07,325333)
Body 1088: (-6.42144e+06,-1.22783e+07,-254652)
Body 1089: (2.46635e+06,1.38542e+07,604457)
Body 1090: (-1.63929e+06,-1.39456e+07,554299)
Body 1091: (-1.26741e+07,2.82272e+06,973514)
Body 1092: (5.99799e+06,6.19038e+06,-369991)
Body 1093: (-1.12044e+07,-750601,721021)
Body 1094: (-1.01395e+07,994347,-994715)
Body 1095: (-6.12303e+06,-8.19483e+06,-994355)
Body 1096: (2.398e+06,8.89056e+06,-845873)
Body 1097: (4.49567e+06,9.84322e+06,526505)
Body 1098: (-1.31591e+07,-3.88119e+06,1.32586e+06)
Body 1099: (-1.05154e+07,-891475,1.03586e+06)
Body 1100: (8.24959e+06,-3.10737e+06,-808268)
Body 1101: (9.55225e+06,4.50199e+06,484483)
Body 1102: (-3.18708e+06,-1.14274e+07,-297884)
Body 1103: (9.54887e+06,2.80158e+06,-298740)
Body 1104: (-1.04546e+07,9.90636e+06,955912)
Body 1105: (-9.60721e+06,9.81423e+06,362626)
Body 1106: (6.14376e+06,4.69342e+06,-699800)
Body 1107: (-1.0416e+07,5.21271e+06,111896)
Body 1108: (-6.57693e+06,9.01799e+06,396342)
Body 1109: (1.299e+07,1.20286e+06,-764715)
Body 1110: (-9.61445e+06,8.29647e+06,412828)
Body 1111: (-7.54822e+06,6.17609e+06,-666812)
Body 1112: (-7.14431e+06,-5.57977e+06,-121183)
Body 1113: (7.93195e+06,-1.05435e+07,109899)
Body 1114: (-4.5773e+06,1.22361e+07,-222189)
Body 1115: (-9.59394e+06,8.32179e+06,224830)
Body 1116: (-6.84806e+06,-4.96885e+06,612808)
Body 1117: (-2.23088e+06,-1.37525e+07,685332)
Body 1118: (-9.8497e+06,-5.80425e+06,-839172)
Body 1119: (-1.00099e+07,3.19207e+06,966155)
Body 1120: (-9.94844e+06,-3.19356e+06,69486.2)
Body 1121: (-128340,-1.20751e+07,-664739)
Body 1122: (5.16098e+06,-9.97325e+06,-82842.1)
Body 1123: (-5.18433e+06,-7.61025e+06,597105)
Body 1124: (1.26196e+06,-7.38252e+06,482468)
Body 1125: (1.06166e+07,-1.11157e+06,612772)
Body 1126: (-173179,-1.3156e+07,-920897)
Body 1127: (-8.50717e+06,1.95141e+06,-412266)
Body 1128: (7.87673e+06,-6.63714e+06,669066)
Body 1129: (7.55699e+06,-9.34852e+06,682975)
Body 1130: (3.15125e+06,9.94449e+06,29628.7)
Body 1131: (-1.18704e+07,5.00554e+06,429853)
Body 1132: (-89855.2,-7.73894e+06,484679)
Body 1133: (1.23627e+07,-2.57361e+06,826149)
Body 1134: (1.29821e+07,-5.751e+06,856801)
Body 1135: (1.23856e+07,450891,-84710.9)
Body 1136: (-3.85555e+06,1.08998e+07,-420788)
Body 1137: (1.13937e+07,-9.21451e+06,1.025e+06)
Body 1138: (1.01737e+07,884081,-859374)
Body 1139: (9.40647e+06,940004,-915756)
Body 1140: (-3.89052e+06,-1.37838e+07,-547507)
Body 1141: (-7.9998e+06,-592955,-796196)
Body 1142: (-1.24788e+07,7.3934e+06,-283353)
Body 1143: (9.1731e+06,4.27626e+06,280060)
Body 1144: (-5.73893e+06,-1.14754e+07,-929425)
Body 1145: (-1.05087e+07,-4.90997e+06,856201)
Body 1146: (-6.93866e+06,7.24292e+06,237815)
Body 1147: (-1.18409e+07,2.30809e+06,-137390)
Body 1148: (7.04151e+06,-8.3894e+06,-85068.3)
Body 1149: (-1.44562e+07,-368984,1.30268e+06)
Body 1150: (-8.84936e+06,1.0362e+07,992786)
Body 1151: (7.02343e+06,-3.56802e+06,207459)
Body 1152: (-4.55806e+06,-5.83176e+06,704161)
Body 1153: (-7.10538e+06,-2.55007e+06,374433)
Body 1154: (-1.15363e+07,6.93142e+06,-797224)
Body 1155: (-6.43323e+06,-3.5307e+06,-69113.6)
Body 1156: (1.35336e+07,5.42357e+06,540858)
Body 1157: (3.4048e+06,6.34342e+06,-66842.7)
Body 1158: (-4.16253e+06,-9.75198e+06,871871)
Body 1159: (1.15676e+07,-3.47048e+06,923548)
Body 1160: (5.86978e+06,-1.00878e+07,332902)
Body 1161: (-443279,-7.59051e+06,-617369)
Body 1162: (-3.42735e+06,-1.11957e+07,-1.01761e+06)
Body 1163: (7.63471e+06,-4.46396e+06,205773)
Body 1164: (-3.25971e+06,-8.35525e+06,173612)
Body 1165: (1.08831e+07,-1.63453e+06,403970)
Body 1166: (3.0925e+06,-9.48241e+06,768679)
Body 1167: (2.43557e+06,7.60856e+06,-453893)
Body 1168: (-9.98801e+06,-7.55937e+06,298157)
Body 1169: (2.35318e+06,-1.42936e+07,-1.07993e+06)
Body 1170: (-8.98585e+06,3.85522e+06,-203486)
Body 1171: (9.60861e+06,-7.75099e+06,-479106)
Body 1172: (2.80309e+06,-1.10638e+07,-191265)
Body 1173: (-8.2103e+06,1.29598e+06,-741350)
Body 1174: (1.29585e+07,6.59021e+06,-178952)
Body 1175: (1.11668e+07,-1.02808e+06,-750161)
Body 1176: (7.88448e+06,438837,-544830)
Body 1177: (-5.88962e+06,-6.32781e+06,-485112)
Body 1178: (3.32261e+06,-6.34417e+06,-192556)
Body 1179: (-3.1744e+06,9.25597e+06,933136)
Body 1180: (6.70315e+06,-4.97582e+06,462630)
Body 1181: (7.57806e+06,-626092,-347944)
Body 1182: (3.72588e+06,-6.8321e+06,321853)
Body 1183: (6.64417e+06,9.91777e+06,-51341.4)
Body 1184: (-4.38056e+06,1.24891e+07,-498695)
Body 1185: (3.2033e+06,6.23006e+06,526959)
Body 1186: (1.04807e+07,-1.03542e+06,-219706)
Body 1187: (-2.53881e+06,1.24608e+07,-346466)
Body 1188: (-4.88857e+06,6.98461e+06,80546.4)
Body 1189: (-7.6482e+06,-1.27957e+07,-897762)
Body 1190: (5.15389e+06,5.253e+06,92074.9)
Body 1191: (1.21573e+07,-4.77051e+06,-1.26862e+06)
Body 1192: (-1.0991e+07,2.02856e+06,348947)
Body 1193: (-4.41495e+06,-1.05872e+07,362791)
Body 1194: (2.43883e+06,-7.5284e+06,-597446)
Body 1195: (-1.08839e+07,6.32491e+06,34871.3)
Body 1196: (1.09362e+07,-9.05383e+06,903780)
Body 1197: (-950884,-1.10403e+07,28582.9)
Body 1198: (-1.13852e+07,7.9657e+06,1.31067e+06)
Body 1199: (-756529,-1.44247e+07,-637660)
Body 1200: (4.91855e+06,-6.35391e+06,-538677)
Body 1201: (-1.38087e+07,796776,-258525)
Body 1202: (-1.12985e+07,-8.64074e+06,217966)
Body 1203: (-7.90443e+06,8.28583e+06,654916)
Body 1204: (8.34207e+06,-3.36288e+06,710202)
Body 1205: (-1.24164e+06,-9.619e+06,142046)
Body 1206: (9.63285e+06,-689507,-919769)
Body 1207: (-8.94858e+06,-1.1414e+06,39608.2)
Body 1208: (129135,-1.17072e+07,289192)
Body 1209: (1.1136e+07,3.89835e+06,-291414)
Body 1210: (-860594,8.81401e+06,96245.5)
Body 1211: (-2.34697e+06,8.25709e+06,-451798)
Body 1212: (1.37136e+07,-4.96422e+06,320740)
Body 1213: (3.21673e+06,-1.40298e+07,258967)
Body 1214: (1.0009e+06,-6.97424e+06,285490)
Body 1215: (786077,-1.1896e+07,30811.7)
Body 1216: (1.15978e+07,-4.9978e+06,-313750)
Body 1217: (-1.25107e+07,1.92044e+06,441664)
Body 1218: (1.25655e+07,3.69513e+06,384130)
Body 1219: (-4.23858e+06,-7.72765e+06,-55826.7)
Body 1220: (9.412e+06,9.23243e+06,333163)
Body 1221: (5.5477e+06,-7.33152e+06,789637)
Body 1222: (4.2672e+06,-1.43301e+07,759414)
Body 1223: (-4.49399e+06,7.47721e+06,-59876.7)
Body 1224: (1.13301e+07,-6.69748e+06,-819339)
Body 1225: (-4.81141e+06,-1.35463e+07,318527)
Body 1226: (8.07764e+06,2.94551e+06,117739)
Body 1227: (2.97319e+06,1.18439e+07,137887)
Body 1228: (7.03501e+06,-1.18738e+07,1.1825e+06)
Body 1229: (-4.117e+06,9.01955e+06,495009)
Body 1230: (8.89585e+06,5.46237e+06,-453755)
Body 1231: (-2.73621e+06,9.97433e+06,-347224)
Body 1232: (9.02907e+06,2.41591e+06,256341)
Body 1233: (-6.70151e+06,-9.6589e+06,-724358)
Body 1234: (-6.8366e+06,-6.39795e+06,186595)
Body 1235: (-6.50123e+06,8.8893e+06,911593)
Body 1236: (-9.3386e+06,2.6671e+06,346115)
Body 1237: (-6.49143e+06,9.30217e+06,-146007)
Body 1238: (-2.34762e+06,1.31132e+07,-954782)
Body 1239: (5.55101e+06,-7.67646e+06,-780476)
Body 1240: (-1.43716e+07,-3.79202e+06,1.44583e+06)
Body 1241: (-1.38551e+07,4.22704e+06,-874567)
Body 1242: (515544,8.29573e+06,349519)
Body 1243: (-4.99533e+06,7.70561e+06,-94077.3)
Body 1244: (5.28606e+06,1.3218e+07,-1.41389e+06)
Body 1245: (6.18244e+06,-4.20603e+06,220675)
Body 1246: (4.04713e+06,8.23589e+06,-377798)
Body 1247: (7.38066e+06,-2.83269e+06,449848)
Body 1248: (7.06927e+06,-8.01309e+06,-535891)
Body 1249: (7.87915e+06,-1.00008e+07,-364816)
Body 1250: (-3.6516e+06,1.25278e+07,-525232)
Body 1251: (-7.30071e+06,2.87982e+06,360817)
Body 1252: (-1.15078e+07,-8.79444e+06,1.05375e+06)
Body 1253: (6.28598e+06,1.20375e+07,-38519.7)
Body 1254: (-3.26155e+06,-7.1989e+06,713062)
Body 1255: (-811249,-8.05313e+06,214114)
Body 1256: (-8.99656e+06,7.42358e+06,-338042)
Body 1257: (1.46027e+06,7.18043e+06,-712734)
Body 1258: (9.13883e+06,7.17504e+06,868429)
Body 1259: (-3.47089e+06,-1.06311e+07,-199405)
Body 1260: (1.0712e+07,-4.02918e+06,-957318)
Body 1261: (1.69276e+06,-8.84185e+06,-724023)
Body 1262: (-4.89354e+06,5.78875e+06,-619648)
Body 1263: (1.72355e+06,1.15158e+07,923435)
Body 1264: (-4.11707e+06,-1.26093e+07,310294)
Body 1265: (2.33095e+06,1.36717e+07,1.03686e+06)
Body 1266: (-148392,-1.33141e+07,163131)
Body 1267: (-7.94417e+06,4.13197e+06,526360)
Body 1268: (1.45631e+06,-7.09654e+06,-376947)
Body 1269: (6.06108e+06,5.40057e+06,-769857)
Body 1270: (2.20013e+06,1.09156e+07,1.09347e+06)
Body 1271: (7.49949e+06,8.83299e+06,437655)
Body 1272: (-422640,-1.41248e+07,-1.19995e+06)
Body 1273: (3.85697e+06,-1.35976e+07,-967413)
Body 1274: (-6.91977e+06,-2.61319e+06,-509647)
Body 1275: (-8.582e+06,1.05891e+07,1.12812e+06)
Body 1276: (4.71388e+06,1.04846e+07,-830042)
Body 1277: (870681,-1.15606e+07,653411)
Body 1278: (2.59173e+06,8.78893e+06,-888369)
Body 1279: (1.10182e+07,5.75792e+06,-197036)
Body 1280: (1.08976e+07,-4.53904e+06,-444548)
Body 1281: (-5.08999e+06,-7.41708e+06,214566)
Body 1282: (8.67029e+06,-4.19981e+06,665531)
Body 1283: (592591,8.77184e+06,21628.6)
Body 1284: (1.26759e+07,3.60566e+06,509836)
Body 1285: (1.40819e+06,1.20962e+07,441893)
Body 1286: (1.3888e+07,4.20985e+06,-523670)
Body 1287: (8.43774e+06,-6.18285e+06,969866)
Body 1288: (8029.48,-1.05527e+07,66822.8)
Body 1289: (-1.98778e+06,1.11077e+07,-639465)
Body 1290: (-8.68645e+06,-3.21642e+06,-874858)
Body 1291: (7.902e+06,1.18411e+07,-797778)
Body 1292: (-2.74934e+06,-1.07642e+07,-900236)
Body 1293: (9.34803e+06,-1.85745e+06,-453353)
Body 1294: (4.90061e+06,-8.09868e+06,-853836)
Body 1295: (-7.79354e+06,7.34563e+06,-393036)
Body 1296: (7.78793e+06,5.04502e+06,-343812)
Body 1297: (1.42681e+06,-7.20294e+06,-149481)
Body 1298: (8.27935e+06,-6.5322e+06,333479)
Body 1299: (6.61242e+06,-2.45862e+06,-371216)
Body 1300: (900519,-7.80916e+06,750.427)
Body 1301: (26518.9,1.04697e+07,99405.4)
Body 1302: (7.48403e+06,-5.31646e+06,-523460)
Body 1303: (-1.30755e+07,-5.12625e+06,924019)
Body 1304: (-4.16751e+06,-1.19914e+07,-446167)
Body 1305: (2.14628e+06,8.5843e+06,633203)
Body 1306: (-1.25967e+07,4.92914e+06,-996272)
Body 1307: (-7.35572e+06,-6.8592e+06,-91721.5)
Body 1308: (1.32149e+07,-191908,-817456)
Body 1309: (-9.6841e+06,4.47735e+06,-417388)
Body 1310: (7.83751e+06,3.43957e+06,664002)
Body 1311: (-1.0321e+07,195142,862802)
Body 1312: (9.00793e+06,9.66127e+06,172839)
Body 1313: (3.0831e+06,-1.00658e+07,472435)
Body 1314: (-6.73866e+06,1.0528e+07,763354)
Body 1315: (3.98178e+06,6.25535e+06,-243862)
Body 1316: (708091,7.5648e+06,502419)
Body 1317: (-4.90601e+06,1.3719e+07,-686701)
Body 1318: (-1.60058e+06,9.05906e+06,-856290)
Body 1319: (3.25404e+06,1.40414e+07,-230624)
Body 1320: (4.44202e+06,-5.50022e+06,327086)
Body 1321: (2.8792e+06,-1.42765e+07,-542884)
Body 1322: (-2.89082e+06,-8.50163e+06,-244105)
Body 1323: (1.14764e+07,457332,-1.00897e+06)
Body 1324: (-1.03091e+07,-4.5503e+06,567187)
Body 1325: (-8.01253e+06,-672273,-491982)
Body 1326: (-6.54167e+06,4.11446e+06,-521136)
Body 1327: (-3.61543e+06,7.98361e+06,-422074)
Body 1328: (6.48802e+06,4.12115e+06,-472144)
Body 1329: (-5.17767e+06,-5.28382e+06,-314852)
Body 1330: (-4.55502e+06,8.03128e+06,300728)
Body 1331: (801410,-1.39276e+07,635273)
Body 1332: (-3.75462e+06,-1.02058e+07,114757)
Body 1333: (2.23758e+06,8.43089e+06,-355401)
Body 1334: (-1.36406e+07,-4.19394e+06,668090)
Body 1335: (-8.15575e+06,5.33388e+06,-731146)
Body 1336: (3.91561e+06,-7.39667e+06,142019)
Body 1337: (3.16432e+06,-9.15644e+06,-491554)
Body 1338: (-8.30933e+06,1.22478e+07,-481743)
Body 1339: (6.80977e+06,6.57597e+06,-737729)
Body 1340: (8.61186e+06,-8.59101e+06,707591)
Body 1341: (-7.77152e+06,-2.29599e+06,-640553)
Body 1342: (-4.07886e+06,-6.12899e+06,51760.4)
Body 1343: (7.43505e+06,1.66634e+06,748735)
Body 1344: (-6.80737e+06,2.46573e+06,6688.5)
Body 1345: (3.85733e+06,6.93407e+06,-235247)
Body 1346: (-1.30752e+07,-587757,361075)
Body 1347: (1.68496e+06,-1.47844e+07,-195353)
Body 1348: (-7.75351e+06,-7.17763e+06,349569)
Body 1349: (-6.71765e+06,-8.65458e+06,-1.04718e+06)
Body 1350: (-1.88814e+06,1.02356e+07,-773350)
Body 1351: (-6.20983e+06,-4.71381e+06,36799.6)
Body 1352: (-8.87988e+06,1.6323e+06,-14026.4)
Body 1353: (-4.92661e+06,-6.98372e+06,480685)
Body 1354: (-1.06594e+07,-8.00696e+06,31032.4)
Body 1355: (-1.76446e+06,7.25172e+06,-608449)
Body 1356: (9.69525e+06,1.10161e+07,-1.02369e+06)
Body 1357: (1.32327e+07,-4.85929e+06,750168)
Body 1358: (7.04083e+06,67082,-171696)
Body 1359: (8.09184e+06,946021,-58550.4)
Body 1360: (-6.50807e+06,1.29988e+07,468661)
Body 1361: (-88590.2,1.2212e+07,367520)
Body 1362: (6.25567e+06,6.03413e+06,350259)
Body 1363: (7.89033e+06,-146148,-500287)
Body 1364: (-9.95275e+06,6.18943e+06,-877409)
Body 1365: (-5.16458e+06,-5.02982e+06,442849)
Body 1366: (-1.36347e+07,1.48136e+06,761841)
Body 1367: (-1.98876e+06,-1.2222e+07,-18329)
Body 1368: (4.12969e+06,-1.1336e+07,-246435)
Body 1369: (-1.1234e+07,-7.33717e+06,-897913)
Body 1370: (-4.68854e+06,5.46046e+06,67218.1)
Body 1371: (9.52673e+06,9.8368e+06,823185)
Body 1372: (8.09952e+06,1.12591e+07,976913)
Body 1373: (-2.15665e+06,-1.47506e+07,849955)
Body 1374: (-1.17774e+07,-9.19919e+06,-574483)
Body 1375: (-1.0301e+07,-9.02975e+06,222470)
Body 1376: (364639,-8.99011e+06,-754551)
Body 1377: (-6.58754e+06,1.27536e+07,-1.07059e+06)
Body 1378: (1.01574e+07,2.78306e+06,389064)
Body 1379: (7.39667e+06,-1.21005e+07,-1.0589e+06)
Body 1380: (3.10407e+06,-7.35301e+06,678854)
Body 1381: (-1.06781e+07,62923.8,-388301)
Body 1382: (-8.67001e+06,-1.11719e+07,-599243)
Body 1383: (7.24995e+06,-5.89776e+06,-911981)
Body 1384: (-9.00389e+06,-3.20739e+06,-673587)
Body 1385: (3.08196e+06,-7.0702e+06,609652)
Body 1386: (1.09351e+07,-8.06601e+06,144343)
Body 1387: (-1.00692e+07,8.97815e+06,448776)
Body 1388: (2.25952e+06,1.47348e+07,-328307)
Body 1389: (6.9843e+06,8.24077e+06,-907277)
Body 1390: (1.34914e+07,-1.97571e+06,-259852)
Body 1391: (7.02764e+06,3.09164e+06,602108)
Body 1392: (-4.56745e+06,9.68767e+06,-50422.2)
Body 1393: (-9.49962e+06,648992,685905)
Body 1394: (-3.99332e+06,-1.10337e+07,-317671)
Body 1395: (-6.43401e+06,-1.11471e+07,-981195)
Body 1396: (-495508,1.15491e+07,703921)
Body 1397: (1.03674e+07,-340211,-847272)
Body 1398: (-6.09454e+06,-1.17357e+07,708148)
Body 1399: (-9.43216e+06,464776,560679)
Body 1400: (1.32252e+06,8.76061e+06,90464.1)
Body 1401: (-2.25654e+06,1.09493e+07,-451724)
Body 1402: (1.24874e+06,-9.13354e+06,280146)
Body 1403: (1.34981e+07,-2.09132e+06,-70579.4)
Body 1404: (7.18405e+06,2.24702e+06,-307788)
Body 1405: (-1.42912e+07,-2.10461e+06,-659780)
Body 1406: (-8.29163e+06,-5.92079e+06,311765)
Body 1407: (8.14646e+06,-1.17685e+06,73706.2)
Body 1408: (6.32747e+06,-4.98663e+06,-687023)
Body 1409: (1.42472e+07,-302195,571554)
Body 1410: (-6.84198e+06,1.11857e+07,1.16104e+06)
Body 1411: (-1.23061e+06,-1.11295e+07,952057)
Body 1412: (7.38909e+06,-1.28119e+07,-582974)
Body 1413: (-1.01696e+07,-1.05838e+07,1.26731e+06)
Body 1414: (-4.371e+06,1.1609e+07,-322533)
Body 1415: (2.84088e+06,-1.10364e+07,-415045)
Body 1416: (-6.5709e+06,9.57723e+06,734487)
Body 1417: (9.48657e+06,4.9706e+06,-716374)
Body 1418: (-7.4656e+06,25401.9,-589006)
Body 1419: (7.35855e+06,-2.84992e+06,589227)
Body 1420: (1.05223e+07,-934801,-1.05951e+06)
Body 1421: (-8.85997e+06,-7.96132e+06,-101385)
Body 1422: (-9.77867e+06,2.80894e+06,-173057)
Body 1423: (8.45264e+06,9.63935e+06,-776227)
Body 1424: (-667805,8.41759e+06,42657)
Body 1425: (5.33519e+06,-5.80348e+06,-319662)
Body 1426: (-3.71723e+06,-7.3818e+06,-765714)
Body 1427: (-3.81259e+06,-1.13153e+07,-681536)
Body 1428: (-4.79428e+06,5.521e+06,-588287)
Body 1429: (-219251,7.92215e+06,-324372)
Body 1430: (-4.88197e+06,-1.0122e+07,208533)
Body 1431: (3.83249e+06,7.20785e+06,619595)
Body 1432: (7.84802e+06,-8.35522e+06,-294558)
Body 1433: (-1.17752e+07,-1.76962e+06,-430942)
Body 1434: (-1.07386e+07,-174167,-643516)
Body 1435: (2.44692e+06,-9.1662e+06,790755)
Body 1436: (-3.46061e+06,9.23276e+06,-601817)
Body 1437: (-5.48843e+06,1.10845e+07,1.21042e+06)
Body 1438: (-7.56011e+06,5.92204e+06,198501)
Body 1439: (-1.31677e+07,2.54761e+06,-207482)
Body 1440: (1.48857e+07,988060,1.18121e+06)
Body 1441: (1.84002e+06,-7.9815e+06,193228)
Body 1442: (6.80685e+06,-6.89465e+06,-946849)
Body 1443: (-8.04016e+06,-3.60077e+06,-261649)
Body 1444: (1.17115e+07,1.79372e+06,-910631)
Body 1445: (2.97805e+06,7.44282e+06,-65205.4)
Body 1446: (1.07697e+07,-7.25921e+06,872456)
Body 1447: (-7.98356e+06,3.08703e+06,-515205)
Body 1448: (-9.07938e+06,-208994,-786425)
Body 1449: (8.03684e+06,-3.44785e+06,-59264.8)
Body 1450: (1.05049e+07,970356,-533421)
Body 1451: (7.11347e+06,1.19748e+07,-236456)
Body 1452: (-7.01753e+06,953630,-680511)
Body 1453: (6.13825e+06,-1.20625e+07,779746)
Body 1454: (4.83431e+06,-7.90561e+06,79691)
Body 1455: (-7.01168e+06,-7.04977e+06,-972844)
Body 1456: (-386669,-8.12383e+06,-416512)
Body 1457: (-8.82597e+06,7.76328e+06,835510)
Body 1458: (1.08705e+07,-9.75227e+06,-670441)
Body 1459: (-8.40333e+06,1.35464e+06,-841421)
Body 1460: (-6.80376e+06,-2.37515e+06,29473.5)
Body 1461: (4.4468e+06,1.4262e+07,-723309)
Body 1462: (6.86339e+06,-3.90418e+06,439178)
Body 1463: (1.11253e+07,-7.78487e+06,67621.7)
Body 1464: (-5.13859e+06,9.28017e+06,189295)
Body 1465: (-1.01087e+07,3.16851e+06,928096)
Body 1466: (4.28156e+06,-1.42221e+07,763379)
Body 1467: (6.23304e+06,1.07151e+07,-1.09592e+06)
Body 1468: (-1.65221e+06,-1.23645e+07,-1.13335e+06)
Body 1469: (1.21093e+07,7.81333e+06,-617463)
Body 1470: (5.9438e+06,1.0803e+07,-1.09926e+06)
Body 1471: (972944,-9.59855e+06,-166578)
Body 1472: (-1.06742e+07,-5.84146e+06,-1.16628e+06)
Body 1473: (1.43418e+07,3.82518e+06,1.3928e+06)
Body 1474: (1.10633e+07,-2.60159e+06,-877409)
Body 1475: (5.26551e+06,9.52011e+06,-979646)
Body 1476: (3.12413e+06,1.15224e+07,209414)
Body 1477: (-3.89144e+06,6.85944e+06,444683)
Body 1478: (-7.28535e+06,-7.55e+06,309511)
Body 1479: (-6.23687e+06,1.22434e+07,514944)
Body 1480: (-1.81405e+06,-1.45805e+07,-29766.4)
Body 1481: (-774373,-1.20178e+07,270466)
Body 1482: (2.4142e+06,6.69785e+06,442654)
Body 1483: (-1.05436e+06,-9.11744e+06,-234792)
Body 1484: (1.01481e+07,4.625e+06,-711983)
Body 1485: (1.13e+07,-9.32494e+06,446328)
Body 1486: (-4.79496e+06,-9.53656e+06,253260)
Body 1487: (1.07534e+07,4.19967e+06,306696)
Body 1488: (1.30797e+07,-481097,-1.28395e+06)
Body 1489: (-1.15536e+07,-5.60241e+06,-169367)
Body 1490: (-6.74812e+06,4.32872e+06,-233562)
Body 1491: (-1.12192e+06,-9.34796e+06,378171)
Body 1492: (1.08504e+07,-4.39535e+06,-351653)
Body 1493: (-4.97419e+06,-7.42139e+06,-538822)
Body 1494: (1.50075e+06,9.36528e+06,-819324)
Body 1495: (-393915,1.36141e+07,-73472.7)
Body 1496: (-2.29086e+06,-6.97577e+06,-248910)
Body 1497: (-1.10268e+07,6.75994e+06,-787987)
Body 1498: (7.57155e+06,8.12306e+06,-132064)
Body 1499: (8.08801e+06,-4.9866e+06,-836535)
Body 1500: (5.13881e+06,1.1443e+07,-454175)
Body 1501: (8.6392e+06,-5.62754e+06,-531295)
Body 1502: (-3.23019e+06,6.99666e+06,-610571)
Body 1503: (-7.149e+06,-3.58568e+06,-704177)
Body 1504: (-1.59916e+06,-7.06597e+06,-200515)
Body 1505: (-188632,7.99755e+06,227393)
Body 1506: (-9.17275e+06,309310,-695741)
Body 1507: (-4.72496e+06,1.07046e+07,297195)
Body 1508: (-1.02752e+07,-8.68808e+06,-549987)
Body 1509: (-4.22526e+06,7.97551e+06,-606310)
Body 1510: (2.14287e+06,-8.17081e+06,-194770)
Body 1511: (-8.70461e+06,-5.84738e+06,188046)
Body 1512: (3.69438e+06,-6.55377e+06,-486190)
Body 1513: (1.81881e+06,-1.26426e+07,549311)
Body 1514: (1.15778e+07,1.07161e+06,-324775)
Body 1515: (-8.97987e+06,7.66666e+06,859869)
Body 1516: (-2.56177e+06,9.10658e+06,-443058)
Body 1517: (-9.03051e+06,-3.41305e+06,399932)
Body 1518: (4.35601e+06,-1.14642e+07,948448)
Body 1519: (1.34173e+07,1.61021e+06,638093)
Body 1520: (5.80861e+06,6.42828e+06,240031)
Body 1521: (8.92326e+06,3.35421e+06,-692097)
Body 1522: (5.72972e+06,-3.97893e+06,-665238)
Body 1523: (-7.50261e+06,4.34922e+06,-248833)
Body 1524: (1.38369e+07,3.58496e+06,34918.9)
Body 1525: (1.13145e+07,-5.17126e+06,299547)
Body 1526: (1.16084e+07,6.74657e+06,-306341)
Body 1527: (7.53382e+06,-6.52599e+06,-696106)
Body 1528: (-3.88296e+06,7.20249e+06,-731052)
Body 1529: (8.25899e+06,-1.82765e+06,-121504)
Body 1530: (-1.79649e+06,-1.19172e+07,-320749)
Body 1531: (2.19516e+06,7.87177e+06,-305343)
Body 1532: (-9.65877e+06,7.17105e+06,-1.19045e+06)
Body 1533: (9.83791e+06,-5.28047e+06,697805)
Body 1534: (3.80235e+06,-1.30506e+07,-479412)
Body 1535: (8.15315e+06,1.02728e+07,413827)
Body 1536: (1.19555e+07,1.94328e+06,698376)
Body 1537: (-1.55578e+06,1.41127e+07,888235)
Body 1538: (-6.1931e+06,-4.50656e+06,-21986.8)
Body 1539: (1.01418e+07,-5.06453e+06,843401)
Body 1540: (-1.96895e+06,1.30884e+07,1.09261e+06)
Body 1541: (4.70658e+06,-6.18918e+06,-267332)
Body 1542: (-3.59418e+06,-6.49077e+06,-399135)
Body 1543: (-3.08107e+06,8.36515e+06,-779889)
Body 1544: (8.4119e+06,278627,-91895.9)
Body 1545: (-3.14029e+06,-6.99035e+06,-405579)
Body 1546: (1.00372e+07,-1.05139e+07,-612487)
Body 1547: (4.34026e+06,-1.24692e+07,1.28889e+06)
Body 1548: (1.02471e+07,5.80602e+06,345979)
Body 1549: (-7.73423e+06,-9.16317e+06,-462729)
Body 1550: (1.34099e+07,-3.48498e+06,-783069)
Body 1551: (2.61905e+06,7.22961e+06,493646)
Body 1552: (-8.14167e+06,-9.36698e+06,-243796)
Body 1553: (-4.13928e+06,1.08604e+07,-52998.8)
Body 1554: (1.3203e+07,-1.55788e+06,1.15283e+06)
Body 1555: (-1.18277e+07,8.33695e+06,-90327.3)
Body 1556: (1.11378e+07,-5.91846e+06,-904629)
Body 1557: (6.04124e+06,7.24278e+06,211319)
Body 1558: (-4.33866e+06,8.35644e+06,-810009)
Body 1559: (6.35915e+06,-7.43612e+06,-522842)
Body 1560: (-8.59343e+06,-9.11657e+06,912378)
Body 1561: (7.97845e+06,-1.1238e+06,133163)
Body 1562: (1.26931e+07,-7.88076e+06,-833001)
Body 1563: (-271190,7.44424e+06,41065.7)
Body 1564: (4.14409e+06,7.27502e+06,-62638.5)
Body 1565: (5.23153e+06,5.04113e+06,-122267)
Body 1566: (-5.98483e+06,4.52835e+06,-39016.6)
Body 1567: (7.2273e+06,-7.76769e+06,63792.9)
Body 1568: (-9.08178e+06,5.69967e+06,682040)
Body 1569: (8.55403e+06,-1.12741e+07,491401)
Body 1570: (-1.36215e+06,7.94968e+06,-734267)
Body 1571: (-7.6658e+06,-1.22243e+07,711533)
Body 1572: (5.36695e+06,-7.81643e+06,-456221)
Body 1573: (-5.00772e+06,4.90889e+06,99248.8)
Body 1574: (6.99413e+06,-8.22401e+06,-853777)
Body 1575: (-1.13812e+07,-936146,-499602)
Body 1576: (248166,-1.35608e+07,632116)
Body 1577: (-2.37528e+06,-1.37863e+07,-750996)
Body 1578: (-4.48387e+06,1.18048e+07,-651726)
Body 1579: (-276985,-7.57221e+06,319952)
Body 1580: (-27809.5,-8.84498e+06,740888)
Body 1581: (848115,7.80846e+06,393457)
Body 1582: (-6.48881e+06,-6.47076e+06,-769426)
Body 1583: (-720550,-1.05857e+07,395975)
Body 1584: (9.69595e+06,-9.39412e+06,738352)
Body 1585: (1.21263e+07,2.45531e+06,86525.7)
Body 1586: (2.6105e+06,-6.81395e+06,-261743)
Body 1587: (-2.11781e+06,1.12841e+07,649373)
Body 1588: (-1.13029e+07,8.35368e+06,1.02196e+06)
Body 1589: (-8.8964e+06,-1.97546e+06,655009)
Body 1590: (9.18481e+06,-2.72175e+06,-725832)
Body 1591: (5.8709e+06,-4.0276e+06,-615740)
Body 1592: (1.42081e+07,-4.47361e+06,-1.08327e+06)
Body 1593: (4.48732e+06,1.03703e+07,-162373)
Body 1594: (1.21423e+06,7.3895e+06,-204830)
Body 1595: (1.03855e+07,-1.4721e+06,646674)
Body 1596: (-1.25212e+07,-2.97365e+06,876469)
Body 1597: (-2.46266e+06,-9.34831e+06,957822)
Body 1598: (-4.35679e+06,-8.43584e+06,654853)
Body 1599: (-2.85922e+06,-1.40246e+07,-619833)
Body 1600: (9.51483e+06,1.25457e+06,501209)
Body 1601: (4.83471e+06,-5.49694e+06,-559409)
Body 1602: (-8.27572e+06,1.22253e+06,398300)
Body 1603: (-7.54623e+06,2.97633e+06,-27822.1)
Body 1604: (6.48524e+06,5.76713e+06,584815)
Body 1605: (1.09541e+07,998552,667345)
Body 1606: (-1.16746e+07,-9.17162e+06,11011.2)
Body 1607: (1.33919e+07,-4.11275e+06,713786)
Body 1608: (-8.82879e+06,-5.78468e+06,424407)
Body 1609: (-8.0724e+06,2.77353e+06,563861)
Body 1610: (-1.03795e+07,6.47068e+06,399769)
Body 1611: (-6.46492e+06,4.59603e+06,465560)
Body 1612: (3.41183e+06,8.03403e+06,789131)
Body 1613: (-599093,8.62013e+06,813978)
Body 1614: (-3.99518e+06,-1.22085e+07,908219)
Body 1615: (-2.15885e+06,-7.62693e+06,5847.6)
Body 1616: (-1.36112e+07,-702313,327823)
Body 1617: (-1.07056e+07,1.47232e+06,579713)
Body 1618: (-8.04792e+06,-8.9388e+06,-119604)
Body 1619: (-296041,-1.12211e+07,732774)
Body 1620: (1.11484e+07,-5.7561e+06,804903)
Body 1621: (-5.42353e+06,-1.00876e+07,978888)
Body 1622: (5.41507e+06,-1.06469e+07,451276)
Body 1623: (579188,1.13995e+07,-168949)
Body 1624: (-8.06809e+06,-1.23367e+07,189857)
Body 1625: (-1.23761e+07,-7.48491e+06,75449.4)
Body 1626: (-3.02786e+06,-1.26938e+07,-801851)
Body 1627: (-1.06082e+07,1.84418e+06,-262290)
Body 1628: (-9.50504e+06,5.76792e+06,-669355)
Body 1629: (9.25127e+06,4.52301e+06,156097)
Body 1630: (-2.13259e+06,-1.36584e+07,-386079)
Body 1631: (2.27233e+06,7.35315e+06,70022.9)
Body 1632: (-8.3143e+06,-2.36452e+06,-464457)
Body 1633: (-1.10058e+07,8.28142e+06,-701539)
Body 1634: (-7.41716e+06,1.12294e+07,-1.04782e+06)
Body 1635: (-1.00656e+07,-5.66986e+06,496364)
Body 1636: (-8.36511e+06,3.07765e+06,-388209)
Body 1637: (5.46157e+06,-5.34181e+06,349940)
Body 1638: (-7.61853e+06,-5.49748e+06,-561989)
Body 1639: (1.05428e+07,9.29081e+06,-1.39905e+06)
Body 1640: (-9.5431e+06,-5.50024e+06,173970)
Body 1641: (-2.91891e+06,6.83926e+06,-1191.34)
Body 1642: (6.06623e+06,-6.24026e+06,-720305)
Body 1643: (-3.9118e+06,-1.01596e+07,-519142)
Body 1644: (5.73153e+06,-1.05096e+07,-742340)
Body 1645: (-1.35209e+07,-4.73553e+06,-575558)
Body 1646: (-3.98083e+06,9.64722e+06,470182)
Body 1647: (6.62972e+06,-1.15383e+07,1.29694e+06)
Body 1648: (-1.07071e+07,-7.92912e+06,-428574)
Body 1649: (1.09661e+07,2.90033e+06,555862)
Body 1650: (1.04432e+07,1.32703e+06,-923475)
Body 1651: (-8.74046e+06,-5.06002e+06,-72305.5)
Body 1652: (-1.18566e+07,1.46976e+06,386522)
Body 1653: (6.63794e+06,5.70302e+06,168807)
Body 1654: (1.07188e+07,1.83302e+06,-259987)
Body 1655: (-7.69409e+06,-1.54309e+06,-163596)
Body 1656: (4.07727e+06,-1.11751e+07,-476870)
Body 1657: (-1.43248e+07,-3.26733e+06,347667)
Body 1658: (-6.21338e+06,-1.07834e+07,27307)
Body 1659: (9.79328e+06,3.44792e+06,-995422)
Body 1660: (-4.95366e+06,8.52669e+06,-221529)
Body 1661: (-593597,-8.06448e+06,578286)
Body 1662: (-1.44816e+07,690244,582744)
Body 1663: (-1.20535e+07,6.78986e+06,-527586)
Body 1664: (-1.4423e+07,-1.43053e+06,-7960.33)
Body 1665: (6.53554e+06,5.2891e+06,576159)
Body 1666: (-5.4581e+06,1.05637e+07,-734008)
Body 1667: (-9.8697e+06,-5.75365e+06,-670248)
Body 1668: (1.19126e+07,6.97722e+06,-397452)
Body 1669: (-1.88013e+06,1.22732e+07,814874)
Body 1670: (3.13222e+06,-1.24949e+07,-983196)
Body 1671: (-1.85243e+06,7.91032e+06,29373.1)
Body 1672: (6.71579e+06,-1.10997e+07,530475)
Body 1673: (-1.01364e+06,-1.43823e+07,-558924)
Body 1674: (-3.01319e+06,-8.59031e+06,-559892)
Body 1675: (-7.56646e+06,-1.56053e+06,497668)
Body 1676: (2.03525e+06,-7.52552e+06,486425)
Body 1677: (1.01381e+07,3.82356e+06,-706174)
Body 1678: (-2.99609e+06,-1.22584e+07,1.00752e+06)
Body 1679: (8.26417e+06,8.1802e+06,-882130)
Body 1680: (5.15239e+06,1.16752e+07,-438185)
Body 1681: (1.07515e+07,1.69272e+06,-547228)
Body 1682: (-1.90118e+06,1.00579e+07,-745737)
Body 1683: (4.95506e+06,-1.18118e+07,-621779)
Body 1684: (-9.93188e+06,8.68762e+06,17644.3)
Body 1685: (1342.54,-1.38222e+07,844528)
Body 1686: (7.30477e+06,3.42939e+06,636246)
Body 1687: (-2.38555e+06,9.80649e+06,453854)
Body 1688: (8.88921e+06,-1.0401e+07,-503735)
Body 1689: (1.33077e+07,3.50575e+06,-1.24285e+06)
Body 1690: (1.1049e+07,4.6323e+06,-420436)
Body 1691: (-6.44573e+06,1.05422e+07,-792899)
Body 1692: (-8.92571e+06,2.43045e+06,-45539.9)
Body 1693: (18252,-1.32635e+07,-114552)
Body 1694: (1.03531e+07,9.0468e+06,-673260)
Body 1695: (-9.77135e+06,9.40294e+06,1.30908e+06)
Body 1696: (2.8e+06,-1.03561e+07,-209636)
Body 1697: (-7.70547e+06,6.96925e+06,455515)
Body 1698: (1.06662e+07,-3.92654e+06,-566746)
Body 1699: (-6.11692e+06,4.84359e+06,182160)
Body 1700: (-7.89214e+06,1.14177e+07,427041)
Body 1701: (-7.23539e+06,-6.56904e+06,753601)
Body 1702: (-7.26491e+06,4.97985e+06,871748)
Body 1703: (-1.28116e+07,-5.5155e+06,46385.7)
Body 1704: (-9.19956e+06,-1.00524e+06,645480)
Body 1705: (-3.10728e+06,1.20655e+07,-744787)
Body 1706: (4.3863e+06,7.96381e+06,-736882)
Body 1707: (7.81775e+06,6.7534e+06,-678856)
Body 1708: (5.78962e+06,9.74527e+06,-991229)
Body 1709: (1.7623e+06,9.37486e+06,29199.5)
Body 1710: (93845.9,-7.79258e+06,634564)
Body 1711: (-1.2639e+07,-2.65017e+06,933138)
Body 1712: (1.25286e+07,837442,-266012)
Body 1713: (-7.7932e+06,1.13258e+07,-1.28167e+06)
Body 1714: (4.16107e+06,-1.22523e+07,-879706)
Body 1715: (4.02053e+06,1.05476e+07,495255)
Body 1716: (-3.70417e+06,8.36733e+06,632340)
Body 1717: (-5.21633e+06,-9.46646e+06,-211067)
Body 1718: (-6.59519e+06,-6.64417e+06,-647253)
Body 1719: (2.53332e+06,9.64934e+06,390863)
Body 1720: (1.45473e+07,-405186,-144729)
Body 1721: (-8.42649e+06,3.15709e+06,625987)
Body 1722: (8.25713e+06,-2.5561e+06,-273465)
Body 1723: (7.8558e+06,-1.26115e+07,918120)
Body 1724: (9.52572e+06,532338,-224946)
Body 1725: (9.15425e+06,2.19817e+06,10102.2)
Body 1726: (-6.7761e+06,-7.65234e+06,247784)
Body 1727: (7.86826e+06,-1.13964e+06,-498453)
Body 1728: (-1.05126e+07,780168,660894)
Body 1729: (-7.02433e+06,3.37084e+06,200283)
Body 1730: (-6.04385e+06,-6.24397e+06,738093)
Body 1731: (1.46483e+07,3.03408e+06,-791816)
Body 1732: (-7.63444e+06,5.603e+06,-488591)
Body 1733: (8.25147e+06,-2.41529e+06,721350)
Body 1734: (-3.9112e+06,6.25199e+06,-139915)
Body 1735: (-6.13935e+06,-6.45535e+06,250185)
Body 1736: (-786111,-1.37811e+07,117535)
Body 1737: (-1.84154e+06,1.20871e+07,227578)
Body 1738: (7.28803e+06,8.10435e+06,-561717)
Body 1739: (8.28872e+06,-4.26136e+06,-503046)
Body 1740: (-6.34961e+06,6.80728e+06,304964)
Body 1741: (7.59722e+06,-2.25451e+06,580441)
Body 1742: (-5.3067e+06,-1.02739e+07,-1.12131e+06)
Body 1743: (2.74444e+06,-9.27958e+06,-819683)
Body 1744: (-7.94759e+06,-4.72785e+06,-450872)
Body 1745: (9.81501e+06,1.06e+07,860260)
Body 1746: (28979.2,-1.10556e+07,-418733)
Body 1747: (6.91839e+06,-8.70023e+06,-73635.5)
Body 1748: (-9.61345e+06,-2.22878e+06,429276)
Body 1749: (9.77419e+06,-3.94325e+06,-432482)
Body 1750: (475844,-1.07855e+07,408544)
Body 1751: (1.3905e+07,-273457,-203460)
Body 1752: (7.73625e+06,1.50397e+06,357853)
Body 1753: (2.54908e+06,1.37248e+07,-955063)
Body 1754: (3.31128e+06,-6.72087e+06,-282771)
Body 1755: (-1.01884e+07,-182321,692874)
Body 1756: (-9.13005e+06,-8.06343e+06,-791237)
Body 1757: (-2.38006e+06,-1.07966e+07,1.04959e+06)
Body 1758: (8.56437e+06,520975,-730558)
Body 1759: (4.27652e+06,-8.99322e+06,-984791)
Body 1760: (-5.07235e+06,9.32035e+06,-952285)
Body 1761: (-322272,1.05923e+07,-314014)
Body 1762: (-1.24931e+07,-1.70776e+06,-948369)
Body 1763: (-9.63475e+06,-1.10633e+07,780823)
Body 1764: (7.26663e+06,2.22101e+06,-732549)
Body 1765: (-7.28482e+06,4.33689e+06,740868)
Body 1766: (-2.67242e+06,1.03151e+07,131999)
Body 1767: (-6.09408e+06,-5.01887e+06,108057)
Body 1768: (1.32733e+07,-1.10734e+06,-664193)
Body 1769: (9.29839e+06,-5.98721e+06,631481)
Body 1770: (1.02253e+07,-3.64797e+06,-963897)
Body 1771: (1.37243e+07,4.51325e+06,136690)
Body 1772: (-1.13294e+06,1.40778e+07,-78389.4)
Body 1773: (9.14686e+06,-2.82961e+06,620618)
Body 1774: (-1.07743e+07,-6.62088e+06,811952)
Body 1775: (-9.58449e+06,3.27139e+06,466193)
Body 1776: (9.0424e+06,3.84599e+06,-838572)
Body 1777: (5.41712e+06,-5.78146e+06,-44009.2)
Body 1778: (-9.92617e+06,7.90337e+06,-612784)
Body 1779: (2.68487e+06,-9.3985e+06,244835)
Body 1780: (-6.19325e+06,-1.31105e+07,203536)
Body 1781: (1.10947e+07,-4.19641e+06,684477)
Body 1782: (-7.02092e+06,-1.53718e+06,270854)
Body 1783: (2.96795e+06,1.261e+07,953039)
Body 1784: (1.21238e+06,1.45535e+07,1.11972e+06)
Body 1785: (7.28183e+06,2.66583e+06,-576090)
Body 1786: (4.18444e+06,-6.1432e+06,-657214)
Body 1787: (7.28195e+06,5.56616e+06,-375227)
Body 1788: (-3.78944e+06,-6.70726e+06,-565964)
Body 1789: (5.63867e+06,-1.25401e+07,-1.34161e+06)
Body 1790: (1.39124e+07,2.5638e+06,-737292)
Body 1791: (-3.73459e+06,6.22472e+06,20131.7)
Body 1792: (-7.02064e+06,1.13688e+07,549455)
Body 1793: (38765.1,-8.4881e+06,-448599)
Body 1794: (3.20395e+06,7.47411e+06,-517783)
Body 1795: (6.21203e+06,-9.1551e+06,-932421)
Body 1796: (-7.13197e+06,-1.04122e+07,942024)
Body 1797: (-8.48807e+06,2.74445e+06,761580)
Body 1798: (-9.37914e+06,7.8747e+06,-904428)
Body 1799: (-7.92978e+06,-4.44622e+06,396934)
Body 1800: (-6.4758e+06,-4.68866e+06,80514.1)
Body 1801: (-4.06761e+06,-1.03132e+07,749355)
Body 1802: (7.3337e+06,-6.13562e+06,-649992)
Body 1803: (-886213,8.31282e+06,-637369)
Body 1804: (6.92011e+06,5.47535e+06,568630)
Body 1805: (-130159,-8.07757e+06,-732443)
Body 1806: (-3.50263e+06,-1.40884e+07,-1.43665e+06)
Body 1807: (-1.30387e+07,-1.16221e+06,732162)
Body 1808: (-7.05455e+06,-8.64961e+06,639886)
Body 1809: (1.02142e+07,180059,716166)
Body 1810: (-9.99554e+06,242283,-987509)
Body 1811: (1.08871e+07,-920510,-484847)
Body 1812: (-3.8941e+06,-9.36593e+06,639449)
Body 1813: (-3.77735e+06,9.58184e+06,904191)
Body 1814: (9.06615e+06,8.4171e+06,-1.06921e+06)
Body 1815: (2.02209e+06,1.06652e+07,-534543)
Body 1816: (1.18454e+07,7.47838e+06,603760)
Body 1817: (600597,-9.14036e+06,407730)
Body 1818: (-7.02875e+06,-411417,-508777)
Body 1819: (9.6389e+06,-1.00538e+07,-227475)
Body 1820: (-3.47063e+06,9.95777e+06,457120)
Body 1821: (-1.10724e+06,9.80607e+06,-133762)
Body 1822: (-157045,-7.69359e+06,-752518)
Body 1823: (4.96458e+06,1.10768e+07,-650262)
Body 1824: (1.20548e+07,-529082,670901)
Body 1825: (3.93096e+06,7.85433e+06,644485)
Body 1826: (6.85375e+06,7.98864e+06,763849)
Body 1827: (1.3415e+07,-1.3557e+06,1.10742e+06)
Body 1828: (1.30248e+07,4.47187e+06,-1.09181e+06)
Body 1829: (-1.13251e+07,-2.27565e+06,-97119.5)
Body 1830: (-9.24041e+06,4.25578e+06,141007)
Body 1831: (-479275,7.00018e+06,25652.3)
Body 1832: (5.85599e+06,1.13562e+07,119805)
Body 1833: (-1.19023e+07,4.31062e+06,-1.2009e+06)
Body 1834: (-3.04254e+06,1.0107e+07,909234)
Body 1835: (-4.57508e+06,-6.51987e+06,-714418)
Body 1836: (-9.95708e+06,-3.51933e+06,-426981)
Body 1837: (5.49005e+06,9.10539e+06,-416741)
Body 1838: (-3.82032e+06,1.13024e+07,955874)
Body 1839: (-1.10995e+07,4.49773e+06,-1.10792e+06)
Body 1840: (1.02433e+06,-1.09364e+07,-515415)
Body 1841: (-157855,1.34251e+07,870540)
Body 1842: (5.12838e+06,-5.71971e+06,-1249.96)
Body 1843: (-895060,9.32859e+06,-127440)
Body 1844: (2.76518e+06,1.46872e+07,-1.1885e+06)
Body 1845: (-1.16503e+07,834299,56523.6)
Body 1846: (-1.32738e+06,1.2222e+07,1.01201e+06)
Body 1847: (7.20855e+06,7.59749e+06,507920)
Body 1848: (-4.87911e+06,1.11177e+07,295136)
Body 1849: (-8.2141e+06,2.95945e+06,698938)
Body 1850: (-6.10062e+06,5.25464e+06,517857)
Body 1851: (-1.41434e+07,4.2073e+06,20657.2)
Body 1852: (1.05225e+07,-4.75673e+06,828709)
Body 1853: (-7.71553e+06,3.23063e+06,-60225.4)
Body 1854: (-1.06179e+07,-8.02006e+06,410555)
Body 1855: (1.33311e+07,6.79413e+06,-829748)
Body 1856: (-5.8943e+06,8.34438e+06,-980389)
Body 1857: (-3.23523e+06,-7.00056e+06,586193)
Body 1858: (-1.07642e+07,-2.7117e+06,-544152)
Body 1859: (153677,-1.31401e+07,232266)
Body 1860: (7.10314e+06,4.96837e+06,-757380)
Body 1861: (5.32438e+06,-1.04311e+07,840752)
Body 1862: (2.28504e+06,-1.04186e+07,955852)
Body 1863: (-7.35063e+06,5.47762e+06,793053)
Body 1864: (8.28397e+06,-4.97093e+06,932350)
Body 1865: (5.01535e+06,-1.12082e+07,613352)
Body 1866: (-4.39829e+06,1.17507e+07,-1.11433e+06)
Body 1867: (-4.83703e+06,-8.42365e+06,-773808)
Body 1868: (4.52331e+06,5.45801e+06,306049)
Body 1869: (1.46993e+07,-1.56482e+06,-17800.5)
Body 1870: (-1.14842e+06,-1.39075e+07,2903.28)
Body 1871: (7.50374e+06,8.76433e+06,1.01251e+06)
Body 1872: (-9.25558e+06,3.25016e+06,336918)
Body 1873: (-265110,9.66426e+06,253452)
Body 1874: (-1.30956e+06,-7.07975e+06,20193.3)
Body 1875: (-8.0022e+06,-8.73437e+06,64087.1)
Body 1876: (-4.70081e+06,-1.06544e+07,590035)
Body 1877: (8.74028e+06,-9.34435e+06,-795731)
Body 1878: (9.66484e+06,-3.28234e+06,-211130)
Body 1879: (-7.87175e+06,-1.27649e+06,-624098)
Body 1880: (8.62212e+06,-84284.3,71331.7)
Body 1881: (9.22737e+06,-296482,863975)
Body 1882: (-692099,1.0479e+07,711849)
Body 1883: (-4.89053e+06,-1.17051e+07,999441)
Body 1884: (-2.64134e+06,1.22238e+07,485131)
Body 1885: (554391,-9.42751e+06,226218)
Body 1886: (-7.59021e+06,-620715,-238748)
Body 1887: (-7.69994e+06,-5.7709e+06,-342079)
Body 1888: (1.19208e+07,5.68816e+06,423838)
Body 1889: (-6.27504e+06,-1.19231e+07,-7466.52)
Body 1890: (-4.49118e+06,1.38237e+07,-1.4021e+06)
Body 1891: (1.01884e+07,2.15042e+06,947961)
Body 1892: (2.10515e+06,-8.40669e+06,476381)
Body 1893: (-6.29573e+06,-6.01339e+06,-789048)
Body 1894: (1.07837e+07,1.00132e+06,914366)
Body 1895: (2.55647e+06,1.45607e+07,-864022)
Body 1896: (-281312,1.29861e+07,1.02848e+06)
Body 1897: (-6.84856e+06,9.32012e+06,770710)
Body 1898: (9.27188e+06,-5.74443e+06,935972)
Body 1899: (8.28342e+06,127854,804329)
Body 1900: (1.33616e+07,4.85838e+06,948386)
Body 1901: (-604441,1.06147e+07,806900)
Body 1902: (8.09578e+06,-2.77597e+06,-504470)
Body 1903: (1.99856e+06,1.17401e+07,108776)
Body 1904: (4.56926e+06,1.16045e+07,52096.5)
Body 1905: (9.67681e+06,4.63759e+06,684057)
Body 1906: (-8.63838e+06,-4.38014e+06,28638.4)
Body 1907: (8.67487e+06,6.93274e+06,-169956)
Body 1908: (-1.08083e+06,-1.05391e+07,721571)
Body 1909: (9.69599e+06,5.88872e+06,-597594)
Body 1910: (5.88996e+06,5.8713e+06,-223103)
Body 1911: (1.73446e+06,8.62751e+06,-785830)
Body 1912: (5.68685e+06,4.29417e+06,-467856)
Body 1913: (-1.03977e+07,-694490,-750363)
Body 1914: (-5.66164e+06,8.69695e+06,-657929)
Body 1915: (-6.90057e+06,1.44317e+06,261884)
Body 1916: (5.93491e+06,6.47554e+06,681305)
Body 1917: (1.50802e+06,9.05199e+06,656514)
Body 1918: (-1.28319e+07,4.31149e+06,-29134.4)
Body 1919: (7.70114e+06,4.13501e+06,128383)
Body 1920: (-7.36816e+06,2.42371e+06,685122)
Body 1921: (973873,1.45857e+07,362937)
Body 1922: (7.66058e+06,-7.58635e+06,-493200)
Body 1923: (3.66257e+06,5.99636e+06,-211527)
Body 1924: (2.45254e+06,-9.19821e+06,343921)
Body 1925: (-9.03926e+06,2.45124e+06,-759233)
Body 1926: (1.29756e+07,-5.56821e+06,1.35913e+06)
Body 1927: (6.38231e+06,1.2338e+07,-1.26423e+06)
Body 1928: (9.90839e+06,-6.05601e+06,-750397)
Body 1929: (2.40936e+06,-6.60538e+06,-596542)
Body 1930: (-4.44296e+06,-9.28734e+06,-542454)
Body 1931: (969358,-7.60759e+06,199710)
Body 1932: (-8.29814e+06,1.2316e+07,-1.30497e+06)
Body 1933: (-1.27332e+07,-1.75529e+06,-738083)
Body 1934: (3.78751e+06,1.26853e+07,-634188)
Body 1935: (-6.24912e+06,4.56551e+06,-125496)
Body 1936: (-2.81944e+06,-1.07151e+07,901891)
Body 1937: (7.59636e+06,2.7072e+06,-778954)
Body 1938: (-4.44425e+06,-6.82034e+06,370613)
Body 1939: (519463,1.32719e+07,-515881)
Body 1940: (1.00153e+07,4.20548e+06,241492)
Body 1941: (-9.52812e+06,1.13914e+07,751642)
Body 1942: (7.63437e+06,7.91768e+06,180919)
Body 1943: (9.17552e+06,2.02154e+06,253610)
Body 1944: (-7.78288e+06,1.14783e+07,-304328)
Body 1945: (5.49724e+06,-1.30007e+07,607191)
Body 1946: (7.58279e+06,-4.78984e+06,-620892)
Body 1947: (1.18121e+07,2.16705e+06,345287)
Body 1948: (-8.75808e+06,2.85842e+06,-285199)
Body 1949: (-6.01597e+06,-5.80152e+06,639725)
Body 1950: (5.18988e+06,1.37093e+07,637687)
Body 1951: (-6.79095e+06,1.02047e+07,-1.18261e+06)
Body 1952: (1.17892e+07,-4.19701e+06,330746)
Body 1953: (-1.03321e+07,-1.65292e+06,-629340)
Body 1954: (-286237,-1.29685e+07,-921191)
Body 1955: (-1.68425e+06,1.38567e+07,1.35052e+06)
Body 1956: (4.39779e+06,9.04648e+06,-298391)
Body 1957: (9.53571e+06,4.4434e+06,164587)
Body 1958: (-809306,-1.17009e+07,-1.10774e+06)
Body 1959: (1.0699e+07,3.7e+06,455666)
Body 1960: (6.32834e+06,-3.91176e+06,300852)
Body 1961: (-1.02945e+07,3.95735e+06,-816144)
Body 1962: (6.3249e+06,-6.81462e+06,753724)
Body 1963: (-5.80599e+06,-3.90895e+06,307185)
Body 1964: (1.03911e+07,5.86283e+06,-674278)
Body 1965: (4.428e+06,-7.8382e+06,-66260.4)
Body 1966: (9.99433e+06,-4.32632e+06,298662)
Body 1967: (-1.36307e+07,3.81483e+06,-994039)
Body 1968: (-1.39292e+07,3.69204e+06,-918794)
Body 1969: (8.94114e+06,2.96194e+06,-59716)
Body 1970: (1.25934e+07,-5.57766e+06,1.19466e+06)
Body 1971: (-5.8818e+06,5.37267e+06,-753888)
Body 1972: (-8.7403e+06,1.07265e+07,362925)
Body 1973: (-1.14971e+07,5.41767e+06,-492256)
Body 1974: (1.43218e+07,-3.24435e+06,-618777)
Body 1975: (1.06283e+07,-1.82511e+06,-1.0714e+06)
Body 1976: (8.3129e+06,6.08397e+06,18868)
Body 1977: (-5.99537e+06,3.96182e+06,-401837)
Body 1978: (1.12427e+07,-277119,676788)
Body 1979: (-9.04364e+06,-1.03006e+07,-1.26033e+06)
Body 1980: (7.71301e+06,-3.91842e+06,-231714)
Body 1981: (-2.29784e+06,-7.47771e+06,-313929)
Body 1982: (9.12674e+06,-109389,654895)
Body 1983: (1.01808e+07,-1.26289e+06,308091)
Body 1984: (1.2646e+07,2.54285e+06,-978062)
Body 1985: (9.71729e+06,-7.14434e+06,298555)
Body 1986: (6.01053e+06,5.35963e+06,555228)
Body 1987: (-8.01358e+06,-1.03128e+06,-750138)
Body 1988: (-3.57499e+06,-6.75184e+06,289203)
Body 1989: (2.07616e+06,9.48811e+06,610190)
Body 1990: (-8.39527e+06,-2.27689e+06,816936)
Body 1991: (7.61186e+06,-2.95789e+06,-518618)
Body 1992: (-8.23038e+06,8.0171e+06,1.07147e+06)
Body 1993: (-7.3912e+06,5.38617e+06,885957)
Body 1994: (-1.12769e+07,-192315,-546808)
Body 1995: (1.25081e+07,1.1383e+06,-1.13467e+06)
Body 1996: (-6.40293e+06,9.8479e+06,1.0679e+06)
Body 1997: (-3.20429e+06,-1.38304e+07,904547)
Body 1998: (8.67649e+06,8.74826e+06,654982)
Body 1999: (-3.86366e+06,7.75464e+06,553912)
Body 2000: (7.18741e+06,-8.68536e+06,-647737)
Body 2001: (1.02488e+07,5.9632e+06,339358)
Body 2002: (-1.12637e+07,-6.66115e+06,-612263)
Body 2003: (5.29607e+06,4.94908e+06,177340)
Body 2004: (3.89493e+06,1.39249e+07,680167)
Body 2005: (-1.38032e+07,-1.82694e+06,471539)
Body 2006: (-910839,1.34782e+07,-549048)
Body 2007: (6.7955e+06,-1.5969e+06,584302)
Body 2008: (1.15273e+07,6.25661e+06,-137714)
Body 2009: (7.77325e+06,787340,181581)
Body 2010: (1.2029e+07,-8.4063e+06,577784)
Body 2011: (-1.18196e+06,7.67764e+06,-279684)
Body 2012: (4.22956e+06,-1.24003e+07,-301115)
Body 2013: (9.93069e+06,2.8584e+06,-436065)
Body 2014: (7.86639e+06,7.11956e+06,-99167.6)
Body 2015: (-1.20142e+07,-6.74149e+06,-1.16292e+06)
Body 2016: (-8.42231e+06,1.35177e+06,-236366)
Body 2017: (-9.70086e+06,-1.81077e+06,166587)
Body 2018: (-7.22617e+06,1.12251e+07,816607)
Body 2019: (9.1232e+06,3.31944e+06,105218)
Body 2020: (1.07186e+07,-4.66878e+06,528949)
Body 2021: (1.20293e+07,-7.80413e+06,299942)
Body 2022: (-1.0449e+07,-3.95029e+06,1.07194e+06)
Body 2023: (1.03344e+07,8.15566e+06,733855)
Body 2024: (-7.89978e+06,2.70569e+06,-484090)
Body 2025: (8.97417e+06,-8.70953e+06,-524640)
Body 2026: (-2.30233e+06,7.29694e+06,263871)
Body 2027: (-1.69513e+06,9.46024e+06,-607379)
Body 2028: (-1.78634e+06,1.0822e+07,507124)
Body 2029: (-3.90346e+06,-6.52387e+06,-399406)
Body 2030: (-2.45721e+06,1.06229e+07,486109)
Body 2031: (1.2631e+07,-7.24316e+06,242967)
Body 2032: (4.45512e+06,-9.72147e+06,392263)
Body 2033: (3.65573e+06,-7.63785e+06,-120445)
Body 2034: (-1.69417e+06,8.3322e+06,-395614)
Body 2035: (1.08454e+06,1.10691e+07,-838929)
Body 2036: (-6.90941e+06,-3.994e+06,374985)
Body 2037: (9.31893e+06,2.06817e+06,-712999)
Body 2038: (-1.43054e+07,575355,-132943)
Body 2039: (-970173,-7.23956e+06,41003.8)
Body 2040: (6.63055e+06,5.49928e+06,-200943)
Body 2041: (9.0793e+06,-1.0252e+07,281724)
Body 2042: (9.60315e+06,8.49048e+06,225949)
Body 2043: (3.74309e+06,1.17167e+07,936993)
Body 2044: (-3.32958e+06,7.88317e+06,206373)
Body 2045: (-3.76885e+06,-1.14669e+07,-938517)
Body 2046: (-1.35016e+07,-2.83227e+06,-79126.8)
Body 2047: (-889347,-1.47787e+07,-1.13333e+06)
Body 2048: (1.07326e+07,7.32512e+06,-1.23168e+06)
Body 2049: (1.01993e+07,-405515,-664654)
Body 2050: (5.72099e+06,1.0966e+07,556437)
Body 2051: (-4.68984e+06,-9.97594e+06,-655838)
Body 2052: (1.29532e+07,-351095,429454)
Body 2053: (9.65431e+06,-5.05265e+06,-1.05842e+06)
Body 2054: (9.794e+06,-8.2258e+06,-1.12412e+06)
Body 2055: (2.96924e+06,1.01752e+07,141021)
Body 2056: (-3.96482e+06,1.15335e+07,-97614.4)
Body 2057: (-6.28601e+06,6.73582e+06,-628324)
Body 2058: (1.40152e+07,888012,1.07616e+06)
Body 2059: (-5.68034e+06,1.00703e+07,516136)
Body 2060: (-1.10283e+07,55760.9,-861649)
Body 2061: (558737,1.00532e+07,-978325)
Body 2062: (8.33527e+06,5.28419e+06,-480353)
Body 2063: (6.21932e+06,4.58398e+06,-465657)
Body 2064: (1.49915e+07,210903,415931)
Body 2065: (7.11951e+06,-3.8695e+06,-660021)
Body 2066: (-1.1167e+07,-9.355e+06,-1.45792e+06)
Body 2067: (-1.40041e+07,-1.92772e+06,-671490)
Body 2068: (1.17704e+07,-5.83684e+06,-42854.7)
Body 2069: (2.31218e+06,-9.23302e+06,346204)
Body 2070: (-4.97484e+06,-1.31841e+07,-723447)
Body 2071: (1.14139e+07,8.84135e+06,-670557)
Body 2072: (-1.01724e+07,-4.46494e+06,-1.08028e+06)
Body 2073: (-8.54774e+06,1.0114e+07,-247875)
Body 2074: (-9.74485e+06,9.22645e+06,-1.21856e+06)
Body 2075: (8.06275e+06,-2.28575e+06,-721820)
Body 2076: (-9.83735e+06,-202896,-13222.6)
Body 2077: (-7.02953e+06,-58885.5,-163440)
Body 2078: (7.97576e+06,1.24318e+07,-430961)
Body 2079: (-8.00754e+06,6.55783e+06,343401)
Body 2080: (1.5687e+06,8.57259e+06,399792)
Body 2081: (-9.45796e+06,5.57396e+06,-727376)
Body 2082: (8.45279e+06,568087,-693820)
Body 2083: (8.90696e+06,-7.18602e+06,-487446)
Body 2084: (7.18723e+06,6.39377e+06,-214300)
Body 2085: (6.34122e+06,-3.60315e+06,252615)
Body 2086: (1.10634e+07,-1.0019e+07,-80628)
Body 2087: (4.06409e+06,1.03906e+07,-84708.2)
Body 2088: (1.34669e+07,4.46122e+06,1.03335e+06)
Body 2089: (7.82551e+06,-5.71432e+06,856628)
Body 2090: (-6.32861e+06,-1.06243e+07,-116855)
Body 2091: (1.32694e+07,-3.25848e+06,752482)
Body 2092: (-9.35273e+06,-7.43233e+06,836334)
Body 2093: (3.7669e+06,-1.06851e+07,20133.3)
Body 2094: (-5.59707e+06,4.99091e+06,-83331.9)
Body 2095: (6.49953e+06,4.8885e+06,57686.3)
Body 2096: (-2.51218e+06,7.24899e+06,375607)
Body 2097: (-2.93114e+06,-1.43477e+07,1.4475e+06)
Body 2098: (-3.42332e+06,1.21045e+07,433029)
Body 2099: (-8.69984e+06,9.05711e+06,-1.21514e+06)
Body 2100: (1.25034e+07,1.72109e+06,331228)
Body 2101: (-7.61021e+06,-3.33511e+06,6502.61)
Body 2102: (-4.63349e+06,5.38844e+06,143704)
Body 2103: (1.05525e+07,-8.87551e+06,-44538)
Body 2104: (-5.20425e+06,1.17172e+07,-404800)
Body 2105: (-7.90771e+06,-3.25078e+06,-317234)
Body 2106: (-3.03858e+06,-7.04063e+06,318808)
Body 2107: (8.75011e+06,4.58559e+06,-145630)
Body 2108: (-5.14512e+06,-9.18914e+06,-388965)
Body 2109: (8.6068e+06,-8.98704e+06,-653926)
Body 2110: (-1.12003e+07,9.69772e+06,-690125)
Body 2111: (8.57301e+06,5.78636e+06,-775717)
Body 2112: (809374,-1.02505e+07,825000)
Body 2113: (9.71389e+06,7.56356e+06,423723)
Body 2114: (4.14426e+06,-1.13233e+07,785469)
Body 2115: (-1.1958e+07,7.1541e+06,551724)
Body 2116: (9.12667e+06,-31458.9,-593461)
Body 2117: (4.19238e+06,5.69305e+06,390487)
Body 2118: (-9.96476e+06,3.40519e+06,960979)
Body 2119: (-5.38102e+06,1.32843e+07,-834944)
Body 2120: (1.14557e+07,-7.67202e+06,114705)
Body 2121: (-527501,1.2002e+07,723619)
Body 2122: (-1.20073e+07,-270868,-1.05938e+06)
Body 2123: (-1.06965e+07,-9.49137e+06,-880038)
Body 2124: (-5.21093e+06,-1.06438e+07,61081)
Body 2125: (-1.10645e+07,-6.22149e+06,1.13982e+06)
Body 2126: (5.81774e+06,4.59541e+06,-484552)
Body 2127: (-7.6094e+06,-9.89544e+06,980817)
Body 2128: (-1.27829e+07,-677283,1.26325e+06)
Body 2129: (4.56263e+06,-7.90574e+06,-133659)
Body 2130: (-1.72884e+06,-1.20623e+07,326050)
Body 2131: (-7.60959e+06,2.84333e+06,99823.2)
Body 2132: (-1.28933e+07,4.76044e+06,1.15375e+06)
Body 2133: (-1.00131e+07,-3.17526e+06,623198)
Body 2134: (1.12977e+07,-2.87822e+06,373985)
Body 2135: (1.10565e+07,1.65709e+06,-192913)
Body 2136: (-105105,-9.37741e+06,-547776)
Body 2137: (3.19022e+06,8.00529e+06,-646463)
Body 2138: (7.14678e+06,-6.21892e+06,521444)
Body 2139: (3.77651e+06,-1.23017e+07,-593862)
Body 2140: (9.1612e+06,1.07078e+07,-461407)
Body 2141: (9.3202e+06,7.04228e+06,538038)
Body 2142: (2.17212e+06,-9.86157e+06,-14346.6)
Body 2143: (-799687,-8.39863e+06,-418556)
Body 2144: (9.71343e+06,4.9971e+06,257550)
Body 2145: (-8.88242e+06,8.47363e+06,1.11878e+06)
Body 2146: (-3.64657e+06,-1.34966e+07,597760)
Body 2147: (-4.96952e+06,-7.50693e+06,-544058)
Body 2148: (8.14956e+06,-20254.5,199502)
Body 2149: (-2.48687e+06,1.01453e+07,217134)
Body 2150: (6.09519e+06,4.13332e+06,-690063)
Body 2151: (-8.83163e+06,-6.47559e+06,-960736)
Body 2152: (1.5624e+06,1.2665e+07,472889)
Body 2153: (-5.35185e+06,-1.38109e+07,1.13737e+06)
Body 2154: (-1.45236e+07,1.20658e+06,590045)
Body 2155: (-8.57214e+06,1.08148e+07,-659045)
Body 2156: (-2.15316e+06,-1.43897e+07,-816575)
Body 2157: (3.05366e+06,-1.01425e+07,99703)
Body 2158: (294443,-1.21924e+07,297664)
Body 2159: (-21473.5,-1.13089e+07,515054)
Body 2160: (-7.66473e+06,9.28103e+06,-226772)
Body 2161: (1.12177e+07,9.57377e+06,-683292)
Body 2162: (5.66285e+06,-9.33048e+06,-735270)
Body 2163: (8.42943e+06,3.70522e+06,379550)
Body 2164: (-6.81831e+06,5.72815e+06,-100273)
Body 2165: (-1.19663e+07,7.44821e+06,-1.00179e+06)
Body 2166: (1.08915e+07,-2.57557e+06,241079)
Body 2167: (8.02303e+06,-1.24404e+07,-1.37779e+06)
Body 2168: (-2.81409e+06,1.19392e+07,146263)
Body 2169: (-5.361e+06,7.47871e+06,780640)
Body 2170: (6.06237e+06,-6.12097e+06,-811409)
Body 2171: (4.72754e+06,-6.10872e+06,201739)
Body 2172: (3.26799e+06,1.25593e+07,96252.1)
Body 2173: (-8.98239e+06,-9.25545e+06,-73004.1)
Body 2174: (-6.54203e+06,-1.30853e+07,1.19569e+06)
Body 2175: (-1.16127e+06,-1.27401e+07,-1.07709e+06)
Body 2176: (6.21278e+06,-7.65849e+06,-527894)
Body 2177: (-3.64702e+06,7.02095e+06,-442822)
Body 2178: (9.728e+06,-1.06204e+07,-912.455)
Body 2179: (-1.64653e+06,-7.30521e+06,184870)
Body 2180: (-1.37538e+07,-5.34673e+06,-483025)
Body 2181: (1.10499e+07,-1.44189e+06,437861)
Body 2182: (717656,1.23403e+07,602717)
Body 2183: (-5.33989e+06,1.1855e+07,-42351)
Body 2184: (-515741,9.30051e+06,-885893)
Body 2185: (-8.7075e+06,-3.07833e+06,-923665)
Body 2186: (6.81363e+06,-6.27682e+06,173535)
Body 2187: (-9.73977e+06,6.75945e+06,418607)
Body 2188: (3.56234e+06,-7.71137e+06,-652481)
Body 2189: (-6.63398e+06,1.0278e+07,606061)
Body 2190: (-1.08691e+07,3.34857e+06,-753043)
Body 2191: (1.19185e+07,-1.89956e+06,787050)
Body 2192: (-5.31573e+06,5.22399e+06,635909)
Body 2193: (-5.75832e+06,-9.35694e+06,908696)
Body 2194: (-1.39883e+07,-165339,-174466)
Body 2195: (-1.87167e+06,-9.5266e+06,-413868)
Body 2196: (-5.5649e+06,7.04831e+06,-580551)
Body 2197: (-9.35326e+06,-8.38405e+06,-43012.3)
Body 2198: (8.48036e+06,-5.44467e+06,-951890)
Body 2199: (1.07354e+07,-7.5979e+06,-141115)
Body 2200: (1.07024e+07,-3.88761e+06,-655963)
Body 2201: (-1.10087e+07,1.75733e+06,-539110)
Body 2202: (1.0927e+07,-7.97415e+06,763562)
Body 2203: (7.31692e+06,4.44442e+06,180568)
Body 2204: (-3.4692e+06,-6.60044e+06,45372.9)
Body 2205: (-1.03758e+07,-6.60705e+06,-190179)
Body 2206: (-2.95758e+06,8.0828e+06,42175.2)
Body 2207: (2.25227e+06,-1.19878e+07,652384)
Body 2208: (-3.29363e+06,1.43541e+07,-1.26637e+06)
Body 2209: (-404894,-9.75611e+06,-120868)
Body 2210: (-1.28478e+07,-4.12017e+06,1.16264e+06)
Body 2211: (1.32193e+07,6.15589e+06,-127122)
Body 2212: (-443874,1.18672e+07,-220727)
Body 2213: (1.80337e+06,1.22872e+07,253334)
Body 2214: (1.05972e+07,6.77831e+06,-6216.04)
Body 2215: (-1.4496e+06,-8.97073e+06,-564934)
Body 2216: (-1.28066e+07,5.9282e+06,-853402)
Body 2217: (-8.82671e+06,5.69249e+06,-149324)
Body 2218: (-1.15521e+07,-1.55189e+06,-817766)
Body 2219: (-963212,-7.46219e+06,89868.2)
Body 2220: (3.54427e+06,-9.21118e+06,-220999)
Body 2221: (-4.57625e+06,1.25081e+07,-1.14063e+06)
Body 2222: (-1.13852e+07,8.87614e+06,846049)
Body 2223: (-5.57546e+06,-7.32741e+06,688727)
Body 2224: (3.5645e+06,-6.40769e+06,104616)
Body 2225: (-1.17007e+07,-1.7205e+06,887408)
Body 2226: (-514635,7.30863e+06,551661)
Body 2227: (1.29381e+07,1.4459e+06,44280.1)
Body 2228: (-9.12303e+06,6.54399e+06,-455197)
Body 2229: (3.253e+06,1.19984e+07,744165)
Body 2230: (-1.1558e+07,6.80345e+06,-580962)
Body 2231: (-9.20554e+06,1.02192e+06,407014)
Body 2232: (-7.59783e+06,-6.29721e+06,-231977)
Body 2233: (9.27445e+06,1.46712e+06,-934696)
Body 2234: (-7.32206e+06,4.87397e+06,618951)
Body 2235: (-1.44466e+06,1.32921e+07,-683714)
Body 2236: (-4.69519e+06,7.46475e+06,-3176.94)
Body 2237: (2.06942e+06,1.02743e+07,-776035)
Body 2238: (4.01974e+06,5.84598e+06,291549)
Body 2239: (-8.77537e+06,1.74722e+06,163404)
Body 2240: (1.07856e+07,-9.04719e+06,692431)
Body 2241: (-6.47217e+06,-3.30965e+06,417109)
Body 2242: (-6.77361e+06,-2.1939e+06,510330)
Body 2243: (1.07375e+07,283169,-1.05383e+06)
Body 2244: (5.79931e+06,8.54548e+06,339795)
Body 2245: (5.52525e+06,1.13597e+07,983583)
Body 2246: (6.55523e+06,8.22867e+06,556533)
Body 2247: (-8.51019e+06,-1.02034e+07,940834)
Body 2248: (9.52734e+06,-8.69394e+06,-170550)
Body 2249: (1.29676e+07,-14701,583759)
Body 2250: (-7.85909e+06,-915741,138238)
Body 2251: (8.15097e+06,-1.92859e+06,-544234)
Body 2252: (7.25566e+06,-4.27272e+06,-58596.8)
Body 2253: (-6.11644e+06,-4.34723e+06,152841)
Body 2254: (7.40523e+06,-1.28395e+06,66185)
Body 2255: (-1.13833e+07,-1.45237e+06,254183)
Body 2256: (-2.11973e+06,8.86445e+06,20669.8)
Body 2257: (1.27941e+07,4.15076e+06,278210)
Body 2258: (7.38835e+06,1.11683e+07,-1.30295e+06)
Body 2259: (-8.05684e+06,-4.98979e+06,-686786)
Body 2260: (-9.84763e+06,-3.3658e+06,205841)
Body 2261: (-7.4325e+06,5.38977e+06,511618)
Body 2262: (9.39643e+06,-1.10808e+07,186799)
Body 2263: (-5.11108e+06,8.88874e+06,-770542)
Body 2264: (-2.95583e+06,-7.26507e+06,-377093)
Body 2265: (9.01919e+06,-95647.5,-563695)
Body 2266: (6.65599e+06,4.76093e+06,130627)
Body 2267: (-7.96791e+06,9.00308e+06,85153.6)
Body 2268: (5.50394e+06,-1.20543e+07,1.217e+06)
Body 2269: (-1.24537e+07,-5.38037e+06,-870362)
Body 2270: (7.33868e+06,2.62428e+06,259669)
Body 2271: (-1.33867e+07,-736592,-1.19715e+06)
Body 2272: (1.03771e+07,-4.42621e+06,220275)
Body 2273: (4.16601e+06,-1.27624e+07,1.16317e+06)
Body 2274: (-184385,-1.31419e+07,-699609)
Body 2275: (-7.41195e+06,-830321,-561273)
Body 2276: (-3.64436e+06,1.42008e+07,1.03662e+06)
Body 2277: (-4.47201e+06,9.01445e+06,877998)
Body 2278: (-7.62488e+06,6.27643e+06,-779649)
Body 2279: (-2.99236e+06,1.19941e+07,211664)
Body 2280: (-2.24762e+06,-1.14991e+07,575146)
Body 2281: (-5.4085e+06,9.68211e+06,749626)
Body 2282: (-9.46622e+06,-453450,-187192)
Body 2283: (-1.25925e+07,5.73529e+06,-315264)
Body 2284: (-9.97944e+06,-7.49406e+06,-982332)
Body 2285: (-997368,-1.09665e+07,1.08724e+06)
Body 2286: (-8.24522e+06,8.73954e+06,-658724)
Body 2287: (5.51519e+06,-1.28275e+07,-743741)
Body 2288: (-1.86199e+06,-8.39515e+06,-318397)
Body 2289: (5.4333e+06,7.72045e+06,-445977)
Body 2290: (-1.11467e+06,-1.03547e+07,-341075)
Body 2291: (-2.1016e+06,9.39659e+06,-41820.5)
Body 2292: (-8.4043e+06,753951,344760)
Body 2293: (7.19814e+06,450286,-614339)
Body 2294: (6.85723e+06,-8.89332e+06,-1.11568e+06)
Body 2295: (1.13504e+07,8.95788e+06,990521)
Body 2296: (-5.85247e+06,-9.15147e+06,23209.5)
Body 2297: (5.49813e+06,-9.29831e+06,553311)
Body 2298: (8.27324e+06,6.99662e+06,-835076)
Body 2299: (-1.31832e+07,-2.4681e+06,-49386.3)
Body 2300: (7.86422e+06,-9.63938e+06,320718)
Body 2301: (1.26022e+06,-1.30366e+07,-376623)
Body 2302: (2.90993e+06,-8.71702e+06,-225788)
Body 2303: (1.28319e+07,6.01366e+06,-1.25539e+06)
Body 2304: (-8.57964e+06,-1.15798e+07,-347106)
Body 2305: (-6.10957e+06,-1.15205e+07,81374.8)
Body 2306: (2.96565e+06,-7.1819e+06,569827)
Body 2307: (4.9373e+06,-6.73818e+06,632469)
Body 2308: (-6.32851e+06,-9.47279e+06,-268366)
Body 2309: (-1.60998e+06,-9.08861e+06,669198)
Body 2310: (-1.21714e+07,-893688,-833802)
Body 2311: (-6.97346e+06,2.46864e+06,-668550)
Body 2312: (-8.55002e+06,7.74951e+06,594085)
Body 2313: (-7.87479e+06,-5.21481e+06,71184.9)
Body 2314: (6.31333e+06,3.09581e+06,-294979)
Body 2315: (8.46307e+06,1.12093e+07,592770)
Body 2316: (3.72851e+06,-1.4289e+07,-759875)
Body 2317: (1.18913e+07,7.88255e+06,-90902.7)
Body 2318: (-8.89576e+06,-1.09374e+07,-243516)
Body 2319: (-6.61488e+06,6.59739e+06,16707.7)
Body 2320: (9.33747e+06,-1.83747e+06,826348)
Body 2321: (-1.2308e+07,6.57719e+06,534190)
Body 2322: (8.39392e+06,-1.14789e+07,-243687)
Body 2323: (7.01979e+06,3.61984e+06,121742)
Body 2324: (7.1251e+06,-9.81752e+06,-503671)
Body 2325: (-6.04582e+06,5.73935e+06,-244195)
Body 2326: (-3.7749e+06,-7.12106e+06,14011)
Body 2327: (-7.67881e+06,1.01924e+07,-445031)
Body 2328: (7.70902e+06,-7.47079e+06,-989813)
Body 2329: (-9.11792e+06,9.8262e+06,952322)
Body 2330: (-7.80052e+06,1.09048e+07,520142)
Body 2331: (6.58381e+06,-5.01381e+06,-158097)
Body 2332: (-2.90918e+06,-1.0217e+07,682600)
Body 2333: (-4.69326e+06,-7.54862e+06,-192029)
Body 2334: (-3.65438e+06,-9.25149e+06,-224478)
Body 2335: (5.00914e+06,-8.35067e+06,-778191)
Body 2336: (93228.8,1.23486e+07,-1.20038e+06)
Body 2337: (-6.52155e+06,-5.1774e+06,348476)
Body 2338: (6.95723e+06,1.62834e+06,576498)
Body 2339: (5.96614e+06,-4.66791e+06,-412248)
Body 2340: (-4.72906e+06,1.19878e+07,926230)
Body 2341: (-1.02467e+07,7.26082e+06,-1.06675e+06)
Body 2342: (-9.49536e+06,-8.58075e+06,-1.27656e+06)
Body 2343: (2.55869e+06,-6.58771e+06,-340335)
Body 2344: (-1.15633e+07,3.41544e+06,877932)
Body 2345: (1.42985e+07,-281561,-992142)
Body 2346: (-1.40235e+06,1.38305e+07,252522)
Body 2347: (1.09339e+07,1.24712e+06,954901)
Body 2348: (-2.87534e+06,-7.05045e+06,434492)
Body 2349: (8.80087e+06,1.00537e+07,-140115)
Body 2350: (-4.4363e+06,1.28933e+07,-87951.5)
Body 2351: (-8.91721e+06,2.07186e+06,711539)
Body 2352: (-9.98714e+06,-3.66689e+06,-204345)
Body 2353: (1.06219e+07,1.02193e+06,-461816)
Body 2354: (-6.99327e+06,-7.8217e+06,-104816)
Body 2355: (-7.39583e+06,6.26027e+06,-499860)
Body 2356: (-1.41936e+07,-1.95655e+06,-1.39878e+06)
Body 2357: (7.04287e+06,-1.20057e+06,-398429)
Body 2358: (1.25072e+07,4.80165e+06,1.13116e+06)
Body 2359: (-1.2559e+07,-6.02145e+06,-1.37214e+06)
Body 2360: (-7.55667e+06,5.00201e+06,-72382.9)
Body 2361: (9.17829e+06,1.93434e+06,169096)
Body 2362: (-2.30032e+06,1.09055e+07,-1.03284e+06)
Body 2363: (-1.48422e+07,1.68191e+06,765464)
Body 2364: (1.02212e+07,2.84889e+06,-404254)
Body 2365: (5.04225e+06,-8.11783e+06,294868)
Body 2366: (9.0106e+06,-1.84512e+06,-328416)
Body 2367: (1.49531e+07,-355343,-924908)
Body 2368: (-9.46089e+06,825227,311799)
Body 2369: (1.10082e+07,-2.13392e+06,502660)
Body 2370: (6.85917e+06,5.33583e+06,327603)
Body 2371: (1.94433e+06,-8.02966e+06,-312381)
Body 2372: (9.58483e+06,657768,386446)
Body 2373: (1.13973e+06,-7.82357e+06,-12858.8)
Body 2374: (-1.14283e+07,-6.66137e+06,-1.10729e+06)
Body 2375: (1.18806e+07,5.57842e+06,-55908.7)
Body 2376: (129412,-8.34942e+06,688949)
Body 2377: (-1.12504e+07,-1.94382e+06,603298)
Body 2378: (6.11388e+06,-3.46549e+06,-425770)
Body 2379: (-1.27588e+06,-1.47957e+07,815376)
Body 2380: (-1.20558e+07,2.16365e+06,175476)
Body 2381: (-5.23937e+06,-5.18164e+06,185880)
Body 2382: (-1.407e+07,-505574,-1.19353e+06)
Body 2383: (-5.26793e+06,-7.82947e+06,-492555)
Body 2384: (3.966e+06,-8.34878e+06,155887)
Body 2385: (-4.61552e+06,1.0047e+07,511011)
Body 2386: (-745921,-9.23732e+06,-798776)
Body 2387: (-1.39152e+07,32553.1,-171144)
Body 2388: (-8.42184e+06,-8.34491e+06,-874097)
Body 2389: (-2.11511e+06,1.2834e+07,1.05578e+06)
Body 2390: (-7.69093e+06,1.11159e+07,833004)
Body 2391: (7.8975e+06,5.81793e+06,908730)
Body 2392: (-1.17579e+07,3.32215e+06,-249841)
Body 2393: (9.50783e+06,-1.10687e+06,-700489)
Body 2394: (-9.47945e+06,859677,-41881.9)
Body 2395: (4.82494e+06,9.59942e+06,-764239)
Body 2396: (7.74593e+06,-4.60438e+06,-698758)
Body 2397: (623479,-1.30194e+07,808566)
Body 2398: (-1.15659e+06,1.40239e+07,-775960)
Body 2399: (-1.02016e+06,1.06636e+07,502366)
Body 2400: (8.52082e+06,-8.51402e+06,-1.00756e+06)
Body 2401: (-3.85751e+06,1.37913e+07,-26652.6)
Body 2402: (686454,-1.04851e+07,-167435)
Body 2403: (1.18746e+07,-8.33545e+06,1.08187e+06)
Body 2404: (4.61025e+06,-5.98915e+06,426174)
Body 2405: (6.08803e+06,4.88119e+06,-623764)
Body 2406: (-6.72963e+06,-2.13078e+06,670333)
Body 2407: (-1.01207e+07,-2.65633e+06,982188)
Body 2408: (5.70093e+06,-7.01715e+06,83886.3)
Body 2409: (-6.38965e+06,9.62751e+06,142328)
Body 2410: (703483,-7.54539e+06,-326534)
Body 2411: (-9.49268e+06,1.03784e+07,-1.00644e+06)
Body 2412: (6.41269e+06,1.0789e+07,637330)
Body 2413: (2.71492e+06,-1.44244e+07,-1.40615e+06)
Body 2414: (-3.95426e+06,-1.10902e+07,767480)
Body 2415: (-7.39064e+06,921196,52688.1)
Body 2416: (-3.67839e+06,7.49881e+06,-99863.2)
Body 2417: (1.23416e+07,-5.85774e+06,350958)
Body 2418: (-262357,1.0109e+07,978139)
Body 2419: (1.32238e+07,-6.73448e+06,848784)
Body 2420: (3.93083e+06,-8.76343e+06,-175221)
Body 2421: (-302587,-9.57545e+06,-807305)
Body 2422: (-6.99889e+06,2.36623e+06,-80327.9)
Body 2423: (9.91146e+06,1.00637e+07,-1.06624e+06)
Body 2424: (8.0065e+06,1.52068e+06,-699758)
Body 2425: (-1.11487e+07,5.10498e+06,647054)
Body 2426: (-8.04505e+06,-1.25182e+07,-1.3415e+06)
Body 2427: (5.75105e+06,-5.323e+06,43094.2)
Body 2428: (8.41654e+06,-1.06178e+07,1.16175e+06)
Body 2429: (-1.37323e+07,-4.9325e+06,-464099)
Body 2430: (-1.3993e+07,-4.30125e+06,-1.27903e+06)
Body 2431: (-1.03102e+07,-6.34128e+06,960157)
Body 2432: (-7.10063e+06,9.88676e+06,1.13832e+06)
Body 2433: (-9.14428e+06,-9.797e+06,-555338)
Body 2434: (-4.7904e+06,-8.72292e+06,-853995)
Body 2435: (-2.02943e+06,-8.82298e+06,-36180.2)
Body 2436: (5.92521e+06,8.32519e+06,-118848)
Body 2437: (-1.15749e+06,1.30499e+07,-1.30022e+06)
Body 2438: (1.2164e+07,-2.10723e+06,263800)
Body 2439: (-3.41922e+06,7.16371e+06,584712)
Body 2440: (-6.9027e+06,-5.55267e+06,-172466)
Body 2441: (3.36293e+06,-7.97227e+06,420552)
Body 2442: (1.04495e+06,1.22084e+07,-987621)
Body 2443: (-1.0932e+07,-3.8397e+06,-723056)
Body 2444: (6.47726e+06,3.60691e+06,733038)
Body 2445: (1.16872e+07,-6.23009e+06,-808742)
Body 2446: (9.1662e+06,1.14724e+07,26672.5)
Body 2447: (-8.00579e+06,1.10385e+07,-205023)
Body 2448: (5.74192e+06,5.60374e+06,191900)
Body 2449: (2.12524e+06,-1.222e+07,140617)
Body 2450: (1.20941e+07,1.03539e+06,-821386)
Body 2451: (1.32043e+07,6.83792e+06,531936)
Body 2452: (-1.73736e+06,-8.21993e+06,346323)
Body 2453: (-1.09806e+06,8.80111e+06,274631)
Body 2454: (3.44568e+06,9.50452e+06,468784)
Body 2455: (5.0779e+06,-6.48071e+06,24155.3)
Body 2456: (-2.69387e+06,-7.36856e+06,30069)
Body 2457: (-8.29105e+06,4.37989e+06,-378396)
Body 2458: (4.69532e+06,7.79603e+06,-249848)
Body 2459: (-3.65006e+06,-8.22858e+06,331194)
Body 2460: (1.92549e+06,-1.08191e+07,751368)
Body 2461: (-8.52492e+06,-7.90675e+06,-505202)
Body 2462: (1.39883e+07,2.14942e+06,-428661)
Body 2463: (1.11657e+07,6.15294e+06,-808922)
Body 2464: (-1.08773e+07,-4.31238e+06,559562)
Body 2465: (9.28229e+06,9.71738e+06,-1.29845e+06)
Body 2466: (-3.97604e+06,1.18646e+07,315357)
Body 2467: (-8.05096e+06,1.57908e+06,7260.44)
Body 2468: (-1.16402e+07,-971286,-10066.9)
Body 2469: (8.67946e+06,4.17026e+06,-792310)
Body 2470: (-6.46325e+06,8.23717e+06,33786.9)
Body 2471: (-3.57404e+06,-8.70886e+06,686446)
Body 2472: (3.27692e+06,8.7711e+06,-720174)
Body 2473: (-1.11756e+07,4.10829e+06,-743913)
Body 2474: (7.27464e+06,9.8242e+06,132764)
Body 2475: (-1.09948e+06,-1.11186e+07,-996767)
Body 2476: (-4.09348e+06,-1.34721e+07,-800264)
Body 2477: (-7.68591e+06,3.51172e+06,537419)
Body 2478: (-1.35941e+07,-1.76235e+06,990907)
Body 2479: (6.84728e+06,1.54615e+06,579481)
Body 2480: (-1.25599e+07,4.01369e+06,669378)
Body 2481: (2.02653e+06,-1.44696e+07,1.00203e+06)
Body 2482: (6.41304e+06,1.13721e+07,872306)
Body 2483: (6.68894e+06,-5.34243e+06,-70797.7)
Body 2484: (-1.23731e+07,208859,-1.00708e+06)
Body 2485: (9.23841e+06,-941042,858089)
Body 2486: (9.53863e+06,-215526,660437)
Body 2487: (1.14734e+07,2.96141e+06,953429)
Body 2488: (7.75116e+06,-8.40545e+06,765902)
Body 2489: (-4.36233e+06,-1.29364e+07,-569857)
Body 2490: (-3.47001e+06,8.99882e+06,-928654)
Body 2491: (-3.66971e+06,-1.10373e+07,824566)
Body 2492: (-7.77068e+06,-2.22169e+06,-797836)
Body 2493: (7.30504e+06,2.59678e+06,349857)
Body 2494: (-1.59119e+06,-7.47133e+06,-382838)
Body 2495: (5.40095e+06,-1.28761e+07,1.28212e+06)
Body 2496: (1.28226e+07,-5.70355e+06,1.00864e+06)
Body 2497: (6.01545e+06,1.09961e+07,-572681)
Body 2498: (-6.9188e+06,-5.27748e+06,6299.99)
Body 2499: (1.33241e+07,-4.07761e+06,-265171)
Body 2500: (1.08645e+07,-1.95932e+06,-494383)
Body 2501: (2.06008e+06,1.31702e+07,483998)
Body 2502: (6.72889e+06,-6.01924e+06,111013)
Body 2503: (1.35418e+06,8.37874e+06,-10440.9)
Body 2504: (1.81388e+06,-1.45804e+07,-34352.8)
Body 2505: (-9.22725e+06,-2.95803e+06,481709)
Body 2506: (-5.99504e+06,1.18256e+07,586828)
Body 2507: (1.18173e+07,-3.09862e+06,1.05592e+06)
Body 2508: (-2.20781e+06,-1.31169e+07,-601524)
Body 2509: (-1.23536e+07,6.0454e+06,-626929)
Body 2510: (5.17121e+06,-8.61565e+06,-707301)
Body 2511: (-1.05916e+07,502862,-985499)
Body 2512: (3.96955e+06,-7.56954e+06,566255)
Body 2513: (6.5945e+06,-6.59378e+06,507404)
Body 2514: (-96919.7,-1.02988e+07,952987)
Body 2515: (766184,1.06025e+07,941765)
Body 2516: (9.33085e+06,7.27004e+06,171961)
Body 2517: (6.78157e+06,-8.66649e+06,67557.5)
Body 2518: (-4.06621e+06,-8.0756e+06,76991.3)
Body 2519: (-7.91321e+06,-3.95391e+06,569648)
Body 2520: (-4.91238e+06,-5.29844e+06,-217424)
Body 2521: (-7.29395e+06,5.82859e+06,-295096)
Body 2522: (-2.12246e+06,1.3477e+07,636646)
Body 2523: (7.39372e+06,-2.32333e+06,189632)
Body 2524: (-3.76645e+06,1.20781e+07,-222450)
Body 2525: (8.01501e+06,-3.60934e+06,-20912.9)
Body 2526: (-1.18211e+06,-1.19814e+07,-310435)
Body 2527: (-5.71244e+06,-1.13987e+07,524728)
Body 2528: (-8.08393e+06,7.30715e+06,-606318)
Body 2529: (-1.05619e+07,-8.56166e+06,-151326)
Body 2530: (1.38639e+07,4.3029e+06,1.01831e+06)
Body 2531: (1.13387e+07,-9.7463e+06,929512)
Body 2532: (1.16316e+06,9.91543e+06,469268)
Body 2533: (4.21636e+06,8.42494e+06,540470)
Body 2534: (8.14472e+06,-4.84788e+06,646725)
Body 2535: (1.86193e+06,-1.36144e+07,1.04878e+06)
Body 2536: (-1.07397e+07,-8.07163e+06,-548920)
Body 2537: (7.60768e+06,-1.1878e+07,-76510.7)
Body 2538: (-4.68793e+06,-5.57378e+06,-656379)
Body 2539: (1.39678e+07,-3.4287e+06,-894329)
Body 2540: (1.03691e+07,6.7965e+06,569512)
Body 2541: (-4.09781e+06,-8.87476e+06,-248584)
Body 2542: (-6.76811e+06,4.52252e+06,-631836)
Body 2543: (1.1231e+07,2.96138e+06,63463.7)
Body 2544: (7.37354e+06,-1.19593e+07,1.0777e+06)
Body 2545: (1.13511e+07,8.75764e+06,-1.06647e+06)
Body 2546: (8.96969e+06,-7.04331e+06,1.0852e+06)
Body 2547: (-4.54375e+06,5.78738e+06,-422967)
Body 2548: (-8.27643e+06,-1.0038e+07,-990964)
Body 2549: (-4.27641e+06,-9.97307e+06,606141)
Body 2550: (5.53485e+06,-4.54172e+06,99213.5)
Body 2551: (4.8008e+06,-1.25847e+07,-836568)
Body 2552: (-1.40382e+06,-7.73644e+06,-541139)
Body 2553: (-2.04667e+06,-1.36143e+07,942669)
Body 2554: (-3.82013e+06,8.57408e+06,321563)
Body 2555: (-1.05725e+06,-7.15756e+06,486624)
Body 2556: (967645,-1.02539e+07,-671214)
Body 2557: (9.40988e+06,-1.526e+06,930150)
Body 2558: (1.01698e+07,-4.44984e+06,50465.7)
Body 2559: (-991949,9.24523e+06,800704)
Body 2560: (-7.34861e+06,-4.02572e+06,93053.3)
Body 2561: (-1.29035e+07,55826.5,-588073)
Body 2562: (-6.05058e+06,-5.75026e+06,365824)
Body 2563: (-837025,-1.14961e+07,-827819)
Body 2564: (-1.21807e+07,-6.94327e+06,-1.04832e+06)
Body 2565: (5.98622e+06,-8.82242e+06,849522)
Body 2566: (-2.1836e+06,-8.8218e+06,-728625)
Body 2567: (-6.74336e+06,-2.69743e+06,283144)
Body 2568: (-7.14702e+06,1.1218e+07,-1.31704e+06)
Body 2569: (1.0746e+07,1.08006e+06,-883283)
Body 2570: (-8.86797e+06,3.68769e+06,-423877)
Body 2571: (1.09275e+07,3.96752e+06,-827782)
Body 2572: (7.86898e+06,9.78578e+06,351127)
Body 2573: (-6.20437e+06,4.07332e+06,-479519)
Body 2574: (-7.15942e+06,-3.21513e+06,673983)
Body 2575: (-6.55073e+06,3.51012e+06,308653)
Body 2576: (3.71757e+06,-1.00116e+07,-685186)
Body 2577: (-1.1017e+07,9.68588e+06,-464971)
Body 2578: (-1.28828e+07,-5.47212e+06,46033.7)
Body 2579: (-1.12087e+07,-6.15323e+06,-864371)
Body 2580: (8.26536e+06,9.20384e+06,757662)
Body 2581: (-1.07085e+07,1.03848e+07,-164822)
Body 2582: (7.31734e+06,640352,620560)
Body 2583: (-7.55485e+06,2.67075e+06,506060)
Body 2584: (-1.4008e+07,-1.72114e+06,183576)
Body 2585: (1.19943e+07,-2.96296e+06,253730)
Body 2586: (1.13873e+07,1.04872e+06,-960662)
Body 2587: (1.06711e+07,-4.51301e+06,851234)
Body 2588: (-1.46088e+07,-2.58651e+06,855294)
Body 2589: (-8.1944e+06,-1.09992e+07,-442497)
Body 2590: (6.74875e+06,-8.36902e+06,-433401)
Body 2591: (1.81342e+06,1.42572e+07,717807)
Body 2592: (-24558.6,-1.20435e+07,-150919)
Body 2593: (-9.72178e+06,-1.06881e+07,-612113)
Body 2594: (-2.77905e+06,1.17738e+07,-499583)
Body 2595: (6.12379e+06,-8.15314e+06,607.478)
Body 2596: (-9.66839e+06,7.79179e+06,-587515)
Body 2597: (-1.15981e+07,-8.83851e+06,1.26877e+06)
Body 2598: (5.18763e+06,6.86604e+06,613440)
Body 2599: (4.81954e+06,1.14621e+07,-573968)
Body 2600: (-1.28402e+07,3.82392e+06,457141)
Body 2601: (-6.98028e+06,6.44533e+06,935445)
Body 2602: (-8.952e+06,-370019,618122)
Body 2603: (-7.67992e+06,4.52022e+06,205162)
Body 2604: (-1.04977e+07,2.72411e+06,-298303)
Body 2605: (-8.29283e+06,-8.23594e+06,358432)
Body 2606: (-5.11482e+06,-5.52883e+06,684623)
Body 2607: (-2.4466e+06,-1.10598e+07,128529)
Body 2608: (1.24828e+07,-5.90802e+06,-873367)
Body 2609: (-8.18805e+06,6.56192e+06,-198939)
Body 2610: (3.10792e+06,-7.33875e+06,-742096)
Body 2611: (-5.88764e+06,-9.53539e+06,-656404)
Body 2612: (7.52822e+06,-1.20951e+07,-82392.4)
Body 2613: (860219,1.02422e+07,473122)
Body 2614: (-3.40393e+06,-7.27843e+06,551195)
Body 2615: (5.8764e+06,-6.5361e+06,-822747)
Body 2616: (1.05181e+07,9.68256e+06,416879)
Body 2617: (4.66274e+06,-7.69872e+06,22142.2)
Body 2618: (-7.2869e+06,-3.49235e+06,-148889)
Body 2619: (9.06252e+06,-8.30085e+06,-222738)
Body 2620: (9.27868e+06,855146,139480)
Body 2621: (-7.19935e+06,7.2223e+06,-647532)
Body 2622: (1.03827e+07,-1.01199e+06,-422192)
Body 2623: (1.95764e+06,-1.16192e+07,587651)
Body 2624: (-7.36243e+06,-6.16643e+06,714413)
Body 2625: (-6.54366e+06,2.78778e+06,-392633)
Body 2626: (-8.72566e+06,5.08011e+06,498520)
Body 2627: (-7.72515e+06,-619274,99506.5)
Body 2628: (-1.23848e+06,-1.088e+07,-254550)
Body 2629: (-1.44638e+07,1.65566e+06,207364)
Body 2630: (-2.1457e+06,1.33843e+07,-1.15442e+06)
Body 2631: (-1.25512e+07,1.33918e+06,1.00308e+06)
Body 2632: (-1.19754e+07,8.79705e+06,-251328)
Body 2633: (-4.63219e+06,9.1407e+06,577924)
Body 2634: (-1.29015e+07,1.736e+06,-1.18879e+06)
Body 2635: (-2.49071e+06,9.12429e+06,589222)
Body 2636: (2.64446e+06,-7.22761e+06,260513)
Body 2637: (-1.17054e+07,5.30449e+06,462138)
Body 2638: (1.41815e+06,-1.17865e+07,-126390)
Body 2639: (-6.65939e+06,-8.43826e+06,-844324)
Body 2640: (1.02844e+07,-1.82524e+06,-968828)
Body 2641: (-3.73969e+06,8.75977e+06,254300)
Body 2642: (-5.4004e+06,-5.65674e+06,-634801)
Body 2643: (-1.05259e+06,-7.68306e+06,-272873)
Body 2644: (1.4411e+07,3.45104e+06,-162694)
Body 2645: (-4.68411e+06,6.3191e+06,786395)
Body 2646: (1.34626e+07,4.22367e+06,178513)
Body 2647: (3.05092e+06,1.17627e+07,-863980)
Body 2648: (1.38962e+07,-2.7527e+06,1.39817e+06)
Body 2649: (-6.87909e+06,-1.13965e+07,-410851)
Body 2650: (7.35262e+06,3.98887e+06,323545)
Body 2651: (6.11965e+06,-1.17322e+07,1.09752e+06)
Body 2652: (1.4021e+07,-17464.8,-718326)
Body 2653: (-1.1204e+07,-6.7719e+06,-625608)
Body 2654: (1.1872e+07,-8.86097e+06,-1.10268e+06)
Body 2655: (-2.71659e+06,-6.67616e+06,150130)
Body 2656: (1.44318e+06,1.43642e+07,-1.20277e+06)
Body 2657: (8.97006e+06,1.0785e+06,-841027)
Body 2658: (-8.56538e+06,1.14717e+07,-255409)
Body 2659: (-924694,7.07352e+06,435304)
Body 2660: (288981,-1.19198e+07,-125882)
Body 2661: (-9.4174e+06,1.0146e+06,-335311)
Body 2662: (-4.0492e+06,1.30929e+07,438054)
Body 2663: (-3.11075e+06,-7.44442e+06,668441)
Body 2664: (-1.09901e+07,-4.34598e+06,1.09302e+06)
Body 2665: (-725930,1.19869e+07,-498914)
Body 2666: (-1.14874e+06,-1.25804e+07,-496730)
Body 2667: (9.71683e+06,-540200,-776387)
Body 2668: (9.43731e+06,3.91217e+06,656934)
Body 2669: (-3.53591e+06,-6.84952e+06,-685554)
Body 2670: (6.83667e+06,-1.03214e+07,-250558)
Body 2671: (-9.10182e+06,6.47176e+06,-445870)
Body 2672: (-1.85376e+06,1.3284e+07,598454)
Body 2673: (1153.17,8.64495e+06,-282858)
Body 2674: (-1.12244e+07,3.29913e+06,574058)
Body 2675: (8.67522e+06,589380,481437)
Body 2676: (1.26312e+07,4.95921e+06,301049)
Body 2677: (2.72861e+06,-9.618e+06,750049)
Body 2678: (2.35151e+06,-1.35914e+07,-637560)
Body 2679: (-1.31438e+07,-2.81188e+06,-1.20551e+06)
Body 2680: (9.93174e+06,-3.77076e+06,825739)
Body 2681: (-280773,-7.79844e+06,477846)
Body 2682: (-9.0187e+06,1.61942e+06,386884)
Body 2683: (7.97012e+06,6.84099e+06,432739)
Body 2684: (-8.20309e+06,-1.16786e+07,782302)
Body 2685: (4.01344e+06,9.00937e+06,281708)
Body 2686: (6.12431e+06,-7.38597e+06,-725538)
Body 2687: (-8.31201e+06,6.2964e+06,915911)
Body 2688: (8.19765e+06,514806,-430657)
Body 2689: (3.41888e+06,1.31054e+07,-702539)
Body 2690: (-1.71888e+06,-7.82275e+06,-691841)
Body 2691: (-1.96293e+06,9.44731e+06,106452)
Body 2692: (-1.25225e+07,-2.62987e+06,1.10579e+06)
Body 2693: (-9.40648e+06,1.11516e+07,811051)
Body 2694: (1.01021e+07,-8.03791e+06,-134411)
Body 2695: (-9.68491e+06,5.65733e+06,787268)
Body 2696: (564153,8.81672e+06,-225149)
Body 2697: (-8.1766e+06,-3.30457e+06,-645846)
Body 2698: (8.18401e+06,-4.94104e+06,-173578)
Body 2699: (9.80722e+06,8.48656e+06,-655340)
Body 2700: (1.10265e+06,-1.341e+07,-306414)
Body 2701: (1.23383e+07,-7.75423e+06,1.35124e+06)
Body 2702: (3.371e+06,9.85963e+06,264012)
Body 2703: (8.78044e+06,8.83733e+06,714566)
Body 2704: (-7.0992e+06,765936,-241414)
Body 2705: (-4.95928e+06,1.1903e+07,844027)
Body 2706: (3.19251e+06,-1.12595e+07,1.14906e+06)
Body 2707: (1.23233e+07,-1.16309e+06,-1.16989e+06)
Body 2708: (7.54812e+06,6.08297e+06,-461198)
Body 2709: (1.34281e+07,2.77078e+06,55345.9)
Body 2710: (-1.06935e+07,-4.32993e+06,-56999.4)
Body 2711: (8.89253e+06,9.91056e+06,-504685)
Body 2712: (-4.31764e+06,-1.11144e+07,-228607)
Body 2713: (-1.20754e+07,7.08475e+06,-272267)
Body 2714: (-6.90818e+06,-2.3073e+06,304154)
Body 2715: (-2.70392e+06,7.42604e+06,445023)
Body 2716: (516919,9.90799e+06,341832)
Body 2717: (6.77937e+06,-5.20561e+06,-675624)
Body 2718: (-1.26177e+07,30166.5,935245)
Body 2719: (-3.49915e+06,-7.20386e+06,115421)
Body 2720: (-1.08146e+07,578372,481120)
Body 2721: (1.21238e+07,7.83469e+06,-1.39148e+06)
Body 2722: (1.0405e+07,8.41508e+06,1.30672e+06)
Body 2723: (-6.95676e+06,-9.6955e+06,-719502)
Body 2724: (-4.78985e+06,-7.49232e+06,730339)
Body 2725: (4.74854e+06,1.4038e+07,-1.08636e+06)
Body 2726: (5.04343e+06,-5.47639e+06,-305838)
Body 2727: (1.14071e+06,6.9175e+06,-223807)
Body 2728: (-1.47384e+07,-2.20131e+06,-881087)
Body 2729: (-4.66311e+06,8.43019e+06,-928242)
Body 2730: (-2.71363e+06,-7.58751e+06,-613195)
Body 2731: (-5.23103e+06,7.11885e+06,455776)
Body 2732: (-4.35425e+06,-1.08145e+07,156257)
Body 2733: (1.24204e+07,227479,1.07322e+06)
Body 2734: (-6.55239e+06,4.36967e+06,427346)
Body 2735: (9.90442e+06,-3.43029e+06,-67945)
Body 2736: (5.20203e+06,-1.29274e+07,1.34464e+06)
Body 2737: (1.15499e+07,-8.59479e+06,667355)
Body 2738: (7.79823e+06,6.1458e+06,374786)
Body 2739: (-2.15893e+06,-1.46162e+07,1.26999e+06)
Body 2740: (6.96175e+06,1.14702e+07,-673579)
Body 2741: (4.77658e+06,8.48102e+06,158967)
Body 2742: (1.06996e+06,-1.47631e+07,-226822)
Body 2743: (-2.73114e+06,6.48423e+06,37655.7)
Body 2744: (7.34776e+06,6.16792e+06,-109820)
Body 2745: (7.57701e+06,-4.85204e+06,-718154)
Body 2746: (7.38448e+06,254005,-254174)
Body 2747: (-1.50208e+06,-1.21904e+07,-114817)
Body 2748: (-7.94632e+06,9.60714e+06,418585)
Body 2749: (-5.66095e+06,4.62867e+06,425841)
Body 2750: (-2.82345e+06,-1.30997e+07,-793600)
Body 2751: (8.94687e+06,-213251,-711399)
Body 2752: (5.77175e+06,6.15836e+06,-291043)
Body 2753: (-8.68049e+06,119333,-41634.6)
Body 2754: (1.38647e+07,3.08077e+06,-511865)
Body 2755: (-9.30805e+06,-7.20887e+06,-46795.7)
Body 2756: (1.24616e+07,5.18803e+06,852849)
Body 2757: (7.28423e+06,8.14281e+06,844469)
Body 2758: (6.27052e+06,1.03962e+07,-1.13567e+06)
Body 2759: (-6.28498e+06,-5.12896e+06,-521035)
Body 2760: (8.68677e+06,1.39048e+06,392500)
Body 2761: (3.90607e+06,-1.28656e+07,-1.00336e+06)
Body 2762: (-6.64867e+06,-1.25263e+07,1.12989e+06)
Body 2763: (-9.74479e+06,4.06893e+06,601600)
Body 2764: (-7.66154e+06,-1.01789e+06,520759)
Body 2765: (1.31178e+07,-3.70441e+06,540807)
Body 2766: (8.591e+06,1.10751e+06,-35660.6)
Body 2767: (671394,1.1058e+07,-833112)
Body 2768: (1.04639e+06,-1.15857e+07,1.15109e+06)
Body 2769: (3.54182e+06,-1.25736e+07,304318)
Body 2770: (-9.4641e+06,-1.14419e+07,1.07172e+06)
Body 2771: (1.3173e+07,-6.20726e+06,-345435)
Body 2772: (3.57614e+06,6.70569e+06,-671692)
Body 2773: (3.12255e+06,7.19048e+06,-249223)
Body 2774: (-2.69561e+06,-1.1004e+07,-655732)
Body 2775: (-3.50359e+06,-1.18732e+07,145148)
Body 2776: (1.08806e+07,9.12323e+06,-918206)
Body 2777: (7.28979e+06,7.45724e+06,138281)
Body 2778: (-2.19834e+06,9.92446e+06,-671888)
Body 2779: (-7.53428e+06,-6.08012e+06,146756)
Body 2780: (5.84709e+06,5.85099e+06,-785393)
Body 2781: (5.1532e+06,-4.84045e+06,-645029)
Body 2782: (8.88765e+06,-9.22288e+06,-1.03186e+06)
Body 2783: (1.01762e+07,-2.45008e+06,700529)
Body 2784: (865560,-1.08589e+07,727400)
Body 2785: (7.62641e+06,-6.12907e+06,-57778.7)
Body 2786: (1.1196e+07,-14607.1,769935)
Body 2787: (9.86971e+06,648829,249651)
Body 2788: (-7.33605e+06,-1.02147e+07,1.18022e+06)
Body 2789: (-1.31427e+07,4.37159e+06,-1.21404e+06)
Body 2790: (-4.01998e+06,-1.00304e+07,232818)
Body 2791: (-1.10805e+07,2.19301e+06,-466176)
Body 2792: (-9.19752e+06,-19952.6,-625284)
Body 2793: (-4.36467e+06,8.68942e+06,169473)
Body 2794: (3.62162e+06,-6.60515e+06,93982.5)
Body 2795: (-3.58359e+06,-1.18248e+07,-515577)
Body 2796: (1.03457e+07,-2.91176e+06,573836)
Body 2797: (-341330,-1.47215e+07,-956727)
Body 2798: (-6.63296e+06,-3.52884e+06,-213714)
Body 2799: (3.24264e+06,-8.61004e+06,-244801)
Body 2800: (5.59632e+06,-7.69293e+06,659912)
Body 2801: (4.87418e+06,-8.53267e+06,690532)
Body 2802: (9.44852e+06,4.19977e+06,-1.03414e+06)
Body 2803: (-6.20797e+06,9.23917e+06,1.11039e+06)
Body 2804: (934538,-1.30914e+07,1.1983e+06)
Body 2805: (-5.85032e+06,1.27964e+07,-941335)
Body 2806: (-9.35952e+06,8.97448e+06,-69574.4)
Body 2807: (1.00831e+07,-6.58271e+06,-194880)
Body 2808: (-1.5296e+06,1.31676e+07,525143)
Body 2809: (4.83275e+06,-5.03876e+06,-657687)
Body 2810: (1.21544e+07,3.64146e+06,-593614)
Body 2811: (-9.60237e+06,5.27689e+06,-676153)
Body 2812: (-1.34304e+06,-9.57121e+06,327298)
Body 2813: (-119976,-7.54332e+06,-676191)
Body 2814: (-722528,1.13186e+07,198931)
Body 2815: (9.04413e+06,-850680,-345854)
Body 2816: (-1.59124e+06,8.76433e+06,707809)
Body 2817: (-1.45287e+06,-1.19596e+07,1.00955e+06)
Body 2818: (-984985,-1.42348e+07,-863393)
Body 2819: (3.92689e+06,1.31573e+07,667563)
Body 2820: (702545,-1.24648e+07,81614.4)
Body 2821: (1.15574e+07,-3.48446e+06,-965123)
Body 2822: (-7.21026e+06,-6.07761e+06,877729)
Body 2823: (7.65546e+06,1.09919e+06,-688977)
Body 2824: (6.20706e+06,-4.05091e+06,328206)
Body 2825: (-1.22718e+07,-1.75799e+06,699822)
Body 2826: (-6.421e+06,5.17238e+06,-16483.3)
Body 2827: (-6.89533e+06,3.81009e+06,-289248)
Body 2828: (4.74533e+06,5.51364e+06,384505)
Body 2829: (6.52396e+06,-2.85143e+06,-590268)
Body 2830: (1.07284e+07,-7.93126e+06,1.18017e+06)
Body 2831: (-3.26183e+06,1.35448e+07,-465261)
Body 2832: (6.6373e+06,7.96096e+06,-993342)
Body 2833: (-1.31489e+07,-4.6584e+06,303378)
Body 2834: (-7.31906e+06,-1.24075e+07,550132)
Body 2835: (9.89091e+06,8.87742e+06,-371801)
Body 2836: (1.30142e+07,-6.83985e+06,1.13158e+06)
Body 2837: (6.59982e+06,-8.26074e+06,-957606)
Body 2838: (-7.02424e+06,4.20772e+06,-27197.6)
Body 2839: (-5.64127e+06,7.12433e+06,-613825)
Body 2840: (2.97268e+06,-1.04945e+07,352126)
Body 2841: (-7.83284e+06,605275,310711)
Body 2842: (-8.73602e+06,7.06581e+06,274016)
Body 2843: (1.21976e+07,8.28547e+06,-324407)
Body 2844: (-9.05227e+06,-4.76125e+06,-712665)
Body 2845: (-1.85292e+06,8.17074e+06,765998)
Body 2846: (-6.76325e+06,-1.09226e+07,815484)
Body 2847: (5.09111e+06,-6.19578e+06,152114)
Body 2848: (3.89188e+06,-8.84668e+06,585567)
Body 2849: (1.02472e+07,9.10075e+06,1.29032e+06)
Body 2850: (-9.14402e+06,1.14097e+07,-1.27268e+06)
Body 2851: (8.32764e+06,-368453,105058)
Body 2852: (-2.34582e+06,9.55767e+06,-478682)
Body 2853: (-1.07234e+07,5.94256e+06,1.14449e+06)
Body 2854: (3.25892e+06,-1.20263e+07,-516785)
Body 2855: (-7.60648e+06,575873,-283013)
Body 2856: (8.23948e+06,-2.51963e+06,-96524.9)
Body 2857: (2.65355e+06,7.95889e+06,-368187)
Body 2858: (-1.69743e+06,1.48893e+07,-513307)
Body 2859: (-3.34759e+06,1.17887e+07,-697304)
Body 2860: (-3.16977e+06,7.60964e+06,-651070)
Body 2861: (2.40727e+06,-6.71179e+06,-517298)
Body 2862: (3.89214e+06,-1.26209e+07,100166)
Body 2863: (5.79562e+06,7.48543e+06,448694)
Body 2864: (-6.57425e+06,-9.74364e+06,-1.15876e+06)
Body 2865: (1.31805e+07,5.83676e+06,-384090)
Body 2866: (1.02213e+07,93301.5,-5950.44)
Body 2867: (5.77382e+06,-1.16307e+07,987189)
Body 2868: (-7.40025e+06,-7.95273e+06,-915714)
Body 2869: (6.13248e+06,9.01198e+06,-284258)
Body 2870: (-8.54598e+06,4.44632e+06,138031)
Body 2871: (-1.11615e+07,8.70906e+06,1.36652e+06)
Body 2872: (-1.30324e+07,-947298,376497)
Body 2873: (4.38012e+06,-6.47425e+06,128765)
Body 2874: (-9.71965e+06,-1.12343e+07,994146)
Body 2875: (-7.55869e+06,1.10436e+07,-643904)
Body 2876: (-1.02109e+07,2.12559e+06,-542664)
Body 2877: (-1.359e+07,-3.72771e+06,1.35258e+06)
Body 2878: (-1.26104e+07,-4.60901e+06,1.20363e+06)
Body 2879: (8.37691e+06,-7.18253e+06,-313146)
Body 2880: (-8.73397e+06,4.92876e+06,93521.6)
Body 2881: (-1.14165e+07,252450,-443290)
Body 2882: (-1.22365e+07,-7.62008e+06,-266022)
Body 2883: (1.37522e+06,-1.20796e+07,1.12345e+06)
Body 2884: (8.37522e+06,7.12456e+06,-130269)
Body 2885: (8.64302e+06,-6.52483e+06,-227882)
Body 2886: (-1.4498e+07,1.3531e+06,1.38389e+06)
Body 2887: (5.66845e+06,-4.17385e+06,608469)
Body 2888: (1.46066e+07,1.20805e+06,-963730)
Body 2889: (1.20269e+07,1.9473e+06,-1.06607e+06)
Body 2890: (-8.74096e+06,-691363,80499.4)
Body 2891: (3.4831e+06,6.38595e+06,-428.183)
Body 2892: (6.99639e+06,9.43888e+06,-237737)
Body 2893: (1.41674e+07,-92691.6,1.38493e+06)
Body 2894: (-1.10815e+07,8.62691e+06,524279)
Body 2895: (-6.14108e+06,-8.30046e+06,-393721)
Body 2896: (-1.1664e+07,-1.76011e+06,-1.12525e+06)
Body 2897: (1.32766e+07,999849,-551108)
Body 2898: (-5.00686e+06,4.92128e+06,-614932)
Body 2899: (-1.23488e+07,7.22599e+06,-115906)
Body 2900: (-6.80323e+06,-7.0301e+06,557071)
Body 2901: (-131092,-1.21443e+07,988285)
Body 2902: (-6.37231e+06,-1.23372e+07,-793353)
Body 2903: (-1.20812e+07,-467725,525576)
Body 2904: (-617747,-1.36166e+07,946286)
Body 2905: (7.35316e+06,1.48785e+06,-362636)
Body 2906: (6.34274e+06,-1.27001e+07,519025)
Body 2907: (-1.82846e+06,-1.24229e+07,1.11444e+06)
Body 2908: (-9.74537e+06,-9.55778e+06,452570)
Body 2909: (-4.78403e+06,-7.27726e+06,-131203)
Body 2910: (2.86029e+06,-7.71023e+06,16853.8)
Body 2911: (-2.93538e+06,1.45257e+07,-57291.3)
Body 2912: (7.67474e+06,7.28658e+06,-156393)
Body 2913: (4.95735e+06,7.85866e+06,-405081)
Body 2914: (-875163,-8.78351e+06,-830810)
Body 2915: (804968,-1.19124e+07,-46031.1)
Body 2916: (-3.77056e+06,-1.39336e+07,716331)
Body 2917: (1.46701e+06,-8.42986e+06,569155)
Body 2918: (2.24984e+06,9.62815e+06,-227353)
Body 2919: (-1.12158e+07,6.37799e+06,611132)
Body 2920: (2.7295e+06,-7.4123e+06,-390194)
Body 2921: (-7.54858e+06,-4.82376e+06,-772099)
Body 2922: (-506647,7.19235e+06,54895.8)
Body 2923: (8.1262e+06,-1.17191e+07,-27248.5)
Body 2924: (-7.11056e+06,-1.60883e+06,298771)
Body 2925: (7.43129e+06,6.24015e+06,-430027)
Body 2926: (-7.81497e+06,1.05722e+07,821395)
Body 2927: (4.93303e+06,8.18356e+06,-122605)
Body 2928: (1.05323e+07,1.07579e+06,-812463)
Body 2929: (6.40231e+06,5.55325e+06,-268708)
Body 2930: (-1.46872e+07,-857245,375407)
Body 2931: (-4.37445e+06,8.77657e+06,-938081)
Body 2932: (-1.09194e+07,1.1225e+06,-752367)
Body 2933: (-1.30942e+07,597612,-422233)
Body 2934: (-7.72799e+06,-2.63487e+06,413193)
Body 2935: (1.79677e+06,9.07984e+06,40605.8)
Body 2936: (-4.11682e+06,-7.13894e+06,173651)
Body 2937: (7.49111e+06,1.75715e+06,185146)
Body 2938: (7.99394e+06,4.83378e+06,485140)
Body 2939: (-9.19639e+06,2.37923e+06,-500474)
Body 2940: (-3.8094e+06,1.13434e+07,1.12334e+06)
Body 2941: (8.23977e+06,9.56121e+06,-210312)
Body 2942: (-9.82645e+06,-2.15415e+06,689025)
Body 2943: (1.07981e+07,4.40423e+06,362600)
Body 2944: (1.32898e+06,-6.93603e+06,235450)
Body 2945: (-2.49743e+06,9.11758e+06,564611)
Body 2946: (-7.95037e+06,1.06072e+07,-533316)
Body 2947: (1.14225e+07,606857,-956967)
Body 2948: (3.15538e+06,7.36159e+06,19251.5)
Body 2949: (-8.54344e+06,-1.21835e+07,-1.30898e+06)
Body 2950: (-1.11739e+07,229601,-796721)
Body 2951: (-1.33154e+07,5.19237e+06,1.41827e+06)
Body 2952: (-8.03796e+06,-6.48563e+06,-818125)
Body 2953: (742180,1.05839e+07,713132)
Body 2954: (5.963e+06,-1.18414e+07,593322)
Body 2955: (4.14858e+06,1.30157e+07,-131028)
Body 2956: (-8.13521e+06,-9.52076e+06,542222)
Body 2957: (7.13626e+06,5.08658e+06,732236)
Body 2958: (6.50729e+06,9.43524e+06,673424)
Body 2959: (6.91425e+06,1.25066e+07,908423)
Body 2960: (1.33505e+07,-5.4398e+06,1.19685e+06)
Body 2961: (-7.00828e+06,8.88484e+06,-1.11878e+06)
Body 2962: (-6.75306e+06,3.23003e+06,-150745)
Body 2963: (-6.70432e+06,5.15944e+06,-551255)
Body 2964: (-4.11675e+06,1.31587e+07,271829)
Body 2965: (1.03995e+07,3.52184e+06,973655)
Body 2966: (-5.0898e+06,9.96723e+06,-766416)
Body 2967: (9.62329e+06,1.25361e+06,-264888)
Body 2968: (7.79691e+06,-8.10157e+06,421564)
Body 2969: (4.72296e+06,6.32257e+06,-113456)
Body 2970: (8.41798e+06,1.49517e+06,522207)
Body 2971: (3.47238e+06,-6.23654e+06,-508941)
Body 2972: (-1.174e+07,-8.98069e+06,695173)
Body 2973: (5.09891e+06,-5.98923e+06,534419)
Body 2974: (-1.22106e+07,-180254,541317)
Body 2975: (-5.87338e+06,-3.86396e+06,489270)
Body 2976: (7.65568e+06,6.20413e+06,-155948)
Body 2977: (9.99187e+06,7.99166e+06,-753071)
Body 2978: (2.37582e+06,-7.79516e+06,-714233)
Body 2979: (-8.34028e+06,9.27895e+06,638825)
Body 2980: (1.10546e+07,9.6969e+06,-546142)
Body 2981: (-1.36952e+06,1.33893e+07,-767676)
Body 2982: (1.35578e+07,-1.0974e+06,154746)
Body 2983: (-7.40131e+06,5.47176e+06,-608128)
Body 2984: (1.92447e+06,-1.29157e+07,981528)
Body 2985: (-6.65902e+06,-2.7409e+06,-411980)
Body 2986: (2.12147e+06,-9.474e+06,-598743)
Body 2987: (-6.79937e+06,-9.95671e+06,1.09801e+06)
Body 2988: (4.3702e+06,-1.24567e+07,83433.5)
Body 2989: (-7.58475e+06,3.82319e+06,84073.9)
Body 2990: (-9.68274e+06,-7.78551e+06,-263495)
Body 2991: (4.47426e+06,7.94204e+06,353582)
Body 2992: (-4.65685e+06,-1.12321e+07,-310061)
Body 2993: (561220,-9.06829e+06,497749)
Body 2994: (-8.11374e+06,-6.88544e+06,-269246)
Body 2995: (6.47126e+06,-1.0819e+07,474822)
Body 2996: (-1.07254e+07,2.84424e+06,315926)
Body 2997: (-1.15955e+07,-4.49032e+06,310786)
Body 2998: (7.40807e+06,-2.30899e+06,451764)
Body 2999: (-9.18314e+06,-3.83177e+06,-903339)
Body 3000: (-44114.4,7.32441e+06,278029)
Body 3001: (-1.28705e+07,-5.02556e+06,88796.2)
Body 3002: (5.36744e+06,8.66029e+06,-779211)
Body 3003: (1.17532e+07,-5.75138e+06,-109175)
Body 3004: (1.05122e+07,-6.25874e+06,-1.00519e+06)
Body 3005: (-9.76874e+06,-8.81993e+06,259672)
Body 3006: (-3.75648e+06,-8.53391e+06,550382)
Body 3007: (-7.70217e+06,-1.65393e+06,-629561)
Body 3008: (-1.39378e+07,-674634,860564)
Body 3009: (6.99449e+06,7.01032e+06,-910651)
Body 3010: (328552,9.24557e+06,111673)
Body 3011: (-7.11144e+06,-931813,-155272)
Body 3012: (-3.41478e+06,-1.10994e+07,311511)
Body 3013: (9.60253e+06,1.13612e+07,-209056)
Body 3014: (-9.01633e+06,5.16929e+06,340595)
Body 3015: (-1.08515e+07,-1.19945e+06,-147711)
Body 3016: (1.34057e+07,-6.55521e+06,-574132)
Body 3017: (4.20445e+06,-6.63357e+06,783515)
Body 3018: (-5.83562e+06,7.24696e+06,823975)
Body 3019: (-3.59388e+06,1.21677e+07,205671)
Body 3020: (5.50983e+06,-1.34522e+07,703644)
Body 3021: (5.61867e+06,1.15774e+07,836827)
Body 3022: (8.34125e+06,-3.89438e+06,-249274)
Body 3023: (-1.4167e+06,1.37886e+07,40272.3)
Body 3024: (-4.1885e+06,-6.62423e+06,527588)
Body 3025: (-1.25587e+07,-1.85413e+06,-1.15813e+06)
Body 3026: (-3.98369e+06,-1.38901e+07,711123)
Body 3027: (-183907,-1.33553e+07,-157304)
Body 3028: (-9.07147e+06,-9.0824e+06,910404)
Body 3029: (1.29636e+07,3.45371e+06,-325027)
Body 3030: (5.82591e+06,4.35917e+06,147598)
Body 3031: (1.02051e+07,9.56941e+06,-136856)
Body 3032: (5.62123e+06,-1.31346e+07,56199)
Body 3033: (-1.30076e+07,-1.87298e+06,-900059)
Body 3034: (3.01242e+06,7.40504e+06,-238426)
Body 3035: (4.44035e+06,-1.37434e+07,-194120)
Body 3036: (-1.07681e+06,1.08823e+07,447188)
Body 3037: (925591,1.33337e+07,-1.22822e+06)
Body 3038: (-1.10737e+07,-4.59409e+06,-234696)
Body 3039: (-1.15257e+07,-3.80013e+06,-605893)
Body 3040: (-9.13702e+06,4.42563e+06,773578)
Body 3041: (1.14834e+07,-9.13407e+06,643618)
Body 3042: (-4.32782e+06,-1.08001e+07,1.02444e+06)
Body 3043: (-8.77398e+06,-1.97501e+06,341212)
Body 3044: (-183672,1.24307e+07,215673)
Body 3045: (-1.31819e+07,2.07558e+06,783671)
Body 3046: (9.15888e+06,-3.7022e+06,67035.7)
Body 3047: (1.15136e+07,2.30453e+06,-775465)
Body 3048: (-1.05693e+07,5.81519e+06,19696.7)
Body 3049: (3.78475e+06,-6.4653e+06,426742)
Body 3050: (-5.62002e+06,-6.33108e+06,539678)
Body 3051: (-4.49551e+06,1.12564e+07,378565)
Body 3052: (-3.61225e+06,7.88382e+06,-451228)
Body 3053: (8.87021e+06,7.1807e+06,991506)
Body 3054: (1.86674e+06,9.48617e+06,-6671.36)
Body 3055: (-8.98968e+06,-2.01048e+06,-279185)
Body 3056: (-810229,8.01508e+06,-99189.8)
Body 3057: (943785,-7.17842e+06,176442)
Body 3058: (-1.13164e+07,-3.3749e+06,213324)
Body 3059: (1.43969e+07,781160,-1.30754e+06)
Body 3060: (4.22193e+06,7.39418e+06,-543638)
Body 3061: (-1.19202e+07,3.09602e+06,1.21525e+06)
Body 3062: (-3.27858e+06,8.13819e+06,852391)
Body 3063: (-1.34092e+07,2.56997e+06,149091)
Body 3064: (-1.36244e+07,1.63056e+06,-807700)
Body 3065: (-1.32124e+07,-3.20152e+06,-944878)
Body 3066: (-9.41886e+06,5.70776e+06,831634)
Body 3067: (5.67525e+06,-5.65034e+06,19558.2)
Body 3068: (5.36727e+06,8.705e+06,410960)
Body 3069: (-1.02068e+07,1.01511e+07,-744651)
Body 3070: (3.26267e+06,-1.0905e+07,-1.13341e+06)
Body 3071: (-9.89236e+06,-6.86849e+06,-438194)
Body 3072: (195992,1.05917e+07,614873)
Body 3073: (-1.18182e+07,-2.46969e+06,-259557)
Body 3074: (4.12322e+06,-8.37017e+06,-90682.3)
Body 3075: (-1.0916e+07,-1.44287e+06,-113710)
Body 3076: (6.55719e+06,6.19319e+06,-725763)
Body 3077: (2.14823e+06,1.28296e+07,-1.15903e+06)
Body 3078: (7.579e+06,1.10216e+07,334859)
Body 3079: (6.79568e+06,6.93243e+06,-166055)
Body 3080: (3.85992e+06,-5.98107e+06,19216.9)
Body 3081: (655946,8.08628e+06,-84416.8)
Body 3082: (-999118,8.4519e+06,58530.3)
Body 3083: (-1.11366e+07,7.88953e+06,592628)
Body 3084: (2.93428e+06,1.36758e+07,860424)
Body 3085: (-8.09449e+06,1.01682e+07,1.27651e+06)
Body 3086: (-280820,9.08275e+06,495298)
Body 3087: (-5.08813e+06,9.13406e+06,-672883)
Body 3088: (2.97399e+06,-1.278e+07,174694)
Body 3089: (-6.08299e+06,1.33114e+07,-821563)
Body 3090: (660532,-1.23833e+07,-682974)
Body 3091: (2.81934e+06,-7.03438e+06,724413)
Body 3092: (-2.11301e+06,1.19115e+07,1.20566e+06)
Body 3093: (-1.40659e+07,-1.19068e+06,919758)
Body 3094: (1.23806e+07,-5.37022e+06,921591)
Body 3095: (-9.39126e+06,-7.70758e+06,-79317.5)
Body 3096: (3.35763e+06,-1.14781e+07,1.12515e+06)
Body 3097: (-9.6055e+06,-4.79911e+06,-118537)
Body 3098: (-8.41379e+06,-8.9591e+06,-1.1889e+06)
Body 3099: (9.57665e+06,5.95756e+06,-1.07154e+06)
Body 3100: (-729181,1.33028e+07,-424728)
Body 3101: (3.20895e+06,6.78114e+06,398893)
Body 3102: (8.01475e+06,-7.45501e+06,-224988)
Body 3103: (-5.26639e+06,7.47187e+06,389238)
Body 3104: (9.43041e+06,-6.47204e+06,233747)
Body 3105: (2.434e+06,-1.06251e+07,978268)
Body 3106: (1294.18,9.84411e+06,228852)
Body 3107: (1.09657e+07,-740223,-82735.4)
Body 3108: (7.50128e+06,-1.06657e+06,521474)
Body 3109: (6.95756e+06,-4.74529e+06,-268463)
Body 3110: (8.33704e+06,-5.55233e+06,60332.5)
Body 3111: (-5.51085e+06,5.92834e+06,359773)
Body 3112: (-7.0712e+06,-4.51011e+06,327722)
Body 3113: (-3.35148e+06,-9.12611e+06,748531)
Body 3114: (-7.98377e+06,7.21902e+06,-536128)
Body 3115: (8.6175e+06,-8.09949e+06,-414894)
Body 3116: (-8.4721e+06,5.62449e+06,123688)
Body 3117: (3.87188e+06,-7.92459e+06,-360754)
Body 3118: (-1.2597e+07,-1.05406e+06,217188)
Body 3119: (-784375,-8.3839e+06,-525074)
Body 3120: (-7.56141e+06,-2.29101e+06,330919)
Body 3121: (6.69251e+06,3.12635e+06,447709)
Body 3122: (391850,1.3463e+07,310449)
Body 3123: (-7.06439e+06,-7.79205e+06,764673)
Body 3124: (1.34335e+06,-7.5198e+06,-10649.9)
Body 3125: (-6.50689e+06,-9.44803e+06,971975)
Body 3126: (7.30978e+06,1.37694e+06,-479301)
Body 3127: (-3.23562e+06,-1.45318e+07,341408)
Body 3128: (5.34339e+06,-5.06415e+06,461097)
Body 3129: (-6.52432e+06,1.03952e+07,-1.05684e+06)
Body 3130: (-2.19012e+06,-1.13934e+07,-943597)
Body 3131: (-2.73581e+06,1.17387e+07,637596)
Body 3132: (7.79234e+06,8.20662e+06,60023.5)
Body 3133: (4.29213e+06,9.18922e+06,693823)
Body 3134: (-2.69137e+06,6.52101e+06,-689873)
Body 3135: (-2.26313e+06,7.39883e+06,-691572)
Body 3136: (1.00515e+07,6.11117e+06,474828)
Body 3137: (6.90389e+06,2.70669e+06,-288867)
Body 3138: (-8.92084e+06,-1.09861e+07,765319)
Body 3139: (4.08743e+06,-6.98507e+06,-798702)
Body 3140: (-6.48312e+06,-5.80428e+06,-217160)
Body 3141: (1.45306e+07,2.80924e+06,1.48073e+06)
Body 3142: (-1.11372e+07,-4.31136e+06,-1.05484e+06)
Body 3143: (8.17602e+06,-4.18034e+06,-267760)
Body 3144: (1.22794e+07,-33164.1,-582309)
Body 3145: (-3.81931e+06,-1.09347e+07,-778061)
Body 3146: (-7.88255e+06,2.21277e+06,-187009)
Body 3147: (1.14667e+07,5.35882e+06,1.19882e+06)
Body 3148: (-5.71583e+06,-4.23479e+06,89114)
Body 3149: (4.6965e+06,6.55509e+06,472564)
Body 3150: (-2.90922e+06,1.3796e+07,-174943)
Body 3151: (8.82717e+06,4.33471e+06,340796)
Body 3152: (-4.58067e+06,1.27376e+07,1.33129e+06)
Body 3153: (-3.99704e+06,-6.47156e+06,-78762.5)
Body 3154: (-1.01904e+07,2.77139e+06,-510084)
Body 3155: (-2.25276e+06,-1.25113e+07,-553603)
Body 3156: (-5.57843e+06,1.24784e+07,615757)
Body 3157: (3.88663e+06,6.9496e+06,-293481)
Body 3158: (-7.16623e+06,-9.30976e+06,-243566)
Body 3159: (-5.34498e+06,5.42717e+06,287716)
Body 3160: (6.57737e+06,1.04032e+07,-1.21558e+06)
Body 3161: (1.01828e+07,8.04678e+06,-1.08662e+06)
Body 3162: (-6.40445e+06,2.87855e+06,4583.57)
Body 3163: (-3.4562e+06,1.15861e+07,509133)
Body 3164: (4.1217e+06,-7.26619e+06,120049)
Body 3165: (2.9022e+06,1.12608e+07,-992924)
Body 3166: (-7.98191e+06,-7.09989e+06,-867093)
Body 3167: (1.44939e+07,-1.78741e+06,132771)
Body 3168: (6.22972e+06,1.31321e+07,-1.38374e+06)
Body 3169: (-6.20918e+06,-3.81432e+06,-640521)
Body 3170: (9.20091e+06,1.14095e+07,-572734)
Body 3171: (2.64135e+06,1.33025e+07,-697798)
Body 3172: (-1.98314e+06,1.19557e+07,-685586)
Body 3173: (-8.97906e+06,521595,840876)
Body 3174: (-2.95091e+06,1.33301e+07,-373161)
Body 3175: (1.06003e+07,-1.40547e+06,-701637)
Body 3176: (-1.25926e+06,-9.73635e+06,913572)
Body 3177: (1.1593e+06,8.15097e+06,-452124)
Body 3178: (-5.67987e+06,-4.36482e+06,244654)
Body 3179: (1.0611e+07,5.10777e+06,-1.0171e+06)
Body 3180: (-2.17794e+06,8.39079e+06,497345)
Body 3181: (7.9559e+06,2.26949e+06,-175440)
Body 3182: (-9.82439e+06,3.12381e+06,674976)
Body 3183: (-2.21329e+06,-7.45849e+06,-252243)
Body 3184: (8.63275e+06,-3.88791e+06,-476694)
Body 3185: (-1.91444e+06,1.19883e+07,17345.7)
Body 3186: (9.7674e+06,-8.96782e+06,899592)
Body 3187: (80807,1.16511e+07,375849)
Body 3188: (1.26493e+07,856679,-154149)
Body 3189: (-1.37073e+07,892658,-518447)
Body 3190: (7.77283e+06,1.15842e+07,-819978)
Body 3191: (-7.49833e+06,9.9858e+06,532337)
Body 3192: (-124451,8.24122e+06,-566884)
Body 3193: (-1.2112e+07,8.18011e+06,-475992)
Body 3194: (4.05009e+06,5.84703e+06,-112197)
Body 3195: (-7.53005e+06,-516163,-67908)
Body 3196: (-7.04803e+06,-1.10858e+07,-142019)
Body 3197: (-1.2666e+06,-8.69795e+06,365619)
Body 3198: (7.05097e+06,-4.17669e+06,-715766)
Body 3199: (2.83741e+06,6.85104e+06,608621)
Body 3200: (2.6372e+06,-1.08269e+07,-607153)
Body 3201: (-6.86089e+06,8.46767e+06,715581)
Body 3202: (269622,7.15843e+06,-498560)
Body 3203: (-1.35846e+07,2.80386e+06,-265745)
Body 3204: (1.04069e+07,-1.84887e+06,741670)
Body 3205: (-3.18132e+06,1.22151e+07,-846543)
Body 3206: (-1.27152e+07,6.66767e+06,-635713)
Body 3207: (9.36511e+06,-5.30771e+06,-243177)
Body 3208: (3.76244e+06,-1.0867e+07,-167606)
Body 3209: (8.82639e+06,-297002,808679)
Body 3210: (-5.18189e+06,-1.27214e+07,-563872)
Body 3211: (-2.28864e+06,1.40968e+07,860235)
Body 3212: (-1.14208e+07,-8.63826e+06,869001)
Body 3213: (4.65374e+06,1.2487e+07,447722)
Body 3214: (-7.72031e+06,-388287,-522984)
Body 3215: (5.12662e+06,-8.91253e+06,1.00497e+06)
Body 3216: (-9.35064e+06,-1.90969e+06,21564.9)
Body 3217: (-1.44921e+07,1.95668e+06,582638)
Body 3218: (-1.00313e+07,1.02303e+07,1.1548e+06)
Body 3219: (1.29887e+07,-6.04031e+06,-658113)
Body 3220: (7.00457e+06,-7.41292e+06,-287352)
Body 3221: (8.66325e+06,7.94618e+06,-1.046e+06)
Body 3222: (-9.05092e+06,-4.90292e+06,-220936)
Body 3223: (-1.15612e+07,-1.10492e+06,431554)
Body 3224: (-1.0842e+07,5.58272e+06,-182949)
Body 3225: (-8.09631e+06,-682040,141680)
Body 3226: (-4.95181e+06,9.59935e+06,479132)
Body 3227: (6.49941e+06,-3.86622e+06,-727247)
Body 3228: (-1.42886e+07,3.43874e+06,-256716)
Body 3229: (9.02385e+06,578431,-407562)
Body 3230: (-4.21845e+06,-6.64396e+06,-284902)
Body 3231: (3.49652e+06,1.26199e+07,1.05049e+06)
Body 3232: (8.40645e+06,7.37299e+06,-221772)
Body 3233: (2.68407e+06,8.22732e+06,11024.8)
Body 3234: (1.05185e+07,-6.51953e+06,5351.04)
Body 3235: (1.37128e+07,-5.2614e+06,1.07428e+06)
Body 3236: (6.94756e+06,8.50545e+06,-620271)
Body 3237: (-1.07146e+07,5.73097e+06,-859772)
Body 3238: (1.07546e+07,1.18867e+06,506524)
Body 3239: (-5.21129e+06,-5.49841e+06,444456)
Body 3240: (-7.99264e+06,-947404,449687)
Body 3241: (4.71847e+06,7.758e+06,-296449)
Body 3242: (-1.01514e+07,-5.20152e+06,-843610)
Body 3243: (-1.22511e+06,1.05648e+07,728665)
Body 3244: (5.03443e+06,-8.06533e+06,-135845)
Body 3245: (-1.27829e+07,-814680,312503)
Body 3246: (1.16615e+06,-1.00946e+07,-152052)
Body 3247: (-1.057e+07,-1.1851e+06,706909)
Body 3248: (-7.16307e+06,9.95952e+06,418055)
Body 3249: (1.09937e+07,-5.08118e+06,828275)
Body 3250: (-6.61768e+06,1.02022e+07,680670)
Body 3251: (1.15378e+07,-1.06501e+06,-585621)
Body 3252: (6.90681e+06,3.25235e+06,213861)
Body 3253: (1.44982e+07,181237,655149)
Body 3254: (-1.35371e+06,-1.21764e+07,-354396)
Body 3255: (1.30138e+07,3.76054e+06,692631)
Body 3256: (-9.02213e+06,1.31569e+06,589149)
Body 3257: (3.62277e+06,8.41842e+06,332487)
Body 3258: (-1.12072e+07,-1.02303e+06,-547887)
Body 3259: (-6.1374e+06,3.87161e+06,-572183)
Body 3260: (1.37694e+07,3.65639e+06,-194760)
Body 3261: (6.11374e+06,4.19439e+06,235654)
Body 3262: (1.18548e+07,2.50379e+06,-1.21292e+06)
Body 3263: (629642,-7.60343e+06,129067)
Body 3264: (-7.27853e+06,537961,309680)
Body 3265: (1.27649e+07,-5.61003e+06,-481401)
Body 3266: (655538,8.04767e+06,446434)
Body 3267: (-1.44339e+07,3.0886e+06,-574914)
Body 3268: (-3.52434e+06,9.80711e+06,-507938)
Body 3269: (1.16785e+07,1.16431e+06,-564835)
Body 3270: (1.19995e+07,2.45643e+06,-1.02339e+06)
Body 3271: (6.71999e+06,-6.47814e+06,494955)
Body 3272: (-7.16947e+06,-84613.2,-323315)
Body 3273: (-2.15568e+06,-1.19644e+07,883822)
Body 3274: (1.07473e+07,-368843,1.0355e+06)
Body 3275: (-1.25254e+07,-6.37504e+06,-286732)
Body 3276: (9.87341e+06,759994,-497183)
Body 3277: (-1.01031e+07,-7.70563e+06,1.06069e+06)
Body 3278: (4.13585e+06,6.12162e+06,427852)
Body 3279: (7.22327e+06,6.65178e+06,978191)
Body 3280: (-1.11508e+07,7.19434e+06,859376)
Body 3281: (3.09233e+06,-1.2029e+07,784018)
Body 3282: (-5.46599e+06,-5.33856e+06,-756135)
Body 3283: (6.05459e+06,-4.16272e+06,40505.5)
Body 3284: (6.77977e+06,-1.08984e+07,1.15722e+06)
Body 3285: (-1.38713e+07,1.45448e+06,-457719)
Body 3286: (-6.67448e+06,4.82014e+06,-219884)
Body 3287: (-5.77877e+06,-9.85477e+06,1.09624e+06)
Body 3288: (-7.93257e+06,-1.00712e+07,-422980)
Body 3289: (-1.73103e+06,7.05632e+06,390459)
Body 3290: (-2.02708e+06,-8.39995e+06,137888)
Body 3291: (-618043,8.35202e+06,-6191.35)
Body 3292: (1.85112e+06,-1.01685e+07,484899)
Body 3293: (5.09192e+06,-1.04179e+07,145347)
Body 3294: (3.00116e+06,1.4392e+07,630003)
Body 3295: (-1.80519e+06,9.77391e+06,-636206)
Body 3296: (2.44814e+06,1.11335e+07,-683991)
Body 3297: (4.76643e+06,-1.41232e+07,740765)
Body 3298: (1.30984e+07,-2.58508e+06,195678)
Body 3299: (5.67671e+06,-6.66078e+06,425192)
Body 3300: (-1.0172e+07,1.69864e+06,-183067)
Body 3301: (-7.9757e+06,1.19625e+07,1.33658e+06)
Body 3302: (-9.73757e+06,-1.04455e+07,227996)
Body 3303: (9.86651e+06,1.14828e+06,-741142)
Body 3304: (-1.27956e+07,2.30717e+06,-912045)
Body 3305: (8.62574e+06,-2.92588e+06,-242100)
Body 3306: (-4.80498e+06,1.34271e+07,123275)
Body 3307: (-7.09257e+06,-988556,196181)
Body 3308: (-7.79854e+06,-4.22733e+06,261169)
Body 3309: (2.0675e+06,-1.23138e+07,-471355)
Body 3310: (1.14293e+07,-1.32288e+06,918122)
Body 3311: (-1.10216e+07,9.57097e+06,838593)
Body 3312: (1.03547e+07,5.93316e+06,774366)
Body 3313: (3.89804e+06,1.17429e+07,-1.04243e+06)
Body 3314: (1.20045e+07,6.49821e+06,-1.11813e+06)
Body 3315: (6.87207e+06,7.78424e+06,861044)
Body 3316: (-9.72398e+06,-4.51926e+06,920353)
Body 3317: (-6.80417e+06,8.92425e+06,667736)
Body 3318: (-4.39817e+06,9.57003e+06,470536)
Body 3319: (3.46495e+06,-1.28942e+07,1.27945e+06)
Body 3320: (1.66177e+06,-1.31548e+07,949625)
Body 3321: (-4.54541e+06,5.31501e+06,332589)
Body 3322: (5.17628e+06,1.05914e+07,-462983)
Body 3323: (-8.80515e+06,-4.00459e+06,642454)
Body 3324: (13626.5,-1.44259e+07,991030)
Body 3325: (-8.2836e+06,6.8646e+06,-230890)
Body 3326: (8.4698e+06,8.39708e+06,189638)
Body 3327: (-1.13797e+07,4.58991e+06,1.11517e+06)
Body 3328: (2.21774e+06,1.16565e+07,-49322.6)
Body 3329: (-5.52107e+06,1.10577e+07,-1.04153e+06)
Body 3330: (1.1049e+07,-3.74807e+06,-34834.4)
Body 3331: (7.2416e+06,-1.22304e+07,-1.00396e+06)
Body 3332: (-1.16261e+07,4.98461e+06,-632381)
Body 3333: (-569192,-1.24569e+07,-799425)
Body 3334: (108080,-1.42614e+07,1.23925e+06)
Body 3335: (8.85149e+06,-3.54044e+06,-250750)
Body 3336: (611735,-7.40036e+06,302401)
Body 3337: (-1.17085e+07,738655,-1.10092e+06)
Body 3338: (-1.0398e+07,5.98199e+06,144460)
Body 3339: (1.01972e+07,-2.20209e+06,217251)
Body 3340: (1.19686e+07,-5.05344e+06,238033)
Body 3341: (6.92513e+06,1.52329e+06,287100)
Body 3342: (-8.09042e+06,-4.41425e+06,-549431)
Body 3343: (-9.11651e+06,-272517,870119)
Body 3344: (1.09388e+07,-4.63396e+06,1.09455e+06)
Body 3345: (-3.25163e+06,8.018e+06,467663)
Body 3346: (-1.37647e+07,-1.67637e+06,1.37231e+06)
Body 3347: (-2.18093e+06,6.74668e+06,174689)
Body 3348: (7.98803e+06,7.19486e+06,-284339)
Body 3349: (-4.47561e+06,-5.61613e+06,565248)
Body 3350: (-4.3838e+06,-1.33788e+07,-96383.5)
Body 3351: (7.229e+06,8.41094e+06,-352763)
Body 3352: (3.67133e+06,-7.63584e+06,704424)
Body 3353: (-1.56259e+06,-1.11541e+07,-854324)
Body 3354: (-3.46331e+06,-1.13512e+07,-112111)
Body 3355: (6.41665e+06,-6.21868e+06,434450)
Body 3356: (5.89272e+06,-1.28433e+07,1.39032e+06)
Body 3357: (7.29289e+06,4.4298e+06,-278265)
Body 3358: (-7.94352e+06,-1.16976e+06,213673)
Body 3359: (-678206,1.15676e+07,949564)
Body 3360: (-4.14344e+06,5.84238e+06,313907)
Body 3361: (-1.13028e+07,6.57128e+06,-1.26715e+06)
Body 3362: (1.09819e+07,4.60326e+06,-935821)
Body 3363: (-4.6718e+06,1.12661e+07,-370810)
Body 3364: (1.075e+07,-1.4496e+06,1.01268e+06)
Body 3365: (-1.0098e+06,1.02725e+07,-407742)
Body 3366: (-8.95971e+06,-1.84729e+06,195544)
Body 3367: (-9.12549e+06,5.94662e+06,-629639)
Body 3368: (-5.88738e+06,9.1253e+06,90344.7)
Body 3369: (-8.29501e+06,-9.21855e+06,-93034.8)
Body 3370: (-2.4818e+06,1.11231e+07,-1.0877e+06)
Body 3371: (-199311,1.19916e+07,405417)
Body 3372: (1.11631e+07,-6.50792e+06,1.18726e+06)
Body 3373: (7.06697e+06,-420422,259250)
Body 3374: (1.20606e+07,1.16212e+06,876903)
Body 3375: (4.2442e+06,-6.92913e+06,-789746)
Body 3376: (-1.11432e+07,4.83238e+06,-727762)
Body 3377: (-7.29269e+06,2.87296e+06,-591640)
Body 3378: (-7.67023e+06,-7.69975e+06,712636)
Body 3379: (1.139e+07,4.95207e+06,-478573)
Body 3380: (7.99083e+06,-4.71597e+06,683739)
Body 3381: (8.9515e+06,4.29891e+06,784342)
Body 3382: (8.61125e+06,-1.11295e+07,972738)
Body 3383: (4.76852e+06,9.73696e+06,-48814.9)
Body 3384: (-1.09349e+07,686631,84963.7)
Body 3385: (-6.04956e+06,6.745e+06,-119267)
Body 3386: (-7.72153e+06,2.21684e+06,499471)
Body 3387: (-1.15775e+07,7.18233e+06,51250.6)
Body 3388: (-3.31603e+06,-6.4673e+06,-138679)
Body 3389: (7.41136e+06,-7.52726e+06,-80634)
Body 3390: (1.00321e+06,7.09892e+06,-34957.6)
Body 3391: (6.64927e+06,-7.98994e+06,87604.3)
Body 3392: (-1.22855e+07,2.39201e+06,-151063)
Body 3393: (-8.96043e+06,5.6067e+06,81566.7)
Body 3394: (6.97557e+06,-5.68463e+06,-300509)
Body 3395: (6.68478e+06,4.64731e+06,-794802)
Body 3396: (3.94279e+06,9.55376e+06,-991817)
Body 3397: (-4.73141e+06,-1.00653e+07,-923559)
Body 3398: (-419605,-1.06287e+07,1.03677e+06)
Body 3399: (393906,1.23197e+07,534180)
Body 3400: (2.78865e+06,1.14188e+07,826778)
Body 3401: (1.01147e+07,-2.4571e+06,464338)
Body 3402: (-1.64266e+06,-1.20449e+07,-53252.6)
Body 3403: (6.55833e+06,-8.87414e+06,399469)
Body 3404: (1.09247e+07,-8.93564e+06,1.34909e+06)
Body 3405: (-1.25723e+07,-187459,-840385)
Body 3406: (-3.26778e+06,1.22011e+07,-548668)
Body 3407: (6.2902e+06,-6.27111e+06,654849)
Body 3408: (-1.18685e+07,2.02861e+06,414637)
Body 3409: (-1.02342e+07,5.98224e+06,-285436)
Body 3410: (-8.5181e+06,-5.34834e+06,297137)
Body 3411: (1.03744e+07,-2.06131e+06,-882387)
Body 3412: (-8.50286e+06,4.73176e+06,-943083)
Body 3413: (-1.47858e+06,9.80884e+06,11975.5)
Body 3414: (-1.43857e+06,-9.5839e+06,19251.7)
Body 3415: (10128.9,-8.01228e+06,-643598)
Body 3416: (1.24534e+07,-5.71884e+06,-486838)
Body 3417: (3.83789e+06,-1.38353e+07,1.21594e+06)
Body 3418: (1.10157e+06,1.22423e+07,971898)
Body 3419: (1.94049e+06,8.23983e+06,-387872)
Body 3420: (-9.3858e+06,-862795,402628)
Body 3421: (1.21884e+07,7.57438e+06,1.30766e+06)
Body 3422: (1.35443e+07,4.78585e+06,-401401)
Body 3423: (-1.03005e+07,-8.70174e+06,753449)
Body 3424: (-1.26961e+07,252099,-1.16846e+06)
Body 3425: (1.11307e+07,3.51219e+06,242167)
Body 3426: (-1.14774e+07,-6.79325e+06,1.33015e+06)
Body 3427: (-72275.8,-1.06407e+07,355995)
Body 3428: (-3.4073e+06,-1.45029e+07,-1.00255e+06)
Body 3429: (-7.20079e+06,-1.26861e+07,-1.28895e+06)
Body 3430: (9.10307e+06,-8.21094e+06,188908)
Body 3431: (4.23609e+06,-8.85543e+06,555245)
Body 3432: (6.40635e+06,9.3563e+06,-565199)
Body 3433: (4.45574e+06,-1.2101e+07,-569658)
Body 3434: (8.77323e+06,4.66166e+06,424399)
Body 3435: (6.69501e+06,2.02347e+06,-695614)
Body 3436: (-1.05547e+07,6.02362e+06,-492335)
Body 3437: (5.02362e+06,1.33865e+07,-316417)
Body 3438: (-1.30273e+07,6.41615e+06,158855)
Body 3439: (1.91516e+06,-7.3979e+06,-118061)
Body 3440: (-325222,1.33986e+07,-207812)
Body 3441: (1.30638e+07,-2.15809e+06,-1.16921e+06)
Body 3442: (-4.23211e+06,1.28184e+07,137001)
Body 3443: (-7.04417e+06,-6.09767e+06,-272494)
Body 3444: (9.37059e+06,2.2836e+06,-682135)
Body 3445: (1.43133e+07,-149649,803922)
Body 3446: (-7.5975e+06,5.33552e+06,445043)
Body 3447: (-1.41453e+07,4.05881e+06,971263)
Body 3448: (1.0353e+07,-1.05461e+07,-807266)
Body 3449: (-7.05574e+06,343807,44307.9)
Body 3450: (-1.86505e+06,8.39318e+06,456380)
Body 3451: (-4.42426e+06,9.80784e+06,263933)
Body 3452: (1.48795e+06,-1.21022e+07,-838486)
Body 3453: (-1.04453e+07,-7.53861e+06,-1.14282e+06)
Body 3454: (-9.80801e+06,8.85205e+06,-448372)
Body 3455: (-6.0158e+06,8.70211e+06,-342277)
Body 3456: (9.50437e+06,9.45313e+06,1.26542e+06)
Body 3457: (4.6616e+06,1.04125e+07,-842974)
Body 3458: (-7.83282e+06,-8.6713e+06,-1.04739e+06)
Body 3459: (2.51641e+06,-8.54493e+06,-804544)
Body 3460: (-7.5455e+06,-1.16016e+07,-181521)
Body 3461: (9.6788e+06,1.18278e+06,635117)
Body 3462: (-2.98162e+06,7.57534e+06,112527)
Body 3463: (-8.94946e+06,154144,554480)
Body 3464: (1.01931e+07,-3.3781e+06,747518)
Body 3465: (-7.8201e+06,5.67654e+06,-148193)
Body 3466: (-2.74534e+06,1.16371e+07,1.12543e+06)
Body 3467: (-9.57571e+06,7.00513e+06,344190)
Body 3468: (4.20484e+06,-9.25158e+06,137893)
Body 3469: (3.24273e+06,6.55834e+06,535026)
Body 3470: (1.09096e+07,-3.51256e+06,-982504)
Body 3471: (3.24547e+06,8.78097e+06,100810)
Body 3472: (5.5289e+06,8.40235e+06,287245)
Body 3473: (-1.75358e+06,1.11533e+07,-45677.7)
Body 3474: (3.5877e+06,1.24481e+07,-536879)
Body 3475: (-194046,-9.74345e+06,677266)
Body 3476: (-2.88805e+06,9.55378e+06,778970)
Body 3477: (-7.1556e+06,-1.30955e+07,1.46709e+06)
Body 3478: (-1.26786e+06,-1.2211e+07,-273432)
Body 3479: (6.4398e+06,8.21969e+06,674965)
Body 3480: (-1.03077e+07,-1.01147e+07,-451738)
Body 3481: (-788747,8.18436e+06,-402538)
Body 3482: (1.11614e+07,-4.00924e+06,-1.07439e+06)
Body 3483: (-5.6553e+06,-4.12803e+06,-302574)
Body 3484: (-6.55123e+06,1.24088e+07,-590427)
Body 3485: (5.61256e+06,7.23262e+06,149293)
Body 3486: (-7.4302e+06,3.79983e+06,-65142.5)
Body 3487: (7.12318e+06,762540,28960.4)
Body 3488: (1.17247e+07,-4.45451e+06,-806030)
Body 3489: (7.40777e+06,2.52237e+06,-100106)
Body 3490: (6.45767e+06,-1.00872e+07,437709)
Body 3491: (-8.39133e+06,2.04833e+06,710487)
Body 3492: (-9.57327e+06,69931.8,880487)
Body 3493: (-177039,-1.28607e+07,-637611)
Body 3494: (8.96213e+06,5.10729e+06,219801)
Body 3495: (4.02232e+06,-6.69963e+06,492256)
Body 3496: (7.08259e+06,8.69965e+06,-1.06763e+06)
Body 3497: (-1.07997e+07,-7.8678e+06,564013)
Body 3498: (-9.40183e+06,-567355,466003)
Body 3499: (-8.58379e+06,-6.35888e+06,619701)
Body 3500: (7.9812e+06,3.5166e+06,55511)
Body 3501: (785030,-7.44855e+06,328580)
Body 3502: (-8.95018e+06,-1.07668e+07,-1.21498e+06)
Body 3503: (3.21217e+06,-8.41285e+06,-600397)
Body 3504: (2.38302e+06,-1.23528e+07,-427623)
Body 3505: (-8.92793e+06,-3.3999e+06,691505)
Body 3506: (8.20004e+06,-3.16465e+06,174264)
Body 3507: (1.25932e+07,7.95516e+06,-1.11457e+06)
Body 3508: (8.99038e+06,-1.0221e+07,-148493)
Body 3509: (8.52754e+06,-9.35655e+06,-1.15999e+06)
Body 3510: (7.02003e+06,-9.2211e+06,-236093)
Body 3511: (2.67277e+06,-9.0266e+06,-309292)
Body 3512: (6.8007e+06,-1.75782e+06,129433)
Body 3513: (6.15885e+06,-1.20191e+07,-1.17409e+06)
Body 3514: (-3.13914e+06,7.74987e+06,-299973)
Body 3515: (-8.7736e+06,-8.5781e+06,-13277)
Body 3516: (-6.41279e+06,5.86416e+06,75766.3)
Body 3517: (7.47914e+06,7.70651e+06,321217)
Body 3518: (-5.46975e+06,5.2444e+06,318496)
Body 3519: (-6.47233e+06,-3.05304e+06,-236929)
Body 3520: (2.57e+06,6.55755e+06,622747)
Body 3521: (1.11675e+07,-188605,55436.4)
Body 3522: (-8.82703e+06,7.12419e+06,-431161)
Body 3523: (-4.99686e+06,7.49993e+06,-72366.5)
Body 3524: (1.33378e+06,8.42207e+06,-389880)
Body 3525: (-6.05414e+06,-8.66103e+06,753970)
Body 3526: (3.75327e+06,8.50279e+06,-225250)
Body 3527: (1.41186e+07,881183,503442)
Body 3528: (5.7272e+06,9.16858e+06,-387129)
Body 3529: (6.33662e+06,-6.10567e+06,-31901.3)
Body 3530: (-9.56136e+06,-6.39035e+06,321210)
Body 3531: (1.08887e+07,1.23407e+06,-362369)
Body 3532: (-3.57954e+06,-7.64081e+06,-750046)
Body 3533: (2.8012e+06,1.11166e+07,1.03189e+06)
Body 3534: (-4.3985e+06,8.58886e+06,819059)
Body 3535: (1.00145e+07,-2.37379e+06,-982415)
Body 3536: (-4.7296e+06,-8.14881e+06,738026)
Body 3537: (8.20269e+06,-3.82255e+06,170373)
Body 3538: (-1.06929e+07,8.05246e+06,-771395)
Body 3539: (1.30494e+07,-5.82359e+06,-6930.19)
Body 3540: (5.43439e+06,4.49299e+06,102994)
Body 3541: (-5.73397e+06,4.32907e+06,-282689)
Body 3542: (1.19454e+07,4.3557e+06,-28655.9)
Body 3543: (-8.60885e+06,-7.82072e+06,-220645)
Body 3544: (-3.86769e+06,-8.58077e+06,655331)
Body 3545: (1.14158e+07,-5.1826e+06,545114)
Body 3546: (6.46439e+06,1.14115e+07,-211070)
Body 3547: (-436153,1.08715e+07,62104.9)
Body 3548: (-3.56282e+06,-8.6188e+06,-55419.6)
Body 3549: (1.06123e+07,-1.08841e+06,-229515)
Body 3550: (-4.1287e+06,8.96225e+06,780663)
Body 3551: (-8.85577e+06,-6.44277e+06,-700050)
Body 3552: (-1.75128e+06,1.11791e+07,522324)
Body 3553: (-2.98729e+06,-1.33147e+07,628815)
Body 3554: (-2.61095e+06,-1.0787e+07,-171625)
Body 3555: (-696342,1.21468e+07,-1.04952e+06)
Body 3556: (-1.00016e+07,2.44279e+06,-501982)
Body 3557: (1.14566e+07,5.71284e+06,-710602)
Body 3558: (-1.19801e+07,4.98948e+06,533116)
Body 3559: (1.09906e+07,-3.51056e+06,225696)
Body 3560: (-4.2829e+06,5.66378e+06,-507775)
Body 3561: (1.14244e+07,8.75528e+06,-323312)
Body 3562: (5.03165e+06,-7.22244e+06,-337177)
Body 3563: (1.44564e+07,3.58344e+06,-1.10933e+06)
Body 3564: (3.292e+06,-8.13076e+06,665335)
Body 3565: (7.40434e+06,1.53884e+06,370190)
Body 3566: (5.38047e+06,5.96088e+06,-769425)
Body 3567: (-639845,7.34266e+06,-642846)
Body 3568: (4.94776e+06,-8.62689e+06,-345589)
Body 3569: (1.0646e+07,7.13562e+06,408654)
Body 3570: (-8298.79,-9.50876e+06,-692981)
Body 3571: (655660,1.41618e+07,-416531)
Body 3572: (-1.28547e+07,-6.91408e+06,-391939)
Body 3573: (-6.93957e+06,1.27872e+07,-1.18143e+06)
Body 3574: (-1.6765e+06,1.48435e+07,1.05114e+06)
Body 3575: (-966135,-8.26797e+06,40704.8)
Body 3576: (-1.39718e+07,-4.82151e+06,-1.40832e+06)
Body 3577: (7.21523e+06,9.34961e+06,705989)
Body 3578: (-1.37435e+07,1.54744e+06,784248)
Body 3579: (-8.14929e+06,398962,-173089)
Body 3580: (1.14131e+07,3.28122e+06,599321)
Body 3581: (-4.20622e+06,-6.3271e+06,-733990)
Body 3582: (6.2174e+06,1.21575e+07,42323.9)
Body 3583: (-1.54737e+06,-8.95341e+06,-324784)
Body 3584: (-2.78335e+06,1.24738e+07,645899)
Body 3585: (-1.51256e+06,7.08519e+06,-1980)
Body 3586: (2.86161e+06,6.75127e+06,638875)
Body 3587: (-947102,-1.47661e+07,-733915)
Body 3588: (-5.51059e+06,-7.18841e+06,-694078)
Body 3589: (2.28213e+06,1.43332e+07,1.45516e+06)
Body 3590: (1.47077e+06,-1.0812e+07,-1.08999e+06)
Body 3591: (-1.7729e+06,1.39901e+07,473827)
Body 3592: (6.90381e+06,1.15429e+07,-154656)
Body 3593: (-4.172e+06,1.01247e+07,-39957.1)
Body 3594: (-6.11718e+06,7.31398e+06,323034)
Body 3595: (1.33117e+06,1.19487e+07,957778)
Body 3596: (-1.38781e+07,-798278,-185588)
Body 3597: (-2.64908e+06,-9.65201e+06,343774)
Body 3598: (-4.04841e+06,-7.54095e+06,-424132)
Body 3599: (-2.23474e+06,-6.78702e+06,206981)
Body 3600: (-1.01112e+07,-1.65248e+06,918733)
Body 3601: (-6.40433e+06,-9.81174e+06,-1.02452e+06)
Body 3602: (-2.62731e+06,7.90239e+06,65589.1)
Body 3603: (-5.72134e+06,1.19037e+07,-379464)
Body 3604: (-267618,9.00879e+06,811281)
Body 3605: (6.7239e+06,1.00257e+07,536938)
Body 3606: (-6.37983e+06,-1.10299e+07,-932545)
Body 3607: (8.02019e+06,6.37204e+06,649520)
Body 3608: (-1.22226e+07,-559328,-384278)
Body 3609: (6.61474e+06,5.23671e+06,794101)
Body 3610: (7.95939e+06,3.15142e+06,792680)
Body 3611: (3.28383e+06,-1.08585e+07,-1.03801e+06)
Body 3612: (-9.24544e+06,6.87007e+06,627143)
Body 3613: (-5.95073e+06,4.21856e+06,436829)
Body 3614: (-1.05971e+07,-3.45235e+06,-899893)
Body 3615: (-3.55956e+06,-7.22439e+06,282070)
Body 3616: (-3.50717e+06,-1.44122e+07,-20043.6)
Body 3617: (1.09747e+07,8.46155e+06,-140536)
Body 3618: (7.3447e+06,5.67868e+06,489722)
Body 3619: (-1.03848e+07,-3.87606e+06,-196761)
Body 3620: (7.95905e+06,7.11597e+06,369372)
Body 3621: (4.25813e+06,-9.53247e+06,-634951)
Body 3622: (-5.24516e+06,-6.84022e+06,597447)
Body 3623: (-1.54141e+06,-1.06125e+07,1.07453e+06)
Body 3624: (-525083,-1.48957e+07,714754)
Body 3625: (4.50551e+06,-7.76716e+06,-170444)
Body 3626: (1.28105e+07,7.19901e+06,-188572)
Body 3627: (-9.46112e+06,6.40907e+06,-662214)
Body 3628: (442216,-1.17306e+07,340147)
Body 3629: (-1.01552e+06,-8.80674e+06,-431365)
Body 3630: (-3.04642e+06,-7.80867e+06,575542)
Body 3631: (-1.06324e+07,-2.13095e+06,-428018)
Body 3632: (7.36527e+06,8.05062e+06,997519)
Body 3633: (-6.601e+06,-1.16642e+07,102382)
Body 3634: (-1.33196e+07,433454,-533421)
Body 3635: (-4.94585e+06,-6.60619e+06,710512)
Body 3636: (3.49626e+06,7.44848e+06,-109267)
Body 3637: (-3.66713e+06,1.29289e+07,-661963)
Body 3638: (-1.16152e+07,-2.64937e+06,-1.05057e+06)
Body 3639: (-4.75927e+06,-5.99153e+06,-53373.8)
Body 3640: (-6.37543e+06,-1.32422e+07,-1.44471e+06)
Body 3641: (-9.29254e+06,5.53213e+06,-852406)
Body 3642: (4.87178e+06,-1.35134e+07,-776202)
Body 3643: (8.85672e+06,1.81296e+06,-367752)
Body 3644: (-1.02199e+07,5.54147e+06,1.09429e+06)
Body 3645: (-6.23295e+06,-4.04328e+06,533327)
Body 3646: (1.08296e+07,207683,-557665)
Body 3647: (9.34168e+06,-2.02031e+06,788901)
Body 3648: (6.68884e+06,-1.2963e+07,-432928)
Body 3649: (1.4147e+07,-1.62994e+06,-427143)
Body 3650: (-8.67365e+06,-2.6405e+06,-568039)
Body 3651: (6.82215e+06,-2.4081e+06,617513)
Body 3652: (-6.93368e+06,4.53133e+06,549200)
Body 3653: (-9.6913e+06,7.53087e+06,599836)
Body 3654: (1.26764e+07,-6.33724e+06,-343461)
Body 3655: (7.1415e+06,-4.34735e+06,-682812)
Body 3656: (8.10505e+06,9.86868e+06,-282560)
Body 3657: (5.55746e+06,8.61939e+06,869049)
Body 3658: (5.504e+06,-4.32613e+06,538470)
Body 3659: (-2.69203e+06,-9.13568e+06,-471236)
Body 3660: (-1.21065e+07,-4.89805e+06,-522079)
Body 3661: (-3.74398e+06,-9.45388e+06,827681)
Body 3662: (-7.2386e+06,-3.49012e+06,-396129)
Body 3663: (1.21151e+07,5.72904e+06,506696)
Body 3664: (-6.88628e+06,-4.77644e+06,563511)
Body 3665: (246643,-1.30382e+07,46542.8)
Body 3666: (-1.19715e+07,-7.40518e+06,1.1782e+06)
Body 3667: (-1.13465e+07,-431420,-631166)
Body 3668: (7.18357e+06,8.75803e+06,839045)
Body 3669: (1.23562e+07,-488712,-1.01106e+06)
Body 3670: (6.39947e+06,-6.21887e+06,-186966)
Body 3671: (6.87825e+06,-8.23587e+06,46834.3)
Body 3672: (6.6302e+06,-5.33523e+06,-800504)
Body 3673: (1.34465e+07,4.42327e+06,469704)
Body 3674: (-2.04152e+06,-7.25895e+06,-704866)
Body 3675: (-1.33831e+07,2.90273e+06,-1.11593e+06)
Body 3676: (-1.26022e+07,843682,-781683)
Body 3677: (-6.18275e+06,3.49238e+06,-589834)
Body 3678: (-849396,7.70404e+06,202275)
Body 3679: (1.01526e+07,4.70535e+06,1.05143e+06)
Body 3680: (-819681,1.40332e+07,-1.06379e+06)
Body 3681: (-1.40992e+07,3.50705e+06,-548967)
Body 3682: (1.55819e+06,-1.07869e+07,-723905)
Body 3683: (-40164.4,-1.31395e+07,103406)
Body 3684: (9.39026e+06,1.02814e+07,265926)
Body 3685: (-9.34821e+06,4.95832e+06,-524096)
Body 3686: (7.7482e+06,6.26779e+06,-495517)
Body 3687: (-1.66819e+06,-8.98479e+06,-827350)
Body 3688: (2.16826e+06,1.19721e+07,-1.01987e+06)
Body 3689: (1.49575e+06,9.28625e+06,97886.2)
Body 3690: (9.59478e+06,-2.07537e+06,912719)
Body 3691: (2.94079e+06,-1.00795e+07,-1.02535e+06)
Body 3692: (-472410,-1.13544e+07,-644034)
Body 3693: (4.16748e+06,6.22216e+06,-87102.3)
Body 3694: (-8.10126e+06,7.51505e+06,-132666)
Body 3695: (1.31298e+06,-1.06477e+07,-848785)
Body 3696: (-4.93584e+06,-1.21737e+07,635398)
Body 3697: (-1.26365e+07,2.35622e+06,-742775)
Body 3698: (1.09016e+07,-2.94072e+06,199934)
Body 3699: (6.56057e+06,2.5918e+06,697589)
Body 3700: (7.25553e+06,2.16726e+06,-222653)
Body 3701: (-6.17455e+06,1.33978e+07,-265909)
Body 3702: (1.18957e+07,1.82192e+06,959397)
Body 3703: (-1.08867e+07,2.29762e+06,804122)
Body 3704: (-1.29389e+07,6.74889e+06,-957399)
Body 3705: (-1.10641e+07,7.69063e+06,1.17672e+06)
Body 3706: (1.09123e+07,9.6066e+06,1.33121e+06)
Body 3707: (-6.0029e+06,-7.87638e+06,-924155)
Body 3708: (-8.87737e+06,-1.09613e+07,405086)
Body 3709: (-1.41953e+07,-750484,-254431)
Body 3710: (-655081,-1.38574e+07,1.24908e+06)
Body 3711: (-1.07324e+07,9.7801e+06,-153959)
Body 3712: (-4.80957e+06,-7.65977e+06,-245092)
Body 3713: (9.56601e+06,9.16769e+06,-1.01851e+06)
Body 3714: (7.44696e+06,4.3674e+06,207290)
Body 3715: (4.35747e+06,6.87577e+06,-793358)
Body 3716: (5.05095e+06,-1.2224e+07,-895413)
Body 3717: (-1.17928e+07,5.2256e+06,-672385)
Body 3718: (5.18792e+06,1.0771e+07,614764)
Body 3719: (7.11462e+06,-1.86059e+06,-631219)
Body 3720: (9.4649e+06,-6.67207e+06,-1.13405e+06)
Body 3721: (-6.46308e+06,8.8846e+06,176532)
Body 3722: (8.07658e+06,3.49631e+06,221711)
Body 3723: (-7.40558e+06,-7.18385e+06,-597969)
Body 3724: (-8.98582e+06,-3.67493e+06,180813)
Body 3725: (-1.87735e+06,9.78992e+06,-451472)
Body 3726: (-3.83066e+06,7.45594e+06,-504492)
Body 3727: (-1.09462e+07,-5.07908e+06,-283417)
Body 3728: (740415,9.57782e+06,68126.5)
Body 3729: (-5.62974e+06,-1.31823e+07,701251)
Body 3730: (-8.12441e+06,1.0935e+07,-1.19401e+06)
Body 3731: (4.4973e+06,1.11031e+07,165430)
Body 3732: (2.71291e+06,-1.26176e+07,-511758)
Body 3733: (-8.02439e+06,-7.63577e+06,708730)
Body 3734: (1.29911e+07,-977855,-1.28587e+06)
Body 3735: (-403682,1.04618e+07,-797449)
Body 3736: (1.42619e+07,-177347,-912371)
Body 3737: (-1.15033e+06,7.19977e+06,489032)
Body 3738: (8.72247e+06,3.26548e+06,-835823)
Body 3739: (9.47189e+06,-4.31833e+06,-445979)
Body 3740: (8.34902e+06,6.23001e+06,-13390.8)
Body 3741: (-1.67005e+06,1.24505e+07,-511024)
Body 3742: (1.37012e+07,898847,374860)
Body 3743: (-3.04293e+06,9.67898e+06,319896)
Body 3744: (-1.27091e+07,-4.88972e+06,-1.2808e+06)
Body 3745: (-1.04009e+07,2.4728e+06,93650.6)
Body 3746: (1.2276e+07,1.50315e+06,4978.3)
Body 3747: (-6.48067e+06,9.74099e+06,394118)
Body 3748: (-3.61594e+06,8.00923e+06,815636)
Body 3749: (-5.58003e+06,8.03529e+06,187227)
Body 3750: (1.46831e+07,-1.56163e+06,235265)
Body 3751: (5.69094e+06,-4.08966e+06,98452)
Body 3752: (4.7434e+06,-8.71925e+06,-198879)
Body 3753: (3.14722e+06,-6.55574e+06,66700.2)
Body 3754: (-60815.1,9.70325e+06,182053)
Body 3755: (-3.88233e+06,7.74231e+06,236561)
Body 3756: (-1.37338e+07,-2.88472e+06,727885)
Body 3757: (-6.70305e+06,-1.12407e+07,-665845)
Body 3758: (-1.2781e+07,5.40383e+06,-1.26846e+06)
Body 3759: (877034,-8.88046e+06,-770891)
Body 3760: (-2.79265e+06,-7.66056e+06,641550)
Body 3761: (2.07677e+06,1.1841e+07,-1.07661e+06)
Body 3762: (1.13917e+07,3.50264e+06,268729)
Body 3763: (7.27514e+06,-4.95905e+06,-43859.8)
Body 3764: (5.30601e+06,-6.99643e+06,-432305)
Body 3765: (4.77701e+06,-8.14892e+06,-361402)
Body 3766: (-5.90823e+06,8.37718e+06,-788008)
Body 3767: (-1.15677e+06,-7.21595e+06,212194)
Body 3768: (-2.61255e+06,8.84449e+06,822968)
Body 3769: (-1.46683e+07,2.46608e+06,900839)
Body 3770: (-3.76769e+06,1.22782e+07,-1.13685e+06)
Body 3771: (4.28931e+06,-6.90848e+06,376303)
Body 3772: (8.38586e+06,9.01165e+06,344595)
Body 3773: (8.40207e+06,-1.00699e+07,-1.28083e+06)
Body 3774: (1.23748e+07,1.49777e+06,516034)
Body 3775: (7.18966e+06,9.69237e+06,642911)
Body 3776: (3.48763e+06,-6.68291e+06,-359198)
Body 3777: (1.1097e+07,-5.76343e+06,-400710)
Body 3778: (-1.07047e+07,2.51988e+06,-754251)
Body 3779: (-507659,-1.16707e+07,976231)
Body 3780: (-1.37655e+07,-873119,604575)
Body 3781: (-1.33557e+07,541250,-1.03012e+06)
Body 3782: (5.76949e+06,-8.77463e+06,203001)
Body 3783: (5.03505e+06,1.17034e+07,1.18659e+06)
Body 3784: (-5.79187e+06,-8.37823e+06,-983123)
Body 3785: (1.60297e+06,-7.82088e+06,749392)
Body 3786: (9.29565e+06,2.21861e+06,-266001)
Body 3787: (2.51883e+06,6.67095e+06,360364)
Body 3788: (1.23593e+07,7.57452e+06,167870)
Body 3789: (5.78339e+06,6.91772e+06,-507313)
Body 3790: (1.06591e+07,4.62968e+06,-152899)
Body 3791: (-1.1524e+06,7.98363e+06,-499535)
Body 3792: (-3.65236e+06,-1.35417e+07,1.03546e+06)
Body 3793: (-3.91074e+06,9.27399e+06,-240420)
Body 3794: (-1.12349e+06,-7.05628e+06,-214744)
Body 3795: (-7.75136e+06,-5.50246e+06,-121206)
Body 3796: (-9.19344e+06,1.1653e+07,338167)
Body 3797: (9.47645e+06,-554158,-104212)
Body 3798: (8.4308e+06,8.62342e+06,562458)
Body 3799: (-8.65731e+06,2.88961e+06,700729)
Body 3800: (-1.31101e+07,6.71853e+06,987895)
Body 3801: (4.27783e+06,-6.06799e+06,192348)
Body 3802: (8.38826e+06,-6.93475e+06,752903)
Body 3803: (2.41498e+06,-9.02808e+06,-750196)
Body 3804: (-6.10583e+06,-1.20806e+07,-1.11826e+06)
Body 3805: (-1.08985e+07,-6.04436e+06,235693)
Body 3806: (-970222,9.26339e+06,489503)
Body 3807: (-8.53898e+06,2.99091e+06,352654)
Body 3808: (-6.32345e+06,-4.27995e+06,136505)
Body 3809: (-8.53849e+06,9.09254e+06,-127281)
Body 3810: (3.44185e+06,-8.97621e+06,-711517)
Body 3811: (-9.702e+06,-1.09898e+07,1.13665e+06)
Body 3812: (-5.13396e+06,9.01737e+06,833406)
Body 3813: (5.76592e+06,5.23028e+06,-312573)
Body 3814: (-9.83532e+06,-1.08945e+07,159090)
Body 3815: (-1.09691e+07,6.25254e+06,652267)
Body 3816: (4.68386e+06,-8.98759e+06,-472027)
Body 3817: (-9.12754e+06,-1.29885e+06,-127677)
Body 3818: (-8.00989e+06,9.15878e+06,-656326)
Body 3819: (-9.95123e+06,-4.01588e+06,-768360)
Body 3820: (-4.83255e+06,1.03814e+07,-246347)
Body 3821: (8.38728e+06,-3.84912e+06,338529)
Body 3822: (-5.55707e+06,-7.17784e+06,633866)
Body 3823: (4.91151e+06,-8.92669e+06,-705333)
Body 3824: (-1.31277e+07,-3.40211e+06,-752141)
Body 3825: (1.0212e+07,-765628,581382)
Body 3826: (8.68884e+06,7.68399e+06,-190680)
Body 3827: (8.21022e+06,3.93404e+06,76848.3)
Body 3828: (-6.34723e+06,-1.25859e+07,-706281)
Body 3829: (1.08506e+07,-4.03673e+06,516487)
Body 3830: (1.22454e+07,-2.47737e+06,747682)
Body 3831: (-4.64472e+06,6.58467e+06,751790)
Body 3832: (8.33596e+06,7.04972e+06,-90386.4)
Body 3833: (1.25667e+07,-187975,-442820)
Body 3834: (8.08625e+06,-7.61585e+06,-321629)
Body 3835: (7.47449e+06,-2.47648e+06,-18203.6)
Body 3836: (-7.93432e+06,-7.57253e+06,-1.09263e+06)
Body 3837: (-9.31333e+06,1.1043e+07,-297826)
Body 3838: (-6.0446e+06,5.80027e+06,509878)
Body 3839: (1.23242e+07,-5.25412e+06,-259328)
Body 3840: (-1.2633e+07,-580497,769905)
Body 3841: (-8.5708e+06,9.36311e+06,-414786)
Body 3842: (-7.95964e+06,-4.1591e+06,835530)
Body 3843: (7.08124e+06,4.83709e+06,-654039)
Body 3844: (-7.79649e+06,1.07068e+07,-730873)
Body 3845: (-5.99898e+06,-7.77755e+06,91914.3)
Body 3846: (-6.87894e+06,1.09697e+07,-124232)
Body 3847: (7.00328e+06,3.46937e+06,-59000.1)
Body 3848: (-7.11191e+06,-6.10598e+06,-859126)
Body 3849: (5.28539e+06,-5.96995e+06,105752)
Body 3850: (6.93991e+06,-1.06315e+07,-91834.2)
Body 3851: (-1.29119e+07,-2.01618e+06,-725388)
Body 3852: (-9.67732e+06,581034,-355208)
Body 3853: (-5.04553e+06,8.23372e+06,-729808)
Body 3854: (7.32753e+06,2.21127e+06,-596746)
Body 3855: (-8.08308e+06,-5.41759e+06,-607698)
Body 3856: (5.06343e+06,-1.31637e+07,57903)
Body 3857: (-8.50795e+06,9.48115e+06,-1.18357e+06)
Body 3858: (9.84376e+06,1.02031e+07,1.27354e+06)
Body 3859: (-3.96493e+06,1.08748e+07,-10360.5)
Body 3860: (1.08899e+07,1.61093e+06,-318321)
Body 3861: (-1.28759e+07,-821266,-660566)
Body 3862: (6.31761e+06,-7.33517e+06,49468.4)
Body 3863: (1.08938e+07,-2.6841e+06,-402100)
Body 3864: (4.09749e+06,-1.00161e+07,560881)
Body 3865: (5.30397e+06,7.41788e+06,366243)
Body 3866: (7.99378e+06,-4.21369e+06,-671280)
Body 3867: (8.97684e+06,3.22518e+06,388065)
Body 3868: (-9.24645e+06,-1.0613e+07,1.23552e+06)
Body 3869: (6.8195e+06,4.20107e+06,542943)
Body 3870: (6.74116e+06,-1.20636e+07,827286)
Body 3871: (1.99586e+06,9.65737e+06,847805)
Body 3872: (-7.5919e+06,5.62465e+06,377306)
Body 3873: (3.9248e+06,-8.44482e+06,-802774)
Body 3874: (-1.06875e+07,-7.9633e+06,194586)
Body 3875: (-1.80994e+06,1.05121e+07,-76651.9)
Body 3876: (-9.15419e+06,-5.32459e+06,-462925)
Body 3877: (4.65801e+06,6.02386e+06,303496)
Body 3878: (4.45437e+06,-5.62425e+06,279082)
Body 3879: (6.74653e+06,-1.12377e+07,-990930)
Body 3880: (-1.35333e+07,-400290,1.04602e+06)
Body 3881: (1.39258e+07,2.13734e+06,-330119)
Body 3882: (-4.86793e+06,-1.00878e+07,-479275)
Body 3883: (-6.6266e+06,6.1153e+06,1692.87)
Body 3884: (1.11549e+06,-1.45651e+07,-206505)
Body 3885: (3.63568e+06,6.48503e+06,-65538.9)
Body 3886: (-9.89254e+06,9.20127e+06,104022)
Body 3887: (1.20945e+07,-7.2705e+06,-803040)
Body 3888: (-2.51213e+06,6.90005e+06,287707)
Body 3889: (1.2871e+07,6.77236e+06,-1.37563e+06)
Body 3890: (-157884,-1.40041e+07,1.38326e+06)
Body 3891: (-8.77577e+06,5.10482e+06,-666325)
Body 3892: (-6.97088e+06,-3.76753e+06,-215130)
Body 3893: (5.78956e+06,-4.96759e+06,-460784)
Body 3894: (-2.61256e+06,1.26973e+07,812313)
Body 3895: (309202,-7.91548e+06,-638076)
Body 3896: (-1.0527e+06,-1.05001e+07,-690672)
Body 3897: (6.11703e+06,-6.949e+06,714484)
Body 3898: (3.60557e+06,6.39105e+06,-562492)
Body 3899: (8.29079e+06,-1.56442e+06,87167.1)
Body 3900: (1.06937e+07,-1.04085e+06,122395)
Body 3901: (-6.11004e+06,1.06584e+07,-289710)
Body 3902: (1.06281e+07,4.99016e+06,-573705)
Body 3903: (8.53086e+06,861597,63281.4)
Body 3904: (-8.56153e+06,7.64212e+06,-531202)
Body 3905: (8.09418e+06,9.15012e+06,45481.9)
Body 3906: (6.72761e+06,1.12728e+07,665514)
Body 3907: (1.21113e+07,4.79466e+06,-1.25753e+06)
Body 3908: (5.13605e+06,1.38384e+07,952324)
Body 3909: (-1.0468e+06,1.14154e+07,-849907)
Body 3910: (-9.16223e+06,6.02321e+06,436377)
Body 3911: (4.84229e+06,-1.33689e+07,-641843)
Body 3912: (6.99893e+06,-1.21017e+07,1.2028e+06)
Body 3913: (1.24826e+06,-1.05942e+07,195574)
Body 3914: (9.43806e+06,-323896,-874496)
Body 3915: (6.45686e+06,-5.16122e+06,-728367)
Body 3916: (-3.03719e+06,-1.37015e+07,-1.30418e+06)
Body 3917: (299259,-1.04288e+07,173415)
Body 3918: (9.75801e+06,-1.06967e+07,-484795)
Body 3919: (7.21337e+06,-2.6274e+06,26542.1)
Body 3920: (3.08351e+06,-6.91852e+06,559268)
Body 3921: (-1.14582e+07,3.91625e+06,392889)
Body 3922: (9.86381e+06,-7.84145e+06,1.15205e+06)
Body 3923: (3.32578e+06,-1.05551e+07,1.03108e+06)
Body 3924: (8.13293e+06,944641,605285)
Body 3925: (8.23814e+06,2.25959e+06,-581616)
Body 3926: (1.92547e+06,9.87939e+06,-392234)
Body 3927: (-4.17404e+06,-1.41878e+07,627999)
Body 3928: (-862597,-7.70043e+06,371200)
Body 3929: (1.6526e+06,1.21648e+07,-188984)
Body 3930: (-6.60667e+06,-1.20648e+07,640824)
Body 3931: (-1.11039e+07,3.63364e+06,605858)
Body 3932: (-3.47834e+06,-6.65157e+06,748887)
Body 3933: (-3.34044e+06,1.27998e+07,-588209)
Body 3934: (9.79145e+06,-7.50404e+06,192337)
Body 3935: (5.97808e+06,9.48155e+06,483302)
Body 3936: (1.23386e+07,-2.59385e+06,-504116)
Body 3937: (-1.19489e+07,5.24824e+06,152629)
Body 3938: (2.36225e+06,1.33171e+07,-425178)
Body 3939: (-1.18733e+07,-5.63504e+06,-1.07371e+06)
Body 3940: (-8.89926e+06,-5.39426e+06,854238)
Body 3941: (2.92826e+06,-7.96338e+06,-627951)
Body 3942: (365951,8.90491e+06,674132)
Body 3943: (1.98405e+06,-8.35967e+06,-65632.1)
Body 3944: (7.95634e+06,-1.26871e+07,718485)
Body 3945: (-9.27346e+06,-1.03984e+07,959121)
Body 3946: (7.42368e+06,5.23973e+06,210723)
Body 3947: (-9.38083e+06,4.6664e+06,56050)
Body 3948: (-6.9122e+06,-7.01389e+06,-927272)
Body 3949: (1.30908e+07,-6.69445e+06,1.28322e+06)
Body 3950: (-9.68021e+06,-1.97254e+06,899759)
Body 3951: (3.56173e+06,-1.37629e+07,-263511)
Body 3952: (3.06971e+06,-1.10857e+07,-522561)
Body 3953: (5.64975e+06,-1.05882e+07,498230)
Body 3954: (-9.29276e+06,-5.47194e+06,1.05736e+06)
Body 3955: (2.62527e+06,-1.15081e+07,535325)
Body 3956: (-2.63962e+06,-1.23321e+07,-114995)
Body 3957: (-1.05292e+07,2.14927e+06,-1.00608e+06)
Body 3958: (5.01823e+06,7.3526e+06,689390)
Body 3959: (5.91105e+06,7.01474e+06,-698936)
Body 3960: (1.25903e+07,487096,-72312)
Body 3961: (4.64601e+06,-6.41113e+06,728004)
Body 3962: (-1.37016e+07,5.22461e+06,423949)
Body 3963: (-6.94107e+06,9.53877e+06,-131979)
Body 3964: (2.1323e+06,-7.19519e+06,-389376)
Body 3965: (-1.06051e+07,1.29158e+06,129728)
Body 3966: (-4.82871e+06,-1.26452e+07,441595)
Body 3967: (9.23168e+06,6.36245e+06,-219761)
Body 3968: (1.46374e+07,-404331,675514)
Body 3969: (7.06849e+06,5.27336e+06,-150350)
Body 3970: (-2.4237e+06,-1.35974e+07,1.06253e+06)
Body 3971: (8.11771e+06,8.68877e+06,-917896)
Body 3972: (-6.7259e+06,-3.02357e+06,-379539)
Body 3973: (-5.01191e+06,-1.18503e+07,-468264)
Body 3974: (6.72033e+06,5.04779e+06,399224)
Body 3975: (-4.7199e+06,9.465e+06,755715)
Body 3976: (-1.16593e+07,-1.33033e+06,571662)
Body 3977: (-5.2821e+06,-1.24495e+07,-162275)
Body 3978: (1.36795e+06,-9.94064e+06,35937.4)
Body 3979: (9.72549e+06,-7.99739e+06,1.04975e+06)
Body 3980: (3.49804e+06,8.52117e+06,-440101)
Body 3981: (-8.89511e+06,9.45733e+06,-849300)
Body 3982: (-3.63243e+06,6.86466e+06,-566187)
Body 3983: (-3.30817e+06,-7.51722e+06,-791319)
Body 3984: (4.43228e+06,-6.56549e+06,547318)
Body 3985: (8.18966e+06,5.05831e+06,394824)
Body 3986: (9.45664e+06,2.78399e+06,-675678)
Body 3987: (-6.83565e+06,-4.29326e+06,644088)
Body 3988: (-1.27755e+07,-3.84968e+06,-207753)
Body 3989: (-1.12e+07,4.12073e+06,-606532)
Body 3990: (8.69557e+06,-8.8815e+06,-316101)
Body 3991: (-1.24647e+07,5.75631e+06,-270959)
Body 3992: (-2.4244e+06,-6.79328e+06,444159)
Body 3993: (7.12219e+06,9.99104e+06,-975545)
Body 3994: (-9.43763e+06,6.7132e+06,-164245)
Body 3995: (-2.39923e+06,-1.45435e+07,-260079)
Body 3996: (6.98292e+06,1.5269e+06,264312)
Body 3997: (-3.59289e+06,-1.32199e+07,-257888)
Body 3998: (7.06552e+06,-1.46018e+06,703987)
Body 3999: (1.0287e+07,4.90032e+06,93374.6)
Body 4000: (-6.0105e+06,-1.27824e+07,621872)
Body 4001: (6.00203e+06,4.75682e+06,-571844)
Body 4002: (-1.40229e+07,-2.30318e+06,829645)
Body 4003: (7.10603e+06,-3.46542e+06,508489)
Body 4004: (6.18701e+06,-6.24136e+06,-416096)
Body 4005: (-776636,8.5786e+06,707831)
Body 4006: (-6.82053e+06,1.2583e+07,588392)
Body 4007: (4.31851e+06,-1.16191e+07,-504760)
Body 4008: (-5.44992e+06,-9.59116e+06,-1.04835e+06)
Body 4009: (-3.32941e+06,-9.43123e+06,-495296)
Body 4010: (1.43378e+07,2.75545e+06,1.34138e+06)
Body 4011: (8.31717e+06,2.6416e+06,-362407)
Body 4012: (209042,-1.32661e+07,-773480)
Body 4013: (-5.35216e+06,-6.69838e+06,-71881.6)
Body 4014: (1.31812e+07,2.01967e+06,294518)
Body 4015: (1.28263e+07,-527746,459206)
Body 4016: (6.87964e+06,5.56912e+06,249524)
Body 4017: (9.00807e+06,-6.61154e+06,506770)
Body 4018: (-9.10855e+06,6.3016e+06,-211853)
Body 4019: (8.75656e+06,963809,131994)
Body 4020: (2.23903e+06,8.38098e+06,-651176)
Body 4021: (8.34101e+06,1.6955e+06,296717)
Body 4022: (-9.45176e+06,-3.8541e+06,279665)
Body 4023: (1.3437e+07,6.15078e+06,-242622)
Body 4024: (-8.84098e+06,1.29621e+06,753202)
Body 4025: (-6.7162e+06,-1.08859e+07,-150312)
Body 4026: (1.21109e+07,2.50396e+06,213325)
Body 4027: (-6.51506e+06,9.36689e+06,-681946)
Body 4028: (1.26481e+07,4.45749e+06,-1.15705e+06)
Body 4029: (-174863,1.051e+07,516429)
Body 4030: (1.70843e+06,-1.19445e+07,-423262)
Body 4031: (8.38162e+06,-9.82966e+06,-399875)
Body 4032: (7.83314e+06,-5.68685e+06,-873950)
Body 4033: (7.16446e+06,6.62497e+06,-921976)
Body 4034: (-7.17488e+06,3.30008e+06,295432)
Body 4035: (5.46427e+06,-7.54212e+06,-116210)
Body 4036: (1.41187e+07,-4.17778e+06,805535)
Body 4037: (-3.83368e+06,-1.38948e+07,1.14277e+06)
Body 4038: (-5.01643e+06,7.32783e+06,449608)
Body 4039: (5.41236e+06,-8.84183e+06,784477)
Body 4040: (4.18065e+06,-8.39165e+06,-649316)
Body 4041: (-9.5969e+06,-1.09436e+06,-528989)
Body 4042: (-1.02203e+07,-5.51668e+06,-681596)
Body 4043: (-9.03788e+06,-9.83394e+06,-487023)
Body 4044: (6.39919e+06,-6.09525e+06,594319)
Body 4045: (8.60037e+06,1.96367e+06,537964)
Body 4046: (9.60289e+06,7.06573e+06,208322)
Body 4047: (1.6346e+06,-1.04727e+07,-617408)
Body 4048: (5.87361e+06,8.8008e+06,970912)
Body 4049: (-1.09616e+06,-1.31748e+07,503162)
Body 4050: (9.1725e+06,-4.79201e+06,-886117)
Body 4051: (2.90252e+06,1.31001e+07,-472425)
Body 4052: (2.27346e+06,-1.08952e+07,754724)
Body 4053: (-9.53542e+06,6.64666e+06,1.04074e+06)
Body 4054: (2.94349e+06,-8.47321e+06,201049)
Body 4055: (1.00142e+07,92385.7,-106961)
Body 4056: (7.27306e+06,5.60219e+06,-781936)
Body 4057: (-7.32534e+06,-6.44684e+06,659718)
Body 4058: (-7.53824e+06,3.85448e+06,-182980)
Body 4059: (4.06736e+06,-1.0335e+07,119167)
Body 4060: (-1.36762e+07,-1.60683e+06,286042)
Body 4061: (4.64301e+06,-9.37458e+06,888892)
Body 4062: (5.19627e+06,-1.08899e+07,-1.06699e+06)
Body 4063: (5.3235e+06,1.31989e+07,-693589)
Body 4064: (7.23545e+06,-1.59072e+06,522420)
Body 4065: (8.20909e+06,-1.17155e+07,-58564.9)
Body 4066: (1.41297e+07,-2.73856e+06,7389.11)
Body 4067: (-4.53847e+06,-7.02919e+06,798008)
Body 4068: (9.00173e+06,-1.06237e+07,1.21119e+06)
Body 4069: (2.32931e+06,-1.39449e+07,617587)
Body 4070: (-6.58942e+06,-6.30226e+06,39187.1)
Body 4071: (-1.38386e+07,715882,-1.03359e+06)
Body 4072: (-3.07532e+06,-6.33214e+06,70267.6)
Body 4073: (4.6966e+06,8.4271e+06,-64223.7)
Body 4074: (-4.02332e+06,6.6823e+06,-188466)
Body 4075: (-1.04788e+07,2.22427e+06,-521015)
Body 4076: (-8.48816e+06,1.08573e+07,-746066)
Body 4077: (-3.6944e+06,7.51618e+06,-726165)
Body 4078: (-5.72895e+06,-4.46141e+06,173063)
Body 4079: (868762,-1.11552e+07,-1.03422e+06)
Body 4080: (1.1969e+07,8.14765e+06,504140)
Body 4081: (5.88223e+06,-5.52072e+06,17285.2)
Body 4082: (-5.65718e+06,-5.10716e+06,-750674)
Body 4083: (-7.70703e+06,-1.06996e+07,-758723)
Body 4084: (9.97818e+06,496153,387194)
Body 4085: (-8.58952e+06,-4.15432e+06,873996)
Body 4086: (9.37516e+06,-569243,249387)
Body 4087: (-8.23389e+06,3.4472e+06,429606)
Body 4088: (9.5838e+06,4.40726e+06,-700180)
Body 4089: (-7.94007e+06,-1.07061e+07,186154)
Body 4090: (4.35699e+06,-7.07103e+06,767517)
Body 4091: (6.44134e+06,3.44648e+06,563226)
Body 4092: (-9.93504e+06,-9.09725e+06,1.20199e+06)
Body 4093: (2.57324e+06,1.18833e+07,556387)
Body 4094: (1.20976e+07,-1.08073e+06,-695751)
Body 4095: (2.22467e+06,-1.15649e+07,-379389)
Body 4096: (7.65164e+06,-6.49351e+06,-192316)
Body 4097: (9.19599e+06,-7.67452e+06,-695901)
Body 4098: (-4.41175e+06,-1.41848e+07,-11522.5)
Body 4099: (1.00052e+07,-2.94371e+06,-614525)
Body 4100: (-3.37509e+06,8.86421e+06,-400493)
Body 4101: (1.06915e+07,-721920,834918)
Body 4102: (-8.51356e+06,4.47511e+06,326140)
Body 4103: (3.04309e+06,-6.4332e+06,541618)
Body 4104: (-9.80566e+06,9.79138e+06,-105318)
Body 4105: (-5.73165e+06,4.18836e+06,-56186.2)
Body 4106: (1.11631e+07,-8.76654e+06,1.32699e+06)
Body 4107: (1.40562e+07,730240,398324)
Body 4108: (-1.07472e+06,7.46804e+06,118175)
Body 4109: (-7.07556e+06,-1.03697e+07,-1.13528e+06)
Body 4110: (5.38645e+06,5.64521e+06,-639038)
Body 4111: (-3.16274e+06,-7.78987e+06,557112)
Body 4112: (-3.60104e+06,-9.59879e+06,-615828)
Body 4113: (-8.67436e+06,1.19308e+07,1.022e+06)
Body 4114: (9.57892e+06,-1.08967e+07,-1.25938e+06)
Body 4115: (8.84312e+06,8.32157e+06,-1.20446e+06)
Body 4116: (6.39117e+06,-3.70922e+06,605018)
Body 4117: (-8.38756e+06,-2.56209e+06,800344)
Body 4118: (-8.61412e+06,6.79827e+06,-36764.5)
Body 4119: (-1.31658e+07,1.88702e+06,754346)
Body 4120: (-137828,1.04464e+07,-362723)
Body 4121: (-7.6028e+06,117881,-536018)
Body 4122: (-1.18335e+07,6.44225e+06,714767)
Body 4123: (8.5331e+06,-1.18173e+07,1.3197e+06)
Body 4124: (5.8286e+06,9.91321e+06,1.00393e+06)
Body 4125: (9.18251e+06,-1.04852e+07,539025)
Body 4126: (1.19328e+07,1.11289e+06,595052)
Body 4127: (-480578,7.71692e+06,79626)
Body 4128: (1.0539e+07,1.05415e+06,687265)
Body 4129: (-5.819e+06,-1.27663e+07,115238)
Body 4130: (1.06926e+07,1.00427e+07,698521)
Body 4131: (-5.91854e+06,5.4206e+06,137228)
Body 4132: (1.28783e+07,306310,-617264)
Body 4133: (-1.10599e+07,-2.32355e+06,311151)
Body 4134: (-9.10749e+06,-2.37743e+06,-584738)
Body 4135: (-7.52247e+06,-3.9342e+06,315045)
Body 4136: (5.70306e+06,5.5567e+06,104001)
Body 4137: (-7.14843e+06,5.72596e+06,-181832)
Body 4138: (8.40706e+06,76321.9,594808)
Body 4139: (-4.63709e+06,-1.18441e+07,118307)
Body 4140: (1.15882e+07,-4.94916e+06,417678)
Body 4141: (-8.23558e+06,-3.91814e+06,-105206)
Body 4142: (-1.13514e+07,-1.26712e+06,820987)
Body 4143: (4.56208e+06,1.12802e+07,-1.06614e+06)
Body 4144: (1.03375e+07,1.02344e+06,-377673)
Body 4145: (-7.02961e+06,6.96886e+06,951888)
Body 4146: (-904972,9.36167e+06,-698437)
Body 4147: (6.30195e+06,9.11944e+06,257874)
Body 4148: (-7.28452e+06,-3.81649e+06,537393)
Body 4149: (-6.43e+06,3.53983e+06,-57181)
Body 4150: (-1.30586e+07,2.66317e+06,180026)
Body 4151: (-1.2394e+07,-4.89128e+06,-377713)
Body 4152: (-957638,-7.60552e+06,570044)
Body 4153: (1.31973e+07,-6.55232e+06,877491)
Body 4154: (2.39104e+06,-1.1909e+07,-165001)
Body 4155: (-6.83399e+06,9.5596e+06,-407436)
Body 4156: (-1.24914e+07,3.71432e+06,-751047)
Body 4157: (5.45895e+06,-6.65831e+06,306235)
Body 4158: (-9.23902e+06,6.62235e+06,-157294)
Body 4159: (-7.15166e+06,2.07451e+06,440531)
Body 4160: (-7.48813e+06,6.71281e+06,-977100)
Body 4161: (1.05258e+07,1.69622e+06,150018)
Body 4162: (5.92795e+06,-9.32864e+06,180797)
Body 4163: (-9.52934e+06,-981690,382832)
Body 4164: (-5.59039e+06,-5.33107e+06,645166)
Body 4165: (-6.5555e+06,-6.70006e+06,603237)
Body 4166: (-2.20961e+06,-1.08641e+07,-419247)
Body 4167: (-4.6674e+06,-8.20599e+06,388051)
Body 4168: (2.27698e+06,1.43158e+07,-92143.4)
Body 4169: (7.88316e+06,4.34734e+06,-174254)
Body 4170: (-1.28466e+06,9.90142e+06,-405600)
Body 4171: (9.84366e+06,-685155,559012)
Body 4172: (5.26927e+06,-5.43298e+06,201829)
Body 4173: (-7.70035e+06,1.18407e+07,-100232)
Body 4174: (-2.00133e+06,1.39784e+07,1.17616e+06)
Body 4175: (1.35187e+07,-1.65424e+06,-478905)
Body 4176: (-4.31122e+06,7.72812e+06,806893)
Body 4177: (-8.8604e+06,-3.85525e+06,-186168)
Body 4178: (3.53622e+06,9.53486e+06,75417.3)
Body 4179: (1.30924e+07,4.21282e+06,1.07281e+06)
Body 4180: (-9.14794e+06,-8.25194e+06,310281)
Body 4181: (-8.05848e+06,4.74833e+06,560544)
Body 4182: (-9.24227e+06,1.75523e+06,-906599)
Body 4183: (-1.11887e+07,6.35667e+06,65265.4)
Body 4184: (7.90098e+06,-404601,-312711)
Body 4185: (-1.05202e+07,-5.89702e+06,688405)
Body 4186: (354592,-9.34139e+06,-219718)
Body 4187: (-4.78925e+06,-9.08794e+06,584704)
Body 4188: (9.96782e+06,-7.24655e+06,-529847)
Body 4189: (9.65882e+06,1.04059e+07,453147)
Body 4190: (-1.13666e+07,377318,-430301)
Body 4191: (5.79887e+06,9.37805e+06,-288242)
Body 4192: (-6.98313e+06,-3.39347e+06,-629063)
Body 4193: (7.11136e+06,4.24192e+06,-196596)
Body 4194: (1.14127e+07,-7.5524e+06,-1.17464e+06)
Body 4195: (-4.8335e+06,-1.10666e+07,81563.2)
Body 4196: (1.25624e+06,1.22717e+07,-25549.5)
Body 4197: (8.55441e+06,5.41422e+06,254275)
Body 4198: (-1.73256e+06,1.08238e+07,-57690.7)
Body 4199: (4.21365e+06,-1.25057e+07,394761)
Body 4200: (-9.54278e+06,-4.9259e+06,-247011)
Body 4201: (-6.03537e+06,5.26984e+06,48607.6)
Body 4202: (1.083e+07,-4.61566e+06,653654)
Body 4203: (3.74931e+06,7.28109e+06,-655764)
Body 4204: (-3.49107e+06,-1.23609e+07,1.25337e+06)
Body 4205: (5.1669e+06,-9.90864e+06,170855)
Body 4206: (-2.52745e+06,-1.37567e+07,399812)
Body 4207: (-1.94118e+06,-1.13548e+07,-185125)
Body 4208: (7.52674e+06,1.93923e+06,-32608)
Body 4209: (1.03641e+07,5.60709e+06,-502514)
Body 4210: (-8.82933e+06,-3.68344e+06,-424123)
Body 4211: (3.94424e+06,6.66971e+06,-506012)
Body 4212: (-2.94283e+06,1.34098e+07,589859)
Body 4213: (1.14118e+07,-1.65197e+06,-524268)
Body 4214: (7.81628e+06,2.65811e+06,-428105)
Body 4215: (1.07085e+07,6.36303e+06,-636568)
Body 4216: (-1.19573e+07,-6.87169e+06,-1.1903e+06)
Body 4217: (6.81431e+06,2.76167e+06,651488)
Body 4218: (7.72843e+06,-1.13717e+07,1.16935e+06)
Body 4219: (178173,1.10385e+07,-217850)
Body 4220: (9.07774e+06,-8.95282e+06,-165525)
Body 4221: (1.02332e+07,-4.66957e+06,-884813)
Body 4222: (7.49357e+06,1.17051e+07,-44860.2)
Body 4223: (-6.9758e+06,-5.27678e+06,102470)
Body 4224: (6.56038e+06,-7.5935e+06,320852)
Body 4225: (7.43648e+06,1.03347e+07,977620)
Body 4226: (1.40781e+06,8.1932e+06,-619558)
Body 4227: (8.00481e+06,-6.81049e+06,-520780)
Body 4228: (5.67409e+06,-8.21888e+06,235374)
Body 4229: (2.91029e+06,1.26708e+07,563257)
Body 4230: (8.79278e+06,-695605,105647)
Body 4231: (9.23019e+06,8.50255e+06,-626347)
Body 4232: (-6.25914e+06,5.15763e+06,-350365)
Body 4233: (9.9614e+06,8.11276e+06,648192)
Body 4234: (2.17636e+06,7.02363e+06,429857)
Body 4235: (-1.27483e+07,1.90478e+06,-1.16327e+06)
Body 4236: (-9.89331e+06,6.561e+06,-435800)
Body 4237: (-1.11396e+07,4.68072e+06,-987145)
Body 4238: (2.54651e+06,-1.40422e+07,-1.26954e+06)
Body 4239: (9.67333e+06,5.59537e+06,754991)
Body 4240: (5.54295e+06,1.04731e+07,-1.13928e+06)
Body 4241: (-7.23658e+06,-342559,339841)
Body 4242: (1.42182e+06,7.83399e+06,-275180)
Body 4243: (-6.78819e+06,5.51162e+06,104260)
Body 4244: (1.21138e+07,-2.80001e+06,1.07401e+06)
Body 4245: (-1.13892e+06,-1.14576e+07,1.0411e+06)
Body 4246: (7.62885e+06,277421,-720015)
Body 4247: (932382,-1.14649e+07,-305872)
Body 4248: (-1.12642e+07,-1.16838e+06,-919828)
Body 4249: (9.47185e+06,1.16894e+06,-744567)
Body 4250: (6.45058e+06,-1.18253e+07,814450)
Body 4251: (3.44785e+06,-1.23342e+07,438127)
Body 4252: (-6.12757e+06,-1.07326e+07,34710)
Body 4253: (-1.2223e+06,-9.82299e+06,-398846)
Body 4254: (-1.03553e+07,4.60223e+06,-506596)
Body 4255: (-817869,1.47641e+07,-564261)
Body 4256: (3.67642e+06,-7.43184e+06,143605)
Body 4257: (5.10928e+06,-1.07456e+07,-373925)
Body 4258: (2.71372e+06,8.09717e+06,397593)
Body 4259: (3.21355e+06,1.14401e+07,-844951)
Body 4260: (-5.49983e+06,-5.70692e+06,-795035)
Body 4261: (-5.49445e+06,4.56174e+06,273432)
Body 4262: (-1.1363e+07,5.33048e+06,479872)
Body 4263: (1.10273e+07,-1.6036e+06,-753408)
Body 4264: (-1.17658e+07,642523,-720937)
Body 4265: (-2.0795e+06,1.28288e+07,-307524)
Body 4266: (357669,9.99128e+06,-138566)
Body 4267: (-384916,-1.07647e+07,571579)
Body 4268: (-6.87757e+06,-4.5429e+06,654503)
Body 4269: (-7.74807e+06,1.32427e+06,393906)
Body 4270: (9.58951e+06,7.02843e+06,-245893)
Body 4271: (1.10315e+07,-282013,-710296)
Body 4272: (-1.05674e+07,1.04086e+07,-890078)
Body 4273: (-7.76186e+06,-6.76462e+06,-590610)
Body 4274: (5.67514e+06,-7.34884e+06,929757)
Body 4275: (5.65102e+06,7.67251e+06,559365)
Body 4276: (9.49038e+06,6.93897e+06,1.0533e+06)
Body 4277: (-5.37343e+06,-5.4078e+06,-115982)
Body 4278: (2.61605e+06,1.11419e+07,430784)
Body 4279: (-1.4181e+07,3.78556e+06,67395)
Body 4280: (6.91148e+06,-5.57375e+06,839190)
Body 4281: (-1.27584e+07,-3.51956e+06,1.21251e+06)
Body 4282: (-8.15645e+06,1.10205e+06,61904.4)
Body 4283: (3.54049e+06,-1.03396e+07,372610)
Body 4284: (-4.5678e+06,6.57884e+06,-257859)
Body 4285: (-2.96533e+06,1.11021e+07,-881332)
Body 4286: (7.2302e+06,-9.80675e+06,1.05436e+06)
Body 4287: (2.86907e+06,-1.44604e+07,-1.06416e+06)
Body 4288: (-1.11739e+07,8.11594e+06,635476)
Body 4289: (5.3379e+06,-9.90174e+06,-167608)
Body 4290: (-7.00402e+06,-2.62042e+06,-492338)
Body 4291: (-1.45116e+07,-2.48755e+06,157718)
Body 4292: (-1.00967e+07,-1.00516e+07,-562396)
Body 4293: (-9.34306e+06,-99199.1,686317)
Body 4294: (1.29471e+07,-3.08202e+06,-1.14234e+06)
Body 4295: (7.99619e+06,4.41708e+06,459111)
Body 4296: (6.57341e+06,4.77734e+06,100235)
Body 4297: (-2.23263e+06,-1.00468e+07,-26727.2)
Body 4298: (-9.26078e+06,4.67505e+06,772989)
Body 4299: (-5.0872e+06,8.79062e+06,-328098)
Body 4300: (5.48457e+06,-6.56095e+06,-605369)
Body 4301: (-2.97412e+06,1.3909e+07,1.13866e+06)
Body 4302: (-1.15877e+07,-6.56644e+06,451604)
Body 4303: (-8.57042e+06,-4.32187e+06,-398752)
Body 4304: (945031,-1.01609e+07,-523080)
Body 4305: (-9.7522e+06,9.63701e+06,88214.4)
Body 4306: (-6.0777e+06,-1.31973e+07,423231)
Body 4307: (1.10383e+07,-6.23361e+06,-638147)
Body 4308: (-9.60683e+06,6.93637e+06,-1.16052e+06)
Body 4309: (-3.63863e+06,7.12657e+06,104028)
Body 4310: (3.59467e+06,-1.35834e+07,149884)
Body 4311: (-1.70453e+06,7.39435e+06,-202338)
Body 4312: (1.09887e+07,4.75528e+06,72305.5)
Body 4313: (-3.9158e+06,-1.36355e+07,843898)
Body 4314: (3.33919e+06,1.19582e+07,-969179)
Body 4315: (-4.57271e+06,-1.28447e+07,204699)
Body 4316: (-6.74758e+06,-5.13106e+06,-796921)
Body 4317: (-3.0208e+06,7.35395e+06,-89462.2)
Body 4318: (5.79716e+06,5.4495e+06,359704)
Body 4319: (-1.12972e+07,-2.43764e+06,-109948)
Body 4320: (1.40628e+07,4.55522e+06,-945489)
Body 4321: (7.97053e+06,9.20745e+06,217721)
Body 4322: (1.13188e+07,-2.0792e+06,884149)
Body 4323: (1.09758e+07,9.51344e+06,1.07141e+06)
Body 4324: (-5.37953e+06,-5.95487e+06,353451)
Body 4325: (-5.54356e+06,-6.11488e+06,-740746)
Body 4326: (8.20802e+06,-4.42748e+06,-613168)
Body 4327: (-7.04123e+06,2.5935e+06,527049)
Body 4328: (-4.67723e+06,5.97639e+06,608079)
Body 4329: (-2.95783e+06,7.36088e+06,442195)
Body 4330: (5.59921e+06,-9.82844e+06,-880457)
Body 4331: (1.31506e+07,-5.69371e+06,-989462)
Body 4332: (7.25662e+06,-456390,-25809.7)
Body 4333: (-8.62168e+06,-7.69644e+06,670300)
Body 4334: (4.64566e+06,1.26512e+07,-710536)
Body 4335: (5.93188e+06,-1.26931e+07,329649)
Body 4336: (-1.38304e+06,-1.48693e+07,-849622)
Body 4337: (-1.17952e+07,6.99615e+06,-1.2759e+06)
Body 4338: (816953,-9.49578e+06,879717)
Body 4339: (194964,9.20628e+06,117167)
Body 4340: (-289081,-1.34894e+07,161807)
Body 4341: (592218,1.20355e+07,-162506)
Body 4342: (6.7454e+06,-5.98197e+06,-700027)
Body 4343: (-808710,1.24115e+07,-60753)
Body 4344: (-4.17387e+06,8.40523e+06,-450064)
Body 4345: (-8.65094e+06,9.71572e+06,589338)
Body 4346: (-1.01806e+07,-3.12059e+06,92188.7)
Body 4347: (-9.9219e+06,1.09567e+07,-865161)
Body 4348: (6.48311e+06,1.27037e+07,955358)
Body 4349: (-4.43334e+06,-6.87645e+06,-572766)
Body 4350: (-1.31915e+07,-5.71503e+06,-491073)
Body 4351: (-5.60485e+06,5.86951e+06,332965)
Body 4352: (241025,1.00755e+07,156045)
Body 4353: (5.20178e+06,8.9106e+06,-715160)
Body 4354: (1.24828e+07,-1.99779e+06,-675469)
Body 4355: (1.12316e+07,6.89953e+06,-312260)
Body 4356: (-1.30493e+06,1.0976e+07,65388.6)
Body 4357: (1.31724e+07,-4.78931e+06,-1.12211e+06)
Body 4358: (9.0873e+06,-1.19162e+06,-421123)
Body 4359: (-277659,1.25334e+07,-360233)
Body 4360: (5.27303e+06,-6.67343e+06,652179)
Body 4361: (4.18627e+06,-8.38455e+06,-265770)
Body 4362: (402316,-7.78031e+06,150295)
Body 4363: (-179097,9.15174e+06,873358)
Body 4364: (5.09143e+06,-1.28926e+07,-1.03316e+06)
Body 4365: (2.86315e+06,1.26624e+07,1.24328e+06)
Body 4366: (-4.44508e+06,5.93614e+06,-105836)
Body 4367: (1.38817e+06,-1.35183e+07,-339827)
Body 4368: (5.88116e+06,-9.84867e+06,-1.10878e+06)
Body 4369: (1.26238e+07,-4.3699e+06,-1.25387e+06)
Body 4370: (-4.11302e+06,6.07892e+06,-606498)
Body 4371: (-1.43878e+06,-1.07373e+07,144956)
Body 4372: (-4.81734e+06,-7.08256e+06,316822)
Body 4373: (8.72217e+06,1.15193e+07,556082)
Body 4374: (-1.42852e+07,-145679,-394965)
Body 4375: (5.60651e+06,-6.2069e+06,-176934)
Body 4376: (8.30042e+06,-1.17605e+07,-355218)
Body 4377: (1.1409e+07,1.97306e+06,-548710)
Body 4378: (-5.54254e+06,-1.14009e+07,-371866)
Body 4379: (1.19162e+06,1.34156e+07,-104327)
Body 4380: (-5.80404e+06,9.03153e+06,978932)
Body 4381: (-1.21926e+07,-3.07104e+06,26442.2)
Body 4382: (-5.7481e+06,5.94498e+06,285861)
Body 4383: (5.83902e+06,-1.31467e+07,-574587)
Body 4384: (9.05056e+06,5.20098e+06,-832304)
Body 4385: (-1.05555e+07,-2.03485e+06,-507712)
Body 4386: (-3.49773e+06,-1.16173e+07,-487706)
Body 4387: (3.59252e+06,1.25633e+07,115649)
Body 4388: (-1.30279e+07,-3.09086e+06,1.09492e+06)
Body 4389: (-6.34315e+06,-3.94044e+06,92235.7)
Body 4390: (6.14499e+06,-1.06207e+07,554634)
Body 4391: (-3.22158e+06,1.29234e+07,-299733)
Body 4392: (-1.12927e+07,-3.94882e+06,1.10639e+06)
Body 4393: (-5.05306e+06,6.82721e+06,123602)
Body 4394: (1.25878e+07,-5.98049e+06,-457170)
Body 4395: (-6.64317e+06,3.55631e+06,-159251)
Body 4396: (-1.35085e+07,6.24126e+06,-578485)
Body 4397: (-7.90122e+06,5.96912e+06,637690)
Body 4398: (-3.09687e+06,6.95671e+06,712258)
Body 4399: (-375100,-8.21287e+06,-236195)
Body 4400: (9.43742e+06,6.82304e+06,-451114)
Body 4401: (1.25675e+06,1.09345e+07,92170.7)
Body 4402: (-5.12112e+06,-7.06947e+06,707501)
Body 4403: (1.58913e+06,7.49916e+06,528884)
Body 4404: (1.06056e+07,5.72547e+06,-32902.8)
Body 4405: (2.71146e+06,8.20813e+06,763800)
Body 4406: (-4.32837e+06,-1.23372e+07,-683296)
Body 4407: (5.44986e+06,-5.73272e+06,-784234)
Body 4408: (-1.75035e+06,9.951e+06,142222)
Body 4409: (-3.37582e+06,8.32348e+06,629842)
Body 4410: (7.19581e+06,9.36891e+06,535445)
Body 4411: (-7.90309e+06,3.53081e+06,253878)
Body 4412: (-6.84531e+06,6.09474e+06,429528)
Body 4413: (-1.41897e+07,-2.64248e+06,-1.41913e+06)
Body 4414: (-7.80422e+06,5.76509e+06,-312197)
Body 4415: (-7.02709e+06,-7.74807e+06,-794124)
Body 4416: (-9.16389e+06,-447300,-338569)
Body 4417: (-1.35296e+07,6.21284e+06,1.10312e+06)
Body 4418: (7.26584e+06,-1.21e+07,-1.28252e+06)
Body 4419: (1.00183e+07,1.05085e+07,-1.3559e+06)
Body 4420: (3.50352e+06,9.67987e+06,-651067)
Body 4421: (86581.5,9.2958e+06,343736)
Body 4422: (-8.14386e+06,-2.26906e+06,825060)
Body 4423: (-6.53781e+06,-8.1048e+06,980396)
Body 4424: (-7.05074e+06,3.94889e+06,566926)
Body 4425: (-1.15981e+07,-8.57144e+06,-1.03024e+06)
Body 4426: (6.48848e+06,1.26372e+07,-418113)
Body 4427: (-9.44657e+06,3.24144e+06,580242)
Body 4428: (-2.52573e+06,-1.31149e+07,-1.28038e+06)
Body 4429: (-175546,-1.15167e+07,-127567)
Body 4430: (6.51493e+06,-1.30143e+07,402242)
Body 4431: (-4.29754e+06,-6.1149e+06,616623)
Body 4432: (5.27921e+06,-8.52654e+06,-374919)
Body 4433: (-6.87846e+06,-9.28279e+06,411467)
Body 4434: (1.34959e+06,1.39795e+07,-667984)
Body 4435: (5.57409e+06,1.13357e+07,-90268.8)
Body 4436: (4.52142e+06,5.54624e+06,256063)
Body 4437: (9.7009e+06,8.59452e+06,-706500)
Body 4438: (-7.10224e+06,3.15004e+06,-582061)
Body 4439: (-1.17145e+06,-1.04257e+07,384970)
Body 4440: (-4.23905e+06,-8.17633e+06,789763)
Body 4441: (-4.66927e+06,8.59247e+06,139732)
Body 4442: (-5.17981e+06,-7.2917e+06,595241)
Body 4443: (-4.56725e+06,-9.64267e+06,324212)
Body 4444: (2.95355e+06,6.66127e+06,574694)
Body 4445: (2.75384e+06,-1.4195e+07,1.22111e+06)
Body 4446: (129367,9.44577e+06,-218634)
Body 4447: (2.72827e+06,-6.88717e+06,719592)
Body 4448: (-1.27768e+07,-4.60346e+06,-556360)
Body 4449: (-5.6391e+06,6.46236e+06,286519)
Body 4450: (9.65983e+06,-4.2414e+06,748655)
Body 4451: (5.2892e+06,5.75225e+06,275553)
Body 4452: (2.26146e+06,-8.55067e+06,161624)
Body 4453: (-8.75886e+06,1.17323e+06,-166022)
Body 4454: (1.36567e+07,2.80342e+06,1.10604e+06)
Body 4455: (-945167,-1.21195e+07,-1.21329e+06)
Body 4456: (-1.02113e+07,-6.35165e+06,89485.3)
Body 4457: (-1.24429e+07,-4.56264e+06,948139)
Body 4458: (3.05301e+06,-8.29909e+06,-567936)
Body 4459: (1.25662e+07,-4.92719e+06,-443708)
Body 4460: (-6.09487e+06,-9.39565e+06,-944157)
Body 4461: (-6.99764e+06,8.38625e+06,815120)
Body 4462: (-4.25791e+06,-1.33438e+07,436376)
Body 4463: (-8.57304e+06,9.59514e+06,-245743)
Body 4464: (1.05657e+07,-4.32905e+06,511876)
Body 4465: (1.46453e+06,-1.13097e+07,-294542)
Body 4466: (-1.08659e+07,6.82452e+06,-565811)
Body 4467: (-4.58282e+06,-1.09577e+07,-96699.5)
Body 4468: (-3.95597e+06,-1.08061e+07,616724)
Body 4469: (-8.61844e+06,1.11681e+07,1.27726e+06)
Body 4470: (2.84251e+06,-1.17496e+07,483242)
Body 4471: (7.77734e+06,3.7535e+06,391096)
Body 4472: (-3.27376e+06,-1.0594e+07,-51355.2)
Body 4473: (-2.07706e+06,9.25764e+06,437758)
Body 4474: (-2.02131e+06,-8.98726e+06,-213825)
Body 4475: (8.19407e+06,1.02776e+07,-776466)
Body 4476: (-1.15813e+07,-4.6109e+06,-739119)
Body 4477: (-2.31314e+06,1.40315e+07,-224505)
Body 4478: (-6.57632e+06,5.57019e+06,-14398.2)
Body 4479: (1.12668e+06,-9.29181e+06,-198584)
Body 4480: (3.41396e+06,1.23697e+07,-315645)
Body 4481: (390590,-7.05142e+06,177845)
Body 4482: (-1.29974e+07,3.71641e+06,811366)
Body 4483: (1.21626e+07,281869,-599791)
Body 4484: (-8.01015e+06,-7.40687e+06,-950258)
Body 4485: (-1.2169e+07,-3.42019e+06,65173.1)
Body 4486: (-7.6896e+06,-5.22126e+06,-880987)
Body 4487: (-752858,-7.47502e+06,-267733)
Body 4488: (2.52075e+06,9.44455e+06,-106317)
Body 4489: (-2.31468e+06,7.04535e+06,40229.7)
Body 4490: (1.07224e+07,-16159.8,-238581)
Body 4491: (-1.00739e+07,-233037,-624940)
Body 4492: (-1.25645e+07,-6.13852e+06,-862196)
Body 4493: (1.29763e+07,2.84903e+06,1.28621e+06)
Body 4494: (-1.21749e+07,-6.66346e+06,-1.08116e+06)
Body 4495: (-1.60845e+06,8.56069e+06,-451552)
Body 4496: (1.03221e+07,-3.74202e+06,-122596)
Body 4497: (-4.60869e+06,-1.13593e+07,912692)
Body 4498: (-5.99056e+06,4.09917e+06,413813)
Body 4499: (1.21265e+07,-5.9505e+06,548162)
Body 4500: (-8.91617e+06,-324214,-836931)
Body 4501: (-1.14655e+07,-4.07663e+06,406185)
Body 4502: (-5.53667e+06,-1.33275e+07,-518470)
Body 4503: (5.24486e+06,-6.7825e+06,-524804)
Body 4504: (2.22618e+06,7.98847e+06,14663.2)
Body 4505: (7.3674e+06,-3.01056e+06,744320)
Body 4506: (1.42874e+07,3.59011e+06,1.31814e+06)
Body 4507: (1.40036e+07,-5.29313e+06,512010)
Body 4508: (9.03976e+06,8.74079e+06,943084)
Body 4509: (-3.07858e+06,6.77436e+06,733299)
Body 4510: (7.01393e+06,7.58779e+06,972697)
Body 4511: (5.71113e+06,1.369e+07,1.08419e+06)
Body 4512: (-7.43482e+06,6.85388e+06,-480280)
Body 4513: (-834780,7.2807e+06,-655762)
Body 4514: (-7.55424e+06,-1.2203e+07,1.11198e+06)
Body 4515: (8.60697e+06,9.32354e+06,1.121e+06)
Body 4516: (-8.18615e+06,1.15494e+07,-1.10207e+06)
Body 4517: (-1.70137e+06,-1.2478e+07,1.00159e+06)
Body 4518: (4.66239e+06,5.77198e+06,145816)
Body 4519: (1.16838e+07,2.51059e+06,-246378)
Body 4520: (-879371,-1.16322e+07,-429129)
Body 4521: (4.2462e+06,-9.95902e+06,985524)
Body 4522: (-175071,8.80659e+06,776817)
Body 4523: (-2.00206e+06,-9.96561e+06,228267)
Body 4524: (-5.27999e+06,-7.63177e+06,288830)
Body 4525: (9.46215e+06,6.85108e+06,1.16072e+06)
Body 4526: (-6.56547e+06,-7.77072e+06,786430)
Body 4527: (1.55466e+06,-1.02226e+07,978649)
Body 4528: (-8.15058e+06,5.5113e+06,799849)
Body 4529: (8.11545e+06,1.48102e+06,676132)
Body 4530: (1.33206e+07,-2.31216e+06,-1.19762e+06)
Body 4531: (6.49973e+06,5.07099e+06,302547)
Body 4532: (-7.48912e+06,9.12103e+06,-1.04737e+06)
Body 4533: (-1.09249e+07,-5.1573e+06,-937176)
Body 4534: (4.48919e+06,1.3529e+07,694763)
Body 4535: (-1.23429e+07,-6.73867e+06,-712600)
Body 4536: (7.13435e+06,-6.22185e+06,-382158)
Body 4537: (1.28805e+07,-791394,1.29432e+06)
Body 4538: (5.19362e+06,-9.9385e+06,1.10304e+06)
Body 4539: (-157217,9.9664e+06,-770566)
Body 4540: (4.92756e+06,-6.4614e+06,144206)
Body 4541: (3.43578e+06,-1.35525e+07,486028)
Body 4542: (1.12979e+07,3.54704e+06,883299)
Body 4543: (-9.5753e+06,-3.78298e+06,-987356)
Body 4544: (1.1869e+07,-8.30849e+06,125406)
Body 4545: (-3.23104e+06,-1.11468e+07,-546576)
Body 4546: (-4.01324e+06,-7.77298e+06,-693540)
Body 4547: (-1.06188e+07,477227,-252313)
Body 4548: (-5.21473e+06,6.68412e+06,-275524)
Body 4549: (-4.98355e+06,-9.74567e+06,1.02806e+06)
Body 4550: (5.69268e+06,-5.82632e+06,-351823)
Body 4551: (-1.12264e+07,-3.40094e+06,133609)
Body 4552: (-9.41117e+06,8.64407e+06,-462528)
Body 4553: (2.57145e+06,1.35526e+07,-883369)
Body 4554: (1.73955e+06,6.90919e+06,26406.7)
Body 4555: (-318825,1.12622e+07,-966171)
Body 4556: (651343,-1.28765e+07,1.28798e+06)
Body 4557: (1.2675e+07,-6.34615e+06,846411)
Body 4558: (8.23498e+06,8.61872e+06,291664)
Body 4559: (5.6006e+06,-4.90918e+06,-27077.6)
Body 4560: (1.1906e+07,4.06087e+06,86166.9)
Body 4561: (-2.05677e+06,9.18023e+06,-207653)
Body 4562: (-6.85352e+06,1.44931e+06,-18820.4)
Body 4563: (-1.31809e+07,4.4125e+06,-379404)
Body 4564: (-1.3483e+07,-6.47635e+06,-81929.8)
Body 4565: (3.98849e+06,-1.02106e+07,-349417)
Body 4566: (378043,-1.00693e+07,-862658)
Body 4567: (-1.26046e+07,5.90575e+06,226332)
Body 4568: (-1.31644e+06,1.29533e+07,1.01845e+06)
Body 4569: (-1.47678e+07,526319,1.29464e+06)
Body 4570: (5.51829e+06,-4.31333e+06,-264815)
Body 4571: (1.29536e+06,9.39674e+06,-347302)
Body 4572: (7.2095e+06,-4.83408e+06,694192)
Body 4573: (4.85585e+06,6.10059e+06,565535)
Body 4574: (4.94513e+06,8.91134e+06,21747.4)
Body 4575: (1.98169e+06,1.01313e+07,456073)
Body 4576: (9.72526e+06,7.04137e+06,1.02397e+06)
Body 4577: (-20604.3,1.1448e+07,-673248)
Body 4578: (-7.18179e+06,3.67205e+06,-588996)
Body 4579: (6.12613e+06,8.3068e+06,323802)
Body 4580: (-1.26342e+07,-4.06903e+06,478197)
Body 4581: (-9.35355e+06,-1.1082e+07,-394084)
Body 4582: (6.76718e+06,-8.11578e+06,-781854)
Body 4583: (-8.48727e+06,-4.48606e+06,338806)
Body 4584: (-5.43849e+06,1.18904e+07,-927639)
Body 4585: (1.29397e+07,6.74223e+06,-1.18209e+06)
Body 4586: (4.61938e+06,-9.92024e+06,601385)
Body 4587: (9.12379e+06,1.1266e+07,-360393)
Body 4588: (5.94464e+06,-7.09615e+06,-21560.6)
Body 4589: (-1.87583e+06,-6.96481e+06,-160590)
Body 4590: (8.82903e+06,-6.9493e+06,-547084)
Body 4591: (-744989,8.88627e+06,-288833)
Body 4592: (-2.54759e+06,-7.42023e+06,-459638)
Body 4593: (3.07378e+06,1.40599e+07,-703919)
Body 4594: (1.09601e+06,-9.31089e+06,-135750)
Body 4595: (2.93914e+06,-1.3181e+07,1.16289e+06)
Body 4596: (1.23348e+07,4.17805e+06,879828)
Body 4597: (1.44527e+07,-568132,-1.08605e+06)
Body 4598: (3.70802e+06,1.12999e+07,-565308)
Body 4599: (1.28357e+07,-1.8074e+06,245939)
Body 4600: (1.37237e+07,772217,-1.2775e+06)
Body 4601: (-9.00006e+06,7.53528e+06,916856)
Body 4602: (-8.57324e+06,3.89297e+06,52557.5)
Body 4603: (7.71107e+06,-4.98866e+06,-65146.4)
Body 4604: (6.09665e+06,-8.4082e+06,-390739)
Body 4605: (9.71331e+06,9.39355e+06,-858415)
Body 4606: (8.01775e+06,-1.22051e+07,-327459)
Body 4607: (1.13218e+07,-4.23385e+06,-697356)
Body 4608: (-7.24572e+06,-1.74552e+06,-533654)
Body 4609: (6.57264e+06,-5.32232e+06,-835917)
Body 4610: (-1.34563e+07,-1.44407e+06,160501)
Body 4611: (-1.1213e+07,5.14637e+06,-950358)
Body 4612: (221180,-7.80726e+06,-436217)
Body 4613: (7.13352e+06,-911272,693080)
Body 4614: (9.88526e+06,1.60543e+06,455515)
Body 4615: (9.62037e+06,9.62967e+06,-994178)
Body 4616: (1.19582e+07,-6.3825e+06,789117)
Body 4617: (-7.3121e+06,4.53494e+06,173557)
Body 4618: (2.02071e+06,8.02401e+06,-359529)
Body 4619: (-1.10284e+07,-755870,695773)
Body 4620: (1.11355e+07,-6.69902e+06,866507)
Body 4621: (-4.42086e+06,7.87498e+06,764.465)
Body 4622: (5.83621e+06,-4.01633e+06,-647425)
Body 4623: (-8.68608e+06,-4.03959e+06,34182.3)
Body 4624: (-1.20345e+07,-2.10773e+06,-662846)
Body 4625: (7.18337e+06,-4.7268e+06,-406233)
Body 4626: (-7.88166e+06,4.79141e+06,-666304)
Body 4627: (-5.6128e+06,-9.50685e+06,632184)
Body 4628: (7.60686e+06,1.01588e+07,-111514)
Body 4629: (7.26169e+06,822894,-87511.5)
Body 4630: (-3.65908e+06,-8.23859e+06,404560)
Body 4631: (951344,-1.40733e+07,-1.27792e+06)
Body 4632: (-1.44355e+06,9.86534e+06,-227100)
Body 4633: (6.7646e+06,4.7757e+06,34752.8)
Body 4634: (-3.79246e+06,-1.21859e+07,-125218)
Body 4635: (-1.11107e+07,-1.14994e+06,428179)
Body 4636: (-1.83348e+06,-7.1511e+06,121379)
Body 4637: (8.15311e+06,2.60306e+06,-671461)
Body 4638: (596951,-1.11755e+07,-370218)
Body 4639: (9.17373e+06,-4.02149e+06,-575551)
Body 4640: (-4.33689e+06,6.50784e+06,384958)
Body 4641: (-1.03249e+07,6.03001e+06,1.1146e+06)
Body 4642: (1.19029e+07,4.88047e+06,629918)
Body 4643: (-4.2026e+06,-5.82187e+06,-416226)
Body 4644: (-4.60411e+06,1.16605e+07,936983)
Body 4645: (-7.06938e+06,-6.62199e+06,-414973)
Body 4646: (2.77623e+06,-1.40472e+07,-735770)
Body 4647: (-9.09789e+06,1.13979e+07,443085)
Body 4648: (1.27543e+07,1.85371e+06,1.1864e+06)
Body 4649: (3.58905e+06,9.04553e+06,683707)
Body 4650: (1.07597e+07,6.52997e+06,-965879)
Body 4651: (1.13008e+07,5.74497e+06,1.06019e+06)
Body 4652: (-6.61976e+06,1.1104e+07,-354460)
Body 4653: (-7.08973e+06,8.45515e+06,626241)
Body 4654: (-1.27564e+07,-7.49845e+06,-159704)
Body 4655: (-4.9986e+06,-7.21351e+06,325879)
Body 4656: (1.22624e+07,2.10501e+06,995273)
Body 4657: (-348792,-9.68548e+06,504051)
Body 4658: (-9.63836e+06,7.482e+06,264533)
Body 4659: (552337,-7.27719e+06,-585703)
Body 4660: (8.07068e+06,6.15669e+06,685360)
Body 4661: (-4.12555e+06,-1.06218e+07,416283)
Body 4662: (9.22925e+06,1.01597e+07,438630)
Body 4663: (1.13617e+07,2.23979e+06,-692351)
Body 4664: (8.20069e+06,4.02843e+06,-265551)
Body 4665: (-6.80459e+06,-2.3703e+06,-416224)
Body 4666: (7.86711e+06,-4.95224e+06,5237.11)
Body 4667: (-7.43876e+06,-5.30359e+06,-545743)
Body 4668: (7.4981e+06,997951,684955)
Body 4669: (3.93754e+06,-1.21139e+07,1.22895e+06)
Body 4670: (-1.18096e+06,-1.43938e+07,560599)
Body 4671: (7.6922e+06,5.89905e+06,142940)
Body 4672: (1.10921e+07,-3.4263e+06,-133348)
Body 4673: (-1.11363e+07,-5.67798e+06,-809246)
Body 4674: (-1.13642e+07,-2.93273e+06,-14304.5)
Body 4675: (5.70951e+06,9.52727e+06,-81132.6)
Body 4676: (-1.18196e+07,778886,-26802.9)
Body 4677: (2.76215e+06,7.09667e+06,-272784)
Body 4678: (-8.57674e+06,-5.75289e+06,751809)
Body 4679: (8.23508e+06,790013,-83994)
Body 4680: (-9.88175e+06,-3.34831e+06,696372)
Body 4681: (1.08099e+07,7.86508e+06,1.16328e+06)
Body 4682: (-5.22084e+06,-5.90048e+06,271773)
Body 4683: (-1.20288e+06,1.23735e+07,-421987)
Body 4684: (3.52565e+06,1.07749e+07,-1.091e+06)
Body 4685: (-1.12204e+07,2.48141e+06,360334)
Body 4686: (4.41448e+06,-6.85465e+06,-577846)
Body 4687: (-1.34269e+07,4.40179e+06,140755)
Body 4688: (-4.36842e+06,1.34525e+07,-901262)
Body 4689: (367728,1.05594e+07,58839.5)
Body 4690: (6.06682e+06,-6.91612e+06,197506)
Body 4691: (2.39713e+06,-6.57451e+06,-237722)
Body 4692: (-7.09674e+06,6.4031e+06,249077)
Body 4693: (-7.2557e+06,-7.60389e+06,-743719)
Body 4694: (-1.8788e+06,-1.46227e+07,-737148)
Body 4695: (-1.13607e+07,-5.79712e+06,-998939)
Body 4696: (8.12603e+06,2.16487e+06,520769)
Body 4697: (-4.64014e+06,1.0393e+07,-852159)
Body 4698: (-1.0726e+07,-1.72302e+06,439012)
Body 4699: (-1.35433e+07,5.86053e+06,-277361)
Body 4700: (4.6231e+06,-8.79486e+06,-684039)
Body 4701: (-1.51361e+06,-9.58604e+06,-942967)
Body 4702: (-5.85547e+06,-7.22092e+06,-584689)
Body 4703: (-9.38492e+06,818469,-146928)
Body 4704: (7.23715e+06,-2.95093e+06,-714308)
Body 4705: (1.17083e+07,5.64404e+06,-85016.9)
Body 4706: (5.29147e+06,6.49777e+06,-628151)
Body 4707: (-1.05431e+07,-1.03519e+06,-778162)
Body 4708: (-728740,1.48168e+07,-122118)
Body 4709: (-8.71261e+06,326092,446818)
Body 4710: (-2.4835e+06,1.08747e+07,-561785)
Body 4711: (9.62017e+06,8.84309e+06,-339908)
Body 4712: (-417320,8.18142e+06,-569965)
Body 4713: (-1.59365e+06,-1.40027e+07,171740)
Body 4714: (-8.77674e+06,-571491,36647.2)
Body 4715: (1.08468e+07,4.30755e+06,1.10714e+06)
Body 4716: (9.55774e+06,-4.7478e+06,-1.04963e+06)
Body 4717: (7.11614e+06,5.45665e+06,484021)
Body 4718: (5.14207e+06,-8.03545e+06,635119)
Body 4719: (-6.22061e+06,-1.06487e+07,493957)
Body 4720: (-9.38896e+06,8.072e+06,452950)
Body 4721: (-7.00771e+06,1.2262e+07,1.25997e+06)
Body 4722: (-4.14e+06,5.75502e+06,-522585)
Body 4723: (3.19742e+06,-7.3168e+06,669691)
Body 4724: (1.30594e+07,-1.92716e+06,-749741)
Body 4725: (-8.03938e+06,-1.05881e+06,534392)
Body 4726: (7.31454e+06,-196466,149651)
Body 4727: (-9.81752e+06,1.11164e+07,-124513)
Body 4728: (3.45156e+06,-1.25338e+07,-694792)
Body 4729: (9.6709e+06,-1.06307e+07,-1.38912e+06)
Body 4730: (-8.02606e+06,189811,-62693.4)
Body 4731: (1.07e+07,6.76988e+06,366929)
Body 4732: (1.21999e+06,1.1868e+07,101159)
Body 4733: (5.28975e+06,7.00352e+06,128386)
Body 4734: (1.20966e+06,1.47641e+07,-428718)
Body 4735: (-940980,9.00188e+06,-173451)
Body 4736: (1.21893e+07,3.03806e+06,1.1517e+06)
Body 4737: (5.40039e+06,-4.98186e+06,580729)
Body 4738: (7.2929e+06,8.49358e+06,145870)
Body 4739: (7.54044e+06,-9.3715e+06,122443)
Body 4740: (5.39803e+06,-8.69946e+06,987858)
Body 4741: (8.56821e+06,-8.62634e+06,240124)
Body 4742: (-4.73283e+06,-1.15778e+07,512574)
Body 4743: (-8.50266e+06,-4.38418e+06,180129)
Body 4744: (-5.58646e+06,7.69309e+06,499119)
Body 4745: (6.88086e+06,9.38253e+06,786892)
Body 4746: (-1.37257e+07,2.95944e+06,-818376)
Body 4747: (1.07597e+07,-9.812e+06,-745102)
Body 4748: (-7.22927e+06,2.82029e+06,273879)
Body 4749: (-8.37266e+06,-703590,-125344)
Body 4750: (-1.27657e+07,6.04372e+06,95413.6)
Body 4751: (-4.4987e+06,1.39204e+07,-617748)
Body 4752: (-2.30682e+06,1.31667e+07,888533)
Body 4753: (5.91933e+06,4.98579e+06,622529)
Body 4754: (-2.19606e+06,-1.10941e+07,-621990)
Body 4755: (4.24261e+06,-7.16498e+06,-235507)
Body 4756: (1.04725e+07,1.86598e+06,-242831)
Body 4757: (5.70045e+06,-1.18536e+07,523124)
Body 4758: (-1.25272e+07,-496992,96109.4)
Body 4759: (213518,1.29206e+07,-694556)
Body 4760: (1.43407e+07,2.5258e+06,-1.05181e+06)
Body 4761: (-877063,-1.1529e+07,87623.5)
Body 4762: (9.73922e+06,-1.34996e+06,401092)
Body 4763: (1.31972e+07,3.41587e+06,-720662)
Body 4764: (4.08588e+06,9.07998e+06,-852597)
Body 4765: (-8.59692e+06,-1.85129e+06,344452)
Body 4766: (1.27122e+07,3.52085e+06,-189997)
Body 4767: (-7.24617e+06,3.33549e+06,-105341)
Body 4768: (8.57559e+06,-6.83344e+06,669921)
Body 4769: (9.0901e+06,-7.96511e+06,431580)
Body 4770: (-1.2475e+07,-5.29099e+06,68345.4)
Body 4771: (1.26851e+07,1.58298e+06,486974)
Body 4772: (-3.23265e+06,-1.40469e+07,-1.33917e+06)
Body 4773: (3.65568e+06,-9.28738e+06,918046)
Body 4774: (5.39151e+06,-8.34475e+06,724165)
Body 4775: (4.52466e+06,-6.57492e+06,-280660)
Body 4776: (-1.13882e+07,-2.85097e+06,382975)
Body 4777: (-1.2008e+07,4.67163e+06,1.00268e+06)
Body 4778: (2.97968e+06,-1.3142e+07,-112532)
Body 4779: (-7.26916e+06,346558,581161)
Body 4780: (8.45737e+06,-921850,524195)
Body 4781: (-5.59626e+06,-1.13746e+07,220663)
Body 4782: (-1.1235e+07,5.99612e+06,880845)
Body 4783: (1.6764e+06,-1.24368e+07,734939)
Body 4784: (7.25294e+06,2.65189e+06,465438)
Body 4785: (-7.89406e+06,-4.47552e+06,-102163)
Body 4786: (6.93096e+06,1.80033e+06,469176)
Body 4787: (-1.16814e+07,-1.76907e+06,1.05274e+06)
Body 4788: (-426093,8.36302e+06,430358)
Body 4789: (-1.0873e+07,7.39287e+06,1.18914e+06)
Body 4790: (1.44305e+07,1.13273e+06,-949964)
Body 4791: (-6.90141e+06,1.16228e+07,-1.09605e+06)
Body 4792: (-1.27445e+07,3.7331e+06,-20156.9)
Body 4793: (-4.50325e+06,-7.19788e+06,87016)
Body 4794: (-4.65677e+06,7.2916e+06,167656)
Body 4795: (1.26254e+07,-6.89607e+06,-610604)
Body 4796: (2.05872e+06,-1.26945e+07,795329)
Body 4797: (1.15247e+07,767895,605038)
Body 4798: (5.82291e+06,5.26615e+06,165877)
Body 4799: (691235,1.48458e+07,433527)
Body 4800: (7.58634e+06,-5.59703e+06,176348)
Body 4801: (-666131,8.63337e+06,-116937)
Body 4802: (7.01218e+06,3.79065e+06,287184)
Body 4803: (-1.51572e+06,-1.01132e+07,-799141)
Body 4804: (-1.10918e+07,4.12091e+06,-1.04873e+06)
Body 4805: (9.83139e+06,5.63949e+06,743942)
Body 4806: (-1.12592e+07,-4.21766e+06,-882963)
Body 4807: (-9.28733e+06,409445,247869)
Body 4808: (8.44825e+06,477999,-262805)
Body 4809: (4.34411e+06,9.95654e+06,-17021.2)
Body 4810: (-9.32139e+06,2.69575e+06,-296127)
Body 4811: (1.15669e+07,3.20134e+06,-791082)
Body 4812: (-6.4827e+06,8.20834e+06,-226732)
Body 4813: (1.01388e+07,-8.78165e+06,-674796)
Body 4814: (-1.32226e+07,3.49677e+06,-619119)
Body 4815: (6.71222e+06,-1.32027e+07,1.46886e+06)
Body 4816: (5.15742e+06,6.56116e+06,5638.16)
Body 4817: (5.74281e+06,1.0625e+07,872146)
Body 4818: (-9.54054e+06,5.96869e+06,229729)
Body 4819: (1.15861e+07,3.19774e+06,1.20569e+06)
Body 4820: (9.15438e+06,3.73436e+06,697822)
Body 4821: (6.04163e+06,-1.3628e+07,1.05085e+06)
Body 4822: (1.05626e+07,-5.60094e+06,-1.11332e+06)
Body 4823: (-6.24554e+06,-1.14932e+07,-1.18153e+06)
Body 4824: (-1.12922e+07,-1.07769e+06,434745)
Body 4825: (2.59388e+06,-7.14412e+06,-549091)
Body 4826: (7.60507e+06,-7.01823e+06,125289)
Body 4827: (9.57235e+06,2.99774e+06,345744)
Body 4828: (1.26541e+07,-7.8255e+06,647007)
Body 4829: (511823,7.81021e+06,-490846)
Body 4830: (887015,9.79074e+06,-502913)
Body 4831: (-4.99511e+06,1.08299e+07,422758)
Body 4832: (-9.38676e+06,-1.11363e+07,733678)
Body 4833: (-6.29431e+06,1.13191e+07,-1.26036e+06)
Body 4834: (-1.49478e+06,7.28323e+06,281987)
Body 4835: (1.3718e+07,-3.62733e+06,-1.34963e+06)
Body 4836: (-6.55317e+06,1.33655e+07,1.02263e+06)
Body 4837: (7.78666e+06,3.25564e+06,-205373)
Body 4838: (2.51726e+06,1.36073e+07,-959253)
Body 4839: (1.31593e+07,-5.36414e+06,-1.38981e+06)
Body 4840: (-4.66351e+06,1.19368e+07,-321211)
Body 4841: (-9.63782e+06,4.76808e+06,32202)
Body 4842: (-1.13795e+07,2.49298e+06,469874)
Body 4843: (-1.18358e+07,4.64926e+06,-910857)
Body 4844: (1.74789e+06,-1.19938e+07,334876)
Body 4845: (1.50342e+06,1.16025e+07,339702)
Body 4846: (8.46779e+06,-4.67848e+06,297520)
Body 4847: (-9.07156e+06,1.55151e+06,638961)
Body 4848: (-9.55306e+06,-1.54668e+06,347899)
Body 4849: (5.99361e+06,1.15755e+07,169863)
Body 4850: (1.40102e+07,-2.81714e+06,446427)
Body 4851: (-1.34216e+07,-6.39737e+06,-170681)
Body 4852: (8.52135e+06,7.58855e+06,-224323)
Body 4853: (6.1921e+06,-8.66855e+06,551567)
Body 4854: (-6.76958e+06,9.65072e+06,-738830)
Body 4855: (-4.16546e+06,-8.83878e+06,-463425)
Body 4856: (-7.88151e+06,6.78603e+06,552969)
Body 4857: (-4.39355e+06,-1.33593e+07,-445666)
Body 4858: (6.48055e+06,8.18813e+06,-694189)
Body 4859: (5.65249e+06,6.07406e+06,-532449)
Body 4860: (6.57181e+06,5.57523e+06,241820)
Body 4861: (1.07851e+07,-1.0225e+07,-1.35435e+06)
Body 4862: (6.57181e+06,-8.00462e+06,-758067)
Body 4863: (-1.14631e+07,-7.55699e+06,1.18729e+06)
Body 4864: (-6.19172e+06,-1.25579e+07,442092)
Body 4865: (6.46069e+06,5.83269e+06,-147298)
Body 4866: (6.78468e+06,5.0971e+06,-335666)
Body 4867: (1.3791e+07,1.49707e+06,-575635)
Body 4868: (-1.03481e+07,-694452,-661388)
Body 4869: (-1.2941e+07,-7.00144e+06,65065.6)
Body 4870: (-7.02674e+06,624831,477142)
Body 4871: (-5.18247e+06,7.00906e+06,-838400)
Body 4872: (1.34901e+07,6.01035e+06,1.17872e+06)
Body 4873: (-8.09305e+06,-4.97097e+06,340766)
Body 4874: (-7.62228e+06,2.80403e+06,-283617)
Body 4875: (3.71169e+06,-6.42725e+06,-677022)
Body 4876: (-4.7866e+06,1.12249e+07,-752334)
Body 4877: (-1.09982e+07,-5.57006e+06,-455721)
Body 4878: (255816,1.10714e+07,806962)
Body 4879: (282755,9.49428e+06,478813)
Body 4880: (-813574,7.09201e+06,-177936)
Body 4881: (1.3371e+07,-4.2979e+06,608455)
Body 4882: (-6.93491e+06,-8.45936e+06,-188161)
Body 4883: (8.919e+06,-2.84855e+06,-721632)
Body 4884: (7.86796e+06,-5.77758e+06,435925)
Body 4885: (7.15565e+06,1.05342e+06,23886.3)
Body 4886: (-1.0178e+07,3.80361e+06,-429752)
Body 4887: (-2.05607e+06,1.47505e+07,-29666.4)
Body 4888: (4.90451e+06,8.96747e+06,-608627)
Body 4889: (9.01249e+06,-1.11288e+07,-863006)
Body 4890: (3.546e+06,1.35443e+07,354426)
Body 4891: (5.57139e+06,-5.19771e+06,-685306)
Body 4892: (2.12275e+06,-1.12067e+07,-875789)
Body 4893: (9.8741e+06,2.67108e+06,374042)
Body 4894: (-8.77314e+06,-3.442e+06,817673)
Body 4895: (9.00183e+06,2.84609e+06,331758)
Body 4896: (1.2803e+07,-3.46499e+06,-909179)
Body 4897: (5.6471e+06,-8.39552e+06,621768)
Body 4898: (-1.46092e+06,1.18978e+07,-518084)
Body 4899: (7.03608e+06,-3.75407e+06,-522415)
Body 4900: (-9.98764e+06,-5.85867e+06,-302040)
Body 4901: (-4.80027e+06,-8.56414e+06,-219368)
Body 4902: (-7.2753e+06,5.33846e+06,555959)
Body 4903: (-9.65686e+06,-1.10942e+07,830732)
Body 4904: (-7.93055e+06,-7.92134e+06,1.09768e+06)
Body 4905: (9.56737e+06,4.23676e+06,959050)
Body 4906: (-1.06655e+07,7.91647e+06,1.28547e+06)
Body 4907: (-6.7813e+06,7.02206e+06,214272)
Body 4908: (-2.90644e+06,-8.69998e+06,-637880)
Body 4909: (-7.6741e+06,-1.71648e+06,87280.9)
Body 4910: (7.6559e+06,-1.74564e+06,115103)
Body 4911: (-3.0916e+06,7.58783e+06,492585)
Body 4912: (4.21962e+06,1.03214e+07,-887560)
Body 4913: (-5.45596e+06,8.90221e+06,325696)
Body 4914: (199602,1.43643e+07,1.02235e+06)
Body 4915: (1.16809e+07,-8.2577e+06,1.29693e+06)
Body 4916: (-1.14296e+07,-7.61609e+06,-247673)
Body 4917: (7.61262e+06,-7.83588e+06,-434168)
Body 4918: (5.22464e+06,6.39307e+06,540731)
Body 4919: (-1.30773e+07,187971,-589272)
Body 4920: (1.2058e+07,2.97559e+06,169485)
Body 4921: (1.00898e+07,-1.40643e+06,15403.8)
Body 4922: (-2.66933e+06,-1.11017e+07,-35308.3)
Body 4923: (-8.52104e+06,-2.04007e+06,780578)
Body 4924: (-4.37197e+06,-9.25131e+06,981274)
Body 4925: (-7.36533e+06,-1.14617e+07,643530)
Body 4926: (1.39706e+07,-3.60482e+06,1.35725e+06)
Body 4927: (-8.97041e+06,7.92972e+06,-880019)
Body 4928: (9.41706e+06,-3.52093e+06,785376)
Body 4929: (-1.08788e+07,-2.58231e+06,-427504)
Body 4930: (-2.34972e+06,-1.03712e+07,-207537)
Body 4931: (-8.21102e+06,-2.16265e+06,-466905)
Body 4932: (-1.13843e+07,9.37031e+06,1.21079e+06)
Body 4933: (3.27463e+06,8.17022e+06,205831)
Body 4934: (-1.20676e+07,-5.38775e+06,-714884)
Body 4935: (-5.35758e+06,-4.93381e+06,-538429)
Body 4936: (-4.36159e+06,-8.67969e+06,-782641)
Body 4937: (7.38447e+06,3.02114e+06,794209)
Body 4938: (8.37533e+06,-5.62333e+06,-416699)
Body 4939: (2.51032e+06,1.27814e+07,-4364.34)
Body 4940: (5.49984e+06,-1.24092e+07,799801)
Body 4941: (3.25248e+06,1.31948e+07,-48335.6)
Body 4942: (8.40115e+06,-6.89764e+06,-441800)
Body 4943: (-1.37605e+07,4.38959e+06,490657)
Body 4944: (-7.73239e+06,4.87902e+06,383868)
Body 4945: (1.00575e+07,-4.67156e+06,526314)
Body 4946: (8.71618e+06,-7.51554e+06,381214)
Body 4947: (271862,1.21728e+07,-256079)
Body 4948: (9.69135e+06,-7.82803e+06,-459789)
Body 4949: (-7.22437e+06,-4.83175e+06,-754202)
Body 4950: (-3.68341e+06,-1.21656e+07,-368808)
Body 4951: (-1.4134e+07,-199021,412206)
Body 4952: (-7.51606e+06,4.28928e+06,628362)
Body 4953: (-6.72599e+06,5.5147e+06,-316605)
Body 4954: (-2.03123e+06,7.94151e+06,-438519)
Body 4955: (-800318,-1.43567e+07,-529094)
Body 4956: (1.29792e+07,1.82283e+06,69530)
Body 4957: (6.75397e+06,5.91232e+06,690292)
Body 4958: (3.78142e+06,-7.71673e+06,-149158)
Body 4959: (-771642,-7.07103e+06,137098)
Body 4960: (-1.91986e+06,9.52642e+06,-830582)
Body 4961: (-1.44714e+07,541951,-1.2032e+06)
Body 4962: (-2.51418e+06,1.36961e+07,-826431)
Body 4963: (-8.46339e+06,-3.64256e+06,-786830)
Body 4964: (8.59432e+06,-6.59473e+06,-676482)
Body 4965: (-7.66887e+06,5.85438e+06,166389)
Body 4966: (-1.12776e+07,8.79357e+06,-1.23535e+06)
Body 4967: (3.58911e+06,9.09665e+06,296935)
Body 4968: (-1.89097e+06,6.98227e+06,65357)
Body 4969: (-8.72146e+06,-2.90112e+06,-709665)
Body 4970: (-3.6886e+06,1.40131e+07,1.22883e+06)
Body 4971: (1.91295e+06,-9.40167e+06,-487450)
Body 4972: (-5.52655e+06,1.10535e+07,22638)
Body 4973: (-1.05038e+07,-6.5696e+06,189024)
Body 4974: (36368.4,7.52458e+06,108121)
Body 4975: (-36354.6,7.13596e+06,-386888)
Body 4976: (-8.77189e+06,-2.00288e+06,147503)
Body 4977: (-1.07308e+07,9.33062e+06,1.21615e+06)
Body 4978: (1.04018e+07,-6.35311e+06,814111)
Body 4979: (-7.72427e+06,9.80732e+06,-646969)
Body 4980: (8.35247e+06,-2.58125e+06,804047)
Body 4981: (9.50636e+06,-8.50217e+06,1.07126e+06)
Body 4982: (-7.63559e+06,-8.04411e+06,-180234)
Body 4983: (1.00454e+07,2.48017e+06,-136958)
Body 4984: (-1.09015e+07,5.81109e+06,921823)
Body 4985: (6.4761e+06,7.14308e+06,601573)
Body 4986: (630962,1.23752e+07,90336.9)
Body 4987: (9.47047e+06,-3.8216e+06,219259)
Body 4988: (-8.24454e+06,-118245,598934)
Body 4989: (6.78567e+06,-1.03266e+07,-617354)
Body 4990: (502053,-1.40831e+07,645623)
Body 4991: (7.43855e+06,-6.33196e+06,269642)
Body 4992: (-8.85249e+06,1.05604e+07,-978224)
Body 4993: (-9.28122e+06,2.67305e+06,64533.8)
Body 4994: (-1.0599e+07,-3.16186e+06,757073)
Body 4995: (-3.36723e+06,7.62519e+06,649162)
Body 4996: (-9.94006e+06,-5.75041e+06,-50384.3)
Body 4997: (3.64496e+06,1.07924e+07,106778)
Body 4998: (-1.36472e+07,-6.01825e+06,-1.36284e+06)
Body 4999: (-1.06189e+07,8.07342e+06,-925432)
Total simulation time: 2.59296 seconds
Average time per step: 0.0419425 seconds
Elapsed Time: 4.045s
    CPU Time: 14.030s
        Effective Time: 10.871s
        Spin Time: 3.158s
         | A significant portion of CPU time is spent waiting. Use this metric
         | to discover which synchronizations are spinning. Consider adjusting
         | spin wait parameters, changing the lock implementation (for example,
         | by backing off then descheduling), or adjusting the synchronization
         | granularity.
         |
            Imbalance or Serial Spinning: 3.158s
             | The threading runtime function related to time spent on imbalance
             | or serial spinning consumed a significant amount of CPU time.
             | This can be caused by a load imbalance, insufficient concurrency
             | for all working threads, or busy waits of worker threads while
             | serial code is executed. If there is an imbalance, apply dynamic
             | work scheduling or reduce the size of work chunks or tasks. If
             | there is insufficient concurrency, consider collapsing the outer
             | and inner loops. If there is a wait for completion of serial
             | code, explore options for parallelization with Intel Advisor,
             | algorithm, or microarchitecture tuning of the application's
             | serial code with VTune Profiler Basic Hotspots or
             | Microarchitecture Exploration analysis respectively. For OpenMP*
             | applications, use the Per-Barrier OpenMP Potential Gain metric
             | set in the HPC Performance Characterization analysis to discover
             | the reason for high imbalance or serial spin time.
             |
            Lock Contention: 0s
            Other: 0s
        Overhead Time: 0s
            Creation: 0s
            Scheduling: 0s
            Reduction: 0s
            Atomics: 0s
            Other: 0s
    Total Thread Count: 16
    Paused Time: 0s

Top Hotspots
Function                               Module        CPU Time  % of CPU Time(%)
-------------------------------------  ------------  --------  ----------------
compute_acceleration_openmp._omp_fn.0  run_openmp      8.894s             63.4%
gomp_simple_barrier_wait               libgomp.so.1    3.208s             22.9%
check_collisions_openmp                run_openmp      0.909s              6.5%
Vec3::operator-                        run_openmp      0.299s              2.1%
Vec3::norm                             run_openmp      0.200s              1.4%
[Others]                               N/A             0.520s              3.7%
Effective Physical Core Utilization: 10.0% (2.402 out of 24)
 | The metric value is low, which may signal a poor physical CPU cores
 | utilization caused by:
 |     - load imbalance
 |     - threading runtime overhead
 |     - contended synchronization
 |     - thread/process underutilization
 |     - incorrect affinity that utilizes logical cores instead of physical
 |       cores
 | Explore sub-metrics to estimate the efficiency of MPI and OpenMP parallelism
 | or run the Locks and Waits analysis to identify parallel bottlenecks for
 | other parallel runtimes.
 |
    Effective Logical Core Utilization: 8.7% (4.157 out of 48)
     | The metric value is low, which may signal a poor logical CPU cores
     | utilization. Consider improving physical core utilization as the first
     | step and then look at opportunities to utilize logical cores, which in
     | some cases can improve processor throughput and overall performance of
     | multi-threaded applications.
     |
Collection and Platform Info
    Application Command Line: ./run_openmp 
    Operating System: 6.12.66-88.122.amzn2023.x86_64 
    Computer Name: general-dy-general-cr-21
    Result Size: 4.2 MB 
    Collection start time: 01:35:04 25/04/2026 UTC
    Collection stop time: 01:35:08 25/04/2026 UTC
    Collector Type: Driverless Perf per-process counting,User-mode sampling and tracing
    CPU
        Name: Intel(R) Xeon(R) Processor code named Cascadelake
        Frequency: 3.000 GHz
        Logical CPU Count: 48
        Cache Allocation Technology
            Level 2 capability: not detected
            Level 3 capability: not detected

If you want to skip descriptions of detected performance issues in the report,
enter: vtune -report summary -report-knob show-issues=false -r <my_result_dir>.
Alternatively, you may view the report in the csv format: vtune -report
<report_name> -format=csv.
>>> Hotspot summary:
Function                                 CPU Time  CPU Time:Effective Time  CPU Time:Spin Time  CPU Time:Spin Time:Imbalance or Serial Spinning  CPU Time:Spin Time:Lock Contention  CPU Time:Spin Time:Other  CPU Time:Overhead Time  CPU Time:Overhead Time:Creation  CPU Time:Overhead Time:Scheduling  CPU Time:Overhead Time:Reduction  CPU Time:Overhead Time:Atomics  CPU Time:Overhead Time:Other  Function (Full)                                                                                        
---------------------------------------  --------  -----------------------  ------------------  -----------------------------------------------  ----------------------------------  ------------------------  ----------------------  -------------------------------  ---------------------------------  --------------------------------  ------------------------------  ----------------------------  -------------------------------------------------------------------------------------------------------
compute_acceleration_openmp._omp_fn.0      8.894s                   8.894s                  0s                                               0s                                  0s                        0s                      0s                               0s                                 0s                                0s                              0s                            0s  compute_acceleration_openmp._omp_fn.0                                                                  
gomp_simple_barrier_wait                   3.208s                   0.060s              3.148s                                           3.148s                                  0s                        0s                      0s                               0s                                 0s                                0s                              0s                            0s  gomp_simple_barrier_wait                                                                               
check_collisions_openmp                    0.909s                   0.909s                  0s                                               0s                                  0s                        0s                      0s                               0s                                 0s                                0s                              0s                            0s  check_collisions_openmp(std::vector<Body, std::allocator<Body>>&)                                      
Vec3::operator-                            0.299s                   0.299s                  0s                                               0s                                  0s                        0s                      0s                               0s                                 0s                                0s                              0s                            0s  Vec3::operator-(Vec3 const&) const                                                                     
Vec3::norm                                 0.200s                   0.200s                  0s                                               0s                                  0s                        0s                      0s                               0s                                 0s                                0s                              0s                            0s  Vec3::norm(void) const                                                                                 
std::ostream::operator<<                   0.140s                   0.140s                  0s                                               0s                                  0s                        0s                      0s                               0s                                 0s                                0s                              0s                            0s  std::ostream::operator<<(double)                                                                       
std::ostream::operator<<                   0.140s                   0.140s                  0s                                               0s                                  0s                        0s                      0s                               0s                                 0s                                0s                              0s                            0s  std::ostream::operator<<(double)                                                                       
std::ostream::operator<<                   0.090s                   0.090s                  0s                                               0s                                  0s                        0s                      0s                               0s                                 0s                                0s                              0s                            0s  std::ostream::operator<<(double)                                                                       
std::ostream::operator<<                   0.060s                   0.060s                  0s                                               0s                                  0s                        0s                      0s                               0s                                 0s                                0s                              0s                            0s  std::ostream::operator<<(double)                                                                       
std::operator<<<std::char_traits<char>>    0.020s                   0.020s                  0s                                               0s                                  0s                        0s                      0s                               0s                                 0s                                0s                              0s                            0s  std::operator<<<std::char_traits<char>>(std::basic_ostream<char, std::char_traits<char>>&, char const*)
std::ostream::operator<<                   0.020s                   0.020s                  0s                                               0s                                  0s                        0s                      0s                               0s                                 0s                                0s                              0s                            0s  std::ostream::operator<<(unsigned long)                                                                
std::operator<<<std::char_traits<char>>    0.020s                   0.020s                  0s                                               0s                                  0s                        0s                      0s                               0s                                 0s                                0s                              0s                            0s  std::operator<<<std::char_traits<char>>(std::basic_ostream<char, std::char_traits<char>>&, char const*)
gomp_iter_ull_dynamic_next                 0.010s                   0.010s                  0s                                               0s                                  0s                        0s                      0s                               0s                                 0s                                0s                              0s                            0s  gomp_iter_ull_dynamic_next                                                                             
gomp_simple_barrier_wait                   0.010s                       0s              0.010s                                           0.010s                                  0s                        0s                      0s                               0s                                 0s                                0s                              0s                            0s  gomp_simple_barrier_wait                                                                               
std::ostream::operator<<                   0.010s                   0.010s                  0s                                               0s                                  0s                        0s                      0s                               0s                                 0s                                0s                              0s                            0s  std::ostream::operator<<(double)                                                                       
